bax0,bay0,baz0,bgx0,bgy0,bgz0,gax0,gay0,gaz0,bax1,bay1,baz1,bgx1,bgy1,bgz1,gax1,gay1,gaz1,bax2,bay2,baz2,bgx2,bgy2,bgz2,gax2,gay2,gaz2,bax3,bay3,baz3,bgx3,bgy3,bgz3,gax3,gay3,gaz3,bax4,bay4,baz4,bgx4,bgy4,bgz4,gax4,gay4,gaz4
0.392487281552,0.0108756536089,-0.0885296654237,-0.0284084378172,-0.164811105191,0.144575215247,0.980923831038,-0.247402365642,-0.0298267101172,0.316230045245,-0.00332065149232,-0.0886084397488,-0.120588038159,-0.113153971058,0.128913051733,0.990074479165,-0.237333345172,-0.0158673563265,0.29460679879,-0.0181716267511,-0.138717925263,-0.500215408666,0.155945659916,0.10505501112,0.995891244865,-0.225611240253,-0.0255836702113,0.288538505714,-0.0175000297286,-0.140874421726,-0.46185280285,0.164898522926,0.0859950303218,1.0077568796,-0.225871411751,-0.0344564930974,0.317960426321,0.0117812994824,-0.0916256905297,0.101372988512,-0.146127180565,0.0589205839657,0.996101156037,-0.228767208009,-0.0317516519597
