bax0,bay0,baz0,bgx0,bgy0,bgz0,gax0,gay0,gaz0,bax1,bay1,baz1,bgx1,bgy1,bgz1,gax1,gay1,gaz1,bax2,bay2,baz2,bgx2,bgy2,bgz2,gax2,gay2,gaz2,bax3,bay3,baz3,bgx3,bgy3,bgz3,gax3,gay3,gaz3,bax4,bay4,baz4,bgx4,bgy4,bgz4,gax4,gay4,gaz4
0.282399863091,-0.00859926020293,-0.143635628601,-0.13486829382,-0.0125431482364,0.0909162016806,0.999262699618,-0.205880643026,-0.0255858735651,0.28142860761,-0.0362365204492,-0.103844518922,0.0171457454476,-0.116084167929,0.064507603081,1.01267740707,-0.216100622576,-0.0483694808253,0.280430170082,-0.0171958914169,-0.0633624794222,0.487767080776,-0.308370393941,0.123958815928,0.994449954818,-0.230177431668,-0.0321397067356,0.225691354238,-0.0147474442553,-0.121099617771,0.268180409074,-0.174600549719,0.127574820644,1.00086169732,-0.212797201591,-0.0174342122348,0.294992626131,-0.0282476241274,-0.0111153865373,-0.362377671326,0.201751951955,0.152465803561,0.962564905325,-0.269986109943,-0.0524254912693
