bax0,bay0,baz0,bgx0,bgy0,bgz0,gax0,gay0,gaz0,bax1,bay1,baz1,bgx1,bgy1,bgz1,gax1,gay1,gaz1,bax2,bay2,baz2,bgx2,bgy2,bgz2,gax2,gay2,gaz2,bax3,bay3,baz3,bgx3,bgy3,bgz3,gax3,gay3,gaz3,bax4,bay4,baz4,bgx4,bgy4,bgz4,gax4,gay4,gaz4
0.263041694848,-0.0222239120165,-0.158477762714,-0.226970815113,-0.0654120056203,0.0991483214449,0.996718513308,-0.210230408452,-0.0358993658434,0.294955513627,-0.0414093645947,-0.0993610029745,0.0414881547727,-0.108432774663,0.0639124295019,1.00093450133,-0.216423515952,-0.0272295185673,0.289481297251,-0.00478151081394,-0.0625507292932,0.435172844886,-0.330217173036,0.125644676588,0.995601031131,-0.23608818403,-0.027489036866,0.215047476088,-0.0102945371205,-0.122422220496,0.264786414084,-0.204264761324,0.121608893904,0.990551932022,-0.22351804284,-0.0299029168172,0.300383568666,-0.0225228599862,-0.0198720811675,-0.403033285753,0.14182981858,0.170917761067,0.962860382439,-0.276551617714,-0.0630156274976
