bax0,bay0,baz0,bgx0,bgy0,bgz0,gax0,gay0,gaz0,bax1,bay1,baz1,bgx1,bgy1,bgz1,gax1,gay1,gaz1,bax2,bay2,baz2,bgx2,bgy2,bgz2,gax2,gay2,gaz2,bax3,bay3,baz3,bgx3,bgy3,bgz3,gax3,gay3,gaz3,bax4,bay4,baz4,bgx4,bgy4,bgz4,gax4,gay4,gaz4
0.336864522772,0.010056412462,-0.0178794222335,0.208648786617,-0.306148852923,0.0182309360162,0.983852292954,-0.276850448099,-0.0498533229997,0.360119128998,-0.00424994063415,-0.206011385647,0.373764947177,-0.346148309914,0.194791986692,0.977690258005,-0.264841798248,-0.0255078069926,0.453183409286,-0.0157485329073,-0.0906312313579,-0.482686550027,0.254277144768,0.115912087485,0.967752982197,-0.292687394366,-0.0385504369149,0.36624051003,0.0167785386467,-0.163976512947,-0.427381557888,0.198945029172,0.310289956883,0.986065076471,-0.276815370415,-0.0196151062996,0.139497743514,-0.0577334694163,-0.135603673608,-0.551353702391,0.445563489488,0.0579744559356,0.986774184586,-0.269504858827,-0.0293775412432
