bax0,bay0,baz0,bgx0,bgy0,bgz0,gax0,gay0,gaz0,bax1,bay1,baz1,bgx1,bgy1,bgz1,gax1,gay1,gaz1,bax2,bay2,baz2,bgx2,bgy2,bgz2,gax2,gay2,gaz2,bax3,bay3,baz3,bgx3,bgy3,bgz3,gax3,gay3,gaz3,bax4,bay4,baz4,bgx4,bgy4,bgz4,gax4,gay4,gaz4
0.308303839446,-0.0563284576988,-0.0575754525923,-0.146774084978,0.14356848048,-0.0598228866657,0.968363232342,-0.275631496835,-0.0381389536444,0.419358351628,0.0320910345029,-0.150743699324,-0.0879103965027,-0.0281239624088,0.14967803334,0.951951392899,-0.28320911965,-0.012897422801,0.290564853333,-0.0200742355428,-0.188239141564,-0.126685440871,-0.0307410729877,0.120255970105,0.976994797805,-0.259577066694,-0.0218737111153,0.161135577688,0.0267860375117,-0.0161694654225,0.369441526507,-0.502805903097,0.038793012123,0.988844709544,-0.263233220169,-0.0554233799287,0.230066091547,0.015966426301,-0.0413468402137,0.346589432556,-0.390691360815,0.114109001164,0.978614980238,-0.256948723133,-0.0196209015725
