bax0,bay0,baz0,bgx0,bgy0,bgz0,gax0,gay0,gaz0,bax1,bay1,baz1,bgx1,bgy1,bgz1,gax1,gay1,gaz1,bax2,bay2,baz2,bgx2,bgy2,bgz2,gax2,gay2,gaz2,bax3,bay3,baz3,bgx3,bgy3,bgz3,gax3,gay3,gaz3,bax4,bay4,baz4,bgx4,bgy4,bgz4,gax4,gay4,gaz4
0.341012350297,-0.0576337164614,-0.0617458827854,-0.165408488769,0.171294824186,-0.0942606833048,0.981192149436,-0.281971415573,-0.025434399488,0.422345473564,0.0318574866117,-0.157322760124,-0.158950550102,-0.0348605134758,0.147686103814,0.967933728768,-0.279694107307,-0.0106640100626,0.259555556944,-0.0115769438972,-0.152172525507,-0.120446442138,-0.0267011787641,0.127917211392,0.976374114749,-0.26578688736,-0.0318975424879,0.168709006245,-0.00335476864656,-0.0261288440602,0.33859718032,-0.478623951113,0.0872584097033,0.982710332604,-0.263918343244,-0.0557713814278,0.241266867234,0.0067630430559,-0.0193878608575,0.380131212785,-0.414540246961,0.122077376451,0.987985284222,-0.2535560585,-0.0354688007864
