bax0,bay0,baz0,bgx0,bgy0,bgz0,gax0,gay0,gaz0,bax1,bay1,baz1,bgx1,bgy1,bgz1,gax1,gay1,gaz1,bax2,bay2,baz2,bgx2,bgy2,bgz2,gax2,gay2,gaz2,bax3,bay3,baz3,bgx3,bgy3,bgz3,gax3,gay3,gaz3,bax4,bay4,baz4,bgx4,bgy4,bgz4,gax4,gay4,gaz4
0.366742696574,0.0236464275502,-0.22723051471,-0.101913349114,-0.169589852881,0.100956873061,0.969718600888,-0.295552250588,-0.076309731357,0.208171736392,0.00245287080692,-0.135125275728,-0.044435050388,-0.09600392519,0.186060432369,0.967981224568,-0.275872540565,-0.09712058143,0.192860429095,0.0363869865571,-0.0750066852302,0.169120954552,-0.284849794021,0.0123683634547,0.960738752365,-0.325087237597,-0.09365677693,0.409345425814,-0.010967421999,-0.16146758631,-0.233700453278,0.0745391526289,0.151557694944,0.965121178459,-0.290859087513,-0.0893200340185,0.439526754835,-0.0496444616841,-0.152029034049,-0.0739862603649,-0.0949954776424,0.0238897228016,0.976195986286,-0.281394909039,-0.111034367092
