bax0,bay0,baz0,bgx0,bgy0,bgz0,gax0,gay0,gaz0,bax1,bay1,baz1,bgx1,bgy1,bgz1,gax1,gay1,gaz1,bax2,bay2,baz2,bgx2,bgy2,bgz2,gax2,gay2,gaz2,bax3,bay3,baz3,bgx3,bgy3,bgz3,gax3,gay3,gaz3,bax4,bay4,baz4,bgx4,bgy4,bgz4,gax4,gay4,gaz4
0.381001033226,0.0225830717916,-0.198566749548,-0.152166535132,-0.155187472154,0.110825303317,0.965294754728,-0.290254659439,-0.0759754747988,0.223958033838,-0.0189718757627,-0.15963846141,0.0175369024228,-0.111262711414,0.162168631172,0.983865182336,-0.272539208016,-0.110451030231,0.215002335497,0.0507860653135,-0.101357877139,0.139930198189,-0.277840145614,-0.00692760647961,0.953585459408,-0.332446700859,-0.0854042765071,0.401073229089,-0.00319960035592,-0.175837243204,-0.195464103811,0.108893051362,0.112580432521,0.95373654747,-0.294472309125,-0.0903169073299,0.405685284387,-0.0638494328294,-0.123724241878,-0.104378986846,-0.124763856201,0.0226583501195,0.972329469392,-0.279476900431,-0.109969564807
