bax0,bay0,baz0,bgx0,bgy0,bgz0,gax0,gay0,gaz0,bax1,bay1,baz1,bgx1,bgy1,bgz1,gax1,gay1,gaz1,bax2,bay2,baz2,bgx2,bgy2,bgz2,gax2,gay2,gaz2,bax3,bay3,baz3,bgx3,bgy3,bgz3,gax3,gay3,gaz3,bax4,bay4,baz4,bgx4,bgy4,bgz4,gax4,gay4,gaz4
0.281608721687,0.000251682766552,-0.146747898037,0.351704709329,-0.573075540381,0.000337532913052,0.985725740529,-0.300384608182,-0.0996369623367,0.228110257609,0.0129290828201,-0.159088931736,0.300504004164,-0.298618189913,0.213305828638,0.980027077808,-0.280510632787,-0.0992502462516,0.197590137772,0.0144758682191,0.0259094563077,0.48924947921,-0.486176938107,-0.0551752753987,0.941554736622,-0.316800365352,-0.139060263732,0.377722591453,-0.0246715136752,-0.0848779914903,0.104646343297,-0.421668015167,0.0151441120558,0.97102583514,-0.304410715668,-0.11367606928,0.337534090128,-0.0567524441562,-0.162652838235,-0.365549602729,0.21797581283,0.157408917896,0.989454221886,-0.294711126643,-0.0913237679853
