bax0,bay0,baz0,bgx0,bgy0,bgz0,gax0,gay0,gaz0,bax1,bay1,baz1,bgx1,bgy1,bgz1,gax1,gay1,gaz1,bax2,bay2,baz2,bgx2,bgy2,bgz2,gax2,gay2,gaz2,bax3,bay3,baz3,bgx3,bgy3,bgz3,gax3,gay3,gaz3,bax4,bay4,baz4,bgx4,bgy4,bgz4,gax4,gay4,gaz4
0.260806297642,-0.00980643826942,-0.154200706473,0.326937678883,-0.501194392655,0.00697064800915,0.994794809346,-0.301746325137,-0.10520248272,0.231004302063,0.024267564343,-0.162003613787,0.273629804237,-0.316180425005,0.192586277918,0.98360300369,-0.298251708528,-0.0995128013243,0.232044454488,0.0394656592159,0.054699056657,0.504734944708,-0.489583720511,-0.0225187756042,0.943013790838,-0.328842336448,-0.130820277966,0.377237369231,-0.0173703019164,-0.058635975947,0.135364335376,-0.458966352889,0.0283251649752,0.955896962913,-0.30702795835,-0.101724025518,0.357342375733,-0.0426426503393,-0.163415124014,-0.425325400243,0.203185953482,0.17924648819,0.990647843788,-0.29149578359,-0.0972192968778
