bax0,bay0,baz0,bgx0,bgy0,bgz0,gax0,gay0,gaz0,bax1,bay1,baz1,bgx1,bgy1,bgz1,gax1,gay1,gaz1,bax2,bay2,baz2,bgx2,bgy2,bgz2,gax2,gay2,gaz2,bax3,bay3,baz3,bgx3,bgy3,bgz3,gax3,gay3,gaz3,bax4,bay4,baz4,bgx4,bgy4,bgz4,gax4,gay4,gaz4
0.251152228132,-0.0339008148187,-0.135903078589,-0.290102628051,0.122762752617,0.15477526553,0.984244725682,-0.309737491954,-0.103024873792,0.2520594888,0.0188208959996,-0.217953138319,0.119840288006,-0.0726111868477,0.158719538718,0.963195836642,-0.315429155919,-0.103740892059,0.234827236161,-0.0367636040335,-0.109591862782,-0.182057312609,0.175331881954,0.0505168502914,0.974942945756,-0.306309341061,-0.121244867338,0.352256334928,-0.0335500821007,-0.0207564196314,-0.0249182327821,-0.0444564187009,-0.0537320728181,0.975434307924,-0.316559980682,-0.126729788591,0.304400222866,0.035862562451,-0.0476899577419,0.28733758248,-0.490597658229,0.0627415641114,0.978083659682,-0.312764398395,-0.106651246078
