bax0,bay0,baz0,bgx0,bgy0,bgz0,gax0,gay0,gaz0,bax1,bay1,baz1,bgx1,bgy1,bgz1,gax1,gay1,gaz1,bax2,bay2,baz2,bgx2,bgy2,bgz2,gax2,gay2,gaz2,bax3,bay3,baz3,bgx3,bgy3,bgz3,gax3,gay3,gaz3,bax4,bay4,baz4,bgx4,bgy4,bgz4,gax4,gay4,gaz4
0.337610027595,0.00463214834159,-0.0861158520251,-0.631348330121,0.234452969527,0.131877862821,0.983806457092,-0.250503902604,-0.0910086150745,0.301157034304,-0.00338003430812,-0.0772418478376,-0.177290353821,-0.110536090136,0.0842111963904,1.00484321291,-0.246201143429,-0.0753021234605,0.171776628004,-0.041381395343,-0.154201007984,-0.104651225685,0.0461739612658,0.16338130665,1.00546522827,-0.242548872322,-0.0779783823013,0.178764594624,-0.016362297954,-0.223622011802,-0.0599069971313,-0.0450253515976,0.0952373823576,0.992334420071,-0.257411581511,-0.0755953707493,0.406777513241,0.00416236419134,-0.12147487049,0.401144524065,-0.347610078346,0.02434249647,1.00267032311,-0.266189033217,-0.109884195195
