bax0,bay0,baz0,bgx0,bgy0,bgz0,gax0,gay0,gaz0,bax1,bay1,baz1,bgx1,bgy1,bgz1,gax1,gay1,gaz1,bax2,bay2,baz2,bgx2,bgy2,bgz2,gax2,gay2,gaz2,bax3,bay3,baz3,bgx3,bgy3,bgz3,gax3,gay3,gaz3,bax4,bay4,baz4,bgx4,bgy4,bgz4,gax4,gay4,gaz4
0.354711393727,0.0206279628372,-0.089305773049,-0.571682275717,0.196955344848,0.141581533284,0.989931052954,-0.264053335348,-0.0967312032773,0.29549634561,0.00551023135454,-0.0680481293338,-0.204502517059,-0.0619410185276,0.107303262273,0.997686553656,-0.251359270877,-0.0817684032349,0.192891964793,-0.0351562907505,-0.127191958699,-0.0763877505891,0.0521256976012,0.162454079928,1.00463206114,-0.241811825922,-0.0620467937183,0.180908658996,-0.00921257651304,-0.231632404765,-0.0431625921592,-0.0378369188832,0.0890914536979,0.995568365835,-0.260224180451,-0.0827888535559,0.392047303277,0.00250426352123,-0.106005156112,0.391270292043,-0.376394744783,0.0238790008165,0.99946231145,-0.264791799633,-0.105602045812
