bax0,bay0,baz0,bgx0,bgy0,bgz0,gax0,gay0,gaz0,bax1,bay1,baz1,bgx1,bgy1,bgz1,gax1,gay1,gaz1,bax2,bay2,baz2,bgx2,bgy2,bgz2,gax2,gay2,gaz2,bax3,bay3,baz3,bgx3,bgy3,bgz3,gax3,gay3,gaz3,bax4,bay4,baz4,bgx4,bgy4,bgz4,gax4,gay4,gaz4
0.384465125396,-0.0782694827181,-0.107638919689,-0.00607193399418,-0.014130020624,0.217176945976,1.00495002522,-0.24953794005,-0.129033039889,0.454101673891,-0.0210918862749,-0.0487571771099,-0.162493012753,0.0818048227332,0.122410081129,0.939149513795,-0.287422999118,-0.136205467842,0.420136148315,0.0187069987007,-0.109374757444,-0.613600004931,0.144759023632,0.124241262308,0.976888860963,-0.26751674106,-0.112412079494,0.149319751082,0.0158619674287,-0.095473422285,-0.34125448644,0.070344071587,0.162762890649,0.995776019017,-0.275575584621,-0.115917926287,0.19630754415,-0.0286531082883,-0.112492616171,-0.0455903755713,-0.0890089481899,0.305507157265,0.978135759869,-0.259061177942,-0.110284920474
