bax0,bay0,baz0,bgx0,bgy0,bgz0,gax0,gay0,gaz0,bax1,bay1,baz1,bgx1,bgy1,bgz1,gax1,gay1,gaz1,bax2,bay2,baz2,bgx2,bgy2,bgz2,gax2,gay2,gaz2,bax3,bay3,baz3,bgx3,bgy3,bgz3,gax3,gay3,gaz3,bax4,bay4,baz4,bgx4,bgy4,bgz4,gax4,gay4,gaz4
0.349545560936,-0.0543231728313,-0.14341768051,-0.0577546896751,-0.20966224708,0.146496714383,0.97197291733,-0.248741735656,-0.10613859215,0.307171766493,0.010763694868,-0.0548474457059,0.367680200066,-0.317088131788,-0.0879592432653,0.95684694562,-0.274279556504,-0.114122785487,0.288721391386,-0.0370415899443,-0.252424706162,-0.468843638797,0.23222180287,0.321836057007,0.965116455404,-0.280893768404,-0.10720195847,0.360739717567,-0.00591248347222,-0.17831672009,-0.0369813615365,-0.0981952946148,0.0710607288348,0.9935795647,-0.219667719747,-0.0587261157144,0.306170513166,0.00411200677658,-0.179048667083,-0.0928221154367,-0.0859902102628,0.110847676932,1.00415969442,-0.1989305726,-0.0727124790043
