bax0,bay0,baz0,bgx0,bgy0,bgz0,gax0,gay0,gaz0,bax1,bay1,baz1,bgx1,bgy1,bgz1,gax1,gay1,gaz1,bax2,bay2,baz2,bgx2,bgy2,bgz2,gax2,gay2,gaz2,bax3,bay3,baz3,bgx3,bgy3,bgz3,gax3,gay3,gaz3,bax4,bay4,baz4,bgx4,bgy4,bgz4,gax4,gay4,gaz4
0.369134180917,-0.0453521671381,-0.191579574515,-0.373973287075,0.158862235353,0.18910045278,1.00858468797,-0.19805985078,-0.0898410953057,0.238948884883,-0.00306605412247,-0.222767195503,-0.360169705395,0.136384327963,0.142209337291,1.00279654209,-0.207712675351,-0.107929592984,0.225513631768,-0.00640499693758,-0.0907075512745,0.141389922653,-0.169732273655,0.0529776897336,0.990757571032,-0.207947157855,-0.138124183896,0.389776398222,-0.0297048728012,-0.0904507117361,-0.149517662203,-0.00250395526009,0.145034928187,1.00739257458,-0.198934181328,-0.104936755298,0.277349824857,-0.0255794509846,-0.120078196224,-0.0904863569982,-0.146588614721,0.136602405845,0.999524756751,-0.216651175872,-0.10093828428
