bax0,bay0,baz0,bgx0,bgy0,bgz0,gax0,gay0,gaz0,bax1,bay1,baz1,bgx1,bgy1,bgz1,gax1,gay1,gaz1,bax2,bay2,baz2,bgx2,bgy2,bgz2,gax2,gay2,gaz2,bax3,bay3,baz3,bgx3,bgy3,bgz3,gax3,gay3,gaz3,bax4,bay4,baz4,bgx4,bgy4,bgz4,gax4,gay4,gaz4
0.29025087495,-0.0176428309063,-0.0480848745896,0.420471357932,-0.337238800181,0.0558784348693,0.993491317245,-0.218073963157,-0.103517489109,0.271296029353,-0.0167505604145,-0.102508676019,0.261182549837,-0.264350840446,0.0414863794083,0.989173235817,-0.21131499623,-0.0755367943286,0.354803205498,-0.00304436304721,-0.124907536506,-0.395641428359,0.157957940143,0.222715527394,0.986767561975,-0.22508836864,-0.107138662696,0.190482791746,-0.041404045882,-0.115021888501,-0.210483100189,0.00913957263371,0.182726608258,0.985595789756,-0.213586865754,-0.1083269183,0.371051660701,-0.0120691959772,-0.139774836838,-0.472006379604,0.14305938979,0.199113596644,0.970224507074,-0.219581069543,-0.113601478456
