bax0,bay0,baz0,bgx0,bgy0,bgz0,gax0,gay0,gaz0,bax1,bay1,baz1,bgx1,bgy1,bgz1,gax1,gay1,gaz1,bax2,bay2,baz2,bgx2,bgy2,bgz2,gax2,gay2,gaz2,bax3,bay3,baz3,bgx3,bgy3,bgz3,gax3,gay3,gaz3,bax4,bay4,baz4,bgx4,bgy4,bgz4,gax4,gay4,gaz4
0.294004411875,-0.0131527627519,-0.0496691163551,0.38613400515,-0.344746549478,0.0223680571488,0.997141401734,-0.222260881907,-0.0924283454461,0.307027895318,-0.0240273911082,-0.125722944384,0.289144555429,-0.268612070267,0.0363127958378,0.990345587345,-0.218551387439,-0.0772867450182,0.340669795457,0.00316174598781,-0.118768226435,-0.399239813127,0.136199611766,0.220109121993,0.988107874895,-0.221991320751,-0.120789389726,0.215728403792,-0.0301284638382,-0.115149385181,-0.231893703689,0.0268851483795,0.135682541869,0.990370389544,-0.21539208783,-0.108223629045,0.362956926212,-2.01363939308e-05,-0.145519780661,-0.574591078886,0.175148694633,0.200315444342,0.977753092844,-0.219370803592,-0.102722304004
