bax0,bay0,baz0,bgx0,bgy0,bgz0,gax0,gay0,gaz0,bax1,bay1,baz1,bgx1,bgy1,bgz1,gax1,gay1,gaz1,bax2,bay2,baz2,bgx2,bgy2,bgz2,gax2,gay2,gaz2,bax3,bay3,baz3,bgx3,bgy3,bgz3,gax3,gay3,gaz3,bax4,bay4,baz4,bgx4,bgy4,bgz4,gax4,gay4,gaz4
0.4078077843,-0.00844015046243,-0.151032882016,-0.315033473501,0.0829336721798,0.116119443113,0.973092411052,-0.218807414279,-0.109896920174,0.298583090654,-0.0328852964242,-0.062088616235,0.160811606483,-0.0952809049073,0.0868894314959,0.975085584116,-0.206134032919,-0.112216174533,0.269464777937,-0.05084327833,-0.124177696764,-0.0876508167717,0.0622497182449,0.144109008299,0.974213559733,-0.197456273935,-0.0969121364201,0.178465986489,-0.00875616433555,-0.132408049656,-0.0298406922266,-0.0618364787949,0.0676050521163,0.988751444025,-0.213715831141,-0.101089829535,0.336450131039,-0.0238654552781,-0.0606482960776,0.39507865206,-0.387540354765,0.0489821140225,0.999424300644,-0.207479243206,-0.101524192451
