bax0,bay0,baz0,bgx0,bgy0,bgz0,gax0,gay0,gaz0,bax1,bay1,baz1,bgx1,bgy1,bgz1,gax1,gay1,gaz1,bax2,bay2,baz2,bgx2,bgy2,bgz2,gax2,gay2,gaz2,bax3,bay3,baz3,bgx3,bgy3,bgz3,gax3,gay3,gaz3,bax4,bay4,baz4,bgx4,bgy4,bgz4,gax4,gay4,gaz4
0.275244407618,0.049269356918,-0.0493801776789,0.0620052293232,-0.0225706091068,0.0910772738178,0.988693835321,-0.040116507611,-0.00544895762585,0.300484125978,0.00106534264938,-0.107131282904,-0.114338929571,-0.0509453149858,0.138729580136,0.992609815363,-0.0131701444712,0.0106011208183,0.294201405071,-0.0491122197161,-0.127512485218,-0.376309272898,-0.0413122315953,0.0802877465898,1.01083208477,-0.00202857121728,0.0178880855358,0.282435685575,-0.036053888829,-0.135219503564,-0.415257025522,-0.142216910178,0.062116688756,1.03175911032,0.00316706069236,0.00599845426285,0.296115648695,0.0412583521755,-0.0871243622389,-0.0173630280044,-0.0918570422701,0.11342105177,1.03163850288,-0.010274394038,0.0047333181094
