bax0,bay0,baz0,bgx0,bgy0,bgz0,gax0,gay0,gaz0,bax1,bay1,baz1,bgx1,bgy1,bgz1,gax1,gay1,gaz1,bax2,bay2,baz2,bgx2,bgy2,bgz2,gax2,gay2,gaz2,bax3,bay3,baz3,bgx3,bgy3,bgz3,gax3,gay3,gaz3,bax4,bay4,baz4,bgx4,bgy4,bgz4,gax4,gay4,gaz4
0.284208545401,0.0377469260784,-0.0432751628386,0.0713939117429,-0.029400188179,0.0860606573733,0.98013960438,-0.0385673730291,0.00205472085623,0.294007224987,-0.00098409579297,-0.119969272022,-0.0642229564965,-0.054978581975,0.134373075274,0.998622648796,0.000736958324383,0.0127414244886,0.307280245434,-0.0232454999527,-0.137504058962,-0.398233846236,-0.0710202222818,0.101811267239,1.0251006162,-0.00149125386135,0.00452784929893,0.269953358065,-0.0390279435489,-0.151629107364,-0.377049588374,-0.145126742495,0.0715827826546,1.034279477,-0.00597258187075,0.00194079688877,0.284776321359,8.26570806457e-05,-0.091086854506,-0.0289128482535,-0.0883692546999,0.118297849087,1.03253196408,-0.0169653479326,0.00570810914477
