bax0,bay0,baz0,bgx0,bgy0,bgz0,gax0,gay0,gaz0,bax1,bay1,baz1,bgx1,bgy1,bgz1,gax1,gay1,gaz1,bax2,bay2,baz2,bgx2,bgy2,bgz2,gax2,gay2,gaz2,bax3,bay3,baz3,bgx3,bgy3,bgz3,gax3,gay3,gaz3,bax4,bay4,baz4,bgx4,bgy4,bgz4,gax4,gay4,gaz4
0.188142125619,0.00157280328906,-0.0863747191791,-0.0612855758668,0.0257007802586,0.129669855107,0.987747659969,-0.0204625412996,-0.00113704028748,0.291890791067,-0.0428736332851,-0.0715001713194,-0.421679560229,-0.00233624286448,0.0826361306466,1.00657064117,-0.0064983677019,0.025889360981,0.397720932385,-0.0554937245495,-0.139333908552,-0.373126453804,-0.117671584127,0.0122368172627,1.00734419409,-0.0146947665611,0.0436382509781,0.381958461848,0.0119654473108,-0.0975235610859,-0.062397224082,-0.0808882172243,0.0825780200214,1.01153384109,-0.02504186691,0.0307268040696,0.48275135302,-0.0405165802931,-0.0804870115522,-0.1226310364,-0.0582096222954,0.0741101787885,1.00395589562,-0.0116842058847,0.01491765959
