bax0,bay0,baz0,bgx0,bgy0,bgz0,gax0,gay0,gaz0,bax1,bay1,baz1,bgx1,bgy1,bgz1,gax1,gay1,gaz1,bax2,bay2,baz2,bgx2,bgy2,bgz2,gax2,gay2,gaz2,bax3,bay3,baz3,bgx3,bgy3,bgz3,gax3,gay3,gaz3,bax4,bay4,baz4,bgx4,bgy4,bgz4,gax4,gay4,gaz4
0.202873977037,-0.0224887905489,-0.103358005669,0.123358246269,-0.160291604237,0.0833002380402,1.01437557246,-0.02764161818,0.00537275861246,0.0674181516559,0.0242315039068,-0.0887021649065,0.375660685216,-0.182173206552,0.149510654779,1.00760433753,-0.0263525007027,0.00983697616598,0.411648307664,0.0110237074661,0.0109305517657,-0.414374852637,0.0920706024674,0.241014140889,0.980746714644,-0.0231518789904,-0.0114043634654,0.439480385563,-0.0248509161791,-0.0968317741526,-0.548719637798,-0.00687375677993,0.220718841975,0.99243714875,0.00960811240989,0.0187551286762,0.186757179043,-0.0411466192881,-0.13313777603,-0.682848195256,-0.16444091331,0.128062293891,1.01702782438,0.0120403227271,0.0224363544118
