bax0,bay0,baz0,bgx0,bgy0,bgz0,gax0,gay0,gaz0,bax1,bay1,baz1,bgx1,bgy1,bgz1,gax1,gay1,gaz1,bax2,bay2,baz2,bgx2,bgy2,bgz2,gax2,gay2,gaz2,bax3,bay3,baz3,bgx3,bgy3,bgz3,gax3,gay3,gaz3,bax4,bay4,baz4,bgx4,bgy4,bgz4,gax4,gay4,gaz4
0.247099499513,-0.037422974913,-0.109492342745,-0.274076683781,-0.119018137339,0.09576406429,1.02350303529,-0.0143139481405,-0.00770021744718,0.380448289539,-0.0333901646395,-0.135992048023,-0.107166075152,-0.0676282785117,0.0822445818716,1.01252678804,-0.0274351982426,-0.00216303453077,0.257837576466,-0.00457160807788,-0.136351891124,0.0753679217028,-0.0800901427576,0.0476648551786,1.00680215165,-0.0285084932123,0.00602499891921,0.354331142268,0.00850849232059,-0.0927381951615,0.469838238559,-0.0115458434356,0.0914372025332,1.01291306044,-0.0319197140136,0.0161142839364,0.439167956641,0.018533864435,-0.0698836401635,0.218913911816,-0.0548597974917,0.136074359532,1.02116805073,-0.00824547380783,0.0214596448085
