bax0,bay0,baz0,bgx0,bgy0,bgz0,gax0,gay0,gaz0,bax1,bay1,baz1,bgx1,bgy1,bgz1,gax1,gay1,gaz1,bax2,bay2,baz2,bgx2,bgy2,bgz2,gax2,gay2,gaz2,bax3,bay3,baz3,bgx3,bgy3,bgz3,gax3,gay3,gaz3,bax4,bay4,baz4,bgx4,bgy4,bgz4,gax4,gay4,gaz4
0.258527620287,-0.073620906246,-0.113147654298,-0.245616784086,-0.105962990916,0.079845128556,1.01566753011,-0.0237590452355,0.00645462055207,0.405538389995,-0.0210770068019,-0.132979329509,-0.0731265214722,-0.079035542911,0.0821152965462,1.01258845677,-0.0271638721563,0.00666792836827,0.263816428176,0.00465380793666,-0.138099465687,0.0386887099606,-0.088519423114,0.0255601675296,1.01237429941,-0.0289314167962,0.010368112658,0.348878111233,0.00276038816179,-0.0940410111587,0.472437048698,-0.0281575724815,0.0856413628441,1.01028249402,-0.0296114441497,0.0175734562319,0.459094804342,0.018679600756,-0.0715154531567,0.244810181382,-0.0189184503448,0.132064492599,1.0043632389,-0.0226532331456,0.0182080758404
