bax0,bay0,baz0,bgx0,bgy0,bgz0,gax0,gay0,gaz0,bax1,bay1,baz1,bgx1,bgy1,bgz1,gax1,gay1,gaz1,bax2,bay2,baz2,bgx2,bgy2,bgz2,gax2,gay2,gaz2,bax3,bay3,baz3,bgx3,bgy3,bgz3,gax3,gay3,gaz3,bax4,bay4,baz4,bgx4,bgy4,bgz4,gax4,gay4,gaz4
0.346473615416,-0.0368681244366,-0.172503045438,0.0727483251538,-0.0382596483435,0.0290589917152,0.98759427456,-0.115188517239,0.0251029899677,0.295581777373,0.0419952919198,-0.0321820029996,0.466534318543,-0.156003395359,0.1137935935,0.985860651868,-0.141646736879,0.0280856047424,0.524668362286,0.0247321008942,-0.0699240955287,0.0886533559176,-0.11655343676,0.135509709657,0.997184757665,-0.114204683295,0.0447870183761,0.271395317172,-0.0167602279594,-0.0737511146237,-0.557998089803,0.0591272654641,0.0669691603107,1.00963226521,-0.121397755953,0.0296338299679,0.396396521049,-0.00108565287006,-0.106988870425,-0.525194113552,0.187089866651,0.147553924195,1.01966495301,-0.141292778843,0.047180874423
