bax0,bay0,baz0,bgx0,bgy0,bgz0,gax0,gay0,gaz0,bax1,bay1,baz1,bgx1,bgy1,bgz1,gax1,gay1,gaz1,bax2,bay2,baz2,bgx2,bgy2,bgz2,gax2,gay2,gaz2,bax3,bay3,baz3,bgx3,bgy3,bgz3,gax3,gay3,gaz3,bax4,bay4,baz4,bgx4,bgy4,bgz4,gax4,gay4,gaz4
0.332797594366,-0.0318689698415,-0.156219662812,0.027240438713,-0.047690429485,0.0309971589395,0.991387373143,-0.12253179296,0.0251799392636,0.316828550685,0.0246017868473,-0.066495359535,0.339889677334,-0.160626512529,0.122517735776,0.98246423002,-0.139542025871,0.0275969952437,0.533396594887,0.0335395423128,-0.0709065417392,0.131909402912,-0.115981042346,0.149710066279,0.998850157951,-0.121543527687,0.0525833350681,0.25902346287,-0.0358134703274,-0.0304143987489,-0.560674311709,0.0594792612878,0.0873685242618,1.0129518106,-0.117757792917,0.0190476804224,0.417810471352,0.0244693345293,-0.124574164185,-0.554142090268,0.173039846009,0.136903238157,1.0049778092,-0.135893671559,0.0435669617792
