bax0,bay0,baz0,bgx0,bgy0,bgz0,gax0,gay0,gaz0,bax1,bay1,baz1,bgx1,bgy1,bgz1,gax1,gay1,gaz1,bax2,bay2,baz2,bgx2,bgy2,bgz2,gax2,gay2,gaz2,bax3,bay3,baz3,bgx3,bgy3,bgz3,gax3,gay3,gaz3,bax4,bay4,baz4,bgx4,bgy4,bgz4,gax4,gay4,gaz4
0.197268490458,-0.0284214313405,-0.111407319578,-0.569878669241,0.144674706757,-0.0120828553087,1.01056010179,-0.112109932021,0.0546780281293,0.277252379696,-0.0339543325887,-0.106806372974,-0.267676443573,-0.0755066878817,-0.00989540709667,1.00418857571,-0.114117716066,0.0460941751166,0.259386546736,-0.0243244701768,-0.147146102786,-0.0185353258295,-0.168678007089,0.0594184686784,0.986964674813,-0.113438407059,0.0521447922799,0.413386474099,-0.0189922233892,-0.146254155186,0.40093368731,-0.262110047304,0.140561542915,1.00446656743,-0.12269043014,0.0431872430238,0.278741239075,-0.00418805197281,-0.0536102153975,0.46688667021,-0.281307536854,0.154659442109,1.00071746447,-0.124134976765,0.0321501797711
