bax0,bay0,baz0,bgx0,bgy0,bgz0,gax0,gay0,gaz0,bax1,bay1,baz1,bgx1,bgy1,bgz1,gax1,gay1,gaz1,bax2,bay2,baz2,bgx2,bgy2,bgz2,gax2,gay2,gaz2,bax3,bay3,baz3,bgx3,bgy3,bgz3,gax3,gay3,gaz3,bax4,bay4,baz4,bgx4,bgy4,bgz4,gax4,gay4,gaz4
0.323545168432,0.107157322862,-0.115389466119,0.475270675118,-0.443473350223,-0.0454979137665,0.982574142873,-0.187958074405,0.0210289351189,0.429901325604,0.0121264134516,-0.184988932026,-0.0989015150498,-0.105804891734,0.128544456302,1.00191865279,-0.108524801426,0.0352910940374,0.260129594755,-0.0397089951143,-0.0895838898484,-0.478036740732,-0.00728036921155,0.0896008057358,1.01891315371,-0.1002831331,0.0263853301581,0.187819646713,-0.0516513717344,-0.101498399171,-0.341482841365,-0.0965490518318,0.0678758163713,1.01276087251,-0.135189695599,0.0127282116781,0.363617298191,-0.0400440485922,-0.138042572334,-0.103003248823,-0.176874841603,0.049694954371,0.977096448129,-0.136346099455,0.0115090366683
