bax0,bay0,baz0,bgx0,bgy0,bgz0,gax0,gay0,gaz0,bax1,bay1,baz1,bgx1,bgy1,bgz1,gax1,gay1,gaz1,bax2,bay2,baz2,bgx2,bgy2,bgz2,gax2,gay2,gaz2,bax3,bay3,baz3,bgx3,bgy3,bgz3,gax3,gay3,gaz3,bax4,bay4,baz4,bgx4,bgy4,bgz4,gax4,gay4,gaz4
0.295848063837,-0.016163646603,-0.150176705982,-0.0392437991633,-0.044495230266,0.0821368109102,0.99599568747,-0.17579360574,0.0305839077689,0.352553062588,-0.0393351696479,-0.0944410388639,-0.118008981481,-0.0303865238566,0.062764116822,1.00220999145,-0.183099907054,0.0196066987558,0.469216731105,-0.0328133072248,-0.121433162038,-0.525606607517,0.172864440771,0.000501718805597,0.994891936943,-0.181615015023,0.0063999540411,0.197142420319,-0.00476277368814,-0.105981648521,-0.254178490697,0.0129134948025,0.047742368524,0.990655284858,-0.189663745235,-0.00480860418274,0.105924453457,0.0510989268918,-0.0498024301746,-0.166310502703,-0.0331923844955,0.00285959701446,0.978212112968,-0.185807901995,-0.00462312521101
