bax0,bay0,baz0,bgx0,bgy0,bgz0,gax0,gay0,gaz0,bax1,bay1,baz1,bgx1,bgy1,bgz1,gax1,gay1,gaz1,bax2,bay2,baz2,bgx2,bgy2,bgz2,gax2,gay2,gaz2,bax3,bay3,baz3,bgx3,bgy3,bgz3,gax3,gay3,gaz3,bax4,bay4,baz4,bgx4,bgy4,bgz4,gax4,gay4,gaz4
0.404531536489,-0.0173423592686,-0.117151941333,-0.0827849954616,-0.0730261154117,0.0458593870325,0.975052188571,-0.156105504475,0.00316426005323,0.275388227266,-0.0269804883774,-0.16416417238,0.442949679788,-0.302778757104,0.226746059083,0.978179118982,-0.182762704414,0.0144962884915,0.200048220661,-0.00155223271767,-0.144672293983,0.3589103861,-0.22490445537,0.246039835056,0.977015923843,-0.163427007459,0.011802330765,0.435929181353,-0.0616478965243,-0.138695097725,-0.329615695661,0.0983431514669,0.214157376343,0.968813712956,-0.21033629695,0.012157376992,0.418486399332,-0.0304115745217,-0.0906537863194,-0.316285372189,0.121382052876,0.12458894689,0.98120785468,-0.223593514061,-0.00447654669382
