bax0,bay0,baz0,bgx0,bgy0,bgz0,gax0,gay0,gaz0,bax1,bay1,baz1,bgx1,bgy1,bgz1,gax1,gay1,gaz1,bax2,bay2,baz2,bgx2,bgy2,bgz2,gax2,gay2,gaz2,bax3,bay3,baz3,bgx3,bgy3,bgz3,gax3,gay3,gaz3,bax4,bay4,baz4,bgx4,bgy4,bgz4,gax4,gay4,gaz4
0.103244893179,-0.0093459255221,-0.170102481662,-0.572413560888,0.186491513979,-0.0569912504976,0.987384985904,-0.229699534721,0.00597863923536,0.33553474457,-0.0281022739759,-0.149912977779,-0.271120037108,-0.0316304034133,-0.0318539662735,0.994272221602,-0.22482979192,-0.0208579267303,0.449406585871,-0.0776227416251,-0.0817205569533,-0.0692744727875,0.0121267217395,0.069007040626,0.985002184579,-0.237289926614,-0.0203830754724,0.210263981231,-0.00530726118443,-0.0658967942782,0.0568286633409,-0.100242380527,0.103542596483,0.953702961631,-0.253739072879,-0.0199151573531,0.0926898940904,0.0757563828964,-0.0664624836738,0.510937682241,-0.360629660494,0.197423604983,0.9571972732,-0.249455054513,0.00529064683053
