bax0,bay0,baz0,bgx0,bgy0,bgz0,gax0,gay0,gaz0,bax1,bay1,baz1,bgx1,bgy1,bgz1,gax1,gay1,gaz1,bax2,bay2,baz2,bgx2,bgy2,bgz2,gax2,gay2,gaz2,bax3,bay3,baz3,bgx3,bgy3,bgz3,gax3,gay3,gaz3,bax4,bay4,baz4,bgx4,bgy4,bgz4,gax4,gay4,gaz4
0.256789265267,-0.0701775489481,-0.0754192989302,0.422470046771,-0.355947257381,0.224589356672,0.974200434067,-0.227416177797,0.0179660949023,0.127991808191,0.0231261583383,-0.0579011854426,0.252908213733,-0.191268302656,0.147052119892,0.968306051793,-0.226604209321,0.0275717331336,0.291768247238,-0.0593178165618,-0.154222473314,-0.657223396786,0.283926880801,0.0669141932012,0.959212589955,-0.261731532621,0.00414656566303,0.433408679188,0.000751124867158,-0.142539823772,-0.475327654964,0.182423324212,0.163689385889,0.937565014372,-0.279721861178,0.006092793937,0.200704739812,0.0207248647595,-0.2123090421,-0.578401569164,0.172086008891,0.154162143904,0.953312596927,-0.249902594405,-0.00766315084728
