bax0,bay0,baz0,bgx0,bgy0,bgz0,gax0,gay0,gaz0,bax1,bay1,baz1,bgx1,bgy1,bgz1,gax1,gay1,gaz1,bax2,bay2,baz2,bgx2,bgy2,bgz2,gax2,gay2,gaz2,bax3,bay3,baz3,bgx3,bgy3,bgz3,gax3,gay3,gaz3,bax4,bay4,baz4,bgx4,bgy4,bgz4,gax4,gay4,gaz4
0.300106106636,-0.0715626512323,-0.0811099394211,0.434661099986,-0.358141773217,0.207210425885,0.970207176692,-0.225103459842,0.020208191969,0.131833695159,-0.0124668615267,-0.0533312051959,0.243170388614,-0.208479098226,0.158214359497,0.951837003518,-0.231421360126,0.0289266756669,0.345921631333,-0.0785701306561,-0.131432720871,-0.591710243748,0.286749874992,0.0738639066403,0.958892911877,-0.247696880507,0.00562001082065,0.455569226401,0.0158414797399,-0.105066046739,-0.458052569201,0.161383660819,0.143491182343,0.937445187791,-0.275139743013,0.000695345066712,0.169207209712,0.000723597599152,-0.213755818846,-0.551051881958,0.21340801646,0.153510165681,0.956846982678,-0.241422664068,-0.00249132879773
