bax0,bay0,baz0,bgx0,bgy0,bgz0,gax0,gay0,gaz0,bax1,bay1,baz1,bgx1,bgy1,bgz1,gax1,gay1,gaz1,bax2,bay2,baz2,bgx2,bgy2,bgz2,gax2,gay2,gaz2,bax3,bay3,baz3,bgx3,bgy3,bgz3,gax3,gay3,gaz3,bax4,bay4,baz4,bgx4,bgy4,bgz4,gax4,gay4,gaz4
0.255182509017,-0.0191439683717,-0.0849914182745,-0.267080007676,0.00823894132816,0.224139393681,0.952904123396,-0.122693956333,-0.297330384274,0.304462384008,-0.0277140751353,-0.111175757189,-0.0795131587747,-0.0559747558284,0.0752812507917,0.959551316888,-0.118884933782,-0.297189004541,0.313222313642,-0.0102645728896,-0.123283651148,-0.30559987104,-0.037803419903,0.367600612707,0.963428417551,-0.124118092775,-0.296115397743,0.325751954612,-0.0102551469791,-0.14750790725,-0.421781856529,0.0240645776427,0.417818220307,0.961821599688,-0.119208912297,-0.296900525203,0.323794378947,-0.0237523076356,-0.15198405567,-0.0646653732881,-0.0612336745702,0.0508311285676,0.958717840384,-0.115361032313,-0.303932004024
