bax0,bay0,baz0,bgx0,bgy0,bgz0,gax0,gay0,gaz0,bax1,bay1,baz1,bgx1,bgy1,bgz1,gax1,gay1,gaz1,bax2,bay2,baz2,bgx2,bgy2,bgz2,gax2,gay2,gaz2,bax3,bay3,baz3,bgx3,bgy3,bgz3,gax3,gay3,gaz3,bax4,bay4,baz4,bgx4,bgy4,bgz4,gax4,gay4,gaz4
0.340953209347,-0.0339558853689,-0.132473036279,-0.126923461154,0.0222084534904,0.141401242394,0.948014557678,-0.124381934439,-0.312192808344,0.285601345737,-0.0137213758722,-0.100516229469,-0.043663545991,-0.0999794871595,0.176971716212,0.955423823746,-0.132477675478,-0.308975341615,0.281210072202,-0.0169525871454,-0.150711102432,-0.445572596014,-0.0312403912538,0.452393006758,0.962832757164,-0.122247195367,-0.307811340234,0.248618019844,-0.0309231820196,-0.136988373148,-0.357325521507,0.000568429289385,0.290941317805,0.963538462409,-0.124184658645,-0.313763134637,0.263948287441,-0.00473260495359,-0.0591469254709,0.102926159332,0.000650523510903,0.00805863076447,0.963424878998,-0.13454361531,-0.329858012309
