bax0,bay0,baz0,bgx0,bgy0,bgz0,gax0,gay0,gaz0,bax1,bay1,baz1,bgx1,bgy1,bgz1,gax1,gay1,gaz1,bax2,bay2,baz2,bgx2,bgy2,bgz2,gax2,gay2,gaz2,bax3,bay3,baz3,bgx3,bgy3,bgz3,gax3,gay3,gaz3,bax4,bay4,baz4,bgx4,bgy4,bgz4,gax4,gay4,gaz4
0.232531839364,-0.00189169943035,-0.0431228821695,-0.131469046534,0.097894128646,0.162069817394,0.955839086682,-0.119184893315,-0.311633649758,0.382566425492,-0.0380907263474,-0.100555110904,0.122186559755,-0.135643977725,-0.129476098888,0.95194628044,-0.119160613866,-0.304319823106,0.360774825313,-0.0162679645684,-0.12657804259,0.400747998995,-0.287399576512,-0.223300078371,0.964181160132,-0.130482155464,-0.287207439234,0.204545417161,0.00770284010117,-0.0836682098913,-0.458614144114,0.208376107965,0.377409694693,0.933934144891,-0.118483628194,-0.313755254952,0.353699612172,-0.0209243287022,-0.127235817402,-0.345108857253,0.089817744923,0.455734512722,0.925430423957,-0.122544043506,-0.296671282823
