bax0,bay0,baz0,bgx0,bgy0,bgz0,gax0,gay0,gaz0,bax1,bay1,baz1,bgx1,bgy1,bgz1,gax1,gay1,gaz1,bax2,bay2,baz2,bgx2,bgy2,bgz2,gax2,gay2,gaz2,bax3,bay3,baz3,bgx3,bgy3,bgz3,gax3,gay3,gaz3,bax4,bay4,baz4,bgx4,bgy4,bgz4,gax4,gay4,gaz4
0.188809041243,-0.00692132378634,-0.0286768883652,-0.164657825683,0.0665495263451,0.134545080874,0.956628294991,-0.119972571547,-0.323721171732,0.375924629356,-0.0450975207744,-0.117111156514,0.0632310612219,-0.142356803613,-0.0599965530399,0.954970100327,-0.11964030741,-0.302643829101,0.339928633821,-0.0245493836224,-0.139001267468,0.374672950398,-0.24019330838,-0.216617124212,0.948306428423,-0.129785350602,-0.300543492344,0.204095525018,-0.00631571393795,-0.0790930573776,-0.43050316083,0.1934138586,0.408807340457,0.923444115722,-0.123908258521,-0.315680405208,0.342006693289,-0.0156029312921,-0.147514791774,-0.345968861927,0.0857161875684,0.447369304384,0.922804692767,-0.122742694773,-0.310998971333
