bax0,bay0,baz0,bgx0,bgy0,bgz0,gax0,gay0,gaz0,bax1,bay1,baz1,bgx1,bgy1,bgz1,gax1,gay1,gaz1,bax2,bay2,baz2,bgx2,bgy2,bgz2,gax2,gay2,gaz2,bax3,bay3,baz3,bgx3,bgy3,bgz3,gax3,gay3,gaz3,bax4,bay4,baz4,bgx4,bgy4,bgz4,gax4,gay4,gaz4
0.339394937073,-0.0819191656695,-0.140787593643,-0.478615027367,0.0741717158628,0.503263227174,0.929502033849,-0.118204994756,-0.320006059186,0.260973254228,-0.0351925540971,-0.147283569511,-0.244091026636,0.0140246225235,0.193946760607,0.928152673005,-0.13900683026,-0.329345801071,0.312019479656,-0.00987551745944,-0.118048628235,-0.167808629527,-0.0479306829123,0.147994091024,0.921202435853,-0.141250929781,-0.331258926747,0.147074456325,-0.0076145329921,-0.0310458349225,0.0286166661966,-0.115238786377,-0.079839474668,0.930140544139,-0.133341046969,-0.331424690997,0.221234136903,-0.00940888094333,-0.0937455226087,0.474021555527,-0.279424336849,-0.325560129181,0.924932232382,-0.129069645589,-0.313249822049
