bax0,bay0,baz0,bgx0,bgy0,bgz0,gax0,gay0,gaz0,bax1,bay1,baz1,bgx1,bgy1,bgz1,gax1,gay1,gaz1,bax2,bay2,baz2,bgx2,bgy2,bgz2,gax2,gay2,gaz2,bax3,bay3,baz3,bgx3,bgy3,bgz3,gax3,gay3,gaz3,bax4,bay4,baz4,bgx4,bgy4,bgz4,gax4,gay4,gaz4
0.328209029238,-0.0649833176463,-0.131289044539,-0.53648854024,0.116794538807,0.464620892342,0.932249283011,-0.120136259945,-0.313910128039,0.283017091725,-0.0413550975498,-0.135528164121,-0.270932957966,0.00876859277638,0.252732695771,0.928284081227,-0.144010555288,-0.320221155314,0.323935650607,0.0015713606509,-0.115225343681,-0.121118125837,-0.0399548613019,0.175682341537,0.923133003142,-0.152575517899,-0.328555725587,0.178829366366,0.0176107723945,-0.0442791752095,0.0474536087658,-0.112757919107,-0.134218048552,0.92695875451,-0.133770167373,-0.326058804289,0.233399239215,-0.0345739601952,-0.0928967644043,0.468538315351,-0.318752247014,-0.329566063266,0.931396891457,-0.123437667528,-0.319265421131
