bax0,bay0,baz0,bgx0,bgy0,bgz0,gax0,gay0,gaz0,bax1,bay1,baz1,bgx1,bgy1,bgz1,gax1,gay1,gaz1,bax2,bay2,baz2,bgx2,bgy2,bgz2,gax2,gay2,gaz2,bax3,bay3,baz3,bgx3,bgy3,bgz3,gax3,gay3,gaz3,bax4,bay4,baz4,bgx4,bgy4,bgz4,gax4,gay4,gaz4
0.43169387717,-0.0246628428479,-0.102885283523,-0.0892137969061,-0.0973538944356,0.0288010342815,0.998118754043,-0.162598063075,0.0197057627154,0.466993563429,-0.0172659993317,-0.0851974338771,-0.250579646939,-0.0334501126652,0.136756415544,0.993380318983,-0.163788099752,0.0298929863568,0.243874880355,-0.0204933946248,-0.134589423778,-0.500343825,0.135210149701,0.0304821600349,1.01997217191,-0.150744152526,0.044373860146,0.133600883907,-0.0257011027754,-0.11095336133,-0.15154357842,-0.0800563280077,0.0151848228911,1.02868377843,-0.156226855364,0.017907454745,0.25563317735,-0.0240011189482,-0.121453281576,-0.107403894723,-0.106572214549,0.150056082729,1.02575156457,-0.154159029121,0.0136867877271
