bax0,bay0,baz0,bgx0,bgy0,bgz0,gax0,gay0,gaz0,bax1,bay1,baz1,bgx1,bgy1,bgz1,gax1,gay1,gaz1,bax2,bay2,baz2,bgx2,bgy2,bgz2,gax2,gay2,gaz2,bax3,bay3,baz3,bgx3,bgy3,bgz3,gax3,gay3,gaz3,bax4,bay4,baz4,bgx4,bgy4,bgz4,gax4,gay4,gaz4
0.438203421264,-0.0234646716893,-0.105515518896,-0.0726095031813,-0.0782354671409,0.0453258431702,0.992521951232,-0.166213806596,0.0234426895316,0.420215709207,-0.0178903443114,-0.0957706601377,-0.21448715565,-0.023316940691,0.120465571323,1.00422463714,-0.156687952182,0.031161177647,0.270370435949,-0.0292335901227,-0.165703401382,-0.56552784368,0.113542283715,0.0211927783154,1.02682968519,-0.14632345576,0.041341749299,0.153625901026,-0.0234942253292,-0.106999616805,-0.133494737381,-0.0882787845004,0.0417895614859,1.02687359217,-0.155548723795,0.0192512989631,0.271335979956,-0.0223398787951,-0.125348885406,-0.0714512445211,-0.0945027851468,0.164145586929,1.02055864268,-0.146786938222,0.0195402633361
