bax0,bay0,baz0,bgx0,bgy0,bgz0,gax0,gay0,gaz0,bax1,bay1,baz1,bgx1,bgy1,bgz1,gax1,gay1,gaz1,bax2,bay2,baz2,bgx2,bgy2,bgz2,gax2,gay2,gaz2,bax3,bay3,baz3,bgx3,bgy3,bgz3,gax3,gay3,gaz3,bax4,bay4,baz4,bgx4,bgy4,bgz4,gax4,gay4,gaz4
0.378323466376,-0.0463114016597,-0.144409027831,-0.00551560608862,0.0188643850985,0.0796219818685,1.02165871558,-0.140649385672,0.0114436073935,0.26537777097,-0.00742583198933,-0.0458727741922,0.389289309762,-0.218728212027,0.0900228100122,0.999168945181,-0.155579044195,0.0248437016802,0.252043104931,0.00650822071945,-0.105851216125,0.371764480997,-0.29971433951,0.159073680661,0.997429123014,-0.147700900788,0.0400740598586,0.347040261947,-0.0546308823618,-0.00305502771952,-0.691990594987,0.148608908907,0.27003961866,0.984585519529,-0.119898038547,-0.0350485280538,0.193309126276,-0.0276119593629,-0.0948168745533,-0.641166080798,0.12932757467,0.265929497084,0.986279996277,-0.125711694108,0.00317346166487
