bax0,bay0,baz0,bgx0,bgy0,bgz0,gax0,gay0,gaz0,bax1,bay1,baz1,bgx1,bgy1,bgz1,gax1,gay1,gaz1,bax2,bay2,baz2,bgx2,bgy2,bgz2,gax2,gay2,gaz2,bax3,bay3,baz3,bgx3,bgy3,bgz3,gax3,gay3,gaz3,bax4,bay4,baz4,bgx4,bgy4,bgz4,gax4,gay4,gaz4
0.372755831459,-0.0226579963158,-0.156390444133,-0.0045780872277,-0.0325132762654,0.0809407984824,1.00536024913,-0.14909143881,0.016194386019,0.271834998412,0.0041787621484,-0.0543316378643,0.483425337339,-0.184271199071,0.121549041184,0.996831288018,-0.162506035071,0.0193130549404,0.259215071208,0.0015636575217,-0.109142890334,0.345777531016,-0.31532727846,0.133068044027,1.00539238887,-0.158898838993,0.0373164315006,0.366987626154,-0.0433507796016,-0.00559114000787,-0.63401567951,0.147354738132,0.269301953881,0.991858209684,-0.132989461322,-0.0189957928662,0.175168541727,-0.0263447872359,-0.116974618229,-0.778067632726,0.126903697626,0.276796837392,1.00139421911,-0.134692328927,0.00718870752736
