bax0,bay0,baz0,bgx0,bgy0,bgz0,gax0,gay0,gaz0,bax1,bay1,baz1,bgx1,bgy1,bgz1,gax1,gay1,gaz1,bax2,bay2,baz2,bgx2,bgy2,bgz2,gax2,gay2,gaz2,bax3,bay3,baz3,bgx3,bgy3,bgz3,gax3,gay3,gaz3,bax4,bay4,baz4,bgx4,bgy4,bgz4,gax4,gay4,gaz4
0.391798176605,-0.0346508718332,-0.117115867368,-0.586536847605,0.210357716767,0.100763570925,1.00118150555,-0.141003716749,-0.00911101374055,0.371497877888,0.0131208169775,-0.105110213736,-0.0111473059449,-0.0352009101656,0.0737008998841,1.00983526545,-0.148683414626,0.00691499114443,0.169079390967,0.0118231709962,-0.0910701038309,-0.105849032441,-0.0223583883347,0.0588061155863,1.01471938408,-0.140168678912,0.0106866707734,0.34383535171,-0.0321154237073,-0.098839466106,0.151403634375,-0.21080515617,-0.0469969043763,1.01240492706,-0.146136891091,0.00408946641986,0.299721642051,-0.0180448630567,-0.113118236238,0.431030609648,-0.410656229883,0.102594928321,1.00527424203,-0.145280249441,0.0242610951106
