bax0,bay0,baz0,bgx0,bgy0,bgz0,gax0,gay0,gaz0,bax1,bay1,baz1,bgx1,bgy1,bgz1,gax1,gay1,gaz1,bax2,bay2,baz2,bgx2,bgy2,bgz2,gax2,gay2,gaz2,bax3,bay3,baz3,bgx3,bgy3,bgz3,gax3,gay3,gaz3,bax4,bay4,baz4,bgx4,bgy4,bgz4,gax4,gay4,gaz4
0.338916450883,-0.0330568525813,-0.0827534342776,-0.0852149946941,-0.0388888854745,0.0297253676517,0.963800860828,-0.230680734033,0.0457144839015,0.284415105869,0.014195315819,-0.0853991932125,-0.321991167819,0.0148177614796,0.0344023276349,0.975231512162,-0.232469334259,0.0539812672782,0.302704057818,-0.0560699341542,-0.169786372531,-0.414174229508,0.110875509171,-0.00876453168484,1.00265300211,-0.221110296608,0.0320020602196,0.366865422008,-0.00412050287162,-0.165144796494,-0.033337684306,-0.0911549510183,0.139240140101,0.992442200363,-0.23311841104,0.0158609579651,0.258759197234,-0.0143115334755,-0.180642858681,-0.13383847332,-0.0638515766423,0.124642576734,1.00657755854,-0.230068329091,0.00524176409034
