bax0,bay0,baz0,bgx0,bgy0,bgz0,gax0,gay0,gaz0,bax1,bay1,baz1,bgx1,bgy1,bgz1,gax1,gay1,gaz1,bax2,bay2,baz2,bgx2,bgy2,bgz2,gax2,gay2,gaz2,bax3,bay3,baz3,bgx3,bgy3,bgz3,gax3,gay3,gaz3,bax4,bay4,baz4,bgx4,bgy4,bgz4,gax4,gay4,gaz4
0.336045021839,-0.0463668702531,-0.0791047377665,-0.130011720594,-0.0464990717397,0.0353255839524,0.964988023696,-0.225493464767,0.0552001706296,0.289871775002,-0.0043246271963,-0.108937624623,-0.399381506764,0.0179493893334,0.0371551956261,0.984002966803,-0.23568027742,0.0601591534567,0.318890988724,-0.05056407104,-0.175920473786,-0.404133462024,0.117987050845,-0.00390051851494,1.00650794779,-0.219238268648,0.0499615391314,0.377026046118,-0.0121189885442,-0.173029183153,-0.0596524013924,-0.107520379517,0.138324297712,0.986539472299,-0.238952736179,0.0393884217016,0.261942438183,-0.00844053112193,-0.168905868911,-0.0947738406854,-0.0760213715216,0.118608385445,1.01217823169,-0.240311537017,0.0158779912624
