bax0,bay0,baz0,bgx0,bgy0,bgz0,gax0,gay0,gaz0,bax1,bay1,baz1,bgx1,bgy1,bgz1,gax1,gay1,gaz1,bax2,bay2,baz2,bgx2,bgy2,bgz2,gax2,gay2,gaz2,bax3,bay3,baz3,bgx3,bgy3,bgz3,gax3,gay3,gaz3,bax4,bay4,baz4,bgx4,bgy4,bgz4,gax4,gay4,gaz4
0.310499238319,-0.0307806507729,-0.0737142490235,-0.109004980107,-0.00992466962151,0.0314755208337,0.958995075164,-0.235034182908,0.051533212962,0.275259618273,0.000189540936822,-0.0935822423834,-0.374904911514,-0.00338771633331,0.0329943926,0.975593446903,-0.231343918673,0.0496577252688,0.306857775832,-0.0583494431697,-0.162343574204,-0.43456397866,0.107041327545,0.00042823023879,0.991461678323,-0.222978952958,0.0371859256194,0.377047515615,-0.0200576783748,-0.190053631594,-0.0515015652629,-0.111008038213,0.131507241495,0.998952889688,-0.229475457426,0.037281598096,0.264732011712,-0.0268236459026,-0.181809827639,-0.108880090613,-0.0548512312046,0.12998977605,0.999159401136,-0.2418757411,0.00956950010254
