bax0,bay0,baz0,bgx0,bgy0,bgz0,gax0,gay0,gaz0,bax1,bay1,baz1,bgx1,bgy1,bgz1,gax1,gay1,gaz1,bax2,bay2,baz2,bgx2,bgy2,bgz2,gax2,gay2,gaz2,bax3,bay3,baz3,bgx3,bgy3,bgz3,gax3,gay3,gaz3,bax4,bay4,baz4,bgx4,bgy4,bgz4,gax4,gay4,gaz4
0.16803154949,-0.0385206847487,-0.138195697809,0.0266970994986,-0.0352519781182,0.108558259384,0.989890056247,-0.260517419529,-0.00445701345485,0.36945902623,-0.0067458531472,-0.0426280973394,0.377501500109,-0.19242847999,0.16508502605,0.970277298949,-0.270676881154,0.00831650530683,0.399596533814,-0.0221401229002,-0.177460163839,-0.625013589713,0.140121479829,0.0502132507554,0.965913532348,-0.250018899326,0.0200850829018,0.269839698992,0.00607478707026,-0.245618404036,-0.832670899126,0.375277419632,0.132540021775,0.985325117116,-0.239199097018,0.0127808805384,0.289265547547,-0.0333196756816,-0.119266013266,-0.550063622524,0.295221156361,0.113547703067,0.984147698168,-0.221589565843,-0.0262347253351
