bax0,bay0,baz0,bgx0,bgy0,bgz0,gax0,gay0,gaz0,bax1,bay1,baz1,bgx1,bgy1,bgz1,gax1,gay1,gaz1,bax2,bay2,baz2,bgx2,bgy2,bgz2,gax2,gay2,gaz2,bax3,bay3,baz3,bgx3,bgy3,bgz3,gax3,gay3,gaz3,bax4,bay4,baz4,bgx4,bgy4,bgz4,gax4,gay4,gaz4
0.19613094262,-0.039759931518,-0.131331770666,0.0692417998817,0.00539660799934,0.119015616259,0.99514471195,-0.251214368027,0.000845019323795,0.35903134284,-0.00564108172013,-0.0442067084038,0.393987445168,-0.171740994335,0.147692232981,0.979773076298,-0.265127791274,0.00456767866992,0.388618687761,-0.0224029040679,-0.185758499658,-0.589731669945,0.144361974685,0.022861381916,0.970317366251,-0.253109211364,0.0319982203904,0.262180904671,-0.00445857429624,-0.232822673865,-0.807711898782,0.350192243223,0.115189015345,0.983008581065,-0.243184582584,0.00791470774729,0.244599112326,-0.0219738310983,-0.120993646275,-0.603822215361,0.282453394746,0.13192702201,0.979964193819,-0.227869417165,-0.0148624716369
