bax0,bay0,baz0,bgx0,bgy0,bgz0,gax0,gay0,gaz0,bax1,bay1,baz1,bgx1,bgy1,bgz1,gax1,gay1,gaz1,bax2,bay2,baz2,bgx2,bgy2,bgz2,gax2,gay2,gaz2,bax3,bay3,baz3,bgx3,bgy3,bgz3,gax3,gay3,gaz3,bax4,bay4,baz4,bgx4,bgy4,bgz4,gax4,gay4,gaz4
0.375261380458,-0.0358152332184,-0.0708809291061,-0.427113627538,-0.0556078250737,0.00403112807219,0.988161526144,-0.206303734514,-0.00712446098889,0.218372321706,-0.0277947322074,-0.069874608572,-0.412523551172,-0.149018062662,-0.011362444504,1.013862545,-0.222180914483,-0.0033514807815,0.154734216807,0.0106078728976,-0.13443077484,-0.115822056025,-0.115235647311,0.137191337655,1.01001378609,-0.225188895103,-0.000425799465815,0.193882402748,0.00961204190669,-0.0486123276803,0.360778087086,-0.304599292347,0.140597914201,0.966327361991,-0.220605872039,-0.00135499644527,0.483665237369,-0.0641798653094,-0.0644659398527,0.321817972344,-0.159974678869,0.0598882059363,0.981254221025,-0.221769034555,0.0205961120348
