bax0,bay0,baz0,bgx0,bgy0,bgz0,gax0,gay0,gaz0,bax1,bay1,baz1,bgx1,bgy1,bgz1,gax1,gay1,gaz1,bax2,bay2,baz2,bgx2,bgy2,bgz2,gax2,gay2,gaz2,bax3,bay3,baz3,bgx3,bgy3,bgz3,gax3,gay3,gaz3,bax4,bay4,baz4,bgx4,bgy4,bgz4,gax4,gay4,gaz4
0.410202977035,-0.00365185232029,-0.0375332303019,-0.30847114334,0.0888098836378,0.246442519118,0.933980324945,-0.148243463838,-0.297461788392,0.205068546835,0.00310688039619,-0.149453504107,-0.549906284369,0.102497107429,0.534214992453,0.942930231875,-0.137310187585,-0.269567591444,0.203204135584,-0.0564143942543,-0.177849547209,-0.437042909816,-0.046738143332,0.384440586521,0.946432061891,-0.137494122045,-0.282435095175,0.385598419944,-0.00151632214999,-0.109463793785,-0.24335927194,-0.0339245793679,0.104906485924,0.945143656526,-0.139852196846,-0.300343494583,0.281845530074,-0.0258955516978,-0.0813564141132,0.10489629146,-0.158624054825,-0.00205983884797,0.93391641353,-0.132177270778,-0.319094735618
