bax0,bay0,baz0,bgx0,bgy0,bgz0,gax0,gay0,gaz0,bax1,bay1,baz1,bgx1,bgy1,bgz1,gax1,gay1,gaz1,bax2,bay2,baz2,bgx2,bgy2,bgz2,gax2,gay2,gaz2,bax3,bay3,baz3,bgx3,bgy3,bgz3,gax3,gay3,gaz3,bax4,bay4,baz4,bgx4,bgy4,bgz4,gax4,gay4,gaz4
0.408052706748,0.000732866256562,-0.0552898297398,-0.31554573554,0.0769992385008,0.26581188949,0.93274641694,-0.150619727617,-0.279991168134,0.210945807977,0.00689451919306,-0.151429298748,-0.567217610701,0.120743435623,0.548145852499,0.948377981625,-0.137366353826,-0.270444548932,0.188452608131,-0.0438858372238,-0.18192522459,-0.446028397079,-0.0810685692672,0.369083633956,0.953657473052,-0.138758866536,-0.290785277527,0.368664431846,-0.00872984753681,-0.100126023112,-0.227353361598,-0.0697964624211,0.093381061112,0.943370660606,-0.144872035324,-0.320340123393,0.301620879884,-0.0244487478958,-0.0774716659715,0.107985998518,-0.171668720575,0.0139799887086,0.944913425572,-0.134938885967,-0.312080827712
