bax0,bay0,baz0,bgx0,bgy0,bgz0,gax0,gay0,gaz0,bax1,bay1,baz1,bgx1,bgy1,bgz1,gax1,gay1,gaz1,bax2,bay2,baz2,bgx2,bgy2,bgz2,gax2,gay2,gaz2,bax3,bay3,baz3,bgx3,bgy3,bgz3,gax3,gay3,gaz3,bax4,bay4,baz4,bgx4,bgy4,bgz4,gax4,gay4,gaz4
0.329292851069,-0.0253676364723,-0.125356713328,0.55565251534,-0.269187160878,-0.276802908388,0.951001444044,-0.155604925633,-0.310857731804,0.372311406535,-0.0523865974841,-0.0775257681462,0.374442242487,-0.153511988693,-0.312083282299,0.909041917371,-0.144175533338,-0.333594733891,0.228049438094,-0.0499538433215,-0.159262599639,-0.285423360881,0.00922363082636,0.180024029758,0.917392158893,-0.15780142179,-0.332380358029,0.320201602066,0.0026895640749,-0.141436769575,-0.354886345987,0.0782838924865,0.305406820315,0.936064790576,-0.153410989011,-0.342003946788,0.248379092594,0.0119870410512,-0.12744576209,-0.136460305442,0.039202344978,0.244123563449,0.934137154226,-0.151594120206,-0.351738862161
