bax0,bay0,baz0,bgx0,bgy0,bgz0,gax0,gay0,gaz0,bax1,bay1,baz1,bgx1,bgy1,bgz1,gax1,gay1,gaz1,bax2,bay2,baz2,bgx2,bgy2,bgz2,gax2,gay2,gaz2,bax3,bay3,baz3,bgx3,bgy3,bgz3,gax3,gay3,gaz3,bax4,bay4,baz4,bgx4,bgy4,bgz4,gax4,gay4,gaz4
0.323020696441,-0.0444621126318,-0.136303234807,0.562109984285,-0.279584904842,-0.260444477468,0.939869006687,-0.154344998048,-0.316894806832,0.3637879514,-0.0427494630598,-0.0856575320038,0.395070931985,-0.160266123366,-0.318678585077,0.912018407177,-0.139606577105,-0.321934304273,0.249045918026,-0.0564742169762,-0.160563630876,-0.308350829021,-0.0276683100678,0.1373096664,0.90977554619,-0.152968516591,-0.313239211723,0.296609137785,0.0164540914305,-0.132157486723,-0.350271936872,0.115975740617,0.297264790528,0.926169101642,-0.157570105837,-0.344579581699,0.243694702688,0.0337173442086,-0.129303395269,-0.120482729145,0.0528345667195,0.225315772219,0.929421776774,-0.150132843073,-0.364065921405
