bax0,bay0,baz0,bgx0,bgy0,bgz0,gax0,gay0,gaz0,bax1,bay1,baz1,bgx1,bgy1,bgz1,gax1,gay1,gaz1,bax2,bay2,baz2,bgx2,bgy2,bgz2,gax2,gay2,gaz2,bax3,bay3,baz3,bgx3,bgy3,bgz3,gax3,gay3,gaz3,bax4,bay4,baz4,bgx4,bgy4,bgz4,gax4,gay4,gaz4
0.223669365494,-0.0666273719587,-0.0473234950282,-0.0584701755407,-0.288968344657,-0.0680347873495,0.931571061333,-0.153406918977,-0.340999357369,0.393799653287,0.01562310626,-0.0757751039263,0.408736185051,-0.334913112011,-0.267345808401,0.928464098598,-0.167916637089,-0.32960501511,0.372260311772,-0.0254247143857,-0.105923312771,-0.605784707639,0.185427337524,0.625425363349,0.91163869292,-0.176235017856,-0.313217556703,0.197683823112,0.00658896715909,-0.186698585135,-0.846607297253,0.216366217887,0.910376579283,0.923343226832,-0.181206156369,-0.315881079818,0.210657879518,-0.0204038063678,-0.115833922885,-0.379274198037,0.0295207518188,0.515637571754,0.920130515884,-0.16949319352,-0.329446218052
