bax0,bay0,baz0,bgx0,bgy0,bgz0,gax0,gay0,gaz0,bax1,bay1,baz1,bgx1,bgy1,bgz1,gax1,gay1,gaz1,bax2,bay2,baz2,bgx2,bgy2,bgz2,gax2,gay2,gaz2,bax3,bay3,baz3,bgx3,bgy3,bgz3,gax3,gay3,gaz3,bax4,bay4,baz4,bgx4,bgy4,bgz4,gax4,gay4,gaz4
0.235954277061,-0.0630480880682,-0.0754815866576,-0.0349941963919,-0.26797666737,-0.0305176828866,0.925989413281,-0.161082408299,-0.343161358579,0.356633720231,0.0157236297427,-0.0595120841567,0.428985735177,-0.403520479619,-0.277689342149,0.926805526075,-0.167742950855,-0.338319203984,0.354539079322,-0.0299988752187,-0.112712755451,-0.620252658101,0.15270907535,0.648863124978,0.917477366129,-0.177927992916,-0.309806113229,0.221099242496,0.0154955668864,-0.164788209309,-0.81329328858,0.196826520131,0.791361937539,0.922207225258,-0.185156861449,-0.318262285495,0.234808848198,-0.0123303767073,-0.120163507536,-0.475880488382,0.0119830975777,0.471678842026,0.923453380608,-0.180662017849,-0.325532427051
