bax0,bay0,baz0,bgx0,bgy0,bgz0,gax0,gay0,gaz0,bax1,bay1,baz1,bgx1,bgy1,bgz1,gax1,gay1,gaz1,bax2,bay2,baz2,bgx2,bgy2,bgz2,gax2,gay2,gaz2,bax3,bay3,baz3,bgx3,bgy3,bgz3,gax3,gay3,gaz3,bax4,bay4,baz4,bgx4,bgy4,bgz4,gax4,gay4,gaz4
0.21852650712,-0.064907131361,-0.04080857224,-0.0494341012052,-0.246842387396,-0.0204912238386,0.927434034846,-0.156477351986,-0.336584269418,0.387675327007,0.000942117390253,-0.0644887072656,0.38077844864,-0.394399717093,-0.324621802692,0.927976651504,-0.169669026665,-0.328962159001,0.375195751495,-0.0345599219616,-0.106884200484,-0.703558172135,0.209917728848,0.698161287853,0.916278971854,-0.175475046374,-0.298623835653,0.202156666498,0.0167050161367,-0.186529119299,-0.841867142215,0.236701335107,0.811949636826,0.925782723573,-0.175909117208,-0.303515568023,0.226039841894,-0.0101453117837,-0.108341870928,-0.388160702519,0.0760895715113,0.475826182101,0.921220471174,-0.180225104652,-0.342428690219
