bax0,bay0,baz0,bgx0,bgy0,bgz0,gax0,gay0,gaz0,bax1,bay1,baz1,bgx1,bgy1,bgz1,gax1,gay1,gaz1,bax2,bay2,baz2,bgx2,bgy2,bgz2,gax2,gay2,gaz2,bax3,bay3,baz3,bgx3,bgy3,bgz3,gax3,gay3,gaz3,bax4,bay4,baz4,bgx4,bgy4,bgz4,gax4,gay4,gaz4
0.423671052832,0.00570332649329,-0.124496444745,-0.674811739017,0.161319923255,-0.125926330334,0.937826930299,-0.218003237428,0.23041223688,0.317503299868,0.0289476796442,-0.194938818932,-0.550758233907,0.225763035734,-0.0499808626466,0.952390717507,-0.211772112841,0.210128527266,0.173011807949,-0.0286159137793,-0.186839151813,-0.661308087563,0.253739834975,-0.204744251904,0.985376389027,-0.199073992715,0.206709130199,0.307125881639,-0.0396885333269,-0.0747497346221,-0.306836545228,-0.017903617726,-0.120301158689,0.983217223085,-0.205017971518,0.176728180458,0.442178598996,-0.0481212291232,-0.0766084178885,-0.141880401432,-0.0456466991497,0.0169488295393,0.983434185048,-0.199305791704,0.189104667564
