bax0,bay0,baz0,bgx0,bgy0,bgz0,gax0,gay0,gaz0,bax1,bay1,baz1,bgx1,bgy1,bgz1,gax1,gay1,gaz1,bax2,bay2,baz2,bgx2,bgy2,bgz2,gax2,gay2,gaz2,bax3,bay3,baz3,bgx3,bgy3,bgz3,gax3,gay3,gaz3,bax4,bay4,baz4,bgx4,bgy4,bgz4,gax4,gay4,gaz4
0.445868775905,-0.0186882101263,-0.129503908085,-0.642427076761,0.162076112462,-0.106695072019,0.936353874051,-0.227079262888,0.211410774728,0.2885440603,0.0553676800398,-0.230166558761,-0.575726488143,0.227257651486,-0.0774895385737,0.964975181362,-0.214387260506,0.210544234995,0.15968923588,-0.0125004167793,-0.172221234488,-0.71777552063,0.245323352438,-0.172603653962,0.969359899277,-0.186045625805,0.195670243583,0.301573077077,-0.0169737553235,-0.094958099372,-0.336356818937,-0.00207253389524,-0.110604705894,0.985306547429,-0.203385934071,0.17926103054,0.415644671682,-0.0602160846875,-0.0776273703277,-0.100069960638,-0.0412747436868,0.0150606203804,0.985567795556,-0.198461919382,0.181587225292
