bax0,bay0,baz0,bgx0,bgy0,bgz0,gax0,gay0,gaz0,bax1,bay1,baz1,bgx1,bgy1,bgz1,gax1,gay1,gaz1,bax2,bay2,baz2,bgx2,bgy2,bgz2,gax2,gay2,gaz2,bax3,bay3,baz3,bgx3,bgy3,bgz3,gax3,gay3,gaz3,bax4,bay4,baz4,bgx4,bgy4,bgz4,gax4,gay4,gaz4
0.458864093945,0.017352683851,-0.140342326116,-0.627778118494,0.174263681196,-0.127577787126,0.954268937616,-0.220391816014,0.218439532757,0.275114709894,0.0313172197171,-0.224389322493,-0.579830470107,0.219151304736,-0.0335543723896,0.9550942308,-0.217453959498,0.215820647002,0.176887386664,-0.0177499290322,-0.207655644004,-0.640812266525,0.238290810199,-0.167457923369,0.978621928308,-0.186358056126,0.201447602632,0.328348348522,-0.0222300641564,-0.0771437614855,-0.292263677844,0.0269838451684,-0.120500950045,0.987052498466,-0.185609526922,0.180780715579,0.458072031242,-0.0403492409401,-0.0787004611179,-0.120032908132,-0.0572120695405,0.0088913921949,0.983328429992,-0.191761830008,0.19527031638
