bax0,bay0,baz0,bgx0,bgy0,bgz0,gax0,gay0,gaz0,bax1,bay1,baz1,bgx1,bgy1,bgz1,gax1,gay1,gaz1,bax2,bay2,baz2,bgx2,bgy2,bgz2,gax2,gay2,gaz2,bax3,bay3,baz3,bgx3,bgy3,bgz3,gax3,gay3,gaz3,bax4,bay4,baz4,bgx4,bgy4,bgz4,gax4,gay4,gaz4
0.26002150371,0.0221576305965,-0.107281716657,0.498191730504,-0.371833739117,0.374128958688,0.993920801712,-0.239287248173,0.169476732432,0.419065977146,-0.0755886075349,-0.213194200766,0.73433322082,-0.349108632122,0.467923118151,0.970380608811,-0.218136793123,0.181094140482,0.234766683029,-0.0341714193739,-0.100045345228,-0.276630229839,-0.0503786846803,0.0853556362393,0.983438369365,-0.152559922573,0.123748954383,0.174093033076,0.00179694051719,-0.115471810354,-0.331152809907,0.0173544183832,0.0525550453524,1.00614769458,-0.152308130416,0.110288168132,0.320478247887,-0.0740715441138,-0.145390280109,-0.426182831138,0.0936284051786,-0.046728624516,1.03001295879,-0.169813162552,0.105598806278
