bax0,bay0,baz0,bgx0,bgy0,bgz0,gax0,gay0,gaz0,bax1,bay1,baz1,bgx1,bgy1,bgz1,gax1,gay1,gaz1,bax2,bay2,baz2,bgx2,bgy2,bgz2,gax2,gay2,gaz2,bax3,bay3,baz3,bgx3,bgy3,bgz3,gax3,gay3,gaz3,bax4,bay4,baz4,bgx4,bgy4,bgz4,gax4,gay4,gaz4
0.432349054584,-0.0352748475761,-0.129628166397,0.00798424058884,-0.124410069047,0.0101860001635,1.00341455008,-0.197148496194,0.0923011050871,0.447835205553,-0.0134937790697,-0.155645012489,-0.0734550133431,-0.0294847060594,0.0211874246916,0.999204382388,-0.202760684575,0.0845123776423,0.181918580322,-0.0362995758936,-0.169661148786,-0.0469047225506,-0.0338505218937,0.131018933519,1.00804099664,-0.198133108114,0.0807244936202,0.188636238738,0.0164377980836,-0.0886247927736,0.47226011369,-0.194437049855,0.239995464389,1.00571105398,-0.220950271247,0.08193090186,0.357652937801,-0.000698204350686,-0.0333279884646,0.241787033463,-0.204683188236,0.233082396248,1.00283077127,-0.195436962817,0.100077628054
