bax0,bay0,baz0,bgx0,bgy0,bgz0,gax0,gay0,gaz0,bax1,bay1,baz1,bgx1,bgy1,bgz1,gax1,gay1,gaz1,bax2,bay2,baz2,bgx2,bgy2,bgz2,gax2,gay2,gaz2,bax3,bay3,baz3,bgx3,bgy3,bgz3,gax3,gay3,gaz3,bax4,bay4,baz4,bgx4,bgy4,bgz4,gax4,gay4,gaz4
0.383728483143,0.00168099467183,-0.0183646111988,-0.646327333922,0.27498825446,-0.0821744269473,0.993364336928,-0.210866951785,0.0806602088642,0.424218802106,-0.0202287791939,-0.186157914225,-0.388342878675,0.246635714277,0.0537628155982,0.999937422728,-0.197484193294,0.0986743460757,0.164555667111,-0.0549237123921,-0.200143559979,-0.5688055332,0.290181258136,-0.0383901350295,1.01552665664,-0.203079376003,0.0916642490308,0.296825043066,-0.0389453870484,-0.061704394535,-0.281661037596,-0.0171389543608,-0.0687855090084,0.999788778022,-0.216143907949,0.0791274786573,0.436835099821,-0.0191755629065,-0.0569250147717,-0.183254485373,-0.0759480524187,0.0753268886753,0.993629331474,-0.222467183275,0.0902875206047
