bax0,bay0,baz0,bgx0,bgy0,bgz0,gax0,gay0,gaz0,bax1,bay1,baz1,bgx1,bgy1,bgz1,gax1,gay1,gaz1,bax2,bay2,baz2,bgx2,bgy2,bgz2,gax2,gay2,gaz2,bax3,bay3,baz3,bgx3,bgy3,bgz3,gax3,gay3,gaz3,bax4,bay4,baz4,bgx4,bgy4,bgz4,gax4,gay4,gaz4
0.300486306203,-0.0169929906177,-0.134331198548,-0.683990604467,0.293182237291,-0.0348373425793,1.00449701395,-0.204448219281,0.121401244444,0.313913199173,-0.0824968034653,-0.142050794228,-0.308384398191,0.087726955442,0.00393329946144,1.0256757049,-0.201636591934,0.108545107866,0.306297603397,-0.0185816738127,-0.0908291029425,0.0149067405977,-0.0770426684766,0.0538996771178,1.00252026745,-0.223619053348,0.102648192778,0.31682371742,-0.0268344089291,-0.153003588574,-0.127311693325,-0.0433038102327,0.0762592278392,0.994191175016,-0.212286741583,0.106284656581,0.242148897858,-0.0249669636523,-0.137794362473,0.29877972793,-0.246170670362,0.19576480013,0.971135010668,-0.236604511349,0.0994462532311
