bax0,bay0,baz0,bgx0,bgy0,bgz0,gax0,gay0,gaz0,bax1,bay1,baz1,bgx1,bgy1,bgz1,gax1,gay1,gaz1,bax2,bay2,baz2,bgx2,bgy2,bgz2,gax2,gay2,gaz2,bax3,bay3,baz3,bgx3,bgy3,bgz3,gax3,gay3,gaz3,bax4,bay4,baz4,bgx4,bgy4,bgz4,gax4,gay4,gaz4
0.232545951451,-0.030589416811,-0.180959576658,-0.37616230195,0.145187726832,0.374178073189,0.881540160061,-0.254553757069,-0.363976463516,0.113042293209,-0.028092825923,-0.0783295073361,-0.0951608131527,-0.171384388729,0.0534458199418,0.876240118604,-0.275082008432,-0.409901596228,0.271194290812,-0.00781936063467,-0.0504365913129,-0.218419881923,0.0296070409613,0.159120184128,0.864544717028,-0.299317977205,-0.408117499439,0.475421786476,-0.0366705883582,-0.206657784448,-0.116341217718,0.00744194332334,0.201439565759,0.863999767923,-0.282263331385,-0.390248673468,0.413884118211,-0.00288122546915,-0.117139972356,0.381505892501,-0.447524949451,-0.251553164331,0.8683200125,-0.281555816771,-0.393370982744
