bax0,bay0,baz0,bgx0,bgy0,bgz0,gax0,gay0,gaz0,bax1,bay1,baz1,bgx1,bgy1,bgz1,gax1,gay1,gaz1,bax2,bay2,baz2,bgx2,bgy2,bgz2,gax2,gay2,gaz2,bax3,bay3,baz3,bgx3,bgy3,bgz3,gax3,gay3,gaz3,bax4,bay4,baz4,bgx4,bgy4,bgz4,gax4,gay4,gaz4
0.199641561739,-0.0524140316719,-0.223463822231,-0.369666065149,0.128051249208,0.388082896311,0.889448678592,-0.262680638078,-0.364077132243,0.131069811936,-0.052318080877,-0.0697644564542,-0.107938493554,-0.190394420869,0.0537171859791,0.879475342663,-0.286311593735,-0.403024308133,0.226710811523,-0.0120946737512,-0.0687745860257,-0.193309693348,0.0324998665206,0.142853451639,0.873966798553,-0.279320728898,-0.409628363141,0.484143328551,-0.0321921032947,-0.199953290831,-0.134925999623,0.0464165268168,0.142459957723,0.859466152376,-0.27291713562,-0.388322567783,0.388581376164,0.0110744735426,-0.128084174489,0.3853606303,-0.455110051362,-0.239967242388,0.883276941837,-0.27630477032,-0.39102839601
