bax0,bay0,baz0,bgx0,bgy0,bgz0,gax0,gay0,gaz0,bax1,bay1,baz1,bgx1,bgy1,bgz1,gax1,gay1,gaz1,bax2,bay2,baz2,bgx2,bgy2,bgz2,gax2,gay2,gaz2,bax3,bay3,baz3,bgx3,bgy3,bgz3,gax3,gay3,gaz3,bax4,bay4,baz4,bgx4,bgy4,bgz4,gax4,gay4,gaz4
0.22785337591,-0.0235027267546,-0.0759578899417,-0.173126356026,0.0293077726592,0.257802229694,0.872651432904,-0.273718487551,-0.401728150878,0.371417011471,-0.0586825825476,-0.17645755314,0.0617065986031,-0.0179835204666,-0.0756161111774,0.894333301754,-0.289761456772,-0.382068181791,0.264260658945,0.0391373561544,-0.0176657700977,0.384883101102,-0.298990711702,-0.284388166091,0.876731913339,-0.304478141774,-0.384636498184,0.304393732574,-0.0261140995221,-0.0667333189303,0.142065136206,-0.369860843911,-0.0342970763458,0.87181843011,-0.2658901934,-0.36807197573,0.379279397248,-0.0228984170432,-0.0334474443611,-0.0487831650488,0.00948112420559,0.0657692229751,0.827224860309,-0.29832839309,-0.421639773407
