bax0,bay0,baz0,bgx0,bgy0,bgz0,gax0,gay0,gaz0,bax1,bay1,baz1,bgx1,bgy1,bgz1,gax1,gay1,gaz1,bax2,bay2,baz2,bgx2,bgy2,bgz2,gax2,gay2,gaz2,bax3,bay3,baz3,bgx3,bgy3,bgz3,gax3,gay3,gaz3,bax4,bay4,baz4,bgx4,bgy4,bgz4,gax4,gay4,gaz4
0.251163851071,-0.0237656737194,-0.0831025725938,-0.195777497045,0.0349322491544,0.287921728555,0.875068018615,-0.279194324133,-0.393529754563,0.361624775457,-0.0585680846777,-0.191308113563,0.0385838371682,-0.00774407109318,-0.0917281979254,0.878858333913,-0.296056529154,-0.375400511167,0.239575330994,0.0139222840918,-0.00545326167413,0.399151048109,-0.334421840445,-0.308209506322,0.885050793638,-0.298827910019,-0.369930504375,0.306346840259,-0.0259263872981,-0.0909378387379,0.0904451415859,-0.396110314711,-0.0390914431249,0.881607810697,-0.264942544716,-0.362337200624,0.391882717244,-0.0205674181021,-0.0312906431922,-0.0679592957876,0.0163805065632,-7.56331962553e-05,0.830705832583,-0.291031218839,-0.422464654742
