bax0,bay0,baz0,bgx0,bgy0,bgz0,gax0,gay0,gaz0,bax1,bay1,baz1,bgx1,bgy1,bgz1,gax1,gay1,gaz1,bax2,bay2,baz2,bgx2,bgy2,bgz2,gax2,gay2,gaz2,bax3,bay3,baz3,bgx3,bgy3,bgz3,gax3,gay3,gaz3,bax4,bay4,baz4,bgx4,bgy4,bgz4,gax4,gay4,gaz4
0.249267664718,-0.0189550813161,-0.103660507928,-0.431728058034,0.136154189155,0.463851308631,0.860331875472,-0.28531630403,-0.425102661846,0.298437116466,-0.0538987227741,-0.238698033419,-0.383120092957,0.0637605028834,0.407887896338,0.854161983823,-0.278983981648,-0.450431684906,0.328902574582,0.00572938562054,-0.106276214668,0.0714733982882,-0.0700530262694,-0.0508246773886,0.82746859451,-0.299827705575,-0.460554034762,0.258427701734,0.0111931432657,-0.115435835599,-0.125463465523,0.0240955153735,0.274849614772,0.828875621419,-0.296360265577,-0.46083875823,0.287590494849,-0.0674718103828,-0.109121038763,0.0510666365277,-0.159568221429,-0.221011860495,0.858245962057,-0.293439332224,-0.465637565232
