bax0,bay0,baz0,bgx0,bgy0,bgz0,gax0,gay0,gaz0,bax1,bay1,baz1,bgx1,bgy1,bgz1,gax1,gay1,gaz1,bax2,bay2,baz2,bgx2,bgy2,bgz2,gax2,gay2,gaz2,bax3,bay3,baz3,bgx3,bgy3,bgz3,gax3,gay3,gaz3,bax4,bay4,baz4,bgx4,bgy4,bgz4,gax4,gay4,gaz4
0.298303644273,0.0187892775007,0.0352353778725,0.319121812124,-0.437373075704,-0.443643012416,0.835958072699,-0.287604093188,-0.443191076727,0.428330983777,-0.00146521808366,-0.0296835365298,0.500299506502,-0.335594899957,-0.669948349546,0.821202591128,-0.300258085522,-0.44976342236,0.258045753245,-0.0396485294765,-0.0709347747322,-0.013030060707,0.0203680242153,0.0196404530089,0.868487280637,-0.279498672122,-0.435391027069,0.171667671088,-0.0248095859519,-0.162016955906,-0.282305073897,-0.0826489169733,0.293430574256,0.854214702438,-0.274400096551,-0.455096568962,0.282004487735,0.016082805961,-0.0958379522744,-0.0297063156012,-0.277351402156,0.0277362227124,0.805401145037,-0.283911182575,-0.478308921808
