bax0,bay0,baz0,bgx0,bgy0,bgz0,gax0,gay0,gaz0,bax1,bay1,baz1,bgx1,bgy1,bgz1,gax1,gay1,gaz1,bax2,bay2,baz2,bgx2,bgy2,bgz2,gax2,gay2,gaz2,bax3,bay3,baz3,bgx3,bgy3,bgz3,gax3,gay3,gaz3,bax4,bay4,baz4,bgx4,bgy4,bgz4,gax4,gay4,gaz4
0.332067193912,0.0556783794726,-0.112727971612,-0.15947991595,0.117344878265,0.312611005763,0.824667413813,-0.274179805849,-0.463551197334,0.321691831769,-0.0719422626508,-0.0887675094331,0.056662020014,-0.0382321024001,-0.0260000454573,0.838282956305,-0.251109625836,-0.463871808032,0.288775576405,-0.0688487152999,0.000379533672882,0.365883231994,-0.456758853806,-0.37816633891,0.845005509782,-0.265840806073,-0.452614017952,0.372469362435,-0.0576445015374,-0.0591736108646,-0.447006464259,0.205476281507,0.558322963895,0.811161167307,-0.272838910319,-0.463978009941,0.332383446766,-0.0184936678977,-0.00429741009686,-0.532098887506,0.288974953242,0.490342136,0.826713357713,-0.272763174844,-0.468350946539
