bax0,bay0,baz0,bgx0,bgy0,bgz0,gax0,gay0,gaz0,bax1,bay1,baz1,bgx1,bgy1,bgz1,gax1,gay1,gaz1,bax2,bay2,baz2,bgx2,bgy2,bgz2,gax2,gay2,gaz2,bax3,bay3,baz3,bgx3,bgy3,bgz3,gax3,gay3,gaz3,bax4,bay4,baz4,bgx4,bgy4,bgz4,gax4,gay4,gaz4
0.318034578392,0.0449198163899,-0.121520751853,-0.161719525672,0.131218192145,0.302425205064,0.806123033167,-0.269969352767,-0.463694431182,0.334657171487,-0.0681701788557,-0.059264383259,0.000275668159824,-0.103643798283,-0.0786271734558,0.848664026325,-0.264555300044,-0.453044779111,0.293312768174,-0.069397426409,-0.00873875961826,0.314728716674,-0.443281248361,-0.407307130829,0.83372300218,-0.268638890931,-0.440624247111,0.374310544048,-0.0634587886789,-0.0656106812968,-0.358109783588,0.190333615606,0.556285267691,0.822382641691,-0.274359169832,-0.466469098423,0.333882436361,-0.00876912456115,-0.00858577017654,-0.47988070378,0.270581115328,0.481659388689,0.825584706228,-0.270860661239,-0.457235562457
