bax0,bay0,baz0,bgx0,bgy0,bgz0,gax0,gay0,gaz0,bax1,bay1,baz1,bgx1,bgy1,bgz1,gax1,gay1,gaz1,bax2,bay2,baz2,bgx2,bgy2,bgz2,gax2,gay2,gaz2,bax3,bay3,baz3,bgx3,bgy3,bgz3,gax3,gay3,gaz3,bax4,bay4,baz4,bgx4,bgy4,bgz4,gax4,gay4,gaz4
0.2967027933,0.00890119766468,-0.0427692222405,-0.0662025593426,0.0492232518796,0.000919897284517,0.944760872587,-0.211940013204,0.120049588174,0.247518041629,0.0184954645291,-0.104338084944,-0.380795414551,0.0657812292156,0.00290313352414,0.959564047818,-0.202014915512,0.135591907438,0.287579294816,-0.0243263425143,-0.140535747637,-0.502562644363,0.062506412812,-0.0575909304116,0.985692019458,-0.201504104902,0.141480650033,0.468129966894,-0.0194860422689,-0.105292306653,-0.0528880113941,-0.175180061486,0.0778767234064,0.995745672458,-0.19679727364,0.13159791419,0.371647633774,0.00868290883993,-0.148060898234,-0.094083054606,-0.130022898366,0.0629002259389,0.998958936537,-0.182927761314,0.127538704675
