bax0,bay0,baz0,bgx0,bgy0,bgz0,gax0,gay0,gaz0,bax1,bay1,baz1,bgx1,bgy1,bgz1,gax1,gay1,gaz1,bax2,bay2,baz2,bgx2,bgy2,bgz2,gax2,gay2,gaz2,bax3,bay3,baz3,bgx3,bgy3,bgz3,gax3,gay3,gaz3,bax4,bay4,baz4,bgx4,bgy4,bgz4,gax4,gay4,gaz4
0.151466423518,-0.0164582242035,-0.146002958662,0.0296084429168,-0.0435755249851,0.10646201701,0.992639929971,-0.172016317653,0.129856984915,0.0975629677031,-0.0108513511551,-0.019727084127,0.322073235243,-0.185493698907,0.210664978113,0.958054019514,-0.189549204915,0.125827403066,0.384267050394,-0.0137779216488,-0.0860500750578,-0.526466247998,0.195307508324,0.0389297100569,0.976804695783,-0.181180090204,0.118819875904,0.186854942339,0.029121112013,-0.125634186604,-0.582649256411,0.258908049699,-0.0188054324049,0.978626253915,-0.176066486649,0.146139289745,0.411482890842,-0.0295494758465,-0.123459238938,-0.617944242907,0.242026769631,-0.0761201401857,0.982031152998,-0.171542751763,0.141639488041
