bax0,bay0,baz0,bgx0,bgy0,bgz0,gax0,gay0,gaz0,bax1,bay1,baz1,bgx1,bgy1,bgz1,gax1,gay1,gaz1,bax2,bay2,baz2,bgx2,bgy2,bgz2,gax2,gay2,gaz2,bax3,bay3,baz3,bgx3,bgy3,bgz3,gax3,gay3,gaz3,bax4,bay4,baz4,bgx4,bgy4,bgz4,gax4,gay4,gaz4
0.0844858150569,-0.0253089680107,-0.142606005871,0.0684336019414,-0.0751525824596,0.100483613469,0.991274653835,-0.172353335356,0.137493893532,0.112256276507,0.00378562613992,-0.0299578622009,0.381917299746,-0.137290700479,0.231172347701,0.96529722444,-0.183065700756,0.119938408621,0.368029773331,0.00540993642376,-0.0469703352004,-0.570926836493,0.206769825335,0.0394375269604,0.968974735038,-0.187651628194,0.121612873765,0.167547144861,0.0245170801787,-0.129955575321,-0.580206789758,0.276073762383,0.0271764249003,0.978527410335,-0.175287988515,0.137581333321,0.393030361093,-0.0183871808596,-0.140130750285,-0.610253843771,0.210211419517,-0.105446477129,0.987211106894,-0.176243744552,0.147683094659
