bax0,bay0,baz0,bgx0,bgy0,bgz0,gax0,gay0,gaz0,bax1,bay1,baz1,bgx1,bgy1,bgz1,gax1,gay1,gaz1,bax2,bay2,baz2,bgx2,bgy2,bgz2,gax2,gay2,gaz2,bax3,bay3,baz3,bgx3,bgy3,bgz3,gax3,gay3,gaz3,bax4,bay4,baz4,bgx4,bgy4,bgz4,gax4,gay4,gaz4
0.400548444193,0.0157558675291,-0.205195567389,-0.528575883387,0.150540737365,-0.0401226961302,0.978247774417,-0.179936453719,0.163853763949,0.171650028487,-0.0109130598783,-0.134266983463,-0.418474117768,0.0924704091593,0.0289988466233,0.993352816261,-0.152037867842,0.143757335772,0.331760603175,-0.0141451336668,-0.0660862693826,-0.112224635509,0.0350466375795,0.0258244373395,0.975348975917,-0.164078181724,0.138993280568,0.249204039611,-0.027034674578,-0.0970658993864,-0.0699686147864,-0.093210485409,-0.0297047590577,0.982272740613,-0.160773738439,0.147664169533,0.24983712269,-0.047579655003,-0.101343661975,0.304855859717,-0.388055808394,0.195390414495,0.983168574859,-0.165176755318,0.147741859007
