bax0,bay0,baz0,bgx0,bgy0,bgz0,gax0,gay0,gaz0,bax1,bay1,baz1,bgx1,bgy1,bgz1,gax1,gay1,gaz1,bax2,bay2,baz2,bgx2,bgy2,bgz2,gax2,gay2,gaz2,bax3,bay3,baz3,bgx3,bgy3,bgz3,gax3,gay3,gaz3,bax4,bay4,baz4,bgx4,bgy4,bgz4,gax4,gay4,gaz4
0.382978384313,0.00707295513181,-0.216271474332,-0.559411199485,0.115244138591,-0.0666446432657,0.978534458837,-0.185286836811,0.164196668786,0.18425515909,-0.0086012379864,-0.153818382546,-0.430531506905,0.0563131823575,0.0428325753254,0.992479109362,-0.1598038346,0.149336425045,0.317849920125,-0.0158665936,-0.0776205034151,-0.118656841592,-0.0109918618807,0.0391088156676,0.986173341279,-0.165250093936,0.142862763338,0.269192333875,-0.0238672451451,-0.112508536276,-0.115118909613,-0.070541803721,-0.0195687493045,0.98314901868,-0.167092076545,0.136850829563,0.272414036557,-0.0468153740553,-0.08788904678,0.253697082518,-0.382124264665,0.198730537008,0.983409767349,-0.168199859863,0.135604037345
