bax0,bay0,baz0,bgx0,bgy0,bgz0,gax0,gay0,gaz0,bax1,bay1,baz1,bgx1,bgy1,bgz1,gax1,gay1,gaz1,bax2,bay2,baz2,bgx2,bgy2,bgz2,gax2,gay2,gaz2,bax3,bay3,baz3,bgx3,bgy3,bgz3,gax3,gay3,gaz3,bax4,bay4,baz4,bgx4,bgy4,bgz4,gax4,gay4,gaz4
0.389115858331,0.00676171749278,-0.174390003555,0.430428716565,-0.306582887419,0.362640352468,0.965105084309,-0.173587034723,0.138738999695,0.190124527567,0.0615372325176,-0.124259560968,-0.069911895551,-0.0440028827406,-0.00859748694216,0.939135793647,-0.210142709626,0.0310836808133,0.5097088779,-0.0390230300179,-0.150288367886,-0.407458924691,0.111814429205,0.00594587760582,0.936210547297,-0.177084592278,0.0197535761054,0.464835877174,-0.0144110559185,-0.140354065468,-0.403604269717,0.00497096063608,0.122630274085,0.972228395104,-0.15942671923,0.000967661309048,0.188477517097,0.0623656742718,-0.141303950685,-0.0766989374191,-0.0994330308957,0.151935114636,0.982922141223,-0.165397127188,0.0123789515657
