bax0,bay0,baz0,bgx0,bgy0,bgz0,gax0,gay0,gaz0,bax1,bay1,baz1,bgx1,bgy1,bgz1,gax1,gay1,gaz1,bax2,bay2,baz2,bgx2,bgy2,bgz2,gax2,gay2,gaz2,bax3,bay3,baz3,bgx3,bgy3,bgz3,gax3,gay3,gaz3,bax4,bay4,baz4,bgx4,bgy4,bgz4,gax4,gay4,gaz4
0.303561154234,-0.042896033115,-0.094738914031,-0.0784993489171,-0.0337574985103,-0.0286788957961,0.978432376874,-0.156832568257,0.0200208099334,0.210953089909,-0.0312935095938,-0.0508131330519,0.0800239870996,-0.30662494066,0.0957612372499,0.969515894478,-0.168067603743,0.0209950740649,0.323669810323,0.04208072612,-0.122491193519,0.310891293682,-0.216975121876,0.185023863235,0.943521788691,-0.160244932771,0.0347554798129,0.224739732735,0.086786998485,-0.113674679127,-0.444490228475,0.146204872637,-0.10390646314,0.961398256733,-0.229859811913,0.0778520386651,0.39033372065,0.0334703766369,-0.187854034631,-0.684651287422,0.242768527519,-0.00982261402134,0.981042035489,-0.167350445965,0.0591307287412
