bax0,bay0,baz0,bgx0,bgy0,bgz0,gax0,gay0,gaz0,bax1,bay1,baz1,bgx1,bgy1,bgz1,gax1,gay1,gaz1,bax2,bay2,baz2,bgx2,bgy2,bgz2,gax2,gay2,gaz2,bax3,bay3,baz3,bgx3,bgy3,bgz3,gax3,gay3,gaz3,bax4,bay4,baz4,bgx4,bgy4,bgz4,gax4,gay4,gaz4
0.269637957383,0.0413646879079,-0.119064155587,-0.510928482649,0.241474563088,-0.00691587110906,0.987362921523,-0.17575353588,0.0453099839859,0.414520213231,-0.00868394478674,-0.123193354052,-0.608666338825,0.147623646825,0.0383584412547,0.998320341116,-0.173179194001,0.048545876629,0.382564047282,-0.0398877585392,-0.185996755478,-0.533690446092,0.036099523823,0.0951190052314,1.01209306211,-0.159189778097,0.0310791400002,0.166270936829,0.00972079535931,-0.15175708051,-0.0753010955258,-0.0330804370964,0.128109974502,1.01381747458,-0.150139704253,0.025432708048,0.265474039586,-0.030957349737,-0.105714446309,-0.0863817061979,0.0126513538633,0.0216676934566,0.982492152454,-0.150831458417,0.014709624867
