bax0,bay0,baz0,bgx0,bgy0,bgz0,gax0,gay0,gaz0,bax1,bay1,baz1,bgx1,bgy1,bgz1,gax1,gay1,gaz1,bax2,bay2,baz2,bgx2,bgy2,bgz2,gax2,gay2,gaz2,bax3,bay3,baz3,bgx3,bgy3,bgz3,gax3,gay3,gaz3,bax4,bay4,baz4,bgx4,bgy4,bgz4,gax4,gay4,gaz4
0.292053612876,0.0218609414106,-0.130982847318,-0.524870824064,0.242104599274,-0.00423120337048,0.985295522428,-0.19510767328,0.0565256586752,0.393369908442,-0.0142996847836,-0.118569760476,-0.634716001694,0.0934046160265,0.0287847214557,0.988225030161,-0.160259214032,0.0443485378205,0.370494585133,-0.0120248870872,-0.173811056741,-0.546164456053,0.012553795583,0.108647914785,1.00292222326,-0.142456468746,0.02925737709,0.157583969349,0.00981094720508,-0.167991443967,-0.0761369706409,-0.0185865347379,0.10202449362,1.00529669244,-0.143966392525,0.0125694847253,0.294058513512,-0.0195169849252,-0.101596619987,-0.0887390441727,-0.0226155000652,0.00595982043897,1.00120736073,-0.150438758241,0.013558771975
