bax0,bay0,baz0,bgx0,bgy0,bgz0,gax0,gay0,gaz0,bax1,bay1,baz1,bgx1,bgy1,bgz1,gax1,gay1,gaz1,bax2,bay2,baz2,bgx2,bgy2,bgz2,gax2,gay2,gaz2,bax3,bay3,baz3,bgx3,bgy3,bgz3,gax3,gay3,gaz3,bax4,bay4,baz4,bgx4,bgy4,bgz4,gax4,gay4,gaz4
0.387153509805,-0.0226082157027,-0.126043204407,0.0233939476656,-0.0804065413402,0.0129067138743,0.959512042682,-0.214619620285,-0.280436919007,0.417053520798,-0.0246227822764,-0.109774869936,0.432550140163,-0.411102614507,-0.187493437346,0.961915690328,-0.215530610851,-0.263370146516,0.293229891592,-0.00536748618906,-0.117830388744,0.227200442556,-0.23533959499,-0.0764110799792,0.945623808909,-0.217909194075,-0.243930730153,0.466926164323,-0.0215789835375,-0.0943822213028,-0.461756558477,0.209696316811,0.360954188353,0.940287042135,-0.216445061457,-0.236623037083,0.425250857327,-0.0181155664748,-0.121622029076,-0.445042943631,0.176883259003,0.426578798573,0.957439602713,-0.211611686252,-0.228100257498
