bax0,bay0,baz0,bgx0,bgy0,bgz0,gax0,gay0,gaz0,bax1,bay1,baz1,bgx1,bgy1,bgz1,gax1,gay1,gaz1,bax2,bay2,baz2,bgx2,bgy2,bgz2,gax2,gay2,gaz2,bax3,bay3,baz3,bgx3,bgy3,bgz3,gax3,gay3,gaz3,bax4,bay4,baz4,bgx4,bgy4,bgz4,gax4,gay4,gaz4
0.305498626096,-0.00934072672689,-0.0926332559969,0.321775877345,-0.247118087706,-0.182993552204,0.955364893675,-0.215767181976,-0.283476340645,0.525553100816,0.00758472415049,-0.0645663966123,0.45039383854,-0.302736593547,-0.313618847647,0.938611571713,-0.206278288353,-0.261399416902,0.39052501449,-0.0314331282513,-0.190836308816,0.0497812745725,-0.23882922157,0.0647851833801,0.956494332094,-0.198419031996,-0.226471172209,0.164147894641,-0.0173291745887,-0.145687880855,-0.407652400896,0.0805974112028,0.378965813584,0.973310349091,-0.196160350524,-0.272477510506,0.17710315747,-0.0311857107369,-0.0808874411752,-0.190191921232,0.0520866832475,0.134619565677,0.96583657575,-0.188163031855,-0.288446163792
