bax0,bay0,baz0,bgx0,bgy0,bgz0,gax0,gay0,gaz0,bax1,bay1,baz1,bgx1,bgy1,bgz1,gax1,gay1,gaz1,bax2,bay2,baz2,bgx2,bgy2,bgz2,gax2,gay2,gaz2,bax3,bay3,baz3,bgx3,bgy3,bgz3,gax3,gay3,gaz3,bax4,bay4,baz4,bgx4,bgy4,bgz4,gax4,gay4,gaz4
0.335148250625,-0.0215653106709,-0.107278718593,0.321351812372,-0.241553541683,-0.191118827273,0.956908326426,-0.220079006773,-0.273512149133,0.460664329378,-0.0026077851724,-0.0844146830243,0.476725361983,-0.28455239246,-0.315430190932,0.941256028607,-0.211517950018,-0.252666337265,0.393282943902,-0.0378000973233,-0.169894219251,0.120770567313,-0.216425727275,0.14153186973,0.971142365626,-0.193135790012,-0.23299208321,0.150742982698,-0.0226918680228,-0.150971832958,-0.388152822283,0.0673496722682,0.37748528045,0.965821972339,-0.191912040319,-0.265141541561,0.168661200695,-0.0285755196588,-0.0811808751481,-0.196722128184,-0.0149112349232,0.143601188991,0.963175391963,-0.193858463294,-0.274949889089
