bax0,bay0,baz0,bgx0,bgy0,bgz0,gax0,gay0,gaz0,bax1,bay1,baz1,bgx1,bgy1,bgz1,gax1,gay1,gaz1,bax2,bay2,baz2,bgx2,bgy2,bgz2,gax2,gay2,gaz2,bax3,bay3,baz3,bgx3,bgy3,bgz3,gax3,gay3,gaz3,bax4,bay4,baz4,bgx4,bgy4,bgz4,gax4,gay4,gaz4
0.313786803889,-0.0169192224166,-0.102768375062,0.305835831724,-0.246371343115,-0.0922333989756,0.954222461295,-0.21540130718,-0.269285293908,0.466569153598,-0.00894760109714,-0.0946437931366,0.466403430319,-0.262640794938,-0.324141217822,0.934924077769,-0.214522478803,-0.253052009746,0.418852565929,-0.0362103364519,-0.174335929357,0.0518056488826,-0.228625595407,0.0622556480134,0.962854828383,-0.197420480623,-0.246580049299,0.166465927565,-0.0211422263404,-0.134916258291,-0.352499885063,0.0773303579653,0.383467222117,0.971066188806,-0.209892812416,-0.251957097464,0.185148084573,-0.0280434431835,-0.0764680022053,-0.139895423483,-0.0155423889194,0.115372905264,0.956878261904,-0.188027139436,-0.287600907789
