bax0,bay0,baz0,bgx0,bgy0,bgz0,gax0,gay0,gaz0,bax1,bay1,baz1,bgx1,bgy1,bgz1,gax1,gay1,gaz1,bax2,bay2,baz2,bgx2,bgy2,bgz2,gax2,gay2,gaz2,bax3,bay3,baz3,bgx3,bgy3,bgz3,gax3,gay3,gaz3,bax4,bay4,baz4,bgx4,bgy4,bgz4,gax4,gay4,gaz4
0.284764385008,-0.0336823445533,-0.0811535430794,-0.143591066032,0.0564687996307,0.117042824599,0.953879201139,-0.21569944699,-0.26078257625,0.423872682046,-0.0320520092673,-0.129669380575,-0.0421185479466,-0.0917772309852,0.0821114347477,0.950118070951,-0.220273353516,-0.247054972356,0.215825739487,0.0125935086085,-0.0970297278748,0.344200991552,-0.285168400666,-0.149061337326,0.949525300013,-0.197408609352,-0.23924355398,0.318914713811,-0.0192178495348,-0.14831667244,0.205640515688,-0.164123865676,-0.0247892897539,0.9453817293,-0.185139165885,-0.255774369247,0.363223443181,-0.0110184315838,-0.109818607572,-0.158600024875,-0.042083970564,0.192617493942,0.952044551065,0.0827988003201,-0.14954838928
