bax0,bay0,baz0,bgx0,bgy0,bgz0,gax0,gay0,gaz0,bax1,bay1,baz1,bgx1,bgy1,bgz1,gax1,gay1,gaz1,bax2,bay2,baz2,bgx2,bgy2,bgz2,gax2,gay2,gaz2,bax3,bay3,baz3,bgx3,bgy3,bgz3,gax3,gay3,gaz3,bax4,bay4,baz4,bgx4,bgy4,bgz4,gax4,gay4,gaz4
0.28759555193,0.0249092337584,-0.167949773605,-0.383890237336,-0.245925704937,0.320848965643,0.965215109267,0.0822171147851,-0.172080350203,0.237768770533,-0.0212269259996,-0.128855884013,-0.421166781971,-0.207751176316,0.33234097963,0.964490161438,0.111241833636,-0.195223140569,0.332174241347,-0.0247344316963,-0.115491045456,-0.159878251388,-0.0408838642456,0.190424779619,0.967739943456,0.115874402665,-0.188160593238,0.214876479895,-0.0278012825248,-0.11788359568,-0.165976228761,-0.0734787933066,0.157512078001,0.981489736556,0.0974631910213,-0.193997552698,0.356083814297,-0.0123687661596,-0.145323054719,0.191242896072,0.0103158072339,-0.0342683271454,0.98372798877,0.0975773967267,-0.200413167676
