bax0,bay0,baz0,bgx0,bgy0,bgz0,gax0,gay0,gaz0,bax1,bay1,baz1,bgx1,bgy1,bgz1,gax1,gay1,gaz1,bax2,bay2,baz2,bgx2,bgy2,bgz2,gax2,gay2,gaz2,bax3,bay3,baz3,bgx3,bgy3,bgz3,gax3,gay3,gaz3,bax4,bay4,baz4,bgx4,bgy4,bgz4,gax4,gay4,gaz4
0.245885355601,-0.0210323538481,-0.081202063488,0.442404992504,0.0347048423551,-0.173680549912,0.96656719464,0.0900348520237,-0.194677500587,0.281113503292,-0.0622759013579,-0.0484404984319,0.30566922026,0.0371962382789,-0.0640651681119,0.95288954647,0.0963508373685,-0.173658571641,0.368545985487,0.0197697484965,-0.210374959698,-0.17718006311,-0.171198411423,0.143058824696,0.97901213065,0.0695392040377,-0.172120998064,0.262749048996,-0.0454821263546,-0.171463866805,-0.492453580881,-0.179007310191,0.261410893494,0.994489287334,0.0831793554747,-0.211912154612,0.269436521966,-0.0051364614523,-0.14185715389,-0.179538165674,-0.111638383119,0.128846956835,0.987357465556,0.0941089823546,-0.226791135297
