bax0,bay0,baz0,bgx0,bgy0,bgz0,gax0,gay0,gaz0,bax1,bay1,baz1,bgx1,bgy1,bgz1,gax1,gay1,gaz1,bax2,bay2,baz2,bgx2,bgy2,bgz2,gax2,gay2,gaz2,bax3,bay3,baz3,bgx3,bgy3,bgz3,gax3,gay3,gaz3,bax4,bay4,baz4,bgx4,bgy4,bgz4,gax4,gay4,gaz4
0.401017014488,-0.0145551556638,-0.145960980232,-0.0752621477112,-0.186188251605,-0.0180688055096,0.980275344764,0.091524800505,-0.190612382923,0.135032868742,-0.0305160618473,-0.156439877524,-0.390091180752,-0.204288473595,0.254029083145,0.988474753895,0.0920006107772,-0.200441391279,0.409907624951,-0.0265824650099,-0.152212542975,-0.166997325328,-0.0303207176507,0.19651376862,0.978127921087,0.0975617358414,-0.213065214471,0.344810239259,-0.00496482674045,-0.0823055442892,-0.144345475084,-0.0869165029333,0.133738890683,0.978357847639,0.0876125378068,-0.217653901779,0.106006565422,0.00423670698967,-0.10744457923,0.0441734567614,-0.0767469958842,0.0375106955529,0.990387257892,0.0878286748341,-0.219697001422
