bax0,bay0,baz0,bgx0,bgy0,bgz0,gax0,gay0,gaz0,bax1,bay1,baz1,bgx1,bgy1,bgz1,gax1,gay1,gaz1,bax2,bay2,baz2,bgx2,bgy2,bgz2,gax2,gay2,gaz2,bax3,bay3,baz3,bgx3,bgy3,bgz3,gax3,gay3,gaz3,bax4,bay4,baz4,bgx4,bgy4,bgz4,gax4,gay4,gaz4
0.363885624081,-0.0296377074433,-0.155984354371,-0.0669291816066,-0.175425801154,-0.0240834205879,0.983816925162,0.0938110166778,-0.18503186048,0.0875808202118,-0.0321758339336,-0.136295129378,-0.407350341612,-0.195087206768,0.216043331644,0.998628327784,0.0888310931232,-0.192564492232,0.404418671878,-0.0327361000956,-0.167318684764,-0.16776702761,-0.0178115156468,0.176620231202,0.968199615645,0.0925925618051,-0.216551458054,0.360235464171,-0.00945849651493,-0.0785498087945,-0.156939522537,-0.0957147495095,0.126862639397,0.977771604916,0.092319872433,-0.219024406353,0.141912460052,-0.01139596363,-0.112853827489,0.0581240102039,-0.0779637359559,0.0185122310723,0.984160681987,0.0897899247997,-0.20360403093
