bax0,bay0,baz0,bgx0,bgy0,bgz0,gax0,gay0,gaz0,bax1,bay1,baz1,bgx1,bgy1,bgz1,gax1,gay1,gaz1,bax2,bay2,baz2,bgx2,bgy2,bgz2,gax2,gay2,gaz2,bax3,bay3,baz3,bgx3,bgy3,bgz3,gax3,gay3,gaz3,bax4,bay4,baz4,bgx4,bgy4,bgz4,gax4,gay4,gaz4
0.300143011112,-0.0136678541779,-0.107387807937,-0.0133456865595,-0.0837715331743,0.0562230958805,0.972372398454,-0.0458872023182,-0.201032114499,0.234383526499,0.00651413108147,-0.126658391417,-0.00820335327819,-0.020185455777,0.159010078485,0.986745007838,-0.0458456364635,-0.204369112161,0.325649053997,-0.0141746337145,-0.175037321975,-0.453144241052,-0.0452924650334,0.341885387405,0.993530008063,-0.0439853977014,-0.211697425399,0.204623823898,-0.0104959508925,0.000396179769587,0.0583386329597,-0.0188769855733,0.0303090503931,0.981112932759,-0.0446325628436,-0.249525199875,0.271496667118,-0.0101150890984,-0.09560293151,-0.160591341277,-0.0836922823638,0.164927123361,0.976273269764,-0.0357477254125,-0.237429406288
