bax0,bay0,baz0,bgx0,bgy0,bgz0,gax0,gay0,gaz0,bax1,bay1,baz1,bgx1,bgy1,bgz1,gax1,gay1,gaz1,bax2,bay2,baz2,bgx2,bgy2,bgz2,gax2,gay2,gaz2,bax3,bay3,baz3,bgx3,bgy3,bgz3,gax3,gay3,gaz3,bax4,bay4,baz4,bgx4,bgy4,bgz4,gax4,gay4,gaz4
0.131833750586,-0.0149765661517,-0.180561154599,-0.448766417373,-0.0824500346158,0.283983506309,0.988202245224,-0.0609981813056,-0.260139452619,0.322385480327,-0.0159867632334,-0.13625132085,-0.13457318252,-0.103282707089,0.253324292607,0.967878258493,-0.0572101404007,-0.294287336829,0.298737680352,0.0218828514587,-0.0655569450072,-0.164045685778,0.0403461772732,0.202290444362,0.955509941943,-0.0594033590674,-0.284272677802,0.36749638596,-0.0479646910395,-0.107659116274,-0.207917102646,-0.0640228057828,0.154197528081,0.975143532723,-0.0629583379373,-0.257738905368,0.264639781433,-0.0541573276594,-0.0481656468863,0.387390533096,-0.25836029672,-0.211805995887,0.969339904701,-0.0661357127557,-0.261532914623
