bax0,bay0,baz0,bgx0,bgy0,bgz0,gax0,gay0,gaz0,bax1,bay1,baz1,bgx1,bgy1,bgz1,gax1,gay1,gaz1,bax2,bay2,baz2,bgx2,bgy2,bgz2,gax2,gay2,gaz2,bax3,bay3,baz3,bgx3,bgy3,bgz3,gax3,gay3,gaz3,bax4,bay4,baz4,bgx4,bgy4,bgz4,gax4,gay4,gaz4
0.175744879556,-0.00674517761658,-0.174165196309,-0.454778578732,-0.087462046614,0.329034734268,0.974815277936,-0.0633585560306,-0.260773004866,0.328372818255,-0.00524074116905,-0.140340709353,-0.149668384558,-0.112826899839,0.232652782568,0.980402998108,-0.0554727016774,-0.290138171585,0.265386646241,0.0242222004913,-0.0680990774175,-0.165074156562,0.0610472500695,0.214626303878,0.957912990464,-0.0563446766424,-0.270542792831,0.362089897159,-0.0410739775165,-0.0962893466074,-0.196710777906,-0.0636678023619,0.139791516376,0.966563288497,-0.0586013060404,-0.270682798042,0.238327939241,-0.0494977583726,-0.0414155143204,0.339885068165,-0.218620875552,-0.216643396829,0.970538434176,-0.0692989966858,-0.259498421908
