bax0,bay0,baz0,bgx0,bgy0,bgz0,gax0,gay0,gaz0,bax1,bay1,baz1,bgx1,bgy1,bgz1,gax1,gay1,gaz1,bax2,bay2,baz2,bgx2,bgy2,bgz2,gax2,gay2,gaz2,bax3,bay3,baz3,bgx3,bgy3,bgz3,gax3,gay3,gaz3,bax4,bay4,baz4,bgx4,bgy4,bgz4,gax4,gay4,gaz4
0.298309834194,0.0126300026372,-0.0437498030983,0.29522877321,-0.172274093808,-0.14542090815,0.960650535599,-0.0717381408348,-0.250821348431,0.36738701494,-0.0135817487571,0.0369669120332,0.607906480323,-0.100375574144,-0.59727438485,0.922295303044,-0.0721964542291,-0.34374896681,0.28511205667,0.0105769824923,-0.185618096863,0.206372153061,-0.0481328514648,-0.143392471795,0.941579233907,-0.078783925216,-0.290996899922,0.332336800339,0.000512174328363,-0.139540911581,-0.2659873518,0.0766768715198,0.0960769632309,0.942719664056,-0.0725161235104,-0.29731817065,0.333722946197,-0.0169456032145,-0.0676049799072,-0.270644398069,-0.113728266401,0.110394820721,0.938347940879,-0.0615412337708,-0.295924796388
