bax0,bay0,baz0,bgx0,bgy0,bgz0,gax0,gay0,gaz0,bax1,bay1,baz1,bgx1,bgy1,bgz1,gax1,gay1,gaz1,bax2,bay2,baz2,bgx2,bgy2,bgz2,gax2,gay2,gaz2,bax3,bay3,baz3,bgx3,bgy3,bgz3,gax3,gay3,gaz3,bax4,bay4,baz4,bgx4,bgy4,bgz4,gax4,gay4,gaz4
0.319264792659,-0.000529764446412,-0.10998952072,-0.0552369131045,-0.149228119469,0.0897956961867,0.955585168355,-0.0675841995138,-0.304285658011,0.268285116217,-0.0299704538025,-0.101532597832,0.223865765716,-0.183220161877,-0.0790485769218,0.971703376085,-0.0473203916163,-0.285151958767,0.249779120666,-0.0165418528482,-0.0257156963164,0.337973031479,-0.127988252333,-0.16061375774,0.947677781475,-0.0834116231564,-0.269593163465,0.256716507153,-0.0129277424727,-0.120719372479,-0.192882081171,0.0410843396961,0.130204097976,0.972663903546,-0.279603013818,-0.0861968039328,0.389315883901,-0.0403788848181,-0.131782261049,-0.285299598635,0.0713488158498,0.144100820801,0.982888650109,-0.234605844526,-0.0821752863861
