bax0,bay0,baz0,bgx0,bgy0,bgz0,gax0,gay0,gaz0,bax1,bay1,baz1,bgx1,bgy1,bgz1,gax1,gay1,gaz1,bax2,bay2,baz2,bgx2,bgy2,bgz2,gax2,gay2,gaz2,bax3,bay3,baz3,bgx3,bgy3,bgz3,gax3,gay3,gaz3,bax4,bay4,baz4,bgx4,bgy4,bgz4,gax4,gay4,gaz4
0.320102010614,-0.0374791627273,-0.100334646421,-0.493975699888,0.223776207177,0.127568496952,0.986501754544,-0.267734158135,-0.0858364808187,0.30843919718,-0.0205723840699,-0.0927423126184,-0.322526274915,-0.0282833615803,0.0458181354785,0.989189327269,-0.257702795309,-0.0811632150444,0.407732775442,-0.0147393385554,-0.113022051305,-0.148752451027,-0.0470167321639,0.0634234720833,0.997815056842,-0.249187020049,-0.0721550194847,0.220429822723,-0.00167438524476,-0.0998867474162,0.0604902848111,-0.20174278459,0.0824264095942,0.995786533135,-0.234118200632,-0.0731277287946,0.239983279528,-0.00910877231968,-0.0998125308445,0.477190757081,-0.377570611485,0.0279811634276,0.982333706465,-0.257290437111,-0.0669080185141
