bax0,bay0,baz0,bgx0,bgy0,bgz0,gax0,gay0,gaz0,bax1,bay1,baz1,bgx1,bgy1,bgz1,gax1,gay1,gaz1,bax2,bay2,baz2,bgx2,bgy2,bgz2,gax2,gay2,gaz2,bax3,bay3,baz3,bgx3,bgy3,bgz3,gax3,gay3,gaz3,bax4,bay4,baz4,bgx4,bgy4,bgz4,gax4,gay4,gaz4
0.343753269451,-0.0435234379164,-0.116158452956,0.27051687489,-0.213879517914,0.11833606405,0.982198367333,-0.246363136338,-0.0632808974723,0.449222260165,0.0302506162494,0.068486914243,0.756429235896,-0.578801293457,-0.252181509152,0.955575231498,-0.278512303209,-0.146575588663,0.376492673109,0.0183149383402,-0.0934342596082,0.263466994995,-0.263548554903,0.0851351893323,0.969689650233,-0.249134413349,-0.072912174296,0.295583191275,-0.0567364882057,-0.11068144869,-0.22410300724,0.0436896058156,0.0506170067655,0.986020632676,-0.244640234478,-0.0797913139667,0.250987651078,-0.081807317627,-0.0578898973876,-0.307629929146,0.129469031922,0.00692551053838,0.987863009038,-0.261652547838,-0.0935445062556
