bax0,bay0,baz0,bgx0,bgy0,bgz0,gax0,gay0,gaz0,bax1,bay1,baz1,bgx1,bgy1,bgz1,gax1,gay1,gaz1,bax2,bay2,baz2,bgx2,bgy2,bgz2,gax2,gay2,gaz2,bax3,bay3,baz3,bgx3,bgy3,bgz3,gax3,gay3,gaz3,bax4,bay4,baz4,bgx4,bgy4,bgz4,gax4,gay4,gaz4
0.290088609545,-0.0117324930498,-0.0934651916928,-0.0853728181707,-0.0741989083289,0.0669140967203,0.986285739601,-0.274785526294,-0.0508969063915,0.290468522454,-0.0184137160037,-0.185596817719,0.366480749064,-0.46213267451,0.026138656724,0.993652472799,-0.268876477211,-0.0759357257361,0.295809593741,0.0134380244657,-0.130956441413,0.36227832481,-0.280659266496,0.112378920901,0.982366739981,-0.277914079116,-0.0744345886663,0.402889680607,0.0359349321433,0.0946900142466,0.705626782493,-0.467981371391,-0.282847856838,0.94519273982,-0.272803398219,-0.174075198919,0.395764002131,-0.0211784734438,0.041573365086,0.539513472651,-0.480443524256,-0.0834450725988,0.970543892724,-0.246526376149,-0.0926478934405
