bax0,bay0,baz0,bgx0,bgy0,bgz0,gax0,gay0,gaz0,bax1,bay1,baz1,bgx1,bgy1,bgz1,gax1,gay1,gaz1,bax2,bay2,baz2,bgx2,bgy2,bgz2,gax2,gay2,gaz2,bax3,bay3,baz3,bgx3,bgy3,bgz3,gax3,gay3,gaz3,bax4,bay4,baz4,bgx4,bgy4,bgz4,gax4,gay4,gaz4
0.16831915668,-0.0501271302165,-0.0951278980261,-0.208223814034,-0.0432302378193,0.00780656401591,0.997738213052,-0.234301480947,-0.0636113882372,0.358857550647,-0.0675010812339,-0.152622467414,-0.200602769898,-0.0457186408503,0.0595813733202,0.990349008585,-0.249205126616,-0.0605733531507,0.367940304716,-0.0268353401421,-0.113550840499,-0.093117699781,-0.109739734392,0.0994543249542,0.98424748713,-0.271801875411,-0.0707026453626,0.297149408995,-0.0217286593065,-0.124104880022,-0.15250502662,0.0376947985991,0.0449675320132,1.00164548465,-0.284350973033,-0.0577489696126,0.211516543769,-0.0448515458832,-0.0875171821504,0.35933525455,-0.332253155532,-0.00304817246688,0.990566209954,-0.285580924731,-0.0685997841809
