bax0,bay0,baz0,bgx0,bgy0,bgz0,gax0,gay0,gaz0,bax1,bay1,baz1,bgx1,bgy1,bgz1,gax1,gay1,gaz1,bax2,bay2,baz2,bgx2,bgy2,bgz2,gax2,gay2,gaz2,bax3,bay3,baz3,bgx3,bgy3,bgz3,gax3,gay3,gaz3,bax4,bay4,baz4,bgx4,bgy4,bgz4,gax4,gay4,gaz4
0.256027359525,-0.0476521129216,-0.0963459138508,0.0181864808158,-0.300653525107,0.0511283809973,0.994140681209,-0.211123776259,-0.0268906775648,0.365176883367,-0.0173104824518,-0.082383674476,0.512576392814,-0.360377046651,0.182769587796,0.976779579833,-0.226496364061,-0.0493105726441,0.286274505119,-0.0286330505681,-0.179594641266,-0.353954204654,0.14932116602,0.146952053123,0.934270446755,-0.266650948241,-0.0330906928308,0.23012844222,0.0373712137082,-0.221542028695,-0.687511212285,0.472742943378,0.205609793796,0.925519408131,-0.259527699397,-0.0457698392145,0.321794635623,-0.0473632750973,-0.0862711445348,-0.429125584981,0.208942411045,0.106415836027,0.946944948681,-0.26171993294,-0.0788536010063
