bax0,bay0,baz0,bgx0,bgy0,bgz0,gax0,gay0,gaz0,bax1,bay1,baz1,bgx1,bgy1,bgz1,gax1,gay1,gaz1,bax2,bay2,baz2,bgx2,bgy2,bgz2,gax2,gay2,gaz2,bax3,bay3,baz3,bgx3,bgy3,bgz3,gax3,gay3,gaz3,bax4,bay4,baz4,bgx4,bgy4,bgz4,gax4,gay4,gaz4
0.31670125257,-0.032724486905,-0.0771030727659,0.0338028581046,-0.166511108954,0.0739644678256,0.952396151894,-0.260810093195,-0.0867585452425,0.0608790504283,0.00211145676648,-0.110033736679,-0.0913196385272,-0.0798041268972,0.102917254292,0.94963977061,-0.243603960889,-0.0405944387532,0.228626320692,-0.0509703251317,-0.177873043621,0.293625933534,-0.380490124128,0.0723567008963,0.932176176172,-0.268412551533,-0.0570062359938,0.473777448617,-0.0554435564854,-0.303710155694,-0.521864193574,0.304579496168,0.325106606069,0.883449835871,-0.268139305773,-0.0870707920762,0.131377362938,0.0313469030882,-0.117738068764,-0.53901494741,0.311465486545,0.160792323635,0.943264048333,-0.245125013031,0.0262453541806
