bax0,bay0,baz0,bgx0,bgy0,bgz0,gax0,gay0,gaz0,bax1,bay1,baz1,bgx1,bgy1,bgz1,gax1,gay1,gaz1,bax2,bay2,baz2,bgx2,bgy2,bgz2,gax2,gay2,gaz2,bax3,bay3,baz3,bgx3,bgy3,bgz3,gax3,gay3,gaz3,bax4,bay4,baz4,bgx4,bgy4,bgz4,gax4,gay4,gaz4
0.306245019725,-0.0178392063092,-0.0443350905905,-0.0127785985807,-0.168789642419,0.0591117646467,0.963929379894,-0.254402564388,-0.0863019128198,0.0680765082313,0.0123134109512,-0.1236754074,-0.103600522184,-0.0470651386494,0.10928791108,0.938895509915,-0.243204422554,-0.0467959630814,0.242039369491,-0.0488589439425,-0.179696464853,0.353278264843,-0.36181331221,0.0879479426459,0.923091931795,-0.267933419371,-0.0515272227642,0.449918951508,-0.0196711447616,-0.317235256518,-0.555903157688,0.303388878386,0.340989049157,0.886556302554,-0.28260951362,-0.0795547539024,0.158157206694,0.0464384779981,-0.0956343872733,-0.542593165499,0.388021164248,0.134016933865,0.958294964584,-0.240456406014,0.0157493014646
