bax0,bay0,baz0,bgx0,bgy0,bgz0,gax0,gay0,gaz0,bax1,bay1,baz1,bgx1,bgy1,bgz1,gax1,gay1,gaz1,bax2,bay2,baz2,bgx2,bgy2,bgz2,gax2,gay2,gaz2,bax3,bay3,baz3,bgx3,bgy3,bgz3,gax3,gay3,gaz3,bax4,bay4,baz4,bgx4,bgy4,bgz4,gax4,gay4,gaz4
0.45688121352,-0.0268191952004,-0.125652004887,-0.575543203377,0.248729882307,0.239669812972,0.952078435005,-0.203600324461,0.00121592101036,0.260299939288,-0.0895192285174,-0.182928498171,-0.377612421547,0.15348185435,0.10515310934,0.980073542894,-0.218135968739,-0.0228597782137,0.217502376381,0.0527314336111,-0.154224262557,-0.211627681119,0.030515997972,0.0849227976354,0.955912027846,-0.24944043184,-0.0232351062009,0.495241256539,-0.0391848666097,-0.119206399389,-0.132620397118,-0.0936165721975,0.136978281037,0.939295985728,-0.220985245202,-0.0158968918635,0.148743713426,-0.0683463892234,-0.137418792221,0.410316864609,-0.341399403106,0.0841514848768,0.955901969034,-0.225820502788,-0.0463772777713
