bax0,bay0,baz0,bgx0,bgy0,bgz0,gax0,gay0,gaz0,bax1,bay1,baz1,bgx1,bgy1,bgz1,gax1,gay1,gaz1,bax2,bay2,baz2,bgx2,bgy2,bgz2,gax2,gay2,gaz2,bax3,bay3,baz3,bgx3,bgy3,bgz3,gax3,gay3,gaz3,bax4,bay4,baz4,bgx4,bgy4,bgz4,gax4,gay4,gaz4
0.275946424855,-0.0226067791331,-0.23204211625,-0.227564380005,-0.258483541818,0.203476360311,0.922993584124,-0.187537321687,-0.174068242472,-0.179256216748,-0.0357085790871,-0.223178343859,-0.0126576790883,-0.0365543460279,0.266944528822,0.935048066136,-0.21010877589,-0.208673717899,0.107525701764,-0.0346957402002,-0.135148544322,0.401290882691,-0.108749523753,-0.000165227388931,0.860991393892,-0.217106507664,-0.286305266768,0.296321350732,0.0223667497999,-0.194690305364,-0.608181200053,0.345938060658,0.670554262982,0.871911020487,-0.244832493137,-0.287303506696,0.405609394346,-0.0197259243938,-0.23683783296,-0.920901378556,0.553416272994,0.714835658424,0.885877620478,-0.236098661192,-0.335068293306
