bax0,bay0,baz0,bgx0,bgy0,bgz0,gax0,gay0,gaz0,bax1,bay1,baz1,bgx1,bgy1,bgz1,gax1,gay1,gaz1,bax2,bay2,baz2,bgx2,bgy2,bgz2,gax2,gay2,gaz2,bax3,bay3,baz3,bgx3,bgy3,bgz3,gax3,gay3,gaz3,bax4,bay4,baz4,bgx4,bgy4,bgz4,gax4,gay4,gaz4
0.306105334,-0.0267267882663,-0.206222851477,-0.230174521315,-0.265624148264,0.223404236542,0.933935696024,-0.174953277854,-0.188491947716,-0.202097638384,-0.0321497268528,-0.239923202024,-0.0318074548674,-0.0803594049444,0.298216814685,0.922413073874,-0.182314839405,-0.236665067936,0.133114768613,-0.0335585565799,-0.144658568316,0.406816967676,-0.117865275917,0.0261540340613,0.857541063656,-0.208188865401,-0.273621421763,0.321341156121,0.023573713561,-0.191880288948,-0.593473690682,0.425728138308,0.674627437454,0.86618791182,-0.246319505218,-0.28414123638,0.428600481268,-0.0225279319221,-0.255389153331,-0.911240456641,0.67146143621,0.712670293333,0.867710828186,-0.200687852461,-0.303214030675
