bax0,bay0,baz0,bgx0,bgy0,bgz0,gax0,gay0,gaz0,bax1,bay1,baz1,bgx1,bgy1,bgz1,gax1,gay1,gaz1,bax2,bay2,baz2,bgx2,bgy2,bgz2,gax2,gay2,gaz2,bax3,bay3,baz3,bgx3,bgy3,bgz3,gax3,gay3,gaz3,bax4,bay4,baz4,bgx4,bgy4,bgz4,gax4,gay4,gaz4
0.496017634718,-0.0479144601253,-0.0529621549046,-0.212838306613,0.14580895159,0.125883536177,0.867673615293,-0.382086807344,-0.23740949906,0.392757960664,-0.0114504304787,-0.141804937396,-0.407131349466,0.289491036053,0.281825354305,0.898446862321,-0.393415241631,-0.222480835614,0.266686399995,0.0357422519653,-0.113473780683,-0.287815520793,0.13757135151,0.252905793923,0.919789323568,-0.378957711307,-0.199593994966,0.180855262185,0.0656768457357,-0.0674700511788,-0.00726221900216,-0.102345597386,0.0684783782352,0.921563633194,-0.381845398824,-0.214535950077,0.217185271633,0.0146883597098,-0.0651146794591,-0.180488945834,-0.00871782554689,0.154516334545,0.928273695032,-0.368375987538,-0.201308804867
