bax0,bay0,baz0,bgx0,bgy0,bgz0,gax0,gay0,gaz0,bax1,bay1,baz1,bgx1,bgy1,bgz1,gax1,gay1,gaz1,bax2,bay2,baz2,bgx2,bgy2,bgz2,gax2,gay2,gaz2,bax3,bay3,baz3,bgx3,bgy3,bgz3,gax3,gay3,gaz3,bax4,bay4,baz4,bgx4,bgy4,bgz4,gax4,gay4,gaz4
0.478983686483,-0.0550682854096,-0.0534897992876,-0.200778241041,0.150619071464,0.148446038033,0.881777037929,-0.385863533501,-0.233833721368,0.376085544902,-0.0197513188979,-0.137567755203,-0.384638505063,0.246492931453,0.311360864419,0.898330939242,-0.384393678769,-0.222824356824,0.305302924204,0.0235628312828,-0.118991076112,-0.249480008121,0.0976113518024,0.222562099069,0.917635830339,-0.377054816404,-0.220277830994,0.205650039678,0.0476104073886,-0.0766032804123,0.00727535914889,-0.113781957788,0.0626981988526,0.920366070762,-0.375657127615,-0.21416543198,0.211172467652,-0.00210785681116,-0.0786252439893,-0.132160757756,-0.0156151719418,0.139457343608,0.932653554175,-0.365948868277,-0.209945584532
