bax0,bay0,baz0,bgx0,bgy0,bgz0,gax0,gay0,gaz0,bax1,bay1,baz1,bgx1,bgy1,bgz1,gax1,gay1,gaz1,bax2,bay2,baz2,bgx2,bgy2,bgz2,gax2,gay2,gaz2,bax3,bay3,baz3,bgx3,bgy3,bgz3,gax3,gay3,gaz3,bax4,bay4,baz4,bgx4,bgy4,bgz4,gax4,gay4,gaz4
0.345558107828,-0.106742765409,-0.137075666481,0.0822064639126,-0.228105874884,0.00514273299315,0.91700507899,-0.347796394494,-0.186207452652,0.437168972275,-0.0748855058472,-0.149002916362,0.370924473414,-0.429107031808,-0.0883026933719,0.910185140922,-0.373421170628,-0.185407018902,0.451853216334,-0.013395999295,-0.015779593139,-0.636843891652,0.611783900877,0.54190346652,0.859819078467,-0.420159615252,-0.234038707237,0.264679610031,0.0287647781521,-0.132446038234,-0.491318341592,0.468364900227,0.628896207502,0.912557960767,-0.390897285686,-0.189962114664,0.242826499124,-0.0210591795253,-0.112319784803,-0.673203213595,0.687164337744,0.513841825639,0.907242170596,-0.389918501884,-0.198580381305
