bax0,bay0,baz0,bgx0,bgy0,bgz0,gax0,gay0,gaz0,bax1,bay1,baz1,bgx1,bgy1,bgz1,gax1,gay1,gaz1,bax2,bay2,baz2,bgx2,bgy2,bgz2,gax2,gay2,gaz2,bax3,bay3,baz3,bgx3,bgy3,bgz3,gax3,gay3,gaz3,bax4,bay4,baz4,bgx4,bgy4,bgz4,gax4,gay4,gaz4
0.246819096287,-0.0149194841048,-0.107331876624,-0.377343356174,0.275846806581,0.306749594629,0.913807025327,-0.383688887971,-0.198564490337,0.423744274658,-0.0113077517527,-0.104458608808,-0.065191469227,-0.0697267222355,0.104585487892,0.919576989579,-0.396254834535,-0.209619498841,0.441968497131,-0.056180061949,-0.161617677604,-0.147689393916,0.017702564594,0.101152659313,0.923013415801,-0.383214360724,-0.204546785877,0.18906024734,-0.0415200631418,-0.0980591660118,0.204404672613,-0.301416440581,-0.0262819800326,0.913580441819,-0.373001771597,-0.223318484619,0.202255597436,-0.0163071307381,-0.0600665294544,0.355533239642,-0.570108154244,-0.112467075044,0.899445844119,-0.383099715079,-0.212626391834
