bax0,bay0,baz0,bgx0,bgy0,bgz0,gax0,gay0,gaz0,bax1,bay1,baz1,bgx1,bgy1,bgz1,gax1,gay1,gaz1,bax2,bay2,baz2,bgx2,bgy2,bgz2,gax2,gay2,gaz2,bax3,bay3,baz3,bgx3,bgy3,bgz3,gax3,gay3,gaz3,bax4,bay4,baz4,bgx4,bgy4,bgz4,gax4,gay4,gaz4
0.259526845847,-0.00368245990765,-0.1226765397,-0.134490114267,0.000755082995786,0.13246968313,0.925662232234,-0.372489479477,-0.172761208536,0.264258971197,-0.0133804384947,-0.143190320067,0.315921074369,-0.387040749412,-0.0821371620496,0.929116177718,-0.369535017378,-0.205028928554,0.431158048887,-0.0470610655102,-0.100065164455,0.32227854712,-0.264150612685,-0.036867900912,0.942704637272,-0.384306438509,-0.203294569661,0.51931128088,-0.00271195654359,0.0215029857708,-0.371201737534,0.240010895303,0.216362302711,0.87416091703,-0.401833195779,-0.224401677481,0.412466224673,-0.0169303818777,-0.136344280312,-0.356686529232,0.212656202029,0.275667949409,0.93135363023,-0.382353422907,-0.176353540403
