bax0,bay0,baz0,bgx0,bgy0,bgz0,gax0,gay0,gaz0,bax1,bay1,baz1,bgx1,bgy1,bgz1,gax1,gay1,gaz1,bax2,bay2,baz2,bgx2,bgy2,bgz2,gax2,gay2,gaz2,bax3,bay3,baz3,bgx3,bgy3,bgz3,gax3,gay3,gaz3,bax4,bay4,baz4,bgx4,bgy4,bgz4,gax4,gay4,gaz4
0.185344062725,0.00569410884819,-0.10562418559,-0.451886424126,0.236351108297,0.233892691981,0.942515175205,-0.377239213817,-0.19728959177,0.258488751169,0.00270205385481,-0.0308490514056,-0.104457915814,-0.0705450674253,0.0494931406218,0.932790280806,-0.358026061993,-0.185996767533,0.262535963293,-0.0052067782943,-0.0965165862917,-0.173280810457,0.0622826475446,0.19372872571,0.948780508223,-0.342970888405,-0.162398141764,0.211803113849,-0.0470647453227,-0.163287924935,-0.0942933261895,-0.00808261913722,0.0749526516164,0.943787251131,-0.328374277811,-0.164596362831,0.213102552251,-0.0491614956365,-0.105508713955,0.39556933072,-0.524521736111,-0.124498794239,0.940729624944,-0.348047879796,-0.167885977614
