bax0,bay0,baz0,bgx0,bgy0,bgz0,gax0,gay0,gaz0,bax1,bay1,baz1,bgx1,bgy1,bgz1,gax1,gay1,gaz1,bax2,bay2,baz2,bgx2,bgy2,bgz2,gax2,gay2,gaz2,bax3,bay3,baz3,bgx3,bgy3,bgz3,gax3,gay3,gaz3,bax4,bay4,baz4,bgx4,bgy4,bgz4,gax4,gay4,gaz4
0.193045727414,-0.000345396615425,-0.107977986199,-0.437982492831,0.202925430561,0.247717392002,0.945664702515,-0.372283705853,-0.18536099067,0.270678063873,0.00669290504415,-0.0384780228951,-0.041096042187,-0.0934326509126,0.0478753535924,0.940590850956,-0.357459064295,-0.176519973523,0.270185910957,0.0161011347732,-0.0914446130592,-0.151888268261,0.0329836322944,0.190692151166,0.941265846633,-0.343556152321,-0.165996746522,0.217056034177,-0.0458460692001,-0.151267125709,-0.133917875812,-0.0079346227379,0.0670628956844,0.952466371179,-0.340210570417,-0.165686257115,0.211275044924,-0.0492016977611,-0.128421894012,0.391897916304,-0.502803608579,-0.142109155903,0.937903270641,-0.35834609683,-0.177000037682
