bax0,bay0,baz0,bgx0,bgy0,bgz0,gax0,gay0,gaz0,bax1,bay1,baz1,bgx1,bgy1,bgz1,gax1,gay1,gaz1,bax2,bay2,baz2,bgx2,bgy2,bgz2,gax2,gay2,gaz2,bax3,bay3,baz3,bgx3,bgy3,bgz3,gax3,gay3,gaz3,bax4,bay4,baz4,bgx4,bgy4,bgz4,gax4,gay4,gaz4
0.178974953912,0.00529902078428,-0.118824441461,-0.394247867297,0.242384085616,0.260186078399,0.939866952314,-0.380054818841,-0.184568154443,0.273955253018,0.0107469430408,-0.0238614502009,-0.0827219717109,-0.0463288367953,0.0247078294322,0.935477305127,-0.357798545228,-0.175072333083,0.255243341693,0.0145865820956,-0.0813245124838,-0.14739505949,0.0733507703916,0.205310192775,0.948293038764,-0.354525312523,-0.16821563862,0.220398440203,-0.0399663374042,-0.152306152677,-0.134211823591,-0.0518836384915,0.0665098172668,0.950630412216,-0.33269065966,-0.148514469158,0.219861451795,-0.0332581801543,-0.0967849241926,0.32661344956,-0.507631154551,-0.12628228985,0.938815224988,-0.362312349608,-0.168941283114
