bax0,bay0,baz0,bgx0,bgy0,bgz0,gax0,gay0,gaz0,bax1,bay1,baz1,bgx1,bgy1,bgz1,gax1,gay1,gaz1,bax2,bay2,baz2,bgx2,bgy2,bgz2,gax2,gay2,gaz2,bax3,bay3,baz3,bgx3,bgy3,bgz3,gax3,gay3,gaz3,bax4,bay4,baz4,bgx4,bgy4,bgz4,gax4,gay4,gaz4
0.190861497123,0.00478391103552,-0.124878060709,-0.45025753254,0.211564779572,0.274799848746,0.938548989863,-0.369501946915,-0.177972719087,0.266214892913,0.0128926336224,-0.0311549084738,-0.059184934905,-0.0389468452888,0.0496354226637,0.933033291212,-0.362331354554,-0.181700616952,0.266745163092,0.0181172967009,-0.0716504356722,-0.173062526178,0.0618997307269,0.199007341372,0.949393882473,-0.345670033267,-0.162904965086,0.211987572347,-0.0467379980432,-0.141666506105,-0.0952100715109,-0.0627159234302,0.0621005987944,0.950178835004,-0.345660726115,-0.153316061785,0.216154754355,-0.0403171492256,-0.12291008015,0.373060234093,-0.464852931211,-0.16465555272,0.940893709544,-0.361927382043,-0.163534066981
