bax0,bay0,baz0,bgx0,bgy0,bgz0,gax0,gay0,gaz0,bax1,bay1,baz1,bgx1,bgy1,bgz1,gax1,gay1,gaz1,bax2,bay2,baz2,bgx2,bgy2,bgz2,gax2,gay2,gaz2,bax3,bay3,baz3,bgx3,bgy3,bgz3,gax3,gay3,gaz3,bax4,bay4,baz4,bgx4,bgy4,bgz4,gax4,gay4,gaz4
0.237739146731,-0.0337972150835,-0.176187687119,-0.191825812255,0.139154989826,0.212400077439,0.906388138028,-0.370640633468,-0.198803157322,0.34243279701,-0.0791377032347,-0.112715918672,0.0876759955769,-0.280340341849,-0.0723690499829,0.910403807658,-0.38609251731,-0.204646296912,0.264039943327,-0.0167911256153,-0.0845002955713,0.379616377411,-0.496554033957,-0.0682760166374,0.917100427675,-0.374388636332,-0.205973796248,0.437907320728,-0.0161076616511,-0.0693703240161,-0.547433009552,0.512133580334,0.416202409671,0.888068864194,-0.358034708407,-0.210395803473,0.428393183549,0.0389624387368,-0.127251014605,-0.562467888703,0.548867574126,0.54715395875,0.904055900776,-0.334738546124,-0.186669246589
