bax0,bay0,baz0,bgx0,bgy0,bgz0,gax0,gay0,gaz0,bax1,bay1,baz1,bgx1,bgy1,bgz1,gax1,gay1,gaz1,bax2,bay2,baz2,bgx2,bgy2,bgz2,gax2,gay2,gaz2,bax3,bay3,baz3,bgx3,bgy3,bgz3,gax3,gay3,gaz3,bax4,bay4,baz4,bgx4,bgy4,bgz4,gax4,gay4,gaz4
0.409563326125,-0.027984537053,-0.0633734565855,-0.0871958541776,-0.0728230517971,0.0768027571501,0.971676498455,-0.219477363209,0.124191816472,0.4299790456,-0.0380271285387,-0.178197236542,-0.411449813139,0.232657890491,-0.0455401991021,0.975618287882,-0.212976389263,0.129318285026,0.204517272346,-0.0353051293368,-0.1029923017,-0.390264224026,0.121758377759,-0.0771651325899,1.00466547632,-0.220958837379,0.112177898824,0.269618263808,-0.0117336186142,-0.106964027458,-0.155250048009,-0.0243743067658,0.0196084598061,1.00615403578,-0.213473857509,0.120333366129,0.440537391265,-0.0236351608663,-0.119526414546,0.0114877021208,-0.0884014274096,0.0241519603478,0.993098272777,-0.207142527927,0.123076198746
