bax0,bay0,baz0,bgx0,bgy0,bgz0,gax0,gay0,gaz0,bax1,bay1,baz1,bgx1,bgy1,bgz1,gax1,gay1,gaz1,bax2,bay2,baz2,bgx2,bgy2,bgz2,gax2,gay2,gaz2,bax3,bay3,baz3,bgx3,bgy3,bgz3,gax3,gay3,gaz3,bax4,bay4,baz4,bgx4,bgy4,bgz4,gax4,gay4,gaz4
0.405711582973,-0.021006906643,-0.0739882867446,-0.0288061018871,-0.110025400819,0.0901666913688,0.965382674261,-0.228789060324,0.122888128257,0.475117417251,-0.0383358062612,-0.173008924325,-0.439868917318,0.180314900778,-0.0570778039501,0.974142765105,-0.216372636336,0.132949009333,0.195389253935,-0.0399103673227,-0.101822711156,-0.383799948213,0.0785596102263,-0.0462698919762,0.987150729467,-0.221391911448,0.114952602448,0.296052842846,0.00249652840178,-0.100625998613,-0.148234535432,-0.0695450212672,0.0595437038464,1.01001589747,-0.214540106959,0.118316844019,0.470396688523,-0.0305271416735,-0.127121002614,-0.0389939236159,-0.0930496104953,0.0444073628036,0.995342083846,-0.207223005458,0.126510264936
