bax0,bay0,baz0,bgx0,bgy0,bgz0,gax0,gay0,gaz0,bax1,bay1,baz1,bgx1,bgy1,bgz1,gax1,gay1,gaz1,bax2,bay2,baz2,bgx2,bgy2,bgz2,gax2,gay2,gaz2,bax3,bay3,baz3,bgx3,bgy3,bgz3,gax3,gay3,gaz3,bax4,bay4,baz4,bgx4,bgy4,bgz4,gax4,gay4,gaz4
0.135683248234,0.00444101755342,-0.0638881827283,0.376004391273,-0.3736192651,0.221851274495,0.993288252174,-0.211033669553,0.126731835228,0.416658751984,-0.0171214171951,-0.0612696945874,-0.536504533982,0.25166791638,0.00310079210786,0.955420891926,-0.194627905521,0.121554870563,0.160055956296,-0.0288463452382,-0.199174499938,-0.735373708937,0.284003732389,-0.0313434834543,0.963493422224,-0.200551247579,0.155280488504,0.167978035114,-0.0171081059105,-0.133964037083,-0.466712168272,0.147470426575,-0.0060424840803,0.990945126277,-0.206498570401,0.125470374099,0.413583009343,-0.0241023718507,-0.102179852707,-0.151696275253,-0.00424076977807,0.0199614813578,0.9939817011,-0.220105528836,0.116250289722
