bax0,bay0,baz0,bgx0,bgy0,bgz0,gax0,gay0,gaz0,bax1,bay1,baz1,bgx1,bgy1,bgz1,gax1,gay1,gaz1,bax2,bay2,baz2,bgx2,bgy2,bgz2,gax2,gay2,gaz2,bax3,bay3,baz3,bgx3,bgy3,bgz3,gax3,gay3,gaz3,bax4,bay4,baz4,bgx4,bgy4,bgz4,gax4,gay4,gaz4
0.366640299406,-0.0478643154714,-0.101542920637,0.0703405340348,-0.088474506848,0.0399026628844,0.964557634665,-0.225134679179,0.0960284895007,0.172883784508,-0.0143608045692,-0.0767493249589,0.448542657033,-0.398819170035,0.227903232788,0.964960062714,-0.223141909604,0.128262119676,0.265032957732,-0.0286540775468,0.0195569681534,0.306624996667,-0.337007973379,0.172393113038,0.952315344165,-0.187525828918,0.134706999299,0.281351549337,-0.0366021899951,-0.130182634954,-0.229987287825,-0.0810836682183,0.051012974391,0.940341167307,-0.151451460781,0.16859401293,0.430868244326,-0.0507523047034,-0.138783781283,-0.396417504508,0.0659826933044,-0.0892319381871,0.977170422868,-0.174596519974,0.17175313143
