bax0,bay0,baz0,bgx0,bgy0,bgz0,gax0,gay0,gaz0,bax1,bay1,baz1,bgx1,bgy1,bgz1,gax1,gay1,gaz1,bax2,bay2,baz2,bgx2,bgy2,bgz2,gax2,gay2,gaz2,bax3,bay3,baz3,bgx3,bgy3,bgz3,gax3,gay3,gaz3,bax4,bay4,baz4,bgx4,bgy4,bgz4,gax4,gay4,gaz4
0.358080164746,-0.0515706559919,-0.0915708381561,0.0420435639877,-0.0579554427432,0.00401502968589,0.961029456382,-0.205090897978,0.110751846572,0.126206754914,-0.0137182699817,-0.101307807622,0.455929986457,-0.348916451211,0.223924719151,0.961432705891,-0.210122289677,0.122068317465,0.241437581564,-0.0298866320476,0.00317011766542,0.31433356379,-0.380840744466,0.123755293525,0.952229445105,-0.178862120014,0.152265886421,0.257788171255,-0.0383040638278,-0.151214931305,-0.249267185282,-0.0322156419676,0.0522241970922,0.940739487546,-0.157832250333,0.173044043878,0.435853733368,-0.0425602544163,-0.141497096841,-0.428563100658,0.0885610883693,-0.0851520022015,0.959346756735,-0.176736497497,0.16665340526
