bax0,bay0,baz0,bgx0,bgy0,bgz0,gax0,gay0,gaz0,bax1,bay1,baz1,bgx1,bgy1,bgz1,gax1,gay1,gaz1,bax2,bay2,baz2,bgx2,bgy2,bgz2,gax2,gay2,gaz2,bax3,bay3,baz3,bgx3,bgy3,bgz3,gax3,gay3,gaz3,bax4,bay4,baz4,bgx4,bgy4,bgz4,gax4,gay4,gaz4
0.168000503575,-0.031661976695,-0.146645031954,-0.359207193878,0.0959948571336,-0.0360013121753,0.963043362757,-0.199400358815,0.125331911622,0.354842573175,-0.0429474204172,-0.164811655977,-0.01740697723,-0.0807044940862,0.0922134571636,0.959717289388,-0.210636050515,0.134210874474,0.523443676736,-0.0388105363791,-0.0930666876966,0.419551105592,-0.324183863896,0.235581107227,0.972271436151,-0.223011919441,0.0996292211072,0.38657361613,-0.0511505181264,-0.128129879192,-0.034988753602,-0.0412144065969,0.102409236255,0.956197357393,-0.264525479252,-0.0474283381136,0.0844196765075,0.000791449948615,-0.137208707545,-0.401917952314,0.24771260219,0.111454227308,0.968712658004,-0.256448720793,-0.00871740649968
