bax0,bay0,baz0,bgx0,bgy0,bgz0,gax0,gay0,gaz0,bax1,bay1,baz1,bgx1,bgy1,bgz1,gax1,gay1,gaz1,bax2,bay2,baz2,bgx2,bgy2,bgz2,gax2,gay2,gaz2,bax3,bay3,baz3,bgx3,bgy3,bgz3,gax3,gay3,gaz3,bax4,bay4,baz4,bgx4,bgy4,bgz4,gax4,gay4,gaz4
0.245277160171,-0.00201122930155,-0.14828618939,-0.0286261931351,-0.131638096527,0.058172482957,0.955425920419,-0.238503729873,-0.0244134581175,0.403365664549,-0.0397396403787,-0.145565125409,-0.318004430731,-0.0460917692466,0.0545596984701,0.958761185879,-0.248081366586,-0.0394717348054,0.258706060339,-0.032700923676,-0.14032107769,-0.330440405967,0.0962495818753,0.06104724886,0.962502110428,-0.262902880399,-0.0541605459598,0.2716263999,-0.0130638329095,-0.115043613277,-0.0992489484903,-0.0777004817542,0.080132417292,0.952435965387,-0.254071542395,-0.0601043615724,0.360610221238,-0.0196971430835,-0.0931614532464,0.431543124376,-0.399406661367,0.0760079968975,0.965470469915,-0.262032621446,-0.0613813962048
