bax0,bay0,baz0,bgx0,bgy0,bgz0,gax0,gay0,gaz0,bax1,bay1,baz1,bgx1,bgy1,bgz1,gax1,gay1,gaz1,bax2,bay2,baz2,bgx2,bgy2,bgz2,gax2,gay2,gaz2,bax3,bay3,baz3,bgx3,bgy3,bgz3,gax3,gay3,gaz3,bax4,bay4,baz4,bgx4,bgy4,bgz4,gax4,gay4,gaz4
0.237925001675,0.0033107987818,-0.143027910454,-0.0620257936779,-0.115166351994,0.0366138526323,0.941346574571,-0.245328698279,-0.0214938526647,0.376444133988,-0.0320712215417,-0.146664131299,-0.291053630857,-0.00786929518063,0.0554644949152,0.95894525834,-0.247012560601,-0.0440345116218,0.262144692046,-0.0413831459917,-0.136445966149,-0.314274065751,0.127722878646,0.0702002064413,0.961192473395,-0.256121561496,-0.0493825113357,0.273539428263,-0.0069925377633,-0.120206541437,-0.0277269055143,-0.0630804180153,0.0794986079778,0.957334798323,-0.26992688186,-0.0640420763875,0.371243543989,-0.0154676140728,-0.108516329413,0.407103341075,-0.432914568391,0.0856591772409,0.958027438108,-0.274788815744,-0.0566669153124
