bax0,bay0,baz0,bgx0,bgy0,bgz0,gax0,gay0,gaz0,bax1,bay1,baz1,bgx1,bgy1,bgz1,gax1,gay1,gaz1,bax2,bay2,baz2,bgx2,bgy2,bgz2,gax2,gay2,gaz2,bax3,bay3,baz3,bgx3,bgy3,bgz3,gax3,gay3,gaz3,bax4,bay4,baz4,bgx4,bgy4,bgz4,gax4,gay4,gaz4
0.234561817952,0.0403708578668,-0.0574981684825,0.430223787836,-0.361534557403,-0.104885474376,0.961459483294,-0.268829748633,-0.0621572120737,0.292398126872,-0.0146126501409,-0.163447772289,-0.171095118332,-0.0327791768726,0.0876691297578,0.972282251473,-0.242993828427,-0.0305224826935,0.381672999719,-0.0506021703977,-0.0674586949186,-0.321649241564,0.0687699465712,0.025742440143,0.977116567628,-0.261630712383,-0.056951935134,0.338767525329,-0.0208562216389,-0.13034793299,-0.230068529089,0.00455480913277,0.0239355462406,0.965589429553,-0.263659353984,-0.0501305273373,0.213364392583,-0.0312464107517,-0.152803126362,-0.148415388875,-0.0728477843038,0.0977779684048,0.98190677655,-0.270468031551,-0.0328708897908
