bax0,bay0,baz0,bgx0,bgy0,bgz0,gax0,gay0,gaz0,bax1,bay1,baz1,bgx1,bgy1,bgz1,gax1,gay1,gaz1,bax2,bay2,baz2,bgx2,bgy2,bgz2,gax2,gay2,gaz2,bax3,bay3,baz3,bgx3,bgy3,bgz3,gax3,gay3,gaz3,bax4,bay4,baz4,bgx4,bgy4,bgz4,gax4,gay4,gaz4
0.223386342933,0.0518188600337,-0.0631750020463,0.40748780083,-0.386247618237,-0.0919488780901,0.957442356358,-0.28074784957,-0.0594648494296,0.290595889849,-0.0147632593037,-0.172306021947,-0.115723734593,-0.00508469408056,0.0885526388329,0.969401964426,-0.243748391252,-0.0371132695811,0.395176515308,-0.0374879499072,-0.0717129765039,-0.262508033709,0.106956763808,0.0329334982721,0.959409540723,-0.252234043122,-0.0555706995543,0.304609901166,-0.0167932509142,-0.112824206923,-0.241902550226,-0.00375415450407,0.0454211212992,0.975796063332,-0.260627038269,-0.0468079675822,0.19391963545,-0.0204743557419,-0.141280219693,-0.137274371699,-0.0309719881451,0.114211837778,0.968177089169,-0.25983378471,-0.0431693242597
