bax0,bay0,baz0,bgx0,bgy0,bgz0,gax0,gay0,gaz0,bax1,bay1,baz1,bgx1,bgy1,bgz1,gax1,gay1,gaz1,bax2,bay2,baz2,bgx2,bgy2,bgz2,gax2,gay2,gaz2,bax3,bay3,baz3,bgx3,bgy3,bgz3,gax3,gay3,gaz3,bax4,bay4,baz4,bgx4,bgy4,bgz4,gax4,gay4,gaz4
0.322159654312,-0.00579642491048,-0.0664498308405,-0.0624559741145,-0.0023911614585,0.145912789345,0.972590710936,-0.13463888732,-0.101451989799,0.405104697349,-0.0230019140891,-0.136465168868,-0.11007436329,-0.160204024864,0.17538198104,0.96977684673,-0.122924065407,-0.0689264997498,0.324985480558,-0.0253099695818,-0.0743456741467,-0.350848272596,-0.107827760645,0.1104044428,1.00734951072,-0.126536069714,-0.0899998709742,0.327142437098,-0.0575064375104,-0.171827073678,-0.40066478181,-0.053330502976,0.102284590673,1.0037752941,-0.109892585554,-0.0718085372823,0.216788397561,-0.0541762672829,-0.141514562114,-0.0210263702861,-0.114148994065,0.118309794124,0.995589184039,-0.114644790548,-0.0780890734231
