bax0,bay0,baz0,bgx0,bgy0,bgz0,gax0,gay0,gaz0,bax1,bay1,baz1,bgx1,bgy1,bgz1,gax1,gay1,gaz1,bax2,bay2,baz2,bgx2,bgy2,bgz2,gax2,gay2,gaz2,bax3,bay3,baz3,bgx3,bgy3,bgz3,gax3,gay3,gaz3,bax4,bay4,baz4,bgx4,bgy4,bgz4,gax4,gay4,gaz4
0.200821509325,-0.0444838995899,-0.137483322859,0.0876642971997,-0.0821988083037,-0.0366008349684,0.975993624297,-0.111040719012,-0.189380501577,0.173268688457,0.0228621836768,-0.10683001321,0.340823283325,-0.108612972335,-0.0345936831158,0.974183413343,-0.119136290007,-0.179747054299,0.320579833223,-0.0155256833127,-0.125506512534,0.119963803148,-0.253315864563,0.177202018689,0.97015542424,-0.112747339276,-0.173009059888,0.242227245023,-0.00727693020403,-0.0295859381831,-0.00795452409936,-0.260477208211,0.0829691510836,0.956639292028,-0.120348114777,-0.20148560624,0.358911394492,-0.00241356444219,-0.098052231506,-0.127084471249,-0.021968723719,0.0894638864813,0.963782339618,-0.116226060804,-0.177413333278
