bax0,bay0,baz0,bgx0,bgy0,bgz0,gax0,gay0,gaz0,bax1,bay1,baz1,bgx1,bgy1,bgz1,gax1,gay1,gaz1,bax2,bay2,baz2,bgx2,bgy2,bgz2,gax2,gay2,gaz2,bax3,bay3,baz3,bgx3,bgy3,bgz3,gax3,gay3,gaz3,bax4,bay4,baz4,bgx4,bgy4,bgz4,gax4,gay4,gaz4
0.203369088404,-0.0461096138073,-0.133619586539,0.00858862215553,-0.0888648589596,-0.0240181124165,0.976413780206,-0.118614882314,-0.170995656499,0.183089578696,0.0263715144001,-0.0987954755425,0.342675495666,-0.125965296331,-0.0313496848059,0.970456629528,-0.126732889555,-0.178847343832,0.315339209039,-0.00711544366053,-0.107300029137,0.122199744856,-0.25230980172,0.165641482502,0.967806996059,-0.111105642992,-0.174609064755,0.242476399141,-0.00408140802369,-0.0498336591684,0.0351958951866,-0.203546648877,0.128605834047,0.946693424951,-0.13744971086,-0.202930987349,0.32897250927,0.0160175224772,-0.0982369587715,-0.106708367734,-0.0548325811912,0.0778190986815,0.961980932358,-0.118801699937,-0.193432860563
