bax0,bay0,baz0,bgx0,bgy0,bgz0,gax0,gay0,gaz0,bax1,bay1,baz1,bgx1,bgy1,bgz1,gax1,gay1,gaz1,bax2,bay2,baz2,bgx2,bgy2,bgz2,gax2,gay2,gaz2,bax3,bay3,baz3,bgx3,bgy3,bgz3,gax3,gay3,gaz3,bax4,bay4,baz4,bgx4,bgy4,bgz4,gax4,gay4,gaz4
0.216826174296,-0.0443526605842,-0.124522252432,0.0517878784731,-0.097686532734,-0.0403210546596,0.975430454614,-0.123752802233,-0.163522168981,0.176715272924,0.0226170561399,-0.0968024365026,0.376200690679,-0.105777656724,-0.0365572887714,0.964863125498,-0.126678626058,-0.171500976567,0.347496345879,-0.0196370524702,-0.118395982777,0.110699008033,-0.230151807746,0.181195133083,0.970302923607,-0.114650561034,-0.174823628286,0.264182993127,0.00214471081429,-0.0449237044977,0.0203964214758,-0.234500817762,0.0821651821634,0.952714802693,-0.134897171863,-0.199071660447,0.345064995452,0.00495713550708,-0.116747121915,-0.116496265157,-0.0551769865328,0.119120999416,0.955689870954,-0.115181213086,-0.195445433978
