bax0,bay0,baz0,bgx0,bgy0,bgz0,gax0,gay0,gaz0,bax1,bay1,baz1,bgx1,bgy1,bgz1,gax1,gay1,gaz1,bax2,bay2,baz2,bgx2,bgy2,bgz2,gax2,gay2,gaz2,bax3,bay3,baz3,bgx3,bgy3,bgz3,gax3,gay3,gaz3,bax4,bay4,baz4,bgx4,bgy4,bgz4,gax4,gay4,gaz4
0.40135933115,0.0044173846477,-0.15582440374,-0.417273099036,0.0942766358652,0.207760737703,0.968216719139,-0.108881703811,-0.181303147764,0.221646831859,-0.0518224012807,-0.17830303256,-0.25269745695,0.00941092429091,0.180410657702,0.964277433582,-0.100211944668,-0.182725568154,0.117285349587,0.0396922149485,-0.0933557296305,0.0937694559558,-0.0588849935758,0.0900113198883,0.957527797767,-0.122945442289,-0.188492440338,0.302118840568,0.00620280946929,-0.0727910970087,-0.127656158232,-0.01390534065,0.144944722712,0.962978554306,-0.117417462002,-0.203656701834,0.325660084242,-0.0522702097506,-0.113921968191,-0.00992771566376,-0.0622016833237,0.0128270377516,0.969835880207,-0.11067011618,-0.208511344832
