bax0,bay0,baz0,bgx0,bgy0,bgz0,gax0,gay0,gaz0,bax1,bay1,baz1,bgx1,bgy1,bgz1,gax1,gay1,gaz1,bax2,bay2,baz2,bgx2,bgy2,bgz2,gax2,gay2,gaz2,bax3,bay3,baz3,bgx3,bgy3,bgz3,gax3,gay3,gaz3,bax4,bay4,baz4,bgx4,bgy4,bgz4,gax4,gay4,gaz4
0.354350117196,-0.0324959487355,-0.0550521763521,0.251471748152,-0.223170912794,-0.0505783575262,0.957203791445,-0.116407367952,-0.172489583691,0.358574495854,-0.0100250191876,-0.137445737841,-0.0972202819542,-0.186571950315,0.172387454259,0.955262132821,-0.104721198963,-0.162295409532,0.312320446265,0.00593389241521,0.0359763894914,-0.0887772085604,-0.0187596927145,0.174076696547,0.95504773454,-0.0993736179242,-0.169915567168,0.26880023353,-0.053335611444,-0.0542525552137,0.0262344181728,-0.261914080529,0.219373645894,0.978872104542,-0.0945707092522,-0.115793715187,0.297484128845,-0.00239828630023,-0.225141984049,-0.305556849055,-0.0836011925747,0.193302747322,0.976113073473,-0.09396646939,-0.110219805949
