bax0,bay0,baz0,bgx0,bgy0,bgz0,gax0,gay0,gaz0,bax1,bay1,baz1,bgx1,bgy1,bgz1,gax1,gay1,gaz1,bax2,bay2,baz2,bgx2,bgy2,bgz2,gax2,gay2,gaz2,bax3,bay3,baz3,bgx3,bgy3,bgz3,gax3,gay3,gaz3,bax4,bay4,baz4,bgx4,bgy4,bgz4,gax4,gay4,gaz4
0.344853409573,-0.0429178054571,-0.0419402583109,0.292394902164,-0.223427266096,-0.0506797252836,0.957971677481,-0.103150428608,-0.181961313383,0.372448017678,-0.0168983067635,-0.118653261718,-0.0943235474534,-0.165768361573,0.206247069846,0.966098518617,-0.105943880412,-0.149906955196,0.310386186449,0.00194988151812,0.0704306669244,-0.0941736655517,-0.0355278835372,0.184781070265,0.953209617953,-0.10648907481,-0.167807903482,0.259059549311,-0.0430362180089,-0.0338631693636,0.0100563778622,-0.279151869373,0.209230442783,0.971319203954,-0.0873979229456,-0.107970615904,0.281368841841,-0.00390914838256,-0.224777431198,-0.317943541479,-0.0639921764241,0.172486849663,0.97677631371,-0.101720808305,-0.0848069705476
