bax0,bay0,baz0,bgx0,bgy0,bgz0,gax0,gay0,gaz0,bax1,bay1,baz1,bgx1,bgy1,bgz1,gax1,gay1,gaz1,bax2,bay2,baz2,bgx2,bgy2,bgz2,gax2,gay2,gaz2,bax3,bay3,baz3,bgx3,bgy3,bgz3,gax3,gay3,gaz3,bax4,bay4,baz4,bgx4,bgy4,bgz4,gax4,gay4,gaz4
0.28128969006,-0.001815838034,-0.156946921361,-0.416737996931,0.132105039831,0.0894517092911,0.96149916954,-0.0974578799834,-0.13400598818,0.310351853473,-0.0185899049227,-0.0321387507698,-0.0513308732478,0.128593532848,0.00845442243489,0.955589633304,-0.101156042762,-0.143649501732,0.29283091341,0.00103612509617,-0.0321184907399,-0.0460879810013,-0.121900137669,0.0654017145257,0.944731095026,-0.109532923166,-0.107722851871,0.313404481604,-0.0536194604106,-0.088554564596,-0.0123415389923,-0.156931409167,0.0315720146977,0.971042887979,-0.11022436578,-0.099686114,0.333851175526,-0.0310109325151,-0.154707258983,0.271260232731,-0.226507937235,-0.00499888309094,0.985061309179,-0.12235985496,-0.0723014782768
