bax0,bay0,baz0,bgx0,bgy0,bgz0,gax0,gay0,gaz0,bax1,bay1,baz1,bgx1,bgy1,bgz1,gax1,gay1,gaz1,bax2,bay2,baz2,bgx2,bgy2,bgz2,gax2,gay2,gaz2,bax3,bay3,baz3,bgx3,bgy3,bgz3,gax3,gay3,gaz3,bax4,bay4,baz4,bgx4,bgy4,bgz4,gax4,gay4,gaz4
0.275212753025,-0.0198283770521,-0.174977378676,-0.421547088112,0.141799687765,0.109600270282,0.950835766872,-0.100606508739,-0.128763772014,0.327482804132,-0.0287767936446,-0.0315807226725,-0.079115600877,0.159561647057,0.011834672451,0.953896345591,-0.101946491277,-0.143017877615,0.272389773069,0.0107277625724,-0.0308967286935,-0.0325703852031,-0.0925609743816,0.0732457094572,0.951362756395,-0.102142139884,-0.137924632595,0.325775040269,-0.0276634442732,-0.131663023271,0.00341189335911,-0.22055830657,0.0246108204141,0.968745197605,-0.0976824561056,-0.106925006151,0.326708489946,-0.0334876474474,-0.151141128441,0.237583802942,-0.218140238238,-0.000913825503101,0.990009341592,-0.115038340859,-0.0884725779023
