bax0,bay0,baz0,bgx0,bgy0,bgz0,gax0,gay0,gaz0,bax1,bay1,baz1,bgx1,bgy1,bgz1,gax1,gay1,gaz1,bax2,bay2,baz2,bgx2,bgy2,bgz2,gax2,gay2,gaz2,bax3,bay3,baz3,bgx3,bgy3,bgz3,gax3,gay3,gaz3,bax4,bay4,baz4,bgx4,bgy4,bgz4,gax4,gay4,gaz4
0.26606970676,-0.022682253226,-0.069512074703,0.241480510098,-0.250466528168,0.102138315692,0.972967925482,-0.12288136797,-0.109152840052,0.498202379559,-0.044582519067,-0.100099707598,-0.302543592066,0.0774415045335,0.343776899463,0.956187002116,-0.114289658459,-0.166457477234,0.504386114483,-0.0363452740644,-0.0972770225497,-0.253478202265,-0.127575433893,0.169537968851,0.966440052865,-0.116371166712,-0.170811672069,0.0586271779585,-0.00467469614071,-0.176007724727,-0.4259842175,-0.114118437342,0.291358075721,0.977815631338,-0.103847807321,-0.14571043751,0.213755260585,-0.0287694374976,-0.167779652197,-0.172257006207,-0.0154549324709,0.0876396296073,0.960638866606,-0.117256855587,-0.155224613601
