bax0,bay0,baz0,bgx0,bgy0,bgz0,gax0,gay0,gaz0,bax1,bay1,baz1,bgx1,bgy1,bgz1,gax1,gay1,gaz1,bax2,bay2,baz2,bgx2,bgy2,bgz2,gax2,gay2,gaz2,bax3,bay3,baz3,bgx3,bgy3,bgz3,gax3,gay3,gaz3,bax4,bay4,baz4,bgx4,bgy4,bgz4,gax4,gay4,gaz4
0.451091412494,-0.0398853460824,-0.0261784571652,-0.266351575717,0.0515116613399,0.242479482857,0.943630129214,-0.108307578489,-0.247312362164,0.229172798046,0.0091149133453,-0.16226120553,-0.153019210543,-0.118759257478,0.173176270631,0.961121736682,-0.115026322552,-0.225793512826,0.159336676572,0.0397265296287,-0.0443766289823,-0.388036721253,-0.0784452247345,0.304590297338,0.95607453013,-0.0925191915274,-0.219530611672,0.235814707951,-0.0337965825032,-0.0439185166978,-0.211128614789,-0.0915049619328,0.195994516779,0.953431798564,-0.0966960433666,-0.2240527043,0.372548349744,-0.0316443604385,-0.112703756278,0.00551909552018,-0.117904138843,0.00235173267124,0.948879480627,-0.110294179186,-0.208779408768
