bax0,bay0,baz0,bgx0,bgy0,bgz0,gax0,gay0,gaz0,bax1,bay1,baz1,bgx1,bgy1,bgz1,gax1,gay1,gaz1,bax2,bay2,baz2,bgx2,bgy2,bgz2,gax2,gay2,gaz2,bax3,bay3,baz3,bgx3,bgy3,bgz3,gax3,gay3,gaz3,bax4,bay4,baz4,bgx4,bgy4,bgz4,gax4,gay4,gaz4
0.480365235296,-0.0513354734274,-0.0107293487246,-0.296738584576,0.0741370305526,0.240559334317,0.947135891709,-0.115510435634,-0.253015242221,0.246888402748,0.0024238764177,-0.162993135164,-0.154593608769,-0.137881040628,0.192773651741,0.970424885111,-0.106312294395,-0.226445431246,0.158516906118,0.0246840842964,-0.0533296770287,-0.359167597297,-0.057600080311,0.328354063018,0.968174709822,-0.105528013817,-0.231331354907,0.275038795698,-0.0387165791705,-0.0713831687951,-0.209647114337,-0.0671582670473,0.187080603457,0.954334402741,-0.0874021578736,-0.230186235035,0.353315356602,-0.0174392139515,-0.09382711289,0.030021070533,-0.113069870812,-0.00777756465448,0.952043224022,-0.104893929862,-0.20682939709
