bax0,bay0,baz0,bgx0,bgy0,bgz0,gax0,gay0,gaz0,bax1,bay1,baz1,bgx1,bgy1,bgz1,gax1,gay1,gaz1,bax2,bay2,baz2,bgx2,bgy2,bgz2,gax2,gay2,gaz2,bax3,bay3,baz3,bgx3,bgy3,bgz3,gax3,gay3,gaz3,bax4,bay4,baz4,bgx4,bgy4,bgz4,gax4,gay4,gaz4
0.265677150901,0.0168842010287,-0.114301013881,-0.0354378726476,-0.049024907202,0.152194373186,0.936539162109,-0.0630299215591,0.327881811175,0.229328439932,-0.0349978859815,-0.161290477842,-0.159304810342,0.0431464248122,0.0861769349019,0.937117271918,-0.0489914150255,0.340119806347,0.270457849907,-0.0381219130447,-0.119365639479,-0.450708319729,0.0756891855015,-0.196361330053,0.952098425386,-0.0629140195289,0.330322061946,0.311284652403,-0.0542960611474,-0.113366109126,-0.313966354395,-0.0361853293304,-0.179818262772,0.953991962101,-0.0617630113758,0.337606037312,0.401350492931,-0.0351119491259,-0.0924950200995,-0.0346629199801,-0.0755667241951,0.0552912436051,0.948956146753,-0.0758178033307,0.334691886337
