bax0,bay0,baz0,bgx0,bgy0,bgz0,gax0,gay0,gaz0,bax1,bay1,baz1,bgx1,bgy1,bgz1,gax1,gay1,gaz1,bax2,bay2,baz2,bgx2,bgy2,bgz2,gax2,gay2,gaz2,bax3,bay3,baz3,bgx3,bgy3,bgz3,gax3,gay3,gaz3,bax4,bay4,baz4,bgx4,bgy4,bgz4,gax4,gay4,gaz4
0.275084028066,0.0140455119121,-0.0961716014079,-0.103680298922,-0.0390654873813,0.165140268533,0.931669830157,-0.0561130103257,0.335745018173,0.258048264889,-0.0154899556153,-0.154552491478,-0.18726523422,0.0437693714641,0.0667171402113,0.93219777759,-0.0521775317604,0.342272205755,0.276374261488,-0.0140771555482,-0.121673643853,-0.430788945768,0.0618286027603,-0.243243946236,0.939359905852,-0.0615736105351,0.340759029225,0.345533651534,-0.0505456905149,-0.106660143322,-0.291867051826,-0.0402774242699,-0.217579692679,0.953072389577,-0.0674695577864,0.333718992885,0.411742379718,-0.0433826513109,-0.0916959307517,-0.0498795491507,-0.0534574423331,0.0416985351312,0.953807147133,-0.0836576018782,0.329921245678
