bax0,bay0,baz0,bgx0,bgy0,bgz0,gax0,gay0,gaz0,bax1,bay1,baz1,bgx1,bgy1,bgz1,gax1,gay1,gaz1,bax2,bay2,baz2,bgx2,bgy2,bgz2,gax2,gay2,gaz2,bax3,bay3,baz3,bgx3,bgy3,bgz3,gax3,gay3,gaz3,bax4,bay4,baz4,bgx4,bgy4,bgz4,gax4,gay4,gaz4
0.211756597605,0.00603656112047,-0.172763854923,-0.0119060129081,-0.169060454085,0.128770680207,0.948408296673,-0.0643435501866,0.332371516422,0.373246204054,-0.0402217188351,-0.12138462618,0.361606131059,-0.268420585422,0.431808599702,0.95379343889,-0.0537748938843,0.33756691989,0.335003791353,-0.0293636242855,-0.108915457587,0.231087263236,-0.253291548266,0.382370253921,0.954926391754,-0.0604708130497,0.328195784142,0.18999249772,-0.0613108899408,-0.0299046804696,-0.222341207861,0.0687021365268,-0.0389390981621,0.956424953216,-0.0647819580981,0.322880585843,0.334053531872,-0.0380022524218,-0.00551857061794,0.150479788195,-0.2006751654,0.251021805771,0.921326864128,-0.0354443454263,0.330026185578
