bax0,bay0,baz0,bgx0,bgy0,bgz0,gax0,gay0,gaz0,bax1,bay1,baz1,bgx1,bgy1,bgz1,gax1,gay1,gaz1,bax2,bay2,baz2,bgx2,bgy2,bgz2,gax2,gay2,gaz2,bax3,bay3,baz3,bgx3,bgy3,bgz3,gax3,gay3,gaz3,bax4,bay4,baz4,bgx4,bgy4,bgz4,gax4,gay4,gaz4
0.338325037192,-0.0395902315162,-0.0595025061734,-0.0113927869853,-0.0922353187369,0.154182494633,0.989577273203,-0.0661039878693,0.10189661731,0.423968885476,-0.0811248023463,-0.131376553413,-0.158950364843,-0.0860309868242,0.139344577103,1.00101711432,-0.0674771652307,0.13730558417,0.319018565114,-0.00340117918303,-0.144988740904,-0.496397881068,0.0285849841071,-0.0385111201242,1.0038539956,-0.0833047101403,0.123371881147,0.192389458211,-0.00618629242475,-0.133141286166,-0.313932439268,-0.00473927818642,-0.0400078243563,1.02328813205,-0.0869935501085,0.0959377717397,0.402624663593,-0.0311861952725,-0.0677192245117,-0.0193520318988,-0.0638412916692,0.0359351378693,1.0123167921,-0.0786734198051,0.0928004576622
