bax0,bay0,baz0,bgx0,bgy0,bgz0,gax0,gay0,gaz0,bax1,bay1,baz1,bgx1,bgy1,bgz1,gax1,gay1,gaz1,bax2,bay2,baz2,bgx2,bgy2,bgz2,gax2,gay2,gaz2,bax3,bay3,baz3,bgx3,bgy3,bgz3,gax3,gay3,gaz3,bax4,bay4,baz4,bgx4,bgy4,bgz4,gax4,gay4,gaz4
0.171775805919,-0.0343814423056,-0.163444957773,-0.0971671677328,-0.0792715818502,0.0503451995207,1.01179055775,-0.107044205243,0.107125241344,0.303178510245,-0.0143759453741,-0.149234515405,0.425181293847,-0.253057983717,0.224728322637,1.01731371127,-0.105937344767,0.0829418241043,0.365569381321,-0.0142505106062,-0.107671464526,0.256363387043,-0.180080143518,0.191321181993,1.01269230349,-0.106480258785,0.0867014610449,0.435847735437,0.0627367655771,-0.0660988111484,0.592438407556,-0.317613195975,0.167271939369,1.00237002466,-0.112298377934,0.0922630137111,0.343592306617,-0.0161460020043,-0.15741307777,0.339227717265,-0.266275282724,0.144584667478,1.01477621993,-0.0740988684034,0.125509336431
