bax0,bay0,baz0,bgx0,bgy0,bgz0,gax0,gay0,gaz0,bax1,bay1,baz1,bgx1,bgy1,bgz1,gax1,gay1,gaz1,bax2,bay2,baz2,bgx2,bgy2,bgz2,gax2,gay2,gaz2,bax3,bay3,baz3,bgx3,bgy3,bgz3,gax3,gay3,gaz3,bax4,bay4,baz4,bgx4,bgy4,bgz4,gax4,gay4,gaz4
0.321794125659,-0.0197294240658,-0.16344957904,-0.235215883608,-0.0474609158391,0.0715023780709,1.00419178005,-0.0725691968828,0.109757951069,0.219816430688,-0.0087747841696,-0.136060911702,-0.381058975861,-0.0471227448089,-0.0539818103966,1.01331806737,-0.0762864012654,0.0977948925026,0.107852450708,0.00674127469293,-0.0724692986245,0.0361749431166,-0.148256056341,0.0820962133722,1.01458957749,-0.10244863226,0.0990202247762,0.354760712423,-0.035482787403,-0.129369445934,-0.156616210843,-0.0508660710314,0.0915191615205,1.01007028535,-0.0937490003536,0.105006018153,0.405733369253,-0.0308075947179,-0.0911169496037,-0.083156985197,-0.151974951797,0.00191333820149,1.01872276081,-0.108622594146,0.101745771447
