bax0,bay0,baz0,bgx0,bgy0,bgz0,gax0,gay0,gaz0,bax1,bay1,baz1,bgx1,bgy1,bgz1,gax1,gay1,gaz1,bax2,bay2,baz2,bgx2,bgy2,bgz2,gax2,gay2,gaz2,bax3,bay3,baz3,bgx3,bgy3,bgz3,gax3,gay3,gaz3,bax4,bay4,baz4,bgx4,bgy4,bgz4,gax4,gay4,gaz4
0.354373358599,-0.0243673643112,-0.162414511834,-0.227524942227,-0.0570776171322,0.0564000496752,1.00702796041,-0.0604172240235,0.105402792638,0.195882579309,-0.00419565680723,-0.124903761324,-0.395762732124,0.0101325255948,-0.0635184536263,1.02150097228,-0.0901326053373,0.093566672481,0.164147148254,-0.00670803371322,-0.084605571364,-0.00187753250305,-0.137150169017,0.0613665629652,1.01272412235,-0.086813641516,0.0948304339023,0.353481752343,-0.0292252942438,-0.145516848906,-0.149134741396,-0.0570048707216,0.102623539451,1.00771247644,-0.101443438911,0.108648773136,0.374173840127,-0.0368128468467,-0.108048167693,-0.117647203295,-0.136914393299,-0.018382159323,1.01546397706,-0.101590047638,0.0984369510357
