bax0,bay0,baz0,bgx0,bgy0,bgz0,gax0,gay0,gaz0,bax1,bay1,baz1,bgx1,bgy1,bgz1,gax1,gay1,gaz1,bax2,bay2,baz2,bgx2,bgy2,bgz2,gax2,gay2,gaz2,bax3,bay3,baz3,bgx3,bgy3,bgz3,gax3,gay3,gaz3,bax4,bay4,baz4,bgx4,bgy4,bgz4,gax4,gay4,gaz4
0.367903648667,-0.0155022427228,-0.169694304506,-0.219170349564,-0.0408768656772,0.0848636594305,1.00820227338,-0.0675377090079,0.108472471737,0.176710680394,-0.00320633543476,-0.163641127795,-0.359859198406,-0.000863680108255,-0.0534942195897,1.01353239819,-0.08037267706,0.105938853917,0.142793882678,-0.0134768077884,-0.0890036147453,0.00340186118318,-0.157100220398,0.0781562162347,1.01429149681,-0.0879635951119,0.0955079630168,0.349357386777,-0.0407712065698,-0.13743192404,-0.127651470458,-0.0467724649722,0.102029593919,1.0029972445,-0.103425901456,0.105476964848,0.372482394353,-0.0315294776649,-0.104442455818,-0.119001547314,-0.15605881757,-0.0232825020631,1.01387271276,-0.0922042813019,0.0973585417379
