bax0,bay0,baz0,bgx0,bgy0,bgz0,gax0,gay0,gaz0,bax1,bay1,baz1,bgx1,bgy1,bgz1,gax1,gay1,gaz1,bax2,bay2,baz2,bgx2,bgy2,bgz2,gax2,gay2,gaz2,bax3,bay3,baz3,bgx3,bgy3,bgz3,gax3,gay3,gaz3,bax4,bay4,baz4,bgx4,bgy4,bgz4,gax4,gay4,gaz4
0.325856846044,0.0233228477607,-0.0474917181603,-0.0719138750773,-0.0417337450768,0.097218954913,0.994827045144,-0.0748972732905,0.152911529209,0.275749065592,-0.0322982629064,-0.0984117891967,-0.14597637654,-0.0924061163253,0.167673987753,0.999391530078,-0.0432878651255,0.182510634009,0.382528239084,-0.0573674852701,-0.162854468555,-0.537131090367,0.0815564443555,-0.0945884164993,0.998018152078,-0.0545088068899,0.183814584847,0.427301797626,-0.0219583428933,-0.101035103549,-0.228934463227,-0.0157947715847,-0.102972480108,1.00352788488,-0.0738757625127,0.169150322445,0.278087917319,0.00974219025958,-0.111580806853,-0.0808449272652,-0.208895457249,0.101069228144,1.00828806885,-0.0996179784331,0.157841058183
