bax0,bay0,baz0,bgx0,bgy0,bgz0,gax0,gay0,gaz0,bax1,bay1,baz1,bgx1,bgy1,bgz1,gax1,gay1,gaz1,bax2,bay2,baz2,bgx2,bgy2,bgz2,gax2,gay2,gaz2,bax3,bay3,baz3,bgx3,bgy3,bgz3,gax3,gay3,gaz3,bax4,bay4,baz4,bgx4,bgy4,bgz4,gax4,gay4,gaz4
0.253079155833,-0.0410571690117,-0.157551473232,-0.0485290533419,-0.113498084458,0.0697664754068,0.997289436278,-0.0637283657609,0.154304867023,0.17095272347,-0.00546307850816,-0.116643690998,0.303080926733,-0.135575394664,0.214743224392,1.0101237772,-0.0742558073756,0.152034715091,0.267330957738,-0.0285324620154,-0.10302908615,0.326811835185,-0.146468476232,0.228775155647,0.994723594128,-0.0806736341025,0.154959316238,0.289525197271,0.0118210462652,-0.10085217097,0.348078506224,-0.313598939805,0.100654494837,0.990930234714,-0.0949564218985,0.148021742553,0.124282548125,-0.0323663993704,-0.109768722865,0.0686129373695,-0.157619417003,0.109208758581,0.993872166514,-0.075077615707,0.154714045988
