bax0,bay0,baz0,bgx0,bgy0,bgz0,gax0,gay0,gaz0,bax1,bay1,baz1,bgx1,bgy1,bgz1,gax1,gay1,gaz1,bax2,bay2,baz2,bgx2,bgy2,bgz2,gax2,gay2,gaz2,bax3,bay3,baz3,bgx3,bgy3,bgz3,gax3,gay3,gaz3,bax4,bay4,baz4,bgx4,bgy4,bgz4,gax4,gay4,gaz4
0.254415351396,-0.0105114487689,-0.108459323541,-0.490509788318,0.0167315801088,-0.0847657279522,0.986941006313,-0.0743759878256,0.155534016411,0.307168569276,-0.0283743394877,-0.116286952326,-0.344081047098,-0.0346053491025,-0.0109895630802,0.990965956501,-0.0739449794878,0.159981121129,0.340339103368,-0.0392525939529,-0.114578350102,-0.0428084237528,-0.0285242738708,0.11985422009,0.998479534222,-0.0812718232638,0.159884366109,0.277331757062,-0.0133840266477,-0.108755397726,-0.0924015174203,-0.0914143054388,0.0752958528862,0.978045014209,-0.0830630818977,0.165547925787,0.374405374649,-0.00209807080767,-0.113392288137,0.214039695926,-0.1653128417,0.161968063672,0.97371742618,-0.0843949578973,0.163076043757
