bax0,bay0,baz0,bgx0,bgy0,bgz0,gax0,gay0,gaz0,bax1,bay1,baz1,bgx1,bgy1,bgz1,gax1,gay1,gaz1,bax2,bay2,baz2,bgx2,bgy2,bgz2,gax2,gay2,gaz2,bax3,bay3,baz3,bgx3,bgy3,bgz3,gax3,gay3,gaz3,bax4,bay4,baz4,bgx4,bgy4,bgz4,gax4,gay4,gaz4
0.401806003628,0.00812515884488,-0.127399107219,0.287603208532,-0.189444962866,0.274320840415,0.980064658523,-0.0967386711635,0.169826687114,0.367431242095,0.0790046370843,-0.0567469380635,0.00896358406198,-0.0779863826551,0.0426368457377,0.977727544598,-0.0962067517125,0.14642287236,0.235127217104,-0.0263322793056,-0.100516804,-0.0687110631357,-0.121792554732,0.144303323041,0.988450314359,-0.0704746770366,0.158690916347,0.238354713574,-0.0404661215849,-0.143575469445,-0.467619139922,0.0566838823616,-0.0401167378162,1.00042080615,-0.080636159499,0.162746086734,0.314327403383,-0.0192566503822,-0.125303460113,-0.329737187828,-0.0854601942419,-0.0165914416622,1.00426102912,-0.0611781528344,0.164142119755
