bax0,bay0,baz0,bgx0,bgy0,bgz0,gax0,gay0,gaz0,bax1,bay1,baz1,bgx1,bgy1,bgz1,gax1,gay1,gaz1,bax2,bay2,baz2,bgx2,bgy2,bgz2,gax2,gay2,gaz2,bax3,bay3,baz3,bgx3,bgy3,bgz3,gax3,gay3,gaz3,bax4,bay4,baz4,bgx4,bgy4,bgz4,gax4,gay4,gaz4
0.403507804038,0.0089294896434,-0.11371176911,0.325275484913,-0.164418956119,0.254559393854,0.977225680068,-0.0890405099866,0.156662918067,0.354310778139,0.0781902419186,-0.048550241569,-0.0327610643969,-0.0354803854107,0.0796301093612,0.976935996274,-0.0859451732747,0.140543301572,0.234217290449,-0.0199045623672,-0.10408403987,-0.0886215584668,-0.125060469798,0.173236917506,0.987219960619,-0.0583909100459,0.157023434709,0.274220800677,-0.0495109760171,-0.141950347934,-0.425268443329,0.0307794512616,-0.0379377872104,1.00408483429,-0.0584859206197,0.170201918947,0.297710328684,-0.0227638398078,-0.141200957855,-0.412281636447,-0.0570156509263,-0.0272002355602,0.996821897923,-0.0711742985609,0.168489961928
