bax0,bay0,baz0,bgx0,bgy0,bgz0,gax0,gay0,gaz0,bax1,bay1,baz1,bgx1,bgy1,bgz1,gax1,gay1,gaz1,bax2,bay2,baz2,bgx2,bgy2,bgz2,gax2,gay2,gaz2,bax3,bay3,baz3,bgx3,bgy3,bgz3,gax3,gay3,gaz3,bax4,bay4,baz4,bgx4,bgy4,bgz4,gax4,gay4,gaz4
0.267310885857,-0.0129239363597,-0.118864453923,-0.0367127831887,-0.111563930818,0.121108801512,0.999853087068,-0.0753357261366,0.166086701661,0.273015174481,-0.0320564121298,-0.119599128803,-0.121338644777,-0.0117550997513,0.0516855433295,0.975133897085,-0.0727044802897,0.162079436511,0.252602117962,-0.0330731426936,-0.102288963232,0.134653168614,-0.142567955798,0.0781655901354,0.984836330578,-0.0862784116436,0.13951784799,0.177938086565,-0.012322868425,-0.0505533390626,0.426730269076,-0.232127524308,0.201608067719,0.989716725691,-0.0860983129624,0.155791183656,0.246880861352,-0.00323799395127,-0.121614799221,0.234945038733,-0.161906372114,0.217514162152,0.990163268031,-0.0807069962671,0.176764132284
