bax0,bay0,baz0,bgx0,bgy0,bgz0,gax0,gay0,gaz0,bax1,bay1,baz1,bgx1,bgy1,bgz1,gax1,gay1,gaz1,bax2,bay2,baz2,bgx2,bgy2,bgz2,gax2,gay2,gaz2,bax3,bay3,baz3,bgx3,bgy3,bgz3,gax3,gay3,gaz3,bax4,bay4,baz4,bgx4,bgy4,bgz4,gax4,gay4,gaz4
0.412521070438,-0.0242641408973,-0.0811334110159,0.153429589486,-0.19584660766,0.0882387811472,1.0029903756,-0.0702326564487,0.188046350212,0.352705625438,-0.0293910595983,-0.185550424217,-0.487464726597,0.0715637158849,-0.11998788935,0.996593092962,-0.0682952579711,0.186745080894,0.225967276363,-0.0252536863749,-0.139917429607,-0.406141305088,-0.0567681759724,-0.0173874644934,0.985275431551,-0.0764079443209,0.145618739116,0.194953059383,0.00760006376436,-0.110446284509,-0.165258106741,-0.0408977456858,0.15068155934,0.989761360832,-0.0934720962735,0.146916350523,0.155526569264,-0.0117109528351,-0.1162989733,-0.102731810157,-0.0245115132769,0.0711383418032,0.985375488165,-0.0900061596436,0.163846293938
