bax0,bay0,baz0,bgx0,bgy0,bgz0,gax0,gay0,gaz0,bax1,bay1,baz1,bgx1,bgy1,bgz1,gax1,gay1,gaz1,bax2,bay2,baz2,bgx2,bgy2,bgz2,gax2,gay2,gaz2,bax3,bay3,baz3,bgx3,bgy3,bgz3,gax3,gay3,gaz3,bax4,bay4,baz4,bgx4,bgy4,bgz4,gax4,gay4,gaz4
0.46690907431,-0.02199915511,-0.11123067578,0.173574696566,-0.186001842682,0.0935814260238,1.00651251621,-0.0667564775583,0.185958239938,0.370112164845,-0.0320768977662,-0.191650456219,-0.567073835354,0.0627567011947,-0.1302953474,0.999813111341,-0.0718753365957,0.193826838164,0.244690280606,-0.0305769571958,-0.181836789586,-0.376087165647,-0.0569821858707,0.00157134697891,1.00232418533,-0.0822258771583,0.157142518427,0.215135229934,0.0170948433155,-0.113678987159,-0.143155788123,-0.0596782227818,0.135348800975,0.997322510682,-0.0801591996001,0.134164337185,0.173756400157,-0.00913741301415,-0.0896494974155,-0.124277769503,-0.0763675338918,0.0631391954299,0.98746026518,-0.0933484401549,0.172991400318
