bax0,bay0,baz0,bgx0,bgy0,bgz0,gax0,gay0,gaz0,bax1,bay1,baz1,bgx1,bgy1,bgz1,gax1,gay1,gaz1,bax2,bay2,baz2,bgx2,bgy2,bgz2,gax2,gay2,gaz2,bax3,bay3,baz3,bgx3,bgy3,bgz3,gax3,gay3,gaz3,bax4,bay4,baz4,bgx4,bgy4,bgz4,gax4,gay4,gaz4
0.428940671436,-0.0459825516535,-0.0828962970474,0.323242131655,-0.235340656969,0.16194422122,0.988128142655,-0.0893826439334,0.166226568745,0.442406164302,-0.00889559752113,-0.0912298150004,0.34930703138,-0.181946567102,0.243683794953,0.993620118913,-0.104862993071,0.173656264175,0.317014212238,0.0654427743023,-0.027115921819,0.469266533547,-0.333081531078,0.0440936267369,0.986656260212,-0.121140520051,0.14819624218,0.217713030919,-0.0351278331832,-0.112017434947,0.191800643676,-0.275027705892,0.114548760243,0.990619854457,-0.0802892561431,0.158568113821,0.325087006913,-0.0155015225391,-0.123668766695,-0.317227342037,-0.0289286473627,0.00616767216209,0.99576016665,-0.0929567350287,0.159911949727
