bax0,bay0,baz0,bgx0,bgy0,bgz0,gax0,gay0,gaz0,bax1,bay1,baz1,bgx1,bgy1,bgz1,gax1,gay1,gaz1,bax2,bay2,baz2,bgx2,bgy2,bgz2,gax2,gay2,gaz2,bax3,bay3,baz3,bgx3,bgy3,bgz3,gax3,gay3,gaz3,bax4,bay4,baz4,bgx4,bgy4,bgz4,gax4,gay4,gaz4
0.179377246957,-0.0390357628231,-0.114181085193,-0.31363327053,-0.028532264214,-0.0690057473032,1.00315520488,-0.0931875625176,0.171187971317,0.292723073816,-0.0380350081287,-0.119294960846,-0.109032880396,-0.0779347583395,0.0725223624175,0.995884857923,-0.0862190282755,0.166000261326,0.506731881962,-0.0469913363629,-0.129942606785,-0.1261641824,-0.0405214389359,0.0840025928855,0.9836720674,-0.095053177534,0.164514937577,0.315878906502,-0.00470360017834,-0.128068614824,0.249611785139,-0.169214381863,0.0940540651309,0.9961875231,-0.114595167498,0.153714484888,0.14623674537,0.0273766730696,-0.106506249869,0.421117537867,-0.154039763248,0.31306303806,0.979878657636,-0.107607882384,0.15053558307
