bax0,bay0,baz0,bgx0,bgy0,bgz0,gax0,gay0,gaz0,bax1,bay1,baz1,bgx1,bgy1,bgz1,gax1,gay1,gaz1,bax2,bay2,baz2,bgx2,bgy2,bgz2,gax2,gay2,gaz2,bax3,bay3,baz3,bgx3,bgy3,bgz3,gax3,gay3,gaz3,bax4,bay4,baz4,bgx4,bgy4,bgz4,gax4,gay4,gaz4
0.195200423797,-0.0325768693494,-0.113673884745,-0.338714350125,-0.00387464111651,-0.0591808204751,0.996343060718,-0.0844652157271,0.15958697797,0.253183168807,-0.0408153338155,-0.117133601958,-0.0676221045608,-0.0399609252778,0.0735190811727,0.985694037102,-0.0901551120564,0.164818617579,0.516227911412,-0.0207558992414,-0.136890863918,-0.106547969385,-0.0353377982197,0.0862474988866,0.988122694972,-0.0945208266636,0.165239997943,0.318364060786,-0.00703693146395,-0.123320316184,0.247278293276,-0.160643167626,0.125385391109,0.998374009195,-0.11125658154,0.155319186216,0.15210065054,0.0124212191371,-0.111383164416,0.37737558591,-0.153320661232,0.338586337497,0.983369601586,-0.10807507902,0.153727911744
