bax0,bay0,baz0,bgx0,bgy0,bgz0,gax0,gay0,gaz0,bax1,bay1,baz1,bgx1,bgy1,bgz1,gax1,gay1,gaz1,bax2,bay2,baz2,bgx2,bgy2,bgz2,gax2,gay2,gaz2,bax3,bay3,baz3,bgx3,bgy3,bgz3,gax3,gay3,gaz3,bax4,bay4,baz4,bgx4,bgy4,bgz4,gax4,gay4,gaz4
0.394111238594,-0.00117414240555,-0.0924492212082,-0.367031391739,0.0189999435139,0.0421118653189,0.972252442881,-0.177892947131,-0.00648411811759,0.179534585329,0.0367767982019,-0.0652853117971,-0.503446867396,0.0760952474193,0.124192256026,0.990629218677,-0.144267101023,-0.00299085390271,0.364582564041,-0.0432392858913,-0.15065871766,-0.554782696243,0.0939666026395,0.115627872748,1.01787846757,-0.120938003011,-0.00722128479148,0.341543597577,-0.0192573449913,-0.117887751669,-0.0829684445397,-0.0294756108791,0.118081464002,1.01742668727,-0.151809857973,-0.0125186639519,0.193459926396,-0.0152594947719,-0.117266017857,-0.119540640375,-0.0398184017647,0.0751154977003,1.0192285908,-0.157720124105,-0.00446816746565
