bax0,bay0,baz0,bgx0,bgy0,bgz0,gax0,gay0,gaz0,bax1,bay1,baz1,bgx1,bgy1,bgz1,gax1,gay1,gaz1,bax2,bay2,baz2,bgx2,bgy2,bgz2,gax2,gay2,gaz2,bax3,bay3,baz3,bgx3,bgy3,bgz3,gax3,gay3,gaz3,bax4,bay4,baz4,bgx4,bgy4,bgz4,gax4,gay4,gaz4
0.423347524889,-0.00233442518794,-0.0957180997546,-0.387237326599,0.0413123373674,0.0624138591426,0.983170879015,-0.169890043666,-0.00516105033423,0.13764975255,0.0221877860801,-0.0604284530695,-0.484023553193,0.0682590729739,0.105499065765,1.01391414232,-0.143605420556,-0.00953348864658,0.396220609426,-0.038670242369,-0.14726720749,-0.521351077468,0.0579630557154,0.132270445954,1.02618876176,-0.136719729451,-0.00750344638141,0.337375498493,-0.0272414339248,-0.127121329045,-0.0988643621848,-0.00420462404251,0.120874755394,1.00372755193,-0.134467621281,-0.0122912108948,0.163304141695,-0.00503184586247,-0.11577557063,-0.0824197194797,-0.0576403047654,0.0632503933852,1.02007857187,-0.148625394155,-0.00308540817406
