bax0,bay0,baz0,bgx0,bgy0,bgz0,gax0,gay0,gaz0,bax1,bay1,baz1,bgx1,bgy1,bgz1,gax1,gay1,gaz1,bax2,bay2,baz2,bgx2,bgy2,bgz2,gax2,gay2,gaz2,bax3,bay3,baz3,bgx3,bgy3,bgz3,gax3,gay3,gaz3,bax4,bay4,baz4,bgx4,bgy4,bgz4,gax4,gay4,gaz4
0.252635021252,0.0022181839157,-0.0831568141243,0.528105490274,-0.242357124269,0.133126953937,1.00513447127,-0.154637479219,-0.0414341626328,0.41744679924,-0.0239143659277,-0.121640169951,0.298972489272,-0.234394863447,0.201272598432,1.00375881299,-0.150145395796,0.00681682725534,0.352959685009,0.000387541007917,-0.115491800611,-0.412693195444,0.042102202542,0.353979234377,0.963330551394,-0.216162491026,-0.151915151984,0.413468191146,-0.012853445316,-0.131155462823,-0.196711834036,0.0412137065599,0.235222767292,0.979214918791,-0.181801681913,-0.207497478217,0.406230712038,-0.0296676651817,-0.155263943779,-0.503577653156,0.157649651761,0.330196458542,0.985736238262,-0.182903661321,-0.190289175933
