bax0,bay0,baz0,bgx0,bgy0,bgz0,gax0,gay0,gaz0,bax1,bay1,baz1,bgx1,bgy1,bgz1,gax1,gay1,gaz1,bax2,bay2,baz2,bgx2,bgy2,bgz2,gax2,gay2,gaz2,bax3,bay3,baz3,bgx3,bgy3,bgz3,gax3,gay3,gaz3,bax4,bay4,baz4,bgx4,bgy4,bgz4,gax4,gay4,gaz4
0.196973013374,-0.068324904845,-0.147033388367,-0.241675036515,-0.0524757677914,0.245932445868,0.974849663034,-0.183465061882,-0.197968632363,0.273687915428,-0.0298260129003,-0.1429552083,-0.0448973672755,-0.0550258860872,0.151318558595,0.963086464232,-0.200571842666,-0.218847906631,0.192446469374,-0.0139364427725,-0.116350074362,-0.17205071851,0.0670199460398,0.0194335741893,0.969880805155,-0.212591912758,-0.215484383421,0.264178153588,-0.0147105345871,-0.0634746339224,0.168413117676,-0.200926137763,-0.127054197084,0.958159886141,-0.20693717439,-0.219506402621,0.403914449101,-0.00646054012338,-0.0933523511776,0.362815355347,-0.344947028554,-0.0766550906536,0.967595232375,-0.20450641581,-0.222073570546
