bax0,bay0,baz0,bgx0,bgy0,bgz0,gax0,gay0,gaz0,bax1,bay1,baz1,bgx1,bgy1,bgz1,gax1,gay1,gaz1,bax2,bay2,baz2,bgx2,bgy2,bgz2,gax2,gay2,gaz2,bax3,bay3,baz3,bgx3,bgy3,bgz3,gax3,gay3,gaz3,bax4,bay4,baz4,bgx4,bgy4,bgz4,gax4,gay4,gaz4
0.217642561386,-0.0557655874044,-0.159284387674,-0.236594311023,-0.0265631432967,0.243557243684,0.976579648436,-0.173899473438,-0.19920602897,0.277138456226,-0.0233124593408,-0.13176471767,-0.0382016594176,-0.0369872754233,0.176475200181,0.958242314945,-0.204626726643,-0.209220358583,0.213782049309,-0.0263642752175,-0.102598422369,-0.193508937308,0.0788363094216,0.0127136358623,0.956278531248,-0.202956209241,-0.218942698555,0.304916265658,-0.0108872432023,-0.0802972926986,0.230903243004,-0.201735588536,-0.130575991414,0.963401173916,-0.21547314881,-0.232027690877,0.459613286644,0.00384308564913,-0.0858481902309,0.371979888524,-0.363153795857,-0.063923919813,0.96300806887,-0.218298472803,-0.214681531643
