bax0,bay0,baz0,bgx0,bgy0,bgz0,gax0,gay0,gaz0,bax1,bay1,baz1,bgx1,bgy1,bgz1,gax1,gay1,gaz1,bax2,bay2,baz2,bgx2,bgy2,bgz2,gax2,gay2,gaz2,bax3,bay3,baz3,bgx3,bgy3,bgz3,gax3,gay3,gaz3,bax4,bay4,baz4,bgx4,bgy4,bgz4,gax4,gay4,gaz4
0.339394547829,-0.0375642851382,-0.119268919424,-0.534493799767,0.224827238427,0.636928570943,0.930373538661,-0.192880278966,-0.295760508833,0.196895853399,-0.00720759895444,-0.0939684492912,-0.563979403269,0.166054641203,0.617716976359,0.938756801004,-0.184456233883,-0.296911980061,0.291938230472,-0.0386881982326,-0.137328430423,-0.494081078044,0.251130418964,0.544796385256,0.93755824812,-0.199097642025,-0.312844675603,0.360008562124,-0.044425436263,-0.179308755335,-0.113319477006,-0.039485142015,0.0213081625165,0.922443522838,-0.211689226429,-0.32336333813,0.345315116779,0.0303191596352,-0.0674177336118,-0.161550136154,-0.0339666758732,0.124838993889,0.929665784677,-0.210978786286,-0.330091602979
