bax0,bay0,baz0,bgx0,bgy0,bgz0,gax0,gay0,gaz0,bax1,bay1,baz1,bgx1,bgy1,bgz1,gax1,gay1,gaz1,bax2,bay2,baz2,bgx2,bgy2,bgz2,gax2,gay2,gaz2,bax3,bay3,baz3,bgx3,bgy3,bgz3,gax3,gay3,gaz3,bax4,bay4,baz4,bgx4,bgy4,bgz4,gax4,gay4,gaz4
0.227733576055,-0.0185616813374,-0.0834433249765,-0.053456790536,-0.159306285608,0.116649655248,0.940512297998,-0.195630631814,-0.30908432781,0.395753199291,-0.0373431076092,-0.178746611387,0.426896025238,-0.383011908799,-0.20317986673,0.939963085197,-0.185418279962,-0.306675916672,0.273356718448,0.021625588571,-0.141196823949,0.303979895014,-0.287298431109,-0.124218531335,0.917776688924,-0.200211803992,-0.302538207566,0.38502324928,0.0263327559415,-0.0511324057593,-0.568102317366,0.275718884547,0.63492184332,0.906985488369,-0.210318436847,-0.336312626902,0.394854398049,-0.00691563741432,-0.176117007912,-0.33633420692,0.084839149296,0.565195890292,0.934732311222,-0.179028248816,-0.315233767995
