bax0,bay0,baz0,bgx0,bgy0,bgz0,gax0,gay0,gaz0,bax1,bay1,baz1,bgx1,bgy1,bgz1,gax1,gay1,gaz1,bax2,bay2,baz2,bgx2,bgy2,bgz2,gax2,gay2,gaz2,bax3,bay3,baz3,bgx3,bgy3,bgz3,gax3,gay3,gaz3,bax4,bay4,baz4,bgx4,bgy4,bgz4,gax4,gay4,gaz4
0.293487143789,0.0124599873602,-0.0465332761621,-0.0229077859965,0.0189364695531,0.0984081971044,0.965638081629,-0.245604318123,-0.103905767234,0.236677693248,0.026389758447,-0.147117695651,-0.0611503743725,0.00546627222372,0.186046514294,0.986920931431,-0.23696591684,-0.0878869136048,0.25355991519,-0.00471635250409,-0.136035131732,-0.385195168629,0.150890241813,0.250480821997,1.00483844891,-0.225974304285,-0.0878169345317,0.231654024671,-0.0388253375406,-0.116615597338,-0.260754706644,0.0886611843563,0.129876254793,0.994889583113,-0.238613186542,-0.0889310468024,0.394476214548,-0.000713927782603,-0.117926839388,-0.0614246310088,-0.155642780434,0.0362012189255,0.984662869409,-0.250908337194,-0.101017913103
