bax0,bay0,baz0,bgx0,bgy0,bgz0,gax0,gay0,gaz0,bax1,bay1,baz1,bgx1,bgy1,bgz1,gax1,gay1,gaz1,bax2,bay2,baz2,bgx2,bgy2,bgz2,gax2,gay2,gaz2,bax3,bay3,baz3,bgx3,bgy3,bgz3,gax3,gay3,gaz3,bax4,bay4,baz4,bgx4,bgy4,bgz4,gax4,gay4,gaz4
0.376692243949,-0.00703384546194,-0.17376907351,-0.210052602778,-0.075172595941,0.113885715916,1.0005398289,-0.231659192859,-0.0838234952712,0.199417988093,-0.0564487599657,-0.0862038484985,0.164507251589,-0.104223850009,0.0813418288608,0.995961208894,-0.214414311653,-0.129342844369,0.1869732989,-0.0639449589711,-0.0270259965933,0.350421384198,-0.370417963827,-0.0279212399672,0.982018990119,-0.23769804934,-0.124980293303,0.323003880157,-0.0300284953185,-0.0403926382022,-0.618269435739,0.248974801479,0.299513525763,0.96736263511,-0.23893488029,-0.117794262766,0.421595704807,-0.0567557749215,-0.124952503941,-0.309205016274,0.0512050193655,0.232574564898,0.980718323846,-0.237385890196,-0.0903002645905
