bax0,bay0,baz0,bgx0,bgy0,bgz0,gax0,gay0,gaz0,bax1,bay1,baz1,bgx1,bgy1,bgz1,gax1,gay1,gaz1,bax2,bay2,baz2,bgx2,bgy2,bgz2,gax2,gay2,gaz2,bax3,bay3,baz3,bgx3,bgy3,bgz3,gax3,gay3,gaz3,bax4,bay4,baz4,bgx4,bgy4,bgz4,gax4,gay4,gaz4
0.149961660358,-0.00021409250392,-0.136775748493,-0.135517252061,-0.0863350214164,0.114624286001,0.972028703079,-0.237826969116,-0.131944427038,0.282306809988,-0.0285398669925,-0.112839925675,-0.0361826301266,-0.0806552159812,0.129870913651,0.967841875576,-0.242207470941,-0.143455828939,0.488548440881,-0.0439674462843,-0.0461652140706,0.348937000944,-0.299035498023,-0.0467529085513,0.969081598614,-0.240396238674,-0.131358994127,0.323302282943,-0.0370294765285,-0.101361308698,0.433788643489,-0.420890674447,-0.061050251817,0.971630222921,-0.247423536862,-0.0899177017284,0.370393103271,-0.0544136256979,-0.159813315409,-0.261458132426,0.136474617386,0.236403027335,0.970115074741,-0.247073577722,-0.0914124247646
