bax0,bay0,baz0,bgx0,bgy0,bgz0,gax0,gay0,gaz0,bax1,bay1,baz1,bgx1,bgy1,bgz1,gax1,gay1,gaz1,bax2,bay2,baz2,bgx2,bgy2,bgz2,gax2,gay2,gaz2,bax3,bay3,baz3,bgx3,bgy3,bgz3,gax3,gay3,gaz3,bax4,bay4,baz4,bgx4,bgy4,bgz4,gax4,gay4,gaz4
0.110117076333,-0.0111500148922,-0.152822898371,-0.180807594824,-0.115762856177,0.110728810361,0.968135462533,-0.239102913234,-0.129361912299,0.306101793103,-0.0303849379583,-0.0951396716939,-0.0350037378509,-0.062192964609,0.136138319788,0.97124160097,-0.240058763557,-0.135243194014,0.476275227193,-0.0355693901396,-0.0360534747975,0.307595778382,-0.287724730245,-0.0458214106786,0.969313794846,-0.245064243608,-0.131917744863,0.312933732955,-0.0250383716094,-0.113947523746,0.410720426991,-0.432785844336,-0.0277675787425,0.975837788802,-0.246450775549,-0.113625549494,0.34263787878,-0.0393003617897,-0.132335313889,-0.284335064429,0.102051840749,0.24844834873,0.967413116182,-0.244891918744,-0.0887931294922
