bax0,bay0,baz0,bgx0,bgy0,bgz0,gax0,gay0,gaz0,bax1,bay1,baz1,bgx1,bgy1,bgz1,gax1,gay1,gaz1,bax2,bay2,baz2,bgx2,bgy2,bgz2,gax2,gay2,gaz2,bax3,bay3,baz3,bgx3,bgy3,bgz3,gax3,gay3,gaz3,bax4,bay4,baz4,bgx4,bgy4,bgz4,gax4,gay4,gaz4
0.431543759473,-0.0456899387113,-0.118959244553,-0.289542303305,0.0777813404058,0.177118274387,0.983534367234,-0.250737742128,-0.102965281462,0.230818027964,0.00690682088323,-0.110095881771,-0.487826491976,0.106851850011,0.174139102005,0.986669075417,-0.246962441669,-0.110858132755,0.216430157819,-0.0436181148616,-0.19091152185,-0.199305540306,-0.0288681610089,0.0821433551664,0.989929871416,-0.232564165021,-0.129786982661,0.390902190403,-0.0179105088753,-0.1466617263,-0.068356791145,0.110711662935,0.0831569263501,0.974449177669,-0.241190752091,-0.13780136542,0.33710418162,-0.00972073459205,-0.0797622489184,-0.00218082432667,-0.0602726722381,0.0575990020542,0.981362810355,-0.241429433337,-0.157319178879
