bax0,bay0,baz0,bgx0,bgy0,bgz0,gax0,gay0,gaz0,bax1,bay1,baz1,bgx1,bgy1,bgz1,gax1,gay1,gaz1,bax2,bay2,baz2,bgx2,bgy2,bgz2,gax2,gay2,gaz2,bax3,bay3,baz3,bgx3,bgy3,bgz3,gax3,gay3,gaz3,bax4,bay4,baz4,bgx4,bgy4,bgz4,gax4,gay4,gaz4
0.446184508193,-0.0333951244263,-0.146872141714,-0.363994061228,0.0879633863159,0.198941618654,0.970307662901,-0.259309791628,-0.105627292396,0.231213884236,0.00921240852863,-0.121482706001,-0.458070879995,0.0984142679603,0.159821566854,0.987955157791,-0.252835911117,-0.108720252621,0.23796652982,-0.0320760168882,-0.185702325491,-0.188162759645,-0.0532427433437,0.0792216149423,0.984525269009,-0.241026622712,-0.11729134718,0.407410555587,-0.0293261138401,-0.156666757906,-0.0814418127794,0.0960722627605,0.0834993659952,0.984715359417,-0.240310349924,-0.13448663976,0.342200859732,-0.00597202495823,-0.0525593449361,0.0527151778471,-0.0580561275173,0.0397661215848,0.980574280866,-0.237991915631,-0.137448474971
