bax0,bay0,baz0,bgx0,bgy0,bgz0,gax0,gay0,gaz0,bax1,bay1,baz1,bgx1,bgy1,bgz1,gax1,gay1,gaz1,bax2,bay2,baz2,bgx2,bgy2,bgz2,gax2,gay2,gaz2,bax3,bay3,baz3,bgx3,bgy3,bgz3,gax3,gay3,gaz3,bax4,bay4,baz4,bgx4,bgy4,bgz4,gax4,gay4,gaz4
0.331693995313,-0.0620341788729,-0.165243359195,-0.374062410727,0.0768589437203,0.264419868253,0.969721807393,-0.243935228619,-0.177347828328,0.374324163965,-0.0601972183353,-0.135907099309,-0.0758307238861,0.0142138392432,0.112415949766,0.958008426395,-0.255616377164,-0.197996531195,0.251713219856,-0.0319257180679,-0.0354439360224,0.127553303653,-0.100855497363,-0.0673300828978,0.954282196377,-0.266798700824,-0.199776134368,0.292041058557,-0.0603997104783,-0.00881349435222,0.38350908934,-0.330968262636,-0.220738391729,0.956109580211,-0.2728830396,-0.183262035491,0.298322197209,0.016848105029,-0.0725305128902,-0.59512818645,0.463762171633,0.427855378128,0.957841771977,-0.273078627947,-0.14720708605
