bax0,bay0,baz0,bgx0,bgy0,bgz0,gax0,gay0,gaz0,bax1,bay1,baz1,bgx1,bgy1,bgz1,gax1,gay1,gaz1,bax2,bay2,baz2,bgx2,bgy2,bgz2,gax2,gay2,gaz2,bax3,bay3,baz3,bgx3,bgy3,bgz3,gax3,gay3,gaz3,bax4,bay4,baz4,bgx4,bgy4,bgz4,gax4,gay4,gaz4
0.447389577907,-0.0293970471311,-0.0836639437476,-0.132379741718,0.0198138800714,0.0434494627542,0.969830703373,-0.0777495563256,0.138554846511,0.479080121862,-0.00929158065543,-0.102856154873,-0.362340115825,-0.0249383205474,0.0539791636037,0.970395197394,-0.066057289855,0.141945656989,0.255622660509,-0.0574306648023,-0.1558710549,-0.413857609274,-0.0240043116291,0.0778110161564,0.998239939852,-0.0685438705754,0.121872043016,0.153588109544,-0.0504572871136,-0.0390352368671,0.105342237533,-0.105142192181,0.0784928075237,1.01078290058,-0.0884251723168,0.115149736488,0.2692550947,0.00162342719496,-0.126160265494,-0.212398274812,-0.0242267809725,-0.0618450420091,0.975535747314,-0.0981462903237,0.132936812104
