bax0,bay0,baz0,bgx0,bgy0,bgz0,gax0,gay0,gaz0,bax1,bay1,baz1,bgx1,bgy1,bgz1,gax1,gay1,gaz1,bax2,bay2,baz2,bgx2,bgy2,bgz2,gax2,gay2,gaz2,bax3,bay3,baz3,bgx3,bgy3,bgz3,gax3,gay3,gaz3,bax4,bay4,baz4,bgx4,bgy4,bgz4,gax4,gay4,gaz4
0.469598956831,0.00584737049745,-0.183095478671,-0.178824062071,-0.0513786828858,0.185633004358,0.988119345452,-0.0554750121637,0.078187004107,0.221227224518,-0.0294413235924,-0.241038015614,-0.504525129249,0.0439839306745,0.116229081829,0.991994424975,-0.062633007237,0.0729002190558,0.281810204592,-0.0302972856613,-0.106366701758,-0.224884627133,0.0285200496937,0.0849115433797,0.997595783757,-0.0642536797948,0.025435502075,0.390030743824,-0.0624747806111,-0.02946918803,-0.165187480376,0.0621813838923,0.0297491238852,1.02592158967,-0.0796247387556,0.0334130966515,0.333282464884,-0.0256754973533,-0.0688634275665,-0.00222859750442,-0.029472248681,-0.0252836716676,1.00928655656,-0.0959083927733,0.063855038446
