bax0,bay0,baz0,bgx0,bgy0,bgz0,gax0,gay0,gaz0,bax1,bay1,baz1,bgx1,bgy1,bgz1,gax1,gay1,gaz1,bax2,bay2,baz2,bgx2,bgy2,bgz2,gax2,gay2,gaz2,bax3,bay3,baz3,bgx3,bgy3,bgz3,gax3,gay3,gaz3,bax4,bay4,baz4,bgx4,bgy4,bgz4,gax4,gay4,gaz4
0.159330856633,0.0278585200338,-0.0335146300746,0.508579214299,-0.365612665459,0.170583323349,0.989039860234,-0.098517457249,0.0656064282803,0.272508233103,-0.0294642074497,-0.134395989509,0.259346195035,-0.272371424809,0.0948216710215,1.00855395869,-0.0739380593785,0.0794854079835,0.444531732776,0.00517235534472,-0.138803424689,0.560695987267,-0.418578314259,0.128556881943,0.992214433095,-0.0836036314537,0.0633356633862,0.455030446462,-0.0357286668081,-0.14544377612,0.137144345402,-0.165600740714,0.215573558303,1.00065257244,-0.0668402422516,0.0770131922126,0.25783045585,-0.0406966495645,-0.226841764899,-0.474896004788,0.033649312346,0.00829902540966,1.00212853887,-0.0668739775175,0.0548122830688
