bax0,bay0,baz0,bgx0,bgy0,bgz0,gax0,gay0,gaz0,bax1,bay1,baz1,bgx1,bgy1,bgz1,gax1,gay1,gaz1,bax2,bay2,baz2,bgx2,bgy2,bgz2,gax2,gay2,gaz2,bax3,bay3,baz3,bgx3,bgy3,bgz3,gax3,gay3,gaz3,bax4,bay4,baz4,bgx4,bgy4,bgz4,gax4,gay4,gaz4
0.165119841406,0.0258452873801,-0.0412261343107,0.445163643283,-0.33040952735,0.190457095635,0.984571454216,-0.109617436498,0.0692065361061,0.29976221715,-0.0344454890988,-0.128816487452,0.287161761716,-0.265159312312,0.102371053204,1.00087639222,-0.0818518306959,0.0692004830071,0.426788597113,0.00887097755308,-0.130778789095,0.554931561675,-0.409911020242,0.127252537997,0.988955161392,-0.0864003688364,0.0742658953673,0.466584511586,-0.0456066833938,-0.174138920327,0.167067232833,-0.150168196056,0.213623646691,1.00107612932,-0.0530608395116,0.0833784245045,0.226421630679,-0.0320595822281,-0.218995318618,-0.573327883182,0.0948005692364,-0.00997697757869,1.00411863499,-0.0691653469863,0.0616644147357
