bax0,bay0,baz0,bgx0,bgy0,bgz0,gax0,gay0,gaz0,bax1,bay1,baz1,bgx1,bgy1,bgz1,gax1,gay1,gaz1,bax2,bay2,baz2,bgx2,bgy2,bgz2,gax2,gay2,gaz2,bax3,bay3,baz3,bgx3,bgy3,bgz3,gax3,gay3,gaz3,bax4,bay4,baz4,bgx4,bgy4,bgz4,gax4,gay4,gaz4
0.166368063269,0.0122445496676,-0.132449189936,-0.32207201357,0.0642317860919,0.0832253510607,1.00987834895,-0.0761704302734,0.03412044248,0.377540835262,-0.0325178194903,-0.0320635218313,-0.174827071758,0.0535307496452,0.017977532403,1.01876823152,-0.0779646098634,0.0468395957693,0.414705010696,-0.0640026556437,-0.0765328578532,-0.0505432228277,-0.0368792657137,-0.0166260589504,1.02217127908,-0.0776262849208,0.0733463033129,0.142480940346,0.00723036247735,-0.0698227843261,0.516779851554,-0.301387773396,0.219096408952,1.01168188047,-0.0920215762378,0.070362506154,0.172734924979,-0.00973782150347,-0.0962425682912,0.274760468513,-0.280291055106,0.140786810969,1.00624545019,-0.0812240736215,0.0749633140513
