bax0,bay0,baz0,bgx0,bgy0,bgz0,gax0,gay0,gaz0,bax1,bay1,baz1,bgx1,bgy1,bgz1,gax1,gay1,gaz1,bax2,bay2,baz2,bgx2,bgy2,bgz2,gax2,gay2,gaz2,bax3,bay3,baz3,bgx3,bgy3,bgz3,gax3,gay3,gaz3,bax4,bay4,baz4,bgx4,bgy4,bgz4,gax4,gay4,gaz4
0.196302153009,0.0459719134328,0.0179233620195,0.557145350692,-0.297238250127,0.0985908562092,1.00298690415,-0.111264458287,0.0534873893786,0.354477600511,-0.0272187629796,-0.13808882963,0.158910245304,-0.284596105925,0.075424992813,1.00277964139,-0.0639004409077,0.081531045331,0.493356632784,-0.0423967949145,-0.254255127157,-0.466664945674,-0.0457516566438,0.00379619949978,1.00790206291,-0.0598989398473,0.0788526408085,0.12701523159,-0.015719838347,-0.160000186341,-0.404215857173,-0.0573351836213,0.0848979504089,1.01845713429,-0.0747074879401,0.0468591363828,0.218937674848,-0.0183289127551,-0.112975592905,-0.19053435517,0.057956527649,0.112874552394,1.00377605608,-0.0925396170507,0.0276375254267
