bax0,bay0,baz0,bgx0,bgy0,bgz0,gax0,gay0,gaz0,bax1,bay1,baz1,bgx1,bgy1,bgz1,gax1,gay1,gaz1,bax2,bay2,baz2,bgx2,bgy2,bgz2,gax2,gay2,gaz2,bax3,bay3,baz3,bgx3,bgy3,bgz3,gax3,gay3,gaz3,bax4,bay4,baz4,bgx4,bgy4,bgz4,gax4,gay4,gaz4
0.357004246643,-0.0190484074743,-0.0795563872377,0.310832628775,-0.243436637832,0.0201596573353,1.00692531974,-0.183438803239,0.00987798137402,0.22390469965,-0.0192398204041,-0.179249444113,-0.324805178369,0.230798661138,0.131152818782,1.01324776308,-0.156608216956,0.0126737009779,0.389603374426,0.0044059950213,-0.117897710934,-0.232076852253,0.0894288335826,0.0231521710352,1.00906319407,-0.139583395592,-0.0101391983084,0.280617816743,0.0242148036884,-0.0905190154393,0.367154639725,-0.32131725246,0.058311844949,1.01394288497,-0.149541709536,0.00647533261747,0.236131224895,-0.0262069616356,-0.124809875376,0.31842219732,-0.458960470585,0.186677565656,1.02138650379,-0.143783166383,0.0231482781797
