bax0,bay0,baz0,bgx0,bgy0,bgz0,gax0,gay0,gaz0,bax1,bay1,baz1,bgx1,bgy1,bgz1,gax1,gay1,gaz1,bax2,bay2,baz2,bgx2,bgy2,bgz2,gax2,gay2,gaz2,bax3,bay3,baz3,bgx3,bgy3,bgz3,gax3,gay3,gaz3,bax4,bay4,baz4,bgx4,bgy4,bgz4,gax4,gay4,gaz4
0.294547802227,-0.00926446344797,-0.121899971893,-0.361365210129,0.00758735915363,0.0201317654639,1.0179527101,-0.167993088847,-0.0218781593157,0.242966522602,-0.0403078046009,-0.0306022051144,0.19896018739,-0.239183774854,-0.0660483076834,1.01268727627,-0.17515419761,-0.0215582176757,0.260161015978,-0.0196550694596,-0.0938201105685,-0.037409973025,0.0972664717743,0.1305644069,1.0149388974,-0.165086907614,-0.00560898554211,0.280373398887,-0.041574897727,-0.134345451958,-0.320682206061,0.13816811432,0.0324929420322,0.999417298902,-0.151899159222,-0.00620756385355,0.235564163246,0.0358998821976,-0.142036409329,0.199993666929,-0.276497940221,0.119107818763,1.00501478951,-0.168440570981,-0.00248002971712
