bax0,bay0,baz0,bgx0,bgy0,bgz0,gax0,gay0,gaz0,bax1,bay1,baz1,bgx1,bgy1,bgz1,gax1,gay1,gaz1,bax2,bay2,baz2,bgx2,bgy2,bgz2,gax2,gay2,gaz2,bax3,bay3,baz3,bgx3,bgy3,bgz3,gax3,gay3,gaz3,bax4,bay4,baz4,bgx4,bgy4,bgz4,gax4,gay4,gaz4
0.303298473143,-0.00424248044085,-0.124407558006,0.411531530995,-0.515601930775,0.169731598766,1.0085004171,-0.179242214913,0.00499775813,0.396956940064,-0.0514044126508,-0.081075464596,0.201233393453,-0.186232458349,0.0623382692125,1.01290338531,-0.158763784601,-0.000988603013301,0.259698969529,-0.0301532090402,-0.0604228728638,-0.0840931394853,0.0286310094238,0.184257964596,1.01539033364,-0.14376087916,-0.00193431862454,0.324427641884,-0.0160581791638,-0.0991091621737,-0.339596507955,0.0385003694597,0.12773731035,1.0065178317,-0.150674594266,0.00733939467054,0.185379126517,-0.0512359996807,-0.120890644376,-0.134576223743,-0.0258061006506,0.190668842109,1.0118423299,-0.153662114596,0.00214113887234
