bax0,bay0,baz0,bgx0,bgy0,bgz0,gax0,gay0,gaz0,bax1,bay1,baz1,bgx1,bgy1,bgz1,gax1,gay1,gaz1,bax2,bay2,baz2,bgx2,bgy2,bgz2,gax2,gay2,gaz2,bax3,bay3,baz3,bgx3,bgy3,bgz3,gax3,gay3,gaz3,bax4,bay4,baz4,bgx4,bgy4,bgz4,gax4,gay4,gaz4
0.293821736344,-0.0405059849143,-0.220186521752,-0.534108681179,0.125659147325,0.169599934871,1.0092762748,-0.168173867113,-0.00964288104042,0.316409892599,0.00059722122422,-0.229302857776,-0.484554815378,0.21222244404,0.101333268713,1.00784805009,-0.170369689469,-0.0185322448187,0.249421836788,0.0426709506793,-0.0344440874885,0.300968944098,-0.17387949172,0.064487437521,1.00753286265,-0.183304302893,-0.0366884234792,0.379490895294,-0.00387719001147,0.025546177334,0.302700143202,-0.278429092279,0.074898839045,1.01579936831,-0.168814350716,-0.00116156594078,0.371673573481,-0.0503338771292,-0.161667655393,-0.315246123508,0.0332984428487,0.0593192688494,1.01104580567,-0.142273395993,0.0137473553285
