bax0,bay0,baz0,bgx0,bgy0,bgz0,gax0,gay0,gaz0,bax1,bay1,baz1,bgx1,bgy1,bgz1,gax1,gay1,gaz1,bax2,bay2,baz2,bgx2,bgy2,bgz2,gax2,gay2,gaz2,bax3,bay3,baz3,bgx3,bgy3,bgz3,gax3,gay3,gaz3,bax4,bay4,baz4,bgx4,bgy4,bgz4,gax4,gay4,gaz4
0.328935702509,-0.0398701923587,-0.140838236917,-0.156737021306,-0.104372119499,0.138274152774,1.00706172394,-0.0759539720441,0.0895649167018,0.390107704981,-0.0890715719847,-0.146137282659,-0.458469441883,0.030094524046,0.00846271826472,1.00852361101,-0.0691957051068,0.0627975629533,0.395057665659,-0.0768844615692,-0.0606431625526,-0.271723169463,-0.102886467646,-0.0659197474495,1.00506804855,-0.106093944116,0.0485891465808,0.310113680894,-0.00445497944363,-0.0506882359864,0.237389492757,-0.126211285252,0.033200683351,1.01095004775,-0.119663319817,0.0808808002092,0.273458709503,-0.0494663561699,-0.226308731632,-0.272698145388,0.146142129607,0.0351592525063,1.00792303404,-0.0886152384002,0.0734083695665
