bax0,bay0,baz0,bgx0,bgy0,bgz0,gax0,gay0,gaz0,bax1,bay1,baz1,bgx1,bgy1,bgz1,gax1,gay1,gaz1,bax2,bay2,baz2,bgx2,bgy2,bgz2,gax2,gay2,gaz2,bax3,bay3,baz3,bgx3,bgy3,bgz3,gax3,gay3,gaz3,bax4,bay4,baz4,bgx4,bgy4,bgz4,gax4,gay4,gaz4
0.152796068612,-0.0258778586973,-0.103493972678,-0.0125479512695,-0.0453893673414,0.115484159349,1.00494211899,-0.0905874802591,0.0607854300878,0.166151496384,-0.0183057515878,0.0397743883985,0.411374250342,-0.36464107618,0.170815604372,1.00738005852,-0.114845397856,0.0540711951219,0.28694492718,-0.0181737626588,-0.123242437359,0.222491782474,-0.152494032215,0.129284103078,0.990322696005,-0.116084063544,0.0832728526899,0.260036214446,0.033053571237,-0.0672014986754,-0.467865663181,0.0257439804305,0.0981398142806,0.981696999731,-0.108622186656,0.0519494629255,0.326277231536,-0.0201189852022,-0.141393170597,-0.314689533658,-0.0654338328312,0.171842161763,0.99811968364,-0.0845193063922,0.0667554430352
