bax0,bay0,baz0,bgx0,bgy0,bgz0,gax0,gay0,gaz0,bax1,bay1,baz1,bgx1,bgy1,bgz1,gax1,gay1,gaz1,bax2,bay2,baz2,bgx2,bgy2,bgz2,gax2,gay2,gaz2,bax3,bay3,baz3,bgx3,bgy3,bgz3,gax3,gay3,gaz3,bax4,bay4,baz4,bgx4,bgy4,bgz4,gax4,gay4,gaz4
0.144027179269,-0.0304567891542,-0.0836395089365,0.0247693212946,-0.056874890339,0.11047473185,1.00738761452,-0.0970036446209,0.0348722257645,0.145427028703,-0.0254747084758,0.0325792900831,0.473140804834,-0.366476323124,0.186451432429,1.01117548763,-0.107416111376,0.0465687213916,0.299316039597,-0.0387725375396,-0.123791441241,0.196225909695,-0.142143829186,0.139230902889,0.998844948443,-0.121600526529,0.0944154004244,0.26598739604,0.0306710078097,-0.0801481896808,-0.449075190779,-0.00218613524325,0.0777787287775,0.997917432288,-0.122193772161,0.0420184514667,0.329250695963,-0.027017022754,-0.146386417517,-0.305567617113,-0.0593206873139,0.166579501672,1.00098631265,-0.0809377988623,0.0746001557608
