bax0,bay0,baz0,bgx0,bgy0,bgz0,gax0,gay0,gaz0,bax1,bay1,baz1,bgx1,bgy1,bgz1,gax1,gay1,gaz1,bax2,bay2,baz2,bgx2,bgy2,bgz2,gax2,gay2,gaz2,bax3,bay3,baz3,bgx3,bgy3,bgz3,gax3,gay3,gaz3,bax4,bay4,baz4,bgx4,bgy4,bgz4,gax4,gay4,gaz4
0.18806452412,-0.0715760551613,-0.042788756071,0.222906645664,-0.242603228356,0.0127799145236,0.995921240157,-0.299754524982,-0.0811931536114,0.28033442761,-0.034125717924,-0.148819664051,0.0988084427386,-0.191829561757,0.06220927937,0.96767991621,-0.33175124455,-0.0758516059055,0.330205991907,-0.000627399134007,-0.101764484808,0.423058209994,-0.51625708041,-0.123075162783,0.949636019677,-0.332855922561,-0.0654096318539,0.309635523946,-0.014820314579,-0.0616747070894,0.259088077423,-0.283759779361,0.0114228978491,0.97123909851,-0.342105452614,-0.0666235533363,0.23062405021,-0.0158994451741,-0.0544909482729,-0.0900228452885,0.0410961479567,0.145460268941,0.964503927459,-0.326386505814,-0.0601552222941
