bax0,bay0,baz0,bgx0,bgy0,bgz0,gax0,gay0,gaz0,bax1,bay1,baz1,bgx1,bgy1,bgz1,gax1,gay1,gaz1,bax2,bay2,baz2,bgx2,bgy2,bgz2,gax2,gay2,gaz2,bax3,bay3,baz3,bgx3,bgy3,bgz3,gax3,gay3,gaz3,bax4,bay4,baz4,bgx4,bgy4,bgz4,gax4,gay4,gaz4
0.321502693173,-0.0253401252718,-0.0988703127841,0.415828075328,-0.42962141598,-0.0536490617099,0.94581972158,-0.372873139855,-0.0643723070822,0.356491093248,-0.0190249214948,-0.149992196007,0.0777256529232,-0.217340798667,0.00668700362313,0.940588876178,-0.378765988586,-0.0553949550953,0.348415634398,-0.032589737685,-0.112246494254,-0.0374860367753,-0.155241850229,0.059709483373,0.94616406637,-0.369004481476,-0.0557600454933,0.322888397017,-0.0294616094483,-0.117434004196,0.151017858764,-0.34570947941,0.0577043103376,0.94483580203,-0.363614222093,-0.0472355481892,0.299017131213,-0.032408950836,-0.180923831239,-0.313256230211,0.0837653296407,0.209580844854,0.943641099729,-0.362159498548,-0.0472744829938
