bax0,bay0,baz0,bgx0,bgy0,bgz0,gax0,gay0,gaz0,bax1,bay1,baz1,bgx1,bgy1,bgz1,gax1,gay1,gaz1,bax2,bay2,baz2,bgx2,bgy2,bgz2,gax2,gay2,gaz2,bax3,bay3,baz3,bgx3,bgy3,bgz3,gax3,gay3,gaz3,bax4,bay4,baz4,bgx4,bgy4,bgz4,gax4,gay4,gaz4
0.287512391014,-0.0244784737413,-0.125474754518,-0.43681651288,0.156742260912,0.145605592781,0.945799509892,-0.378953859525,-0.0589656119735,0.295074755596,-0.0134326178687,-0.0833482670508,-0.195727830416,-0.0338351986871,0.09396372848,0.938889555541,-0.374387331628,-0.0678445194254,0.250954364892,-0.0405274740587,-0.128350109774,0.477018770012,-0.420414972872,-0.0142511265619,0.970803696861,-0.341953883449,-0.0579278493088,0.270647496751,-0.0243783087144,-0.121090752116,0.360051272276,-0.244690912663,0.00461833732311,0.942468138839,-0.358051930834,-0.0594476965073,0.366122346823,-0.0323196778489,-0.0943944383824,0.511442759608,-0.508513503855,-0.0436764576682,0.953672678088,-0.378178200325,-0.0560601362365
