bax0,bay0,baz0,bgx0,bgy0,bgz0,gax0,gay0,gaz0,bax1,bay1,baz1,bgx1,bgy1,bgz1,gax1,gay1,gaz1,bax2,bay2,baz2,bgx2,bgy2,bgz2,gax2,gay2,gaz2,bax3,bay3,baz3,bgx3,bgy3,bgz3,gax3,gay3,gaz3,bax4,bay4,baz4,bgx4,bgy4,bgz4,gax4,gay4,gaz4
0.257786537083,-0.0341184340009,-0.132868101909,-0.359183460297,0.143048275515,0.161225202647,0.943099717825,-0.379373017758,-0.0619826867505,0.295876576187,-0.00555773793702,-0.0843477888018,-0.235534526289,-0.0511032764862,0.135815572093,0.93888946898,-0.391716609391,-0.0644561488527,0.238280485453,-0.0541843826383,-0.119678373989,0.464844085501,-0.460621498279,-0.0228445812423,0.979466688738,-0.330418431998,-0.0523275507914,0.262825840891,-0.0189211202772,-0.120756843875,0.293742583944,-0.267104644453,0.0158659468364,0.960272528286,-0.369474104825,-0.0659436648891,0.37146260997,-0.0375595824141,-0.102253862059,0.515012915189,-0.559847598237,-0.0652749341947,0.938325382034,-0.371551337007,-0.0648522426073
