bax0,bay0,baz0,bgx0,bgy0,bgz0,gax0,gay0,gaz0,bax1,bay1,baz1,bgx1,bgy1,bgz1,gax1,gay1,gaz1,bax2,bay2,baz2,bgx2,bgy2,bgz2,gax2,gay2,gaz2,bax3,bay3,baz3,bgx3,bgy3,bgz3,gax3,gay3,gaz3,bax4,bay4,baz4,bgx4,bgy4,bgz4,gax4,gay4,gaz4
0.272900270496,-0.0454097164639,-0.139212053637,-0.443888535358,0.186288807074,0.175744349083,0.939868369627,-0.376645021399,-0.060345576322,0.287030953036,-0.0114764398907,-0.0848602762177,-0.192468863121,-0.0144982641548,0.0973660649684,0.937172159886,-0.385642476879,-0.0744267889295,0.249758509224,-0.0578763673932,-0.114412407714,0.513136092844,-0.434496273067,-0.0413927902611,0.965075096094,-0.347539865562,-0.0591885967312,0.277026232095,-0.0242903118029,-0.129799375402,0.245240073205,-0.264633943884,0.00141070049508,0.933148247825,-0.36388058477,-0.0620669345239,0.343044317524,-0.0551410612333,-0.0917604038211,0.463409714737,-0.538340434224,-0.0863317459126,0.945030470127,-0.360017041898,-0.0620275572887
