bax0,bay0,baz0,bgx0,bgy0,bgz0,gax0,gay0,gaz0,bax1,bay1,baz1,bgx1,bgy1,bgz1,gax1,gay1,gaz1,bax2,bay2,baz2,bgx2,bgy2,bgz2,gax2,gay2,gaz2,bax3,bay3,baz3,bgx3,bgy3,bgz3,gax3,gay3,gaz3,bax4,bay4,baz4,bgx4,bgy4,bgz4,gax4,gay4,gaz4
0.373109267834,-0.0028161786697,-0.146378319712,0.15667262711,-0.383478629402,0.0327319509529,0.939169784165,-0.372191288674,-0.0439420876763,0.285774803994,-0.00183035279593,-0.155403169087,-0.237313047017,-0.0394177403304,0.107571501356,0.950122728202,-0.359306980869,-0.046982704809,0.23076227264,-0.00455505280926,-0.0625866917392,0.101289771828,-0.279692331018,0.137732635577,0.937985305662,-0.358308767288,-0.0639224078305,0.262901013001,0.00135374496758,-0.0613201841739,-0.031316228336,-0.125431808867,0.174978814157,0.939167962173,-0.356512193958,-0.0419570309693,0.240233109986,-0.0238649141389,-0.104470562271,-0.391414469449,0.180292114723,0.12586758021,0.943328904594,-0.358240668142,-0.0493996150332
