bax0,bay0,baz0,bgx0,bgy0,bgz0,gax0,gay0,gaz0,bax1,bay1,baz1,bgx1,bgy1,bgz1,gax1,gay1,gaz1,bax2,bay2,baz2,bgx2,bgy2,bgz2,gax2,gay2,gaz2,bax3,bay3,baz3,bgx3,bgy3,bgz3,gax3,gay3,gaz3,bax4,bay4,baz4,bgx4,bgy4,bgz4,gax4,gay4,gaz4
0.378913839257,-0.0122357667788,-0.159128488982,0.11788648812,-0.424849059211,0.0349551459121,0.946264972882,-0.371931115529,-0.0504584843394,0.278870612035,-0.0208848438382,-0.1407799506,-0.178656044505,-0.0509569160055,0.116279326598,0.947589361927,-0.361744001924,-0.0449730792763,0.241374962718,-0.00833807975269,-0.0449368534811,0.100638470655,-0.350722420595,0.114801919171,0.938927333813,-0.353448737139,-0.0626115109789,0.246470592211,0.00727085060423,-0.0752397561473,-0.122195782715,-0.112044786975,0.181819123713,0.933714290873,-0.362644006549,-0.0500707796886,0.244299948186,-0.0239945700901,-0.11460763196,-0.41358338618,0.181667219044,0.163802245194,0.94446154134,-0.358341341969,-0.0455272080306
