bax0,bay0,baz0,bgx0,bgy0,bgz0,gax0,gay0,gaz0,bax1,bay1,baz1,bgx1,bgy1,bgz1,gax1,gay1,gaz1,bax2,bay2,baz2,bgx2,bgy2,bgz2,gax2,gay2,gaz2,bax3,bay3,baz3,bgx3,bgy3,bgz3,gax3,gay3,gaz3,bax4,bay4,baz4,bgx4,bgy4,bgz4,gax4,gay4,gaz4
0.233084015883,-0.0722027010152,-0.075351227355,0.381420880711,-0.399436721171,-0.114123493258,0.957594296026,-0.392534736737,-0.12405482394,0.29247092416,-0.0249875190123,-0.124698801358,0.1785701513,-0.306784532315,-0.049160059624,0.928893633423,-0.406240379792,-0.0975168682969,0.214841313681,0.0110759143215,-0.0988708045646,0.540044799274,-0.594687573161,-0.14988305287,0.914988668044,-0.41082470005,-0.0972674261158,0.295317521549,-0.0185993715646,-0.102617090516,0.323438638771,-0.500921061408,-0.0716384209931,0.907012407043,-0.412768039024,-0.0919341069052,0.26741277558,-0.0134019265391,-0.0636736849082,-0.100046071798,0.0315397138742,0.0766693867609,0.922580729885,-0.420902814179,-0.0939385594812
