bax0,bay0,baz0,bgx0,bgy0,bgz0,gax0,gay0,gaz0,bax1,bay1,baz1,bgx1,bgy1,bgz1,gax1,gay1,gaz1,bax2,bay2,baz2,bgx2,bgy2,bgz2,gax2,gay2,gaz2,bax3,bay3,baz3,bgx3,bgy3,bgz3,gax3,gay3,gaz3,bax4,bay4,baz4,bgx4,bgy4,bgz4,gax4,gay4,gaz4
0.179313806309,-0.00550701799159,-0.0841548035866,0.0722677558474,-0.15771319036,0.0611228701697,0.930029239478,-0.403579246595,-0.0777143195771,0.28746848559,-0.0350696068345,-0.116301448965,-0.0936161383472,-0.102459959534,0.226455081263,0.928852339032,-0.399370952632,-0.0861497734378,0.280235370984,-0.0315201198699,-0.131703737167,-0.410240167825,0.295407666266,0.228530455732,0.922217222362,-0.412572758666,-0.0931779662532,0.29092614353,-0.0153066029052,-0.137275031996,-0.239305759588,0.186705255703,0.1616493504,0.901504861518,-0.426682473428,-0.0941195131628,0.185247472069,-0.0620404443464,-0.0300766436878,0.324436981717,-0.42355051483,-0.0671866137946,0.960671244885,-0.391366573766,-0.107454211013
