bax0,bay0,baz0,bgx0,bgy0,bgz0,gax0,gay0,gaz0,bax1,bay1,baz1,bgx1,bgy1,bgz1,gax1,gay1,gaz1,bax2,bay2,baz2,bgx2,bgy2,bgz2,gax2,gay2,gaz2,bax3,bay3,baz3,bgx3,bgy3,bgz3,gax3,gay3,gaz3,bax4,bay4,baz4,bgx4,bgy4,bgz4,gax4,gay4,gaz4
0.0548228087623,-0.111508534058,-0.0755718396042,0.274180325205,-0.251799845446,-0.0748273006677,0.954401343981,-0.362274078702,-0.171080078048,0.216582400407,-0.0382606207292,-0.116323307354,0.121132651822,-0.157457036212,-0.0391749420435,0.918542622641,-0.409026889367,-0.153661676693,0.319077004474,-0.0205653139791,-0.0928255528524,0.250869273609,-0.252856390019,-0.145632699408,0.919207443142,-0.419501796275,-0.173246014867,0.463532628794,-0.0179449802095,-0.0523634351421,0.417817847457,-0.382112362105,-0.0629845398126,0.925642552975,-0.418555905566,-0.160631471903,0.312045197449,-0.0175936520578,-0.0916957086247,-0.0117556443659,-0.0823267950239,0.151255729685,0.93197351409,-0.407433497748,-0.150599163007
