bax0,bay0,baz0,bgx0,bgy0,bgz0,gax0,gay0,gaz0,bax1,bay1,baz1,bgx1,bgy1,bgz1,gax1,gay1,gaz1,bax2,bay2,baz2,bgx2,bgy2,bgz2,gax2,gay2,gaz2,bax3,bay3,baz3,bgx3,bgy3,bgz3,gax3,gay3,gaz3,bax4,bay4,baz4,bgx4,bgy4,bgz4,gax4,gay4,gaz4
0.384518111997,-0.00318489048894,-0.0593973052761,0.273112168232,-0.351599653234,-0.061316952999,0.908004451549,-0.436241703895,-0.146203360344,0.370494425552,-0.0279408801149,-0.13105555043,-0.112850829202,-0.0688397405647,0.101213026008,0.89967292737,-0.413729288463,-0.136119545306,0.34748071358,0.0333901286628,-0.0708554846072,0.0195407872849,-0.133671253095,0.12159589542,0.917730041228,-0.409350597744,-0.121067367625,0.206220825934,0.0313464679463,-0.110021105037,-0.254202390412,0.198190670799,0.264022061629,0.945191379893,-0.380642625525,-0.10729894594,0.158278695514,-0.0416857846625,-0.193985682081,-0.47512321572,0.292892122126,0.276603124652,0.945093452581,-0.394655980721,-0.111245380229
