bax0,bay0,baz0,bgx0,bgy0,bgz0,gax0,gay0,gaz0,bax1,bay1,baz1,bgx1,bgy1,bgz1,gax1,gay1,gaz1,bax2,bay2,baz2,bgx2,bgy2,bgz2,gax2,gay2,gaz2,bax3,bay3,baz3,bgx3,bgy3,bgz3,gax3,gay3,gaz3,bax4,bay4,baz4,bgx4,bgy4,bgz4,gax4,gay4,gaz4
0.276871300134,-0.0505333975225,-0.196848768506,0.179677982057,-0.317683126606,0.0081327560708,0.920821613939,-0.412662942305,-0.142847942162,0.223507459968,-0.159123029592,-0.0704949471104,0.116022733092,-0.154141446541,0.013863842613,0.977225117574,-0.349281234562,-0.169202007913,0.312787008487,-0.0823313570249,-0.110534178107,-0.0263275633514,-0.141247338581,0.0750740146112,0.929241134288,-0.40875539341,-0.158622663012,0.269917801832,0.0103671213368,-0.153113261485,0.413786486057,-0.447026810383,-0.188220070557,0.902917152651,-0.420628751485,-0.157870037981,0.218026629264,-0.0146545359765,-0.078776054709,0.324953744272,-0.328347595067,-0.0893879642024,0.920731408147,-0.416471556829,-0.163667297049
