bax0,bay0,baz0,bgx0,bgy0,bgz0,gax0,gay0,gaz0,bax1,bay1,baz1,bgx1,bgy1,bgz1,gax1,gay1,gaz1,bax2,bay2,baz2,bgx2,bgy2,bgz2,gax2,gay2,gaz2,bax3,bay3,baz3,bgx3,bgy3,bgz3,gax3,gay3,gaz3,bax4,bay4,baz4,bgx4,bgy4,bgz4,gax4,gay4,gaz4
0.283353596642,-0.0562113104911,-0.152663849703,0.207091184148,-0.347609827198,0.00874321834869,0.927794354801,-0.413381070271,-0.135157917003,0.214589998995,-0.187793413669,-0.0543228582441,0.13232508433,-0.207115324191,-0.0214921830388,0.975732669852,-0.355566557097,-0.182197292581,0.322621948164,-0.0782257345042,-0.095383905701,-0.0143410243749,-0.123138779756,0.071133300656,0.931973932911,-0.407087694611,-0.156172581715,0.262586705174,-0.0151633255064,-0.155789961054,0.448721232997,-0.444481489688,-0.186592115269,0.921681855123,-0.431615772596,-0.161219508283,0.228641579422,-0.022073095445,-0.0880197267319,0.316302537207,-0.303584397945,-0.0768306998062,0.925766797833,-0.412564304743,-0.153284908482
