bax0,bay0,baz0,bgx0,bgy0,bgz0,gax0,gay0,gaz0,bax1,bay1,baz1,bgx1,bgy1,bgz1,gax1,gay1,gaz1,bax2,bay2,baz2,bgx2,bgy2,bgz2,gax2,gay2,gaz2,bax3,bay3,baz3,bgx3,bgy3,bgz3,gax3,gay3,gaz3,bax4,bay4,baz4,bgx4,bgy4,bgz4,gax4,gay4,gaz4
0.289618916821,-0.10013904353,-0.0581499547498,-0.0611100502326,-0.146395472595,0.157228950453,0.903325585795,-0.443011193589,-0.163114738275,0.373124584679,-0.00166330080773,-0.0934638290365,0.0554467329147,-0.283010116401,0.0253501029188,0.903274026329,-0.455678541735,-0.166183776109,0.214817983714,0.0414393889052,-0.0971318827505,-0.316198111376,0.140794270093,0.22184626754,0.93214714945,-0.465143389942,-0.156444394979,0.206566681223,-0.00385944771048,-0.177315335501,-0.193376359425,0.198664878488,0.17568654382,0.906773180931,-0.426677055749,-0.147433326418,0.146806770213,-0.0839626805747,-0.184829326583,0.305980961913,-0.267689930797,-0.107486723532,0.98899063358,-0.356338647886,-0.153054814479
