bax0,bay0,baz0,bgx0,bgy0,bgz0,gax0,gay0,gaz0,bax1,bay1,baz1,bgx1,bgy1,bgz1,gax1,gay1,gaz1,bax2,bay2,baz2,bgx2,bgy2,bgz2,gax2,gay2,gaz2,bax3,bay3,baz3,bgx3,bgy3,bgz3,gax3,gay3,gaz3,bax4,bay4,baz4,bgx4,bgy4,bgz4,gax4,gay4,gaz4
0.297068789809,-0.0920815513167,-0.0639737076931,-0.0743036947649,-0.131538713374,0.126749912799,0.92995001764,-0.439537442585,-0.170883586508,0.353178534779,-0.0244680782095,-0.0768436132826,0.0692852105781,-0.265348343028,0.028947642801,0.906292397478,-0.479258816391,-0.164959915799,0.213236555563,0.0158233302809,-0.113257858391,-0.271754736367,0.100754113815,0.19976604165,0.911297142393,-0.444493724684,-0.146627594153,0.251952115091,-0.00322572305909,-0.16006873782,-0.176571637812,0.187489344321,0.167725707034,0.915581095213,-0.423320476555,-0.148283696115,0.122291272624,-0.0995335167824,-0.194435698741,0.307796260514,-0.279606462231,-0.0753301540008,0.979809790199,-0.344370819642,-0.160143044103
