bax0,bay0,baz0,bgx0,bgy0,bgz0,gax0,gay0,gaz0,bax1,bay1,baz1,bgx1,bgy1,bgz1,gax1,gay1,gaz1,bax2,bay2,baz2,bgx2,bgy2,bgz2,gax2,gay2,gaz2,bax3,bay3,baz3,bgx3,bgy3,bgz3,gax3,gay3,gaz3,bax4,bay4,baz4,bgx4,bgy4,bgz4,gax4,gay4,gaz4
0.391976661563,-0.0162960872841,-0.0817081730575,0.471451244665,-0.362266480021,-0.28214418203,0.905196362159,-0.421626816635,-0.203309694314,0.322514847514,-0.0028602444865,-0.126373917143,0.297245873602,-0.467981153434,-0.0636664830762,0.913376528734,-0.415451448568,-0.190151226795,0.164425547658,-0.0395711689771,-0.121103705662,-0.158980605108,-0.0565956448496,0.216873539286,0.931238074664,-0.401316146332,-0.200906163981,0.232543291835,-0.0478111521844,-0.0172095676175,0.114467068782,-0.218797248952,0.0223257092055,0.908504086483,-0.43074029927,-0.204997722404,0.262534051416,0.00722464774612,-0.110555196668,-0.11417639423,-0.0856347674277,0.111758269597,0.910945127136,-0.432881358492,-0.181888071281
