bax0,bay0,baz0,bgx0,bgy0,bgz0,gax0,gay0,gaz0,bax1,bay1,baz1,bgx1,bgy1,bgz1,gax1,gay1,gaz1,bax2,bay2,baz2,bgx2,bgy2,bgz2,gax2,gay2,gaz2,bax3,bay3,baz3,bgx3,bgy3,bgz3,gax3,gay3,gaz3,bax4,bay4,baz4,bgx4,bgy4,bgz4,gax4,gay4,gaz4
0.18440304513,-0.212267118028,-0.114622533796,0.397666372359,-0.242888352953,-0.0737717494359,1.02148646098,-0.154122194145,-0.017065687861,0.262053255974,-0.00708520939551,-0.101548929424,0.269068075347,-0.231332341677,-0.0250642892684,0.996782906062,-0.238130014564,-0.0337439396038,0.3712138571,-0.0359187850763,-0.0658043259547,0.29849832635,-0.214484603124,0.0318577562741,0.986370352864,-0.254412478948,-0.0260269152912,0.363662270046,-0.0318454540798,-0.0740749625818,0.322642327361,-0.193897985316,0.0534207315434,0.984405995974,-0.232995257431,-0.018854636217,0.313154951374,0.0126672685368,-0.117038925389,0.0737766315014,-0.0804127853369,0.138843695091,0.992899097639,-0.259254447523,-0.00924686332319
