bax0,bay0,baz0,bgx0,bgy0,bgz0,gax0,gay0,gaz0,bax1,bay1,baz1,bgx1,bgy1,bgz1,gax1,gay1,gaz1,bax2,bay2,baz2,bgx2,bgy2,bgz2,gax2,gay2,gaz2,bax3,bay3,baz3,bgx3,bgy3,bgz3,gax3,gay3,gaz3,bax4,bay4,baz4,bgx4,bgy4,bgz4,gax4,gay4,gaz4
0.194355693711,-0.17977578823,-0.116583206874,0.397255709829,-0.244008587655,-0.0851018051271,1.01113279552,-0.155292271681,-0.0117081733311,0.255370223058,-0.00243679732649,-0.0964986895166,0.264438208347,-0.248602645227,-0.0372877359916,0.992892487558,-0.233560893519,-0.0285753340755,0.384728260958,-0.0381911312555,-0.086426113269,0.280610811848,-0.192420532876,0.0199412736303,0.976275301457,-0.259842677528,-0.0305719149564,0.375523254271,-0.0256816658838,-0.0758578217719,0.336729758902,-0.175114310997,0.0463670552947,0.98176029743,-0.238044259461,-0.0233779584517,0.319500428502,0.00718413177445,-0.107554905929,0.0684817998383,-0.0825211547676,0.1069968607,0.984499861272,-0.255838909007,-0.000106197848678
