bax0,bay0,baz0,bgx0,bgy0,bgz0,gax0,gay0,gaz0,bax1,bay1,baz1,bgx1,bgy1,bgz1,gax1,gay1,gaz1,bax2,bay2,baz2,bgx2,bgy2,bgz2,gax2,gay2,gaz2,bax3,bay3,baz3,bgx3,bgy3,bgz3,gax3,gay3,gaz3,bax4,bay4,baz4,bgx4,bgy4,bgz4,gax4,gay4,gaz4
0.259402591633,0.0275912771598,-0.127599278618,0.057730461211,-0.0860409090139,0.0796247091335,0.986621178375,-0.248552126265,-0.012656218545,0.317264722009,-0.000428265884883,-0.155839110192,0.0512791196231,-0.0568437574802,0.0367629289481,0.993143410207,-0.234674331902,-0.0108544835115,0.331561194227,0.000818002423246,-0.112750915352,-0.349762383849,0.11153686879,0.129635600797,1.00206374488,-0.240869355886,-0.00658051833954,0.246174934482,-0.0366673997908,-0.105252324957,-0.340209405052,0.042619407255,0.127767329422,1.00187727612,-0.238566813695,-0.0146320071424,0.208477102218,-0.139560494902,-0.155004575976,0.509360092632,-0.256580823403,0.0207474976529,1.03227625064,-0.178722705558,0.00655495571955
