bax0,bay0,baz0,bgx0,bgy0,bgz0,gax0,gay0,gaz0,bax1,bay1,baz1,bgx1,bgy1,bgz1,gax1,gay1,gaz1,bax2,bay2,baz2,bgx2,bgy2,bgz2,gax2,gay2,gaz2,bax3,bay3,baz3,bgx3,bgy3,bgz3,gax3,gay3,gaz3,bax4,bay4,baz4,bgx4,bgy4,bgz4,gax4,gay4,gaz4
0.257591340746,-0.00353031902448,-0.137258450884,0.0017803604761,-0.0384317969512,0.0893076953972,0.984608970101,-0.236121114649,-0.0117249823923,0.318619395294,0.00301938298858,-0.151981190821,0.0248223271581,-0.0466100223831,0.0397378767981,0.99220394552,-0.248176948547,-0.00865799030602,0.322384300038,-0.0147190580356,-0.118313614471,-0.311887902828,0.0740923751112,0.119259791527,1.00132981496,-0.239466897163,-0.0137696623258,0.249879212397,-0.0425719689612,-0.0938326230532,-0.360633731494,0.0636674364526,0.147285745423,1.00352440264,-0.253827233703,-0.0135408887055,0.191128628456,-0.138479538647,-0.16542984057,0.526089901343,-0.236273442783,0.0299381258876,1.02592135802,-0.158817175749,0.0175803265069
