bax0,bay0,baz0,bgx0,bgy0,bgz0,gax0,gay0,gaz0,bax1,bay1,baz1,bgx1,bgy1,bgz1,gax1,gay1,gaz1,bax2,bay2,baz2,bgx2,bgy2,bgz2,gax2,gay2,gaz2,bax3,bay3,baz3,bgx3,bgy3,bgz3,gax3,gay3,gaz3,bax4,bay4,baz4,bgx4,bgy4,bgz4,gax4,gay4,gaz4
0.253224444048,-0.0171935932028,-0.161989892481,0.298053865252,-0.182200900829,0.0052057986088,1.00616819352,-0.226403190823,-0.0023400535512,0.303705030761,-0.00383787942006,-0.0902809208314,0.359800220158,-0.252352250876,-0.0461399872032,0.988781764032,-0.239395717484,-0.0267322227032,0.325966481756,0.00268073194861,-0.0898956436819,0.314468316479,-0.240447264932,0.0175549411135,0.99558087333,-0.231869449025,-0.02612247415,0.359016272432,-0.0324428429934,-0.0515824147423,0.0733564961617,-0.155832743515,0.197532553966,1.00598603246,-0.226807668868,-0.0255310333408,0.311667168804,-0.0676326275863,-0.122306581894,0.0978453112198,-0.242297981349,0.0903143331189,0.98862808755,-0.236501977676,-0.0241511613596
