bax0,bay0,baz0,bgx0,bgy0,bgz0,gax0,gay0,gaz0,bax1,bay1,baz1,bgx1,bgy1,bgz1,gax1,gay1,gaz1,bax2,bay2,baz2,bgx2,bgy2,bgz2,gax2,gay2,gaz2,bax3,bay3,baz3,bgx3,bgy3,bgz3,gax3,gay3,gaz3,bax4,bay4,baz4,bgx4,bgy4,bgz4,gax4,gay4,gaz4
0.315104123141,-0.0365610142406,-0.179892568284,-0.15916509,-0.0902559403339,0.0207156699463,0.982584029809,-0.249842801779,-0.0180549996104,0.269612550172,-0.000987297453913,-0.132088222259,-0.450938967185,0.0607424381606,0.12185180678,0.985501675132,-0.254554072792,-0.0348702425531,0.334227314829,-0.105668470391,-0.0531924537135,0.732266520665,-0.27888546926,0.0257403147945,1.00805004455,-0.193295394545,-0.0246053173414,0.395199302107,-0.0284458824788,-0.137644937361,0.416041612217,-0.209621227094,0.0592742753513,1.00515856822,-0.23077711713,0.00402406209778,0.29134252973,-0.0613980550558,-0.110912651784,0.387438916035,-0.35727914979,0.0392388676513,0.994084716311,-0.233434487929,-0.0170085908036
