bax0,bay0,baz0,bgx0,bgy0,bgz0,gax0,gay0,gaz0,bax1,bay1,baz1,bgx1,bgy1,bgz1,gax1,gay1,gaz1,bax2,bay2,baz2,bgx2,bgy2,bgz2,gax2,gay2,gaz2,bax3,bay3,baz3,bgx3,bgy3,bgz3,gax3,gay3,gaz3,bax4,bay4,baz4,bgx4,bgy4,bgz4,gax4,gay4,gaz4
0.320144686175,-0.0283542066781,-0.164374975595,-0.182306654659,-0.120031631083,0.0267044460429,0.98413781578,-0.255147583655,-0.0198103478015,0.267521649011,-0.00493038722433,-0.111700138153,-0.450118888201,0.121808460459,0.133166490522,0.991905525632,-0.25719629144,-0.0387308670456,0.334350017685,-0.131857926807,-0.0674068223242,0.653250774082,-0.240957715844,0.0250987860418,1.01376402532,-0.190401624065,-0.0156996968649,0.379603695225,-0.0324217741439,-0.136206296959,0.391199889147,-0.26020940502,0.0576195977553,1.01133774625,-0.243682916789,0.0058477227283,0.30252295901,-0.0686110264272,-0.0868367182632,0.495652172661,-0.328708635218,0.0443025674074,0.991105035004,-0.245996243161,-0.0283608133304
