bax0,bay0,baz0,bgx0,bgy0,bgz0,gax0,gay0,gaz0,bax1,bay1,baz1,bgx1,bgy1,bgz1,gax1,gay1,gaz1,bax2,bay2,baz2,bgx2,bgy2,bgz2,gax2,gay2,gaz2,bax3,bay3,baz3,bgx3,bgy3,bgz3,gax3,gay3,gaz3,bax4,bay4,baz4,bgx4,bgy4,bgz4,gax4,gay4,gaz4
0.306179248786,-0.0290364616283,-0.200378817927,-0.175736316189,-0.11872000978,0.0195222110842,0.977752793888,-0.256825753293,-0.0141144234283,0.25779486343,0.0185605560164,-0.121512347226,-0.495856321212,0.069727670287,0.126826092391,1.00138628881,-0.239490840476,-0.0308568076034,0.329368417996,-0.113904323435,-0.0591739387782,0.695183953637,-0.280567157551,0.0277636243012,1.00899545462,-0.18846378777,-0.0233314313965,0.374502720926,-0.0146028255804,-0.165454771385,0.37374492544,-0.227311852987,0.0315231118462,1.00014232868,-0.239826924437,-0.0034011854653,0.276389962838,-0.0471025331933,-0.116111260125,0.409167373048,-0.332217524856,0.00828670280127,0.998159025792,-0.247044562737,-0.0250352042087
