bax0,bay0,baz0,bgx0,bgy0,bgz0,gax0,gay0,gaz0,bax1,bay1,baz1,bgx1,bgy1,bgz1,gax1,gay1,gaz1,bax2,bay2,baz2,bgx2,bgy2,bgz2,gax2,gay2,gaz2,bax3,bay3,baz3,bgx3,bgy3,bgz3,gax3,gay3,gaz3,bax4,bay4,baz4,bgx4,bgy4,bgz4,gax4,gay4,gaz4
0.288943007467,-0.0285218140189,-0.106759549021,0.238257449902,-0.31621602648,-0.0577724395886,0.980065076586,-0.263694031735,-0.0286434064555,0.281940029274,0.0127091328934,-0.0894386675947,0.0632193606003,-0.144371176063,-0.00223904337852,0.984407962654,-0.251036026073,-0.0289373019689,0.233260836741,-0.022441437161,-0.145095639963,0.0551862112652,-0.128443941478,0.03663954682,0.986941720339,-0.235316825299,-0.0186509226607,0.220416163812,-0.0304653708522,-0.13031926658,-0.313672088812,-0.0104704915528,0.133139029561,0.985143534225,-0.241112090796,-0.0257346716383,0.282802284396,0.00655567400484,-0.0998236770256,-0.420046497059,0.0902940505876,0.189001325065,0.983863102907,-0.245055373329,-0.0174766786083
