bax0,bay0,baz0,bgx0,bgy0,bgz0,gax0,gay0,gaz0,bax1,bay1,baz1,bgx1,bgy1,bgz1,gax1,gay1,gaz1,bax2,bay2,baz2,bgx2,bgy2,bgz2,gax2,gay2,gaz2,bax3,bay3,baz3,bgx3,bgy3,bgz3,gax3,gay3,gaz3,bax4,bay4,baz4,bgx4,bgy4,bgz4,gax4,gay4,gaz4
0.296400648263,-0.0343386688178,-0.100461734196,0.00468785134748,-0.160197319986,-0.013351651274,0.955926550175,-0.348101339294,-0.0348305946577,0.208192867292,0.00759393497607,-0.160839516977,-0.318567562958,0.138087406936,0.0274123452596,0.96001756526,-0.353758828829,-0.0283011467273,0.216607801751,0.0156810340646,-0.14819652299,-0.35133861345,0.140652520999,0.160054594158,0.975023235502,-0.320263099678,-0.0428780358097,-0.0207094656629,-0.145476664071,-0.124123828774,-0.6723988693,0.257695470674,-0.0641934574433,1.00213888546,-0.261881610822,-0.0268320610024,0.245994388189,-0.0164202564065,-0.0572319778633,-0.314192370558,-0.00832026286911,0.0669182485915,0.96503291486,-0.353308338898,-0.0392804145158
