bax0,bay0,baz0,bgx0,bgy0,bgz0,gax0,gay0,gaz0,bax1,bay1,baz1,bgx1,bgy1,bgz1,gax1,gay1,gaz1,bax2,bay2,baz2,bgx2,bgy2,bgz2,gax2,gay2,gaz2,bax3,bay3,baz3,bgx3,bgy3,bgz3,gax3,gay3,gaz3,bax4,bay4,baz4,bgx4,bgy4,bgz4,gax4,gay4,gaz4
0.40859536545,-0.0359663911144,-0.0882262131801,0.295248688646,-0.346523776471,-0.0377950996207,0.959786128393,-0.344822836297,-0.0405725920897,0.389807136825,-0.0171205939589,-0.114330456712,0.196473086859,-0.224483187783,-0.0156273349721,0.956992612792,-0.348027578789,-0.037810382559,0.33712477151,-0.0218554368786,-0.0981372264192,0.0489594881544,-0.212747268326,0.109547603669,0.962270410308,-0.350406746262,-0.0408061188026,0.194273693224,-0.0543023859313,-0.109480965838,0.0325034631052,-0.173713855838,0.0423967562383,0.960683337278,-0.335533532124,-0.0350102679611,0.200545660333,0.0110880014519,-0.138817636042,-0.303448348463,0.142068595285,0.0858555771065,0.951912895854,-0.350447700964,-0.0405522633162
