bax0,bay0,baz0,bgx0,bgy0,bgz0,gax0,gay0,gaz0,bax1,bay1,baz1,bgx1,bgy1,bgz1,gax1,gay1,gaz1,bax2,bay2,baz2,bgx2,bgy2,bgz2,gax2,gay2,gaz2,bax3,bay3,baz3,bgx3,bgy3,bgz3,gax3,gay3,gaz3,bax4,bay4,baz4,bgx4,bgy4,bgz4,gax4,gay4,gaz4
0.411230011693,-0.0267524393675,-0.0789654691235,0.311393881125,-0.33189461758,-0.0239777961971,0.960363639488,-0.345089739165,-0.0313892537084,0.371811955471,-0.0302821209343,-0.122063687728,0.215363020145,-0.189693054016,-0.00606069859541,0.959821273468,-0.348301312413,-0.0360192045096,0.31233969187,-0.0256743950892,-0.102811346349,0.0343861143362,-0.20337273978,0.0925775286308,0.955619576246,-0.343951340463,-0.0430939650802,0.190124219566,-0.045837762681,-0.117893679219,0.0188784700858,-0.166793650498,0.0538345226285,0.958581761803,-0.345269476919,-0.0292984439614,0.214381140919,0.00180483491624,-0.134850086666,-0.340943202449,0.152226347936,0.0866197302136,0.952296615549,-0.345947020948,-0.0449930766606
