bax0,bay0,baz0,bgx0,bgy0,bgz0,gax0,gay0,gaz0,bax1,bay1,baz1,bgx1,bgy1,bgz1,gax1,gay1,gaz1,bax2,bay2,baz2,bgx2,bgy2,bgz2,gax2,gay2,gaz2,bax3,bay3,baz3,bgx3,bgy3,bgz3,gax3,gay3,gaz3,bax4,bay4,baz4,bgx4,bgy4,bgz4,gax4,gay4,gaz4
0.195505049348,-0.116653912552,-0.0439574924269,-0.693389501283,0.172852801216,0.0355027658249,1.00609357047,-0.262133836551,-0.0428385564202,0.399438640172,-0.0214544291984,-0.0919570848382,-0.0968133951056,-0.239585788135,-0.0943748639409,0.956033395016,-0.309568399239,-0.0386708759973,0.213711239346,-0.00170021824263,-0.104289838489,0.27577035961,-0.397954045049,-0.121987496974,0.972922814359,-0.312123123517,-0.0331714859636,0.176955918162,-0.047586291821,-0.128654697268,0.113973495956,-0.212780599404,0.0615665688085,0.979956064486,-0.333390238223,-0.0330368367011,0.280377898664,-0.0505083683006,-0.107884269591,0.07028676629,-0.219960489357,0.0986943693615,0.967266167504,-0.351529997691,-0.0338392399302
