bax0,bay0,baz0,bgx0,bgy0,bgz0,gax0,gay0,gaz0,bax1,bay1,baz1,bgx1,bgy1,bgz1,gax1,gay1,gaz1,bax2,bay2,baz2,bgx2,bgy2,bgz2,gax2,gay2,gaz2,bax3,bay3,baz3,bgx3,bgy3,bgz3,gax3,gay3,gaz3,bax4,bay4,baz4,bgx4,bgy4,bgz4,gax4,gay4,gaz4
0.276118328108,-0.110680420508,-0.199313877118,-0.653996797391,0.044748498384,0.00671466992462,1.00060758427,-0.26654719771,0.0701064484921,0.197567955689,-0.0318971682328,-0.210609669041,-0.326307916339,0.0402974930382,0.0664784282522,0.991921598124,-0.308659527552,0.029211949298,0.239179453279,-0.0223680081167,-0.106131218028,0.265990610832,-0.1879968541,0.0332463011684,0.969659222426,-0.323065672762,-0.0103864276254,0.306466112729,-0.0442897646915,-0.0917028319507,0.343743387679,-0.260716590249,-0.00955326238905,0.95665845491,-0.354570145694,-0.00886265147248,0.325987527314,0.0407078707581,-0.0796886575224,-0.0180366512488,-0.0543448560244,0.0398142325395,0.971360748981,-0.322032620481,0.0069056011013
