bax0,bay0,baz0,bgx0,bgy0,bgz0,gax0,gay0,gaz0,bax1,bay1,baz1,bgx1,bgy1,bgz1,gax1,gay1,gaz1,bax2,bay2,baz2,bgx2,bgy2,bgz2,gax2,gay2,gaz2,bax3,bay3,baz3,bgx3,bgy3,bgz3,gax3,gay3,gaz3,bax4,bay4,baz4,bgx4,bgy4,bgz4,gax4,gay4,gaz4
0.279645555156,-0.0168564138011,-0.157060212029,0.121276313759,-0.171363187459,0.10386897178,0.985978976684,-0.293851715598,0.000367652463965,0.242411892869,-0.0780270502637,-0.13321199198,-0.0385668628506,-0.0961296728044,0.0971560167576,0.97001021744,-0.305547979865,-0.0176885649424,0.25397743632,0.0110417511924,-0.1232733404,-0.484389116454,0.278368531089,0.125927603415,0.97261037583,-0.337471462285,-0.0162350623369,0.242977852216,-0.00535041680561,-0.107110534239,-0.253979275661,0.11281644836,0.106093793777,0.966790597554,-0.314934016543,-0.0309958584753,0.146578824775,-0.0977591916689,-0.173314870179,-0.44779110607,0.14024011498,0.0720042411036,1.01014664596,-0.279670922427,0.0471234261037
