bax0,bay0,baz0,bgx0,bgy0,bgz0,gax0,gay0,gaz0,bax1,bay1,baz1,bgx1,bgy1,bgz1,gax1,gay1,gaz1,bax2,bay2,baz2,bgx2,bgy2,bgz2,gax2,gay2,gaz2,bax3,bay3,baz3,bgx3,bgy3,bgz3,gax3,gay3,gaz3,bax4,bay4,baz4,bgx4,bgy4,bgz4,gax4,gay4,gaz4
0.264849243852,-0.00733659845548,-0.159373393034,0.10580573661,-0.214521665561,0.101516887488,0.982789883754,-0.309320705701,-0.00195776912431,0.244921466854,-0.0498682059061,-0.122883161932,-0.0375693199891,-0.0895770137058,0.105307600499,0.979545798976,-0.310747990571,-0.0317331986869,0.233809607934,0.00375419674377,-0.103110483288,-0.498691515799,0.264328835199,0.123728882909,0.980482362426,-0.345509468257,-0.0351322440072,0.249741954973,0.0073761347624,-0.107208878568,-0.213524109099,0.151958224062,0.0994074138095,0.962554648643,-0.319227013921,-0.0317014455892,0.150188140645,-0.0927183011246,-0.171941126392,-0.500099139781,0.104981004641,0.0778094520012,1.00219749105,-0.289843734128,0.0325220304585
