bax0,bay0,baz0,bgx0,bgy0,bgz0,gax0,gay0,gaz0,bax1,bay1,baz1,bgx1,bgy1,bgz1,gax1,gay1,gaz1,bax2,bay2,baz2,bgx2,bgy2,bgz2,gax2,gay2,gaz2,bax3,bay3,baz3,bgx3,bgy3,bgz3,gax3,gay3,gaz3,bax4,bay4,baz4,bgx4,bgy4,bgz4,gax4,gay4,gaz4
0.268410209516,-0.00442011878107,-0.162799546784,0.0912179384084,-0.236460085528,0.1054433735,0.989505001809,-0.305218154112,0.000192125924792,0.255820855966,-0.0497372369789,-0.123309361692,0.00195839232221,-0.0762661772775,0.101233681655,0.989886720966,-0.30436302763,-0.0186576959092,0.233818612015,0.0156561359073,-0.110614753008,-0.466567599158,0.317773780105,0.117408057563,0.97399322482,-0.326210277907,-0.0207540790215,0.243105148455,-0.0040889463531,-0.113631142338,-0.22307663341,0.141905974714,0.10404977436,0.973521475028,-0.312014809722,-0.0463276197821,0.157778808139,-0.077391866767,-0.185069478311,-0.495711438682,0.105094289243,0.0660491205481,1.00973061626,-0.278044532532,0.0349180673165
