bax0,bay0,baz0,bgx0,bgy0,bgz0,gax0,gay0,gaz0,bax1,bay1,baz1,bgx1,bgy1,bgz1,gax1,gay1,gaz1,bax2,bay2,baz2,bgx2,bgy2,bgz2,gax2,gay2,gaz2,bax3,bay3,baz3,bgx3,bgy3,bgz3,gax3,gay3,gaz3,bax4,bay4,baz4,bgx4,bgy4,bgz4,gax4,gay4,gaz4
0.340311320514,-0.0211993083319,-0.0488334734897,0.319745553877,-0.29298803842,-0.0416188113131,0.96054861204,-0.364576343259,-0.0433061953986,0.327106086199,-0.00703701280198,-0.112239133309,-0.200316566893,-0.010969283845,0.162495951982,0.960188122477,-0.369303769519,-0.0219856920868,0.188881531353,-0.00326336953149,-0.184429908568,0.142490501813,-0.229085580795,0.0202164554343,0.960860609089,-0.350238982846,-0.00434334965814,0.235413831533,-0.0404313891355,-0.110192547649,0.00909357176291,0.0264198620879,0.0648032025505,0.951808426999,-0.34222188539,-0.0324385602496,0.39731315132,-0.0605563922716,-0.119851618614,-0.406254844966,0.284306991494,0.266130305883,0.949976343516,-0.355402370426,-0.0366567926579
