bax0,bay0,baz0,bgx0,bgy0,bgz0,gax0,gay0,gaz0,bax1,bay1,baz1,bgx1,bgy1,bgz1,gax1,gay1,gaz1,bax2,bay2,baz2,bgx2,bgy2,bgz2,gax2,gay2,gaz2,bax3,bay3,baz3,bgx3,bgy3,bgz3,gax3,gay3,gaz3,bax4,bay4,baz4,bgx4,bgy4,bgz4,gax4,gay4,gaz4
0.358894896495,0.00301106853509,-0.0990900140303,-0.254483031554,0.000171999949595,0.160800919252,0.950129515808,-0.383326876188,-0.0315975478932,0.202902543892,-0.102265816634,-0.174492649573,-0.513797712373,0.242312514842,-0.0368476679417,0.991029563002,-0.318126273063,0.0329904333505,0.341524998508,-0.041735848193,-0.132868698186,-0.258928823052,-0.0136684921829,0.110487018712,0.966962515261,-0.356924619211,0.0318643714572,0.399021515546,-0.0366227496289,-0.168864482917,0.30145142204,-0.418721323657,0.0461543761504,0.945427375436,-0.377695960204,-0.0151195332995,0.364989780407,-0.00952061183169,-0.129928476613,0.333228900228,-0.362718573069,-0.0354716243526,0.947367163069,-0.401297576426,-0.0357269825964
