bax0,bay0,baz0,bgx0,bgy0,bgz0,gax0,gay0,gaz0,bax1,bay1,baz1,bgx1,bgy1,bgz1,gax1,gay1,gaz1,bax2,bay2,baz2,bgx2,bgy2,bgz2,gax2,gay2,gaz2,bax3,bay3,baz3,bgx3,bgy3,bgz3,gax3,gay3,gaz3,bax4,bay4,baz4,bgx4,bgy4,bgz4,gax4,gay4,gaz4
0.318936623893,-0.00558494478907,-0.113921339227,-0.0719695487268,-0.0125234961608,0.108190850557,0.95616569211,-0.376968788796,-0.0208791268455,0.269592566752,-0.0186080468695,-0.143131272909,0.072327325926,-0.170564147423,0.0916888749826,0.965749627042,-0.367326219004,-0.0155961335724,0.237512957241,-0.0445324488369,-0.089260585515,-0.114563215415,-0.013788391784,0.127086438239,0.958303322082,-0.371977004269,-0.0175721841372,0.261978855885,-0.0235779261613,-0.0798168422491,-0.449875316967,0.192104779184,0.172957667417,0.955023536635,-0.378868963678,-0.0134488855485,0.31707290411,0.0109219735141,-0.137813801832,-0.136145188354,0.0369865986958,0.0912406640694,0.952325879373,-0.365349699979,-0.0113305847734
