bax0,bay0,baz0,bgx0,bgy0,bgz0,gax0,gay0,gaz0,bax1,bay1,baz1,bgx1,bgy1,bgz1,gax1,gay1,gaz1,bax2,bay2,baz2,bgx2,bgy2,bgz2,gax2,gay2,gaz2,bax3,bay3,baz3,bgx3,bgy3,bgz3,gax3,gay3,gaz3,bax4,bay4,baz4,bgx4,bgy4,bgz4,gax4,gay4,gaz4
0.300904963936,-0.0136503416625,-0.0886655138809,-0.0447241034554,-0.0074730169547,0.0792451853034,0.960735924858,-0.367955645647,-0.0153083476385,0.271042283151,-0.014265244216,-0.149657973221,0.0984034047487,-0.151341718606,0.0949953001814,0.964619950938,-0.363447084715,-0.0173442415073,0.229944040187,-0.0401573319247,-0.0817593750997,-0.114807433598,-0.00349194284072,0.131846079692,0.9607693449,-0.372787806488,-0.0226571887556,0.26989269996,-0.00931534080574,-0.0984283341308,-0.435734003136,0.189922299234,0.164389702017,0.958807339073,-0.382638731717,-0.013023920571,0.299124451331,0.0330416906133,-0.141562225517,-0.207870030936,0.06904658049,0.0842903316171,0.949328567772,-0.365494057606,-0.00552165695824
