bax0,bay0,baz0,bgx0,bgy0,bgz0,gax0,gay0,gaz0,bax1,bay1,baz1,bgx1,bgy1,bgz1,gax1,gay1,gaz1,bax2,bay2,baz2,bgx2,bgy2,bgz2,gax2,gay2,gaz2,bax3,bay3,baz3,bgx3,bgy3,bgz3,gax3,gay3,gaz3,bax4,bay4,baz4,bgx4,bgy4,bgz4,gax4,gay4,gaz4
0.254043204347,-0.0702415783351,-0.179587480105,0.169847088801,-0.319707384506,-0.0193066109897,0.95435251427,-0.383845582894,-0.0181169350366,0.268754092675,-0.000487759784005,-0.169034796312,-0.116009546794,0.0352680704638,-0.00545054442742,0.929832225182,-0.404944717223,-0.0503259447573,0.216479418802,0.0235406546484,-0.0989282206035,-0.478139244827,0.2829188299,0.140400671868,0.935710877514,-0.399421536349,-0.0728865680353,0.301490489545,-0.0298567337618,-0.207327676759,-0.605552256881,0.247251092752,0.0122762005539,0.969909405066,-0.372968224996,-0.0196164460758,0.395593476292,-0.0535496059785,-0.182795086634,-0.113192743154,-0.0619895690938,0.0424581056855,0.93947455542,-0.38843297052,-0.0588334231955
