bax0,bay0,baz0,bgx0,bgy0,bgz0,gax0,gay0,gaz0,bax1,bay1,baz1,bgx1,bgy1,bgz1,gax1,gay1,gaz1,bax2,bay2,baz2,bgx2,bgy2,bgz2,gax2,gay2,gaz2,bax3,bay3,baz3,bgx3,bgy3,bgz3,gax3,gay3,gaz3,bax4,bay4,baz4,bgx4,bgy4,bgz4,gax4,gay4,gaz4
0.255658105655,-0.078973890158,-0.19192458063,0.123400085678,-0.346173806398,-0.00477559810674,0.938549107107,-0.386336177252,-0.0250930891527,0.292647729121,-0.019100552951,-0.184597037701,-0.121309510587,0.0731161466297,-0.0295515288441,0.939555349649,-0.407716009287,-0.0566899675269,0.211724874264,0.0155482371101,-0.0986936373296,-0.462335849019,0.323617362739,0.148267468398,0.935371010175,-0.394543836707,-0.0648375474619,0.337590789004,-0.026380379116,-0.182342506318,-0.550923517999,0.202666145981,0.0168520754189,0.964516520859,-0.367993015337,-0.0178855694555,0.370362221378,-0.0516616789258,-0.180855040023,-0.120843087455,-0.0911162876314,0.0521305847603,0.94569293865,-0.404956320626,-0.0518626842891
