bax0,bay0,baz0,bgx0,bgy0,bgz0,gax0,gay0,gaz0,bax1,bay1,baz1,bgx1,bgy1,bgz1,gax1,gay1,gaz1,bax2,bay2,baz2,bgx2,bgy2,bgz2,gax2,gay2,gaz2,bax3,bay3,baz3,bgx3,bgy3,bgz3,gax3,gay3,gaz3,bax4,bay4,baz4,bgx4,bgy4,bgz4,gax4,gay4,gaz4
0.350592736405,-0.0240846990148,-0.126359735092,0.476697435237,-0.376773800984,-0.036272699402,0.929582545859,-0.418501603793,-0.0716315028175,0.337060661156,-0.0104895663404,-0.0593911825179,0.086825677954,-0.189434672449,0.0685053912894,0.94159254467,-0.412626319568,-0.0557886629413,0.144241508364,-0.0914295728771,-0.194636162337,0.0845707076812,-0.22542250212,0.0905801077599,0.944171350215,-0.396091722232,-0.0394599373317,0.220884214889,-0.0209533447238,-0.124190956969,0.0186603319843,-0.103827653763,0.033848583081,0.919787966541,-0.431215384456,-0.0768807661149,0.322237610196,0.0464758760314,-0.0265525718436,-0.402895564504,0.357918947,0.113078975407,0.922021379305,-0.440354072358,-0.0739349222408
