bax0,bay0,baz0,bgx0,bgy0,bgz0,gax0,gay0,gaz0,bax1,bay1,baz1,bgx1,bgy1,bgz1,gax1,gay1,gaz1,bax2,bay2,baz2,bgx2,bgy2,bgz2,gax2,gay2,gaz2,bax3,bay3,baz3,bgx3,bgy3,bgz3,gax3,gay3,gaz3,bax4,bay4,baz4,bgx4,bgy4,bgz4,gax4,gay4,gaz4
0.363247321118,-0.0405675006617,-0.111000306617,0.38295651923,-0.36315530994,-0.027710491789,0.92800767028,-0.409037036217,-0.0650727712996,0.274933160081,-0.00172688408297,-0.0515172107831,0.132192897727,-0.172507757422,0.0808054967062,0.932711325504,-0.401077026594,-0.0606283376996,0.141623627392,-0.085493059295,-0.168495405388,0.0598074250557,-0.209043312941,0.0691144632959,0.945325650824,-0.397470194516,-0.0452395644782,0.257039999628,-0.0339270440356,-0.0953244628889,0.00227519282467,-0.159958077334,0.0243348756306,0.919191634803,-0.433067303392,-0.0672957479767,0.324533186031,0.058507099154,-0.0319615574367,-0.370359502771,0.346641273864,0.108550742241,0.910687908064,-0.44656844085,-0.0789658356926
