bax0,bay0,baz0,bgx0,bgy0,bgz0,gax0,gay0,gaz0,bax1,bay1,baz1,bgx1,bgy1,bgz1,gax1,gay1,gaz1,bax2,bay2,baz2,bgx2,bgy2,bgz2,gax2,gay2,gaz2,bax3,bay3,baz3,bgx3,bgy3,bgz3,gax3,gay3,gaz3,bax4,bay4,baz4,bgx4,bgy4,bgz4,gax4,gay4,gaz4
0.195240826885,-0.0621733121922,-0.235597021979,-0.712817740433,0.111637723159,0.68437333181,0.894689280009,-0.165244313362,-0.461015922213,0.22258108594,-0.0237383372244,-0.166595085381,-0.414396157017,0.153403369587,0.482301713145,0.833865483151,-0.187303929633,-0.494128118464,0.286967096048,-0.0014283952276,-0.0761533863987,-0.0468369092912,-0.0231611856286,0.0293823450983,0.82059007805,-0.192550983476,-0.495372271127,0.203129745146,-0.0459806554227,-0.0999651395779,0.291090935681,-0.0673606274377,-0.411291592865,0.822438021021,-0.176363085309,-0.520238904024,0.226353121602,-0.0187312819092,-0.0830888918479,0.100711061076,-0.0276920421279,-0.00298192907628,0.822444236015,-0.189132738206,-0.523992455845
