bax0,bay0,baz0,bgx0,bgy0,bgz0,gax0,gay0,gaz0,bax1,bay1,baz1,bgx1,bgy1,bgz1,gax1,gay1,gaz1,bax2,bay2,baz2,bgx2,bgy2,bgz2,gax2,gay2,gaz2,bax3,bay3,baz3,bgx3,bgy3,bgz3,gax3,gay3,gaz3,bax4,bay4,baz4,bgx4,bgy4,bgz4,gax4,gay4,gaz4
0.194274163761,-0.0503729141265,-0.244786367774,-0.731803636851,0.133117025763,0.644122822529,0.894523535375,-0.162805215029,-0.439697960493,0.216847934267,-0.0146831032477,-0.174347510623,-0.39344541773,0.153425676633,0.489087716543,0.848973456092,-0.181350828013,-0.490288182687,0.298094567645,-0.006711702882,-0.0656010125685,-0.137659678792,-0.00754798876505,0.0337656398507,0.819873872122,-0.189605076426,-0.506691603072,0.194311590296,-0.0367458430445,-0.0751643766263,0.269885058291,-0.0960421897701,-0.448761769297,0.82926823779,-0.184818582279,-0.514810497555,0.223038853892,-0.0353100330326,-0.0923731253619,0.0918120630218,-0.0460812849583,-0.00338561988461,0.807796126513,-0.184635452307,-0.527139819741
