bax0,bay0,baz0,bgx0,bgy0,bgz0,gax0,gay0,gaz0,bax1,bay1,baz1,bgx1,bgy1,bgz1,gax1,gay1,gaz1,bax2,bay2,baz2,bgx2,bgy2,bgz2,gax2,gay2,gaz2,bax3,bay3,baz3,bgx3,bgy3,bgz3,gax3,gay3,gaz3,bax4,bay4,baz4,bgx4,bgy4,bgz4,gax4,gay4,gaz4
0.360539881947,-0.0405380758992,-0.128997551725,-0.0231894227223,-0.123130009071,0.143131448748,0.836729915956,-0.18282921847,-0.508672880921,0.368255797065,-0.0323536200257,-0.160371661103,0.192965315307,-0.089851536723,-0.0301173860711,0.825682111692,-0.181686487336,-0.504554930856,0.380555314459,-0.0120759427433,-0.120106602112,-0.0987122515616,0.0316059329186,0.405924647734,0.824787367763,-0.180582108465,-0.507031718239,0.309460321704,-0.0254578849834,-0.0858918704654,-0.365407201791,-0.0389942199696,0.609663797495,0.830101970544,-0.169411307251,-0.507408438886,0.173830762106,-0.00521960340884,-0.11076485923,-0.205156914708,-0.0336158488072,0.391577270225,0.837686051552,-0.187869222975,-0.503747845398
