bax0,bay0,baz0,bgx0,bgy0,bgz0,gax0,gay0,gaz0,bax1,bay1,baz1,bgx1,bgy1,bgz1,gax1,gay1,gaz1,bax2,bay2,baz2,bgx2,bgy2,bgz2,gax2,gay2,gaz2,bax3,bay3,baz3,bgx3,bgy3,bgz3,gax3,gay3,gaz3,bax4,bay4,baz4,bgx4,bgy4,bgz4,gax4,gay4,gaz4
0.335204559852,-0.0347226300214,-0.109139655154,-0.0487791465334,-0.114979358621,0.110823423749,0.833755350489,-0.179737616093,-0.51268497945,0.347607137773,-0.0207744948055,-0.151281062452,0.169661270507,-0.0924365893591,-0.0555484567716,0.83025289016,-0.178555132912,-0.508492466457,0.382206539811,-0.00185975566975,-0.0883849224173,-0.155178913816,0.0175720331391,0.361295615385,0.82740892392,-0.176777650596,-0.512045651405,0.330520440181,-0.0152195167976,-0.0875141122965,-0.36534918713,-0.0306428977585,0.640699514502,0.836478637387,-0.17104932627,-0.508829772879,0.151988897407,-0.0145636176068,-0.109858507445,-0.208188756017,-0.00881042574377,0.372984700744,0.838757847452,-0.189285167596,-0.507521689635
