bax0,bay0,baz0,bgx0,bgy0,bgz0,gax0,gay0,gaz0,bax1,bay1,baz1,bgx1,bgy1,bgz1,gax1,gay1,gaz1,bax2,bay2,baz2,bgx2,bgy2,bgz2,gax2,gay2,gaz2,bax3,bay3,baz3,bgx3,bgy3,bgz3,gax3,gay3,gaz3,bax4,bay4,baz4,bgx4,bgy4,bgz4,gax4,gay4,gaz4
0.202323027864,0.0172991490989,-0.114060653819,0.0381365445238,-0.126239073515,-0.16569888068,0.776875189334,-0.209695740746,-0.568336849851,0.363619866217,0.0225689173567,-0.116604069343,-0.241042426528,0.0223535781432,0.474256653727,0.771632210623,-0.213560089864,-0.579352358396,0.454336826223,-0.0264490509461,-0.111967137432,-0.323122964704,0.00691528803965,0.628450086755,0.763248287054,-0.204262499794,-0.563729971602,0.104715595383,-0.0570838274114,-0.347735140789,-0.630259533641,0.06078106398,0.6927066379,0.878027524549,-0.202186407369,-0.45144348772,0.232256166614,-0.0516100248074,-0.215906458747,-0.396719113823,0.113148268326,0.394603412104,0.794477304783,-0.2076893244,-0.555104392383
