bax0,bay0,baz0,bgx0,bgy0,bgz0,gax0,gay0,gaz0,bax1,bay1,baz1,bgx1,bgy1,bgz1,gax1,gay1,gaz1,bax2,bay2,baz2,bgx2,bgy2,bgz2,gax2,gay2,gaz2,bax3,bay3,baz3,bgx3,bgy3,bgz3,gax3,gay3,gaz3,bax4,bay4,baz4,bgx4,bgy4,bgz4,gax4,gay4,gaz4
0.167041967611,-0.00854269633253,-0.109799731535,0.00745882949846,-0.118744711827,-0.142358827457,0.778253893053,-0.206480036964,-0.570650653929,0.409571253284,0.0282322860868,-0.099622697433,-0.286668894505,0.0345487389538,0.459688927578,0.741969891855,-0.212047252718,-0.577246782285,0.44234941071,-0.027190927992,-0.0851206826782,-0.369503757067,0.012882618674,0.646920745309,0.756684057181,-0.204893433561,-0.566866487709,0.141625925307,-0.0675697079056,-0.374736780717,-0.604618349299,0.0880780316791,0.751770829877,0.880204949961,-0.200285037794,-0.449011040898,0.199571335401,-0.0457371657442,-0.234398989409,-0.3683819264,0.129824514189,0.406634106375,0.788605102659,-0.205941567634,-0.555097485945
