bax0,bay0,baz0,bgx0,bgy0,bgz0,gax0,gay0,gaz0,bax1,bay1,baz1,bgx1,bgy1,bgz1,gax1,gay1,gaz1,bax2,bay2,baz2,bgx2,bgy2,bgz2,gax2,gay2,gaz2,bax3,bay3,baz3,bgx3,bgy3,bgz3,gax3,gay3,gaz3,bax4,bay4,baz4,bgx4,bgy4,bgz4,gax4,gay4,gaz4
0.248703442357,-0.0391255928614,-0.126010668231,0.124236032062,-0.0828270875195,-0.422510844708,0.74470179771,-0.207930187597,-0.586866406272,0.234491296031,0.00553466314937,-0.0934823663504,0.0876128367157,-0.106030935766,-0.367887100524,0.75561043851,-0.211078733414,-0.590350214671,0.244214347466,0.00594744394451,-0.087119930111,0.0292662448221,-0.106096267142,-0.214897406624,0.758459768217,-0.208906461814,-0.590519656923,0.4062046851,-0.0243309857333,-0.148764209508,0.112261766152,-0.115878972871,-0.0209733290329,0.74724900283,-0.204791813973,-0.592198909163,0.333562019032,-0.0100663131126,-0.165175550339,-0.230842471061,0.0379044735082,0.541336769089,0.756221513651,-0.207683796455,-0.584697140753
