bax0,bay0,baz0,bgx0,bgy0,bgz0,gax0,gay0,gaz0,bax1,bay1,baz1,bgx1,bgy1,bgz1,gax1,gay1,gaz1,bax2,bay2,baz2,bgx2,bgy2,bgz2,gax2,gay2,gaz2,bax3,bay3,baz3,bgx3,bgy3,bgz3,gax3,gay3,gaz3,bax4,bay4,baz4,bgx4,bgy4,bgz4,gax4,gay4,gaz4
0.16994412266,-0.0220248241305,-0.117451544837,-0.308811639338,0.0990682507727,0.606152814545,0.752002570533,-0.204299032487,-0.598794621491,0.213062579855,-0.101888662262,-0.375354173622,-0.716199748897,0.118443018606,0.290862698358,0.994905609254,-0.264204696185,-0.138571454244,0.116907755982,-0.0555700977808,-0.384180588614,-0.439915812317,0.287636379618,0.183206308005,0.992094297952,-0.307090783888,-0.204900941284,0.15754634836,-0.0220578048192,-0.140745874251,0.14428155486,0.0103872706237,-0.275815791867,0.915805434323,-0.307847206557,-0.335536145812,0.25383829192,0.00907006914445,-0.0512420535011,0.306397958554,-0.118779773521,-0.192840582059,0.889830963129,-0.315790996057,-0.347190748744
