bax0,bay0,baz0,bgx0,bgy0,bgz0,gax0,gay0,gaz0,bax1,bay1,baz1,bgx1,bgy1,bgz1,gax1,gay1,gaz1,bax2,bay2,baz2,bgx2,bgy2,bgz2,gax2,gay2,gaz2,bax3,bay3,baz3,bgx3,bgy3,bgz3,gax3,gay3,gaz3,bax4,bay4,baz4,bgx4,bgy4,bgz4,gax4,gay4,gaz4
0.194895610243,-0.0267053507169,-0.109150832907,-0.300474454327,0.0714029744914,0.659806717014,0.745200149012,-0.209378599664,-0.575358658435,0.244727880909,-0.0896718665617,-0.382379428177,-0.73582000505,0.080925055633,0.30450316065,0.97285034904,-0.241134831257,-0.0949036481483,0.112223095646,-0.0477600270529,-0.390196721946,-0.430166978709,0.300741646586,0.168419807788,0.963125933001,-0.30483243259,-0.221331685852,0.156469094242,-0.0203123150336,-0.13905562833,0.10764206595,-0.0109747088794,-0.182301712484,0.937844986625,-0.308183616438,-0.329010239826,0.261548009578,0.000598963146777,-0.100628067238,0.259883549069,-0.125027664525,-0.256865017149,0.926681399452,-0.334684395467,-0.30814716253
