bax0,bay0,baz0,bgx0,bgy0,bgz0,gax0,gay0,gaz0,bax1,bay1,baz1,bgx1,bgy1,bgz1,gax1,gay1,gaz1,bax2,bay2,baz2,bgx2,bgy2,bgz2,gax2,gay2,gaz2,bax3,bay3,baz3,bgx3,bgy3,bgz3,gax3,gay3,gaz3,bax4,bay4,baz4,bgx4,bgy4,bgz4,gax4,gay4,gaz4
0.293408982361,-0.00566006691197,-0.0779123684831,0.00141231607359,-0.0782728760512,0.196314557234,0.906343672842,-0.312709089658,-0.318747988961,0.304568660077,-0.00560589556074,-0.107804539295,0.149351611986,-0.161449544776,-0.0116453030934,0.908887745459,-0.307291711038,-0.315465062061,0.420427676102,-0.0279993780977,-0.119522656922,0.0347435514039,-0.0710956026866,0.159532633729,0.911183272437,-0.312614256354,-0.316261685526,0.343994972823,-0.0568642458477,-0.102891943619,-0.435861339891,0.140496103675,0.434282839407,0.925592235026,-0.304047586699,-0.314546363275,0.261140197213,-0.0212653864505,-0.077760945767,-0.282239123794,0.0941793172705,0.331528393811,0.915826858866,-0.31151135032,-0.31406691941
