bax0,bay0,baz0,bgx0,bgy0,bgz0,gax0,gay0,gaz0,bax1,bay1,baz1,bgx1,bgy1,bgz1,gax1,gay1,gaz1,bax2,bay2,baz2,bgx2,bgy2,bgz2,gax2,gay2,gaz2,bax3,bay3,baz3,bgx3,bgy3,bgz3,gax3,gay3,gaz3,bax4,bay4,baz4,bgx4,bgy4,bgz4,gax4,gay4,gaz4
0.287267035484,-0.0105453804847,-0.0716237860054,-0.0703934073122,-0.054849259609,0.203162977474,0.908124563884,-0.314899406566,-0.316393558549,0.326456606358,-0.0086357916662,-0.100526915871,0.109565868407,-0.127696096475,-0.0211054915032,0.902710062593,-0.310734968576,-0.314001652309,0.437030542605,-0.0343342798195,-0.11159670988,0.0130968380881,-0.0459716683411,0.16394663358,0.912012339906,-0.316451325193,-0.313761790173,0.341291785147,-0.0377276352078,-0.0979560732006,-0.413210504534,0.11017490594,0.481793169739,0.918650083106,-0.300461455077,-0.316811036003,0.291081436728,-0.0328232398882,-0.0705259741225,-0.333318388129,0.0868067196194,0.290823576387,0.918838331177,-0.308358773817,-0.313166973891
