bax0,bay0,baz0,bgx0,bgy0,bgz0,gax0,gay0,gaz0,bax1,bay1,baz1,bgx1,bgy1,bgz1,gax1,gay1,gaz1,bax2,bay2,baz2,bgx2,bgy2,bgz2,gax2,gay2,gaz2,bax3,bay3,baz3,bgx3,bgy3,bgz3,gax3,gay3,gaz3,bax4,bay4,baz4,bgx4,bgy4,bgz4,gax4,gay4,gaz4
0.0829280658928,-0.141214526759,-0.33978413253,-0.717577367372,0.225495897002,0.270975897871,0.990773102587,-0.23754321333,-0.251164514008,0.227688587296,-0.0733466367772,-0.229562611622,-0.434855815551,0.239520570084,0.0972483092549,0.918995773906,-0.284940614573,-0.340587327762,0.417218587705,-0.0262668128072,-0.0873225559333,0.120611432349,-0.0444465595748,-0.297200660638,0.873162705159,-0.33692632889,-0.35723704957,0.292848380789,0.0153899422678,-0.081357318888,0.310226782638,-0.134216571773,-0.17059407335,0.894029959809,-0.339930234936,-0.321236282517,0.202433996676,-0.00473074174957,-0.152629804029,0.0327282369453,-0.0735387791531,0.0816892866652,0.917083968746,-0.324363852537,-0.298681822591
