bax0,bay0,baz0,bgx0,bgy0,bgz0,gax0,gay0,gaz0,bax1,bay1,baz1,bgx1,bgy1,bgz1,gax1,gay1,gaz1,bax2,bay2,baz2,bgx2,bgy2,bgz2,gax2,gay2,gaz2,bax3,bay3,baz3,bgx3,bgy3,bgz3,gax3,gay3,gaz3,bax4,bay4,baz4,bgx4,bgy4,bgz4,gax4,gay4,gaz4
0.0698155620864,-0.114818039478,-0.341453137759,-0.659450221476,0.270343258492,0.299862617994,0.979177652678,-0.233190688059,-0.243096656739,0.231013612372,-0.0946978798721,-0.233786071863,-0.497110175503,0.282759500309,0.0640993295803,0.918363152059,-0.308747165083,-0.330667582666,0.418964215143,-0.0219966943944,-0.0690405901093,0.0793140835673,0.00784363608723,-0.255256612139,0.871890566695,-0.355261774867,-0.353494133536,0.271256999234,0.0306274808113,-0.0192400273187,0.222800663102,-0.160109131461,-0.137779021434,0.890127600602,-0.327094829478,-0.323704115461,0.181612695602,0.0106700642347,-0.131279558288,0.0471608400533,-0.109154674865,0.052937516617,0.927428592368,-0.310070848044,-0.288240964937
