bax0,bay0,baz0,bgx0,bgy0,bgz0,gax0,gay0,gaz0,bax1,bay1,baz1,bgx1,bgy1,bgz1,gax1,gay1,gaz1,bax2,bay2,baz2,bgx2,bgy2,bgz2,gax2,gay2,gaz2,bax3,bay3,baz3,bgx3,bgy3,bgz3,gax3,gay3,gaz3,bax4,bay4,baz4,bgx4,bgy4,bgz4,gax4,gay4,gaz4
0.234940541762,-0.0360176438468,-0.161789275679,0.0833161920395,-0.114184155448,0.0984472107954,0.895466025262,-0.31537976707,-0.333374495217,0.341729351737,-0.0458324823683,-0.0681094212815,-0.25365756875,0.0598479012966,0.324863109242,0.905586351995,-0.314969276946,-0.328692736046,0.292012152477,-0.051882682044,-0.132054600895,-0.373620901643,0.12780970422,0.336125832569,0.886828647361,-0.313562625997,-0.334149365545,0.143055388057,-0.067778476752,-0.343962589006,-0.641495096907,0.243481958975,0.301640797268,0.977953632738,-0.285309524783,-0.23553213598,0.231670594891,-0.0390423572108,-0.196186780119,-0.416490644641,0.152641797543,0.19613834381,0.938433336214,-0.316809278183,-0.296361350186
