bax0,bay0,baz0,bgx0,bgy0,bgz0,gax0,gay0,gaz0,bax1,bay1,baz1,bgx1,bgy1,bgz1,gax1,gay1,gaz1,bax2,bay2,baz2,bgx2,bgy2,bgz2,gax2,gay2,gaz2,bax3,bay3,baz3,bgx3,bgy3,bgz3,gax3,gay3,gaz3,bax4,bay4,baz4,bgx4,bgy4,bgz4,gax4,gay4,gaz4
0.271140493395,-0.0277226623492,-0.106735270098,0.0941568040456,-0.129515188087,0.0983969913823,0.904153692888,-0.317499458868,-0.30873779584,0.322691829733,-0.018247417924,-0.0819873868728,-0.239111978948,0.004139066453,0.372856328632,0.912022797158,-0.31616429981,-0.331403791334,0.293509944778,-0.0419384598111,-0.115003657953,-0.426392761107,0.0944441869594,0.308439918847,0.892681636668,-0.324303216266,-0.340361947235,0.124810942461,-0.0937953388012,-0.323866766567,-0.644726600613,0.260976363808,0.312562435081,0.987402402751,-0.289415865413,-0.201169473153,0.205540202515,-0.0518440063378,-0.181484599382,-0.41192491804,0.141204143352,0.195288968648,0.936498824339,-0.32287457444,-0.290942166995
