bax0,bay0,baz0,bgx0,bgy0,bgz0,gax0,gay0,gaz0,bax1,bay1,baz1,bgx1,bgy1,bgz1,gax1,gay1,gaz1,bax2,bay2,baz2,bgx2,bgy2,bgz2,gax2,gay2,gaz2,bax3,bay3,baz3,bgx3,bgy3,bgz3,gax3,gay3,gaz3,bax4,bay4,baz4,bgx4,bgy4,bgz4,gax4,gay4,gaz4
0.132584499266,-0.0195293527638,-0.212261392061,0.44684682156,-0.533054449427,-0.19510347243,0.967099399625,-0.331352019591,0.0131954514926,0.407871883953,0.0399115582569,-0.0706680406854,0.480905383212,-0.491670919543,0.0704894918809,0.928843818776,-0.334390126653,-0.00227709363937,0.465133497545,-0.0644580776245,-0.123823988824,0.155289333679,-0.0757258289165,0.294848191879,0.937805097767,-0.326234459181,0.0320160616146,0.151218327814,-0.0301936710866,-0.169752070338,0.0855350234949,0.0127490928058,0.123918754366,0.941603383743,-0.33887925086,0.040451399,0.294778055334,0.0034488899455,-0.0627317382771,-0.0797110476602,-0.0527617329337,0.118669952498,0.94458596478,-0.341629813567,0.0139610621519
