bax0,bay0,baz0,bgx0,bgy0,bgz0,gax0,gay0,gaz0,bax1,bay1,baz1,bgx1,bgy1,bgz1,gax1,gay1,gaz1,bax2,bay2,baz2,bgx2,bgy2,bgz2,gax2,gay2,gaz2,bax3,bay3,baz3,bgx3,bgy3,bgz3,gax3,gay3,gaz3,bax4,bay4,baz4,bgx4,bgy4,bgz4,gax4,gay4,gaz4
0.367383211642,-0.0697802329464,-0.0796949628089,-0.409362432814,0.0998000950911,0.0845471246526,0.955665006653,-0.32634266299,-0.050411058376,0.245399778539,-0.134739035225,-0.0366187842056,0.647202897054,-0.249872783463,-0.40990019794,0.907213844406,-0.23124849985,-0.386449979939,0.125750202301,-0.0968120408679,-0.135849637148,0.489316198871,-0.297634869195,-0.72799370161,0.851275746594,-0.259207705283,-0.372642714614,0.313385478088,-9.58587819852e-05,-0.0615590633841,0.467224257118,-0.419495494566,-0.929473625197,0.825355928068,-0.267682020611,-0.419122201162,0.409548591189,0.027693522307,-0.157309920328,0.268109716078,-0.158142296509,-0.0976531382467,0.853703438324,-0.286576308532,-0.389622129559
