bax0,bay0,baz0,bgx0,bgy0,bgz0,gax0,gay0,gaz0,bax1,bay1,baz1,bgx1,bgy1,bgz1,gax1,gay1,gaz1,bax2,bay2,baz2,bgx2,bgy2,bgz2,gax2,gay2,gaz2,bax3,bay3,baz3,bgx3,bgy3,bgz3,gax3,gay3,gaz3,bax4,bay4,baz4,bgx4,bgy4,bgz4,gax4,gay4,gaz4
0.365541347062,-0.0747392288132,-0.0924154898394,-0.42808859072,0.133316568803,0.0928819823357,0.965953847397,-0.324386235189,-0.0119823022856,0.268811876493,-0.137820715071,-0.0403979960415,0.693770473772,-0.23455076242,-0.488030275898,0.900557830996,-0.224920989661,-0.391873242347,0.145178072432,-0.0973482892527,-0.165395445994,0.480224645925,-0.330149474325,-0.706596226723,0.870582769782,-0.263750642328,-0.367906078497,0.304188619155,-0.00682970195019,-0.0987610193958,0.450075727356,-0.404335779323,-0.90345600158,0.854447414408,-0.280136232804,-0.391942743836,0.395319005123,0.0397252380381,-0.171557484651,0.310328540256,-0.166250799868,-0.0624268528394,0.837662004327,-0.299307160191,-0.408243132521
