bax0,bay0,baz0,bgx0,bgy0,bgz0,gax0,gay0,gaz0,bax1,bay1,baz1,bgx1,bgy1,bgz1,gax1,gay1,gaz1,bax2,bay2,baz2,bgx2,bgy2,bgz2,gax2,gay2,gaz2,bax3,bay3,baz3,bgx3,bgy3,bgz3,gax3,gay3,gaz3,bax4,bay4,baz4,bgx4,bgy4,bgz4,gax4,gay4,gaz4
0.156201169356,0.0339139618352,-0.275731014762,0.537815333771,-0.288972909073,-0.526499992554,0.890992585508,-0.269921520458,-0.400232140498,0.262720097686,0.0127836268957,-0.141274972277,0.535750886666,-0.204816618504,-0.296693161134,0.8231582676,-0.278672229287,-0.439668861259,0.249769612324,-0.0267315190594,-0.0214109181136,0.439015126962,-0.344675338251,-0.375021482893,0.820548326717,-0.276675876791,-0.413806439627,0.307701095287,-0.0820930481856,-0.0598919760899,0.0660604980926,-0.274046871892,-0.219940872224,0.845174112969,-0.274856958158,-0.422978519788,0.209784216112,-0.00655648503969,-0.13028240078,0.11145248502,-0.0349561676479,-0.329055639544,0.827478567295,-0.282406619657,-0.42554787964
