bax0,bay0,baz0,bgx0,bgy0,bgz0,gax0,gay0,gaz0,bax1,bay1,baz1,bgx1,bgy1,bgz1,gax1,gay1,gaz1,bax2,bay2,baz2,bgx2,bgy2,bgz2,gax2,gay2,gaz2,bax3,bay3,baz3,bgx3,bgy3,bgz3,gax3,gay3,gaz3,bax4,bay4,baz4,bgx4,bgy4,bgz4,gax4,gay4,gaz4
0.274830618042,-0.0378403043386,-0.0920199349243,0.0649244636251,-0.17881280195,0.112042188293,0.944246207995,-0.371036367272,0.182177016494,0.340829039783,-0.00285958287348,-0.0753527905132,-0.0332852670761,0.0108860232262,0.0666098223242,0.925779400981,-0.378722903875,0.171857424487,0.349519400456,-0.0270981626137,-0.0944011249102,-0.463818276162,0.199583291252,-0.0660778838914,0.929364264032,-0.376027781112,0.190061366554,0.209005770453,-0.110984089349,-0.134287977108,-0.543235167911,0.150786083878,-0.0637200956702,0.946421207373,-0.325798721322,0.20888359892,0.310781314388,-0.0154471682118,-0.0745031687684,-0.259642691263,0.0254793133563,-0.0292259849039,0.928048544139,-0.359624822862,0.190239227141
