bax0,bay0,baz0,bgx0,bgy0,bgz0,gax0,gay0,gaz0,bax1,bay1,baz1,bgx1,bgy1,bgz1,gax1,gay1,gaz1,bax2,bay2,baz2,bgx2,bgy2,bgz2,gax2,gay2,gaz2,bax3,bay3,baz3,bgx3,bgy3,bgz3,gax3,gay3,gaz3,bax4,bay4,baz4,bgx4,bgy4,bgz4,gax4,gay4,gaz4
0.339765171632,-0.0332396184347,-0.0955971955308,0.195962326745,-0.318498994086,0.227651699895,0.923500822093,-0.366361247563,0.194823119369,0.295717409875,-0.0134765217934,-0.114316583378,0.321258229089,-0.363874169357,0.21609198983,0.921779704704,-0.372696132331,0.190806086932,0.322924071545,-0.00417022142819,-0.108318546492,-0.0204339046112,-0.122934400256,0.106437570979,0.919397944947,-0.372413586408,0.188409524287,0.230698459139,-0.0213362124394,-0.183533859673,0.116904655322,-0.144194860893,0.116843570439,0.923440777477,-0.366041304452,0.191772606317,0.272427844408,-0.0255072541753,-0.11688371466,-0.0822258816729,0.0793671034367,0.0109345344212,0.919845745636,-0.371140965411,0.163611341158
