bax0,bay0,baz0,bgx0,bgy0,bgz0,gax0,gay0,gaz0,bax1,bay1,baz1,bgx1,bgy1,bgz1,gax1,gay1,gaz1,bax2,bay2,baz2,bgx2,bgy2,bgz2,gax2,gay2,gaz2,bax3,bay3,baz3,bgx3,bgy3,bgz3,gax3,gay3,gaz3,bax4,bay4,baz4,bgx4,bgy4,bgz4,gax4,gay4,gaz4
0.381949212074,-0.0182135254494,-0.0955407231419,0.368849882432,-0.339521929202,0.241633031597,0.918794287805,-0.376506889553,0.19689743907,0.348043219798,-0.0323654931775,-0.0880612421375,0.0445674905951,-0.201602400116,0.181245041259,0.936745515251,-0.367933935985,0.190349147236,0.248706390093,-0.0194529219732,-0.127962947124,0.142254226058,-0.136512990203,0.114386423167,0.924028982323,-0.377403172131,0.187192813016,0.298483659182,0.00211957049305,-0.109499607841,-0.121893878462,0.00991931415148,0.0250929297496,0.923745320228,-0.377461109807,0.185644644392,0.288689856834,-0.0428017651084,-0.0886259331623,-0.409680432814,0.225690565494,-0.0228562546525,0.917604595962,-0.368106515781,0.19922429533
