bax0,bay0,baz0,bgx0,bgy0,bgz0,gax0,gay0,gaz0,bax1,bay1,baz1,bgx1,bgy1,bgz1,gax1,gay1,gaz1,bax2,bay2,baz2,bgx2,bgy2,bgz2,gax2,gay2,gaz2,bax3,bay3,baz3,bgx3,bgy3,bgz3,gax3,gay3,gaz3,bax4,bay4,baz4,bgx4,bgy4,bgz4,gax4,gay4,gaz4
0.296553071842,-0.0284311069285,-0.132200510715,-0.323078974741,0.101278900624,0.0226794917996,0.905066865561,-0.351744937237,0.19803297209,0.205473738642,-0.13158173012,-0.115435795003,-0.640304412036,0.162209642123,0.0281159623946,0.979108653383,-0.267242162195,0.138808976179,0.0925266816882,-0.0616524392665,-0.142004442474,-0.363169195371,0.144700902155,-0.0210533630071,0.951470702417,-0.329870839841,0.125183737505,0.229664354083,-0.0335137843192,-0.131094658496,0.0856358220801,-0.165501344038,0.0534198138037,0.928898227229,-0.389109568908,0.125272004349,0.341822709509,-0.00870939073328,-0.145036404326,0.389010620084,-0.345791406688,0.0931838704227,0.944435638472,-0.353214343881,0.11219936567
