bax0,bay0,baz0,bgx0,bgy0,bgz0,gax0,gay0,gaz0,bax1,bay1,baz1,bgx1,bgy1,bgz1,gax1,gay1,gaz1,bax2,bay2,baz2,bgx2,bgy2,bgz2,gax2,gay2,gaz2,bax3,bay3,baz3,bgx3,bgy3,bgz3,gax3,gay3,gaz3,bax4,bay4,baz4,bgx4,bgy4,bgz4,gax4,gay4,gaz4
0.347637478195,0.00284270769761,-0.0926177702325,0.0132143418994,-0.136428031822,0.0852644477234,0.941243050086,-0.363186790246,0.10806094292,0.394194175761,-0.025664321018,-0.138626461358,0.0379513266941,-0.336658415964,0.120975225448,0.940323321325,-0.353409701728,0.113475100765,0.37772135774,-0.0218772218853,-0.113756019392,0.0743582345572,-0.237131749133,0.0967515689042,0.945496217817,-0.359932784042,0.111077981408,0.259293942332,-0.0319846423131,-0.0746547652173,-0.406061347546,0.26717219565,0.0191559151438,0.947484056079,-0.356591306877,0.105398096266,0.283423265881,-0.0277431443893,-0.106759186855,-0.336674793512,0.126381787933,0.0144712800138,0.940136126449,-0.364678790097,0.117663278696
