bax0,bay0,baz0,bgx0,bgy0,bgz0,gax0,gay0,gaz0,bax1,bay1,baz1,bgx1,bgy1,bgz1,gax1,gay1,gaz1,bax2,bay2,baz2,bgx2,bgy2,bgz2,gax2,gay2,gaz2,bax3,bay3,baz3,bgx3,bgy3,bgz3,gax3,gay3,gaz3,bax4,bay4,baz4,bgx4,bgy4,bgz4,gax4,gay4,gaz4
0.353524425955,0.00543221622037,-0.0936194434102,0.0773751190013,-0.127372624219,0.103300290743,0.937045496552,-0.362630624204,0.110430489548,0.391499852763,-0.0368312945621,-0.123059944515,0.0990971183122,-0.338943013462,0.097151609878,0.942775529942,-0.353844787708,0.123614384245,0.363452259468,-0.0383355349485,-0.127254044995,0.0775382966257,-0.259643364513,0.111544168038,0.953786178776,-0.352929326929,0.112216730939,0.270141532916,-0.0414018318183,-0.0803175053602,-0.445643082289,0.265822863306,0.0194000542736,0.94629137494,-0.350004625599,0.10833863276,0.290545337236,-0.0178666395859,-0.10438448794,-0.377392285067,0.114233200287,0.0270077643453,0.944120636216,-0.362019319589,0.124730647797
