bax0,bay0,baz0,bgx0,bgy0,bgz0,gax0,gay0,gaz0,bax1,bay1,baz1,bgx1,bgy1,bgz1,gax1,gay1,gaz1,bax2,bay2,baz2,bgx2,bgy2,bgz2,gax2,gay2,gaz2,bax3,bay3,baz3,bgx3,bgy3,bgz3,gax3,gay3,gaz3,bax4,bay4,baz4,bgx4,bgy4,bgz4,gax4,gay4,gaz4
0.272899174801,-0.13202195775,-0.121298886694,-0.558023523642,0.242778607953,0.00716929909894,0.990845962287,-0.291570309053,0.141000641072,0.105585131839,-0.0181712460996,-0.111056595253,-0.361267100365,0.260889246572,-0.0143386044205,0.946077098955,-0.358089443064,0.125681534096,0.165605835456,-0.0199476650782,-0.0953692694506,0.121949834488,-0.1665070349,0.0559419703347,0.930348152089,-0.384831812619,0.126803843413,0.318025204091,0.0224893688504,-0.125328795601,0.313767385432,-0.344044674982,0.124506884339,0.926128278028,-0.368205556531,0.13112224797,0.337473235216,-0.0113894239858,-0.1550863443,0.0123000107956,-0.0694125371229,0.122169197784,0.92533964932,-0.355596765619,0.126695818659
