bax0,bay0,baz0,bgx0,bgy0,bgz0,gax0,gay0,gaz0,bax1,bay1,baz1,bgx1,bgy1,bgz1,gax1,gay1,gaz1,bax2,bay2,baz2,bgx2,bgy2,bgz2,gax2,gay2,gaz2,bax3,bay3,baz3,bgx3,bgy3,bgz3,gax3,gay3,gaz3,bax4,bay4,baz4,bgx4,bgy4,bgz4,gax4,gay4,gaz4
0.394768281381,-0.038324784387,-0.178678319273,0.070440345966,-0.308056496647,0.124478355875,0.941606034044,-0.347890822492,0.109748644771,0.311069453474,-0.0329178023081,-0.107017322843,0.106653708896,-0.104093304805,0.0565537271702,0.955225051436,-0.362031728707,0.0860202385479,0.283683606802,-0.0353212090881,-0.0474290436818,-0.366679076273,0.395564584475,-0.0290414495411,0.957607925278,-0.36436527069,0.103632592757,0.312520807293,-0.0496849144329,-0.100403433866,-0.366743637558,0.0616127131206,0.0912507749231,0.944441630902,-0.357735770877,0.10286780445,0.261058628582,-0.106960367023,-0.18975960628,-0.600995787584,0.185127070053,-0.029526988957,0.978417992458,-0.299104667737,0.165734705347
