bax0,bay0,baz0,bgx0,bgy0,bgz0,gax0,gay0,gaz0,bax1,bay1,baz1,bgx1,bgy1,bgz1,gax1,gay1,gaz1,bax2,bay2,baz2,bgx2,bgy2,bgz2,gax2,gay2,gaz2,bax3,bay3,baz3,bgx3,bgy3,bgz3,gax3,gay3,gaz3,bax4,bay4,baz4,bgx4,bgy4,bgz4,gax4,gay4,gaz4
0.387117655848,-0.0132712720775,-0.19409870981,0.0716284098507,-0.302412598346,0.158373636368,0.955419146839,-0.358514952872,0.109391178529,0.314598178386,-0.0230426814633,-0.128550794496,0.0609772665335,-0.114883740586,0.0526689197843,0.948827663119,-0.36295077399,0.0801256140348,0.260386723257,-0.00928133739053,-0.0409589296603,-0.451290368465,0.354341103475,-0.0448151575068,0.961826836693,-0.356414678913,0.0938667952653,0.318173693854,-0.036346993798,-0.0879932653863,-0.322720744967,0.130062221283,0.0904166782964,0.946595187961,-0.364683586732,0.133307416955,0.283672513388,-0.114372837821,-0.179459061856,-0.610594045096,0.160069897164,-0.0299216936144,0.983057042264,-0.31134857626,0.149489391236
