bax0,bay0,baz0,bgx0,bgy0,bgz0,gax0,gay0,gaz0,bax1,bay1,baz1,bgx1,bgy1,bgz1,gax1,gay1,gaz1,bax2,bay2,baz2,bgx2,bgy2,bgz2,gax2,gay2,gaz2,bax3,bay3,baz3,bgx3,bgy3,bgz3,gax3,gay3,gaz3,bax4,bay4,baz4,bgx4,bgy4,bgz4,gax4,gay4,gaz4
0.110810099653,-0.119647246873,-0.144630454891,0.28413889114,-0.341374459548,-0.15333966582,0.826209401246,-0.275794278059,-0.455332081231,0.157036171821,-0.0207219486009,-0.168442865661,0.0801651995699,-0.202095223621,-0.188280590556,0.776298196763,-0.335885196193,-0.476767804879,0.189591770355,0.00510421583486,-0.0994754822908,0.290420988923,-0.310516242378,-0.439004238209,0.756182910961,-0.368013555466,-0.484531264536,0.309480030082,-0.0106046221829,-0.0432747615063,0.337481208213,-0.242579010082,-0.414503229815,0.738773613874,-0.348285267241,-0.477959531899,0.360615257712,0.0163206436566,-0.112276112668,-0.0396820899071,-0.0476951066233,0.170317761783,0.740359067316,-0.334191211066,-0.458718308209
