bax0,bay0,baz0,bgx0,bgy0,bgz0,gax0,gay0,gaz0,bax1,bay1,baz1,bgx1,bgy1,bgz1,gax1,gay1,gaz1,bax2,bay2,baz2,bgx2,bgy2,bgz2,gax2,gay2,gaz2,bax3,bay3,baz3,bgx3,bgy3,bgz3,gax3,gay3,gaz3,bax4,bay4,baz4,bgx4,bgy4,bgz4,gax4,gay4,gaz4
0.122357454439,-0.148193602746,-0.160901509517,0.317793486809,-0.316041280767,-0.14888327711,0.828902497422,-0.279931660367,-0.458747167438,0.118749135211,-0.0278321568478,-0.165896014149,0.0800795268481,-0.170215280597,-0.195211185761,0.781915940691,-0.344223438105,-0.470256654917,0.176294652201,0.017331292068,-0.102248072237,0.25240694446,-0.304744119295,-0.505059445102,0.740140013093,-0.359462182351,-0.497114576171,0.323076579382,0.017719021134,-0.0510231432781,0.317124338044,-0.269668169557,-0.429728776616,0.731733022461,-0.35837464202,-0.483321984293,0.330013638753,0.0274361325559,-0.105932261897,-0.0172867321866,-0.0548282756692,0.118775476319,0.744569249653,-0.346906898238,-0.464147166392
