bax0,bay0,baz0,bgx0,bgy0,bgz0,gax0,gay0,gaz0,bax1,bay1,baz1,bgx1,bgy1,bgz1,gax1,gay1,gaz1,bax2,bay2,baz2,bgx2,bgy2,bgz2,gax2,gay2,gaz2,bax3,bay3,baz3,bgx3,bgy3,bgz3,gax3,gay3,gaz3,bax4,bay4,baz4,bgx4,bgy4,bgz4,gax4,gay4,gaz4
0.350509385771,-0.0840087137115,-0.125575387878,0.0591926090356,-0.148192225342,0.0970591924023,0.758374394323,-0.312937283143,-0.473390931182,0.373461407082,-0.0622400271635,-0.0823902692704,0.0197561552645,-0.0618792092142,0.234360492541,0.756025312694,-0.329965553893,-0.472865114709,0.274467620858,0.00301184665983,-0.124131173887,-0.344763954947,0.227787168618,0.509202267735,0.781440976845,-0.361332535499,-0.457289653204,0.302274816211,-0.0122094091259,-0.109471578396,-0.331523727485,0.280774199376,0.451444464171,0.759840613937,-0.359652128204,-0.461107459169,0.134056682219,-0.084847695338,-0.0924718278597,0.405095435169,-0.432414130406,-0.375550641931,0.815695431665,-0.303393128819,-0.500104362241
