bax0,bay0,baz0,bgx0,bgy0,bgz0,gax0,gay0,gaz0,bax1,bay1,baz1,bgx1,bgy1,bgz1,gax1,gay1,gaz1,bax2,bay2,baz2,bgx2,bgy2,bgz2,gax2,gay2,gaz2,bax3,bay3,baz3,bgx3,bgy3,bgz3,gax3,gay3,gaz3,bax4,bay4,baz4,bgx4,bgy4,bgz4,gax4,gay4,gaz4
0.227825851577,-0.0255577023963,-0.162724125947,0.129420315206,-0.337511687999,-0.163829507,0.766557091362,-0.326167820268,-0.49196393897,0.391327383858,0.0257192596339,-0.117380009764,0.367029772785,-0.413129146039,-0.467373324144,0.734365531074,-0.348642671443,-0.49067585042,0.352820852835,0.0257005586041,-0.132118689844,0.322425998083,-0.301391738624,-0.267379446816,0.746338150717,-0.349881085319,-0.462457353288,0.286744960337,-0.0415868097259,-0.249798218948,-0.144448211917,-0.0423532273661,0.26207850446,0.771456059481,-0.325313563189,-0.464045232036,0.256577907265,-0.0630937623845,-0.0576824036857,0.0889423197422,-0.143230187919,-0.113987910683,0.741112559573,-0.32561381999,-0.486395342037
