bax0,bay0,baz0,bgx0,bgy0,bgz0,gax0,gay0,gaz0,bax1,bay1,baz1,bgx1,bgy1,bgz1,gax1,gay1,gaz1,bax2,bay2,baz2,bgx2,bgy2,bgz2,gax2,gay2,gaz2,bax3,bay3,baz3,bgx3,bgy3,bgz3,gax3,gay3,gaz3,bax4,bay4,baz4,bgx4,bgy4,bgz4,gax4,gay4,gaz4
0.251085511664,-0.0169528839695,-0.198198521551,0.170930994079,-0.364464881716,-0.165930912237,0.761639431808,-0.322995240956,-0.487424033705,0.367263751025,0.0316706325292,-0.11219775377,0.356530248235,-0.4041509134,-0.53236894189,0.727622696683,-0.355247749704,-0.488819672294,0.349352094418,0.041721757797,-0.125895024548,0.301956210644,-0.290616204483,-0.294051560221,0.74787569103,-0.358312670792,-0.474368909425,0.278367722531,-0.0227463685853,-0.240127845422,-0.0884743319981,0.0232789210461,0.278049951976,0.761035280293,-0.32735921092,-0.459060882816,0.262771578179,-0.0655006708027,-0.0616384027954,0.128985054084,-0.181170412575,-0.0741051368411,0.759559956108,-0.325549965627,-0.490515449854
