bax0,bay0,baz0,bgx0,bgy0,bgz0,gax0,gay0,gaz0,bax1,bay1,baz1,bgx1,bgy1,bgz1,gax1,gay1,gaz1,bax2,bay2,baz2,bgx2,bgy2,bgz2,gax2,gay2,gaz2,bax3,bay3,baz3,bgx3,bgy3,bgz3,gax3,gay3,gaz3,bax4,bay4,baz4,bgx4,bgy4,bgz4,gax4,gay4,gaz4
0.364727297828,0.0251504148846,-0.184154059063,0.155748815467,-0.276108281712,-0.307508885902,0.686093124872,-0.374190236965,-0.543385964937,0.246521867129,0.0244587870508,-0.144555429896,-0.116954875423,-0.00412964191923,0.254219919387,0.703668368269,-0.345452427531,-0.551599835059,0.272162456081,-0.0503935557949,-0.0558258480727,0.0582877294735,-0.244550161718,-0.0985341710715,0.691380997415,-0.327530421824,-0.553660125066,0.232707316867,-0.031053568163,-0.0875721147521,-0.133177501216,0.123570187056,0.507137763379,0.687367151711,-0.355753854827,-0.532878466036,0.17467068143,0.0308269407831,-0.1379469395,-0.347453940312,0.691138894215,1.00955483916,0.682340961195,-0.356370361258,-0.523881311025
