bax0,bay0,baz0,bgx0,bgy0,bgz0,gax0,gay0,gaz0,bax1,bay1,baz1,bgx1,bgy1,bgz1,gax1,gay1,gaz1,bax2,bay2,baz2,bgx2,bgy2,bgz2,gax2,gay2,gaz2,bax3,bay3,baz3,bgx3,bgy3,bgz3,gax3,gay3,gaz3,bax4,bay4,baz4,bgx4,bgy4,bgz4,gax4,gay4,gaz4
0.349399572994,0.011806964033,-0.176689239584,0.228988794274,-0.284953587458,-0.290480951211,0.681885997017,-0.374854157088,-0.540122485045,0.265180046009,0.0234666277813,-0.136964545439,-0.118403111209,0.028460714221,0.175550718887,0.702481026901,-0.345327940955,-0.552264084277,0.282433882345,-0.0676647592802,-0.0666287763362,0.0984559443378,-0.247234793434,-0.00387546028914,0.698209772874,-0.327660649478,-0.55776035644,0.238116409882,-0.02751932491,-0.0927616274634,-0.13111360173,0.127978434032,0.528220432498,0.687662833188,-0.357697145928,-0.530226511699,0.18518744869,0.00493227312165,-0.135616886247,-0.371418396579,0.69455665973,0.949810292292,0.681824930819,-0.35342280508,-0.532901130894
