bax0,bay0,baz0,bgx0,bgy0,bgz0,gax0,gay0,gaz0,bax1,bay1,baz1,bgx1,bgy1,bgz1,gax1,gay1,gaz1,bax2,bay2,baz2,bgx2,bgy2,bgz2,gax2,gay2,gaz2,bax3,bay3,baz3,bgx3,bgy3,bgz3,gax3,gay3,gaz3,bax4,bay4,baz4,bgx4,bgy4,bgz4,gax4,gay4,gaz4
0.308199249494,-0.0147832279835,-0.092524162195,-0.202987831578,0.0861586678031,0.370119311853,0.689114352241,-0.344050677807,-0.570624669273,0.211849075386,-0.0226374700647,-0.0252173310437,0.576456748192,-0.592509962702,-0.860527777523,0.752546120174,-0.29377096783,-0.584486959786,0.263139062621,-0.0566248821815,-0.0642450230512,0.425622047804,-0.332838838069,-0.494524217118,0.723770239872,-0.31132140767,-0.561652391629,0.325022381985,-0.0456839838117,-0.205335217933,0.249672368209,-0.0394951230622,-0.0801511255237,0.719314765434,-0.334466862719,-0.552727022643,0.267856631873,-0.0418433149769,-0.150359680759,0.516977062681,-0.126476280294,-0.592590464731,0.714192847449,-0.344205079461,-0.528390977597
