bax0,bay0,baz0,bgx0,bgy0,bgz0,gax0,gay0,gaz0,bax1,bay1,baz1,bgx1,bgy1,bgz1,gax1,gay1,gaz1,bax2,bay2,baz2,bgx2,bgy2,bgz2,gax2,gay2,gaz2,bax3,bay3,baz3,bgx3,bgy3,bgz3,gax3,gay3,gaz3,bax4,bay4,baz4,bgx4,bgy4,bgz4,gax4,gay4,gaz4
0.270967550078,0.00436218790903,-0.115747358793,0.257706909665,-0.260968375984,-0.356546234807,0.705784896582,-0.344536033807,-0.516251582301,0.13476793504,-0.0364071268761,-0.145489711094,-0.0367846595411,-0.121974990981,0.162459731785,0.689221208025,-0.338273128799,-0.522385717841,0.0528709597089,-0.02052268381,-0.287786379615,0.0331194511174,-0.15022306931,0.0571561962358,0.66917642622,-0.336548735405,-0.560066818602,0.224571086749,-0.039123264135,-0.051430678351,-0.223750608101,0.194629219188,0.583702494322,0.644019875472,-0.341238265476,-0.626000132246,0.510323187441,-0.107756672445,0.183239925105,-0.437439223003,0.214679074302,0.682521698626,0.600451745584,-0.358462765321,-0.641771826882
