bax0,bay0,baz0,bgx0,bgy0,bgz0,gax0,gay0,gaz0,bax1,bay1,baz1,bgx1,bgy1,bgz1,gax1,gay1,gaz1,bax2,bay2,baz2,bgx2,bgy2,bgz2,gax2,gay2,gaz2,bax3,bay3,baz3,bgx3,bgy3,bgz3,gax3,gay3,gaz3,bax4,bay4,baz4,bgx4,bgy4,bgz4,gax4,gay4,gaz4
0.273053246641,-0.101283524656,-0.227853140896,0.492908970148,-0.425840048538,0.27064924654,0.993381067068,-0.275618295643,0.0981706512907,0.403719035631,-0.0410596782613,-0.115955809606,0.286961683071,-0.196631566605,0.116746417041,0.985104367169,-0.321355381233,0.0355626728656,0.319500224923,-0.00231842880351,-0.0407540051622,0.408410980586,-0.302305638894,0.0524257730339,0.949337384524,-0.345024612767,0.0531524966414,0.176909365346,-0.0341472545534,-0.0942510169025,0.2628811614,-0.259670559602,0.188047933905,0.945455209669,-0.359069335382,0.0624425463103,0.14320366943,-0.0161579489688,-0.147002544885,0.00812361353699,-0.160885784781,0.164771302832,0.939729197625,-0.362000944143,0.073949185004
