bax0,bay0,baz0,bgx0,bgy0,bgz0,gax0,gay0,gaz0,bax1,bay1,baz1,bgx1,bgy1,bgz1,gax1,gay1,gaz1,bax2,bay2,baz2,bgx2,bgy2,bgz2,gax2,gay2,gaz2,bax3,bay3,baz3,bgx3,bgy3,bgz3,gax3,gay3,gaz3,bax4,bay4,baz4,bgx4,bgy4,bgz4,gax4,gay4,gaz4
0.288821199335,-0.108098385144,-0.210803634427,0.467126884816,-0.424960898211,0.249867179838,1.00827077594,-0.268092838637,0.0859739379057,0.374368155868,-0.0750157475126,-0.133916708048,0.24582298648,-0.177008326459,0.0974124628897,0.978185659082,-0.322659718869,0.054241787179,0.339238923385,0.00119901588283,-0.0347243667054,0.408250579312,-0.268015295567,0.0780710383574,0.950109100342,-0.343011453349,0.0488900641829,0.170425884188,-0.0259655125265,-0.099618216184,0.288256386068,-0.257578753753,0.189387063861,0.961318253103,-0.347506684464,0.0650349454496,0.153297729874,-0.0144993011516,-0.129407755394,0.0148727296301,-0.143210492547,0.148430990073,0.961380575074,-0.345483733721,0.0725221465319
