bax0,bay0,baz0,bgx0,bgy0,bgz0,gax0,gay0,gaz0,bax1,bay1,baz1,bgx1,bgy1,bgz1,gax1,gay1,gaz1,bax2,bay2,baz2,bgx2,bgy2,bgz2,gax2,gay2,gaz2,bax3,bay3,baz3,bgx3,bgy3,bgz3,gax3,gay3,gaz3,bax4,bay4,baz4,bgx4,bgy4,bgz4,gax4,gay4,gaz4
0.295963230982,-0.0888089261863,-0.218360467355,0.530442523975,-0.428273721493,0.275911973322,0.99892643547,-0.267122341019,0.0905893824249,0.366272180925,-0.0593091840841,-0.142632103259,0.294764257649,-0.186550722064,0.0852387302616,0.980488072739,-0.321998008339,0.0443344348565,0.355058161273,-0.00637227791336,-0.029990291938,0.426806675564,-0.301544757888,0.0756308947659,0.955255377526,-0.352715160637,0.040325078161,0.170236493617,-0.0209837165921,-0.109091338597,0.235432628498,-0.282076870915,0.164521434133,0.947254088908,-0.377320148594,0.0763165023336,0.18791709221,-0.0141379121221,-0.138155099075,0.0259318159768,-0.145972240497,0.152644509638,0.956655552648,-0.3602489332,0.0775955847097
