bax0,bay0,baz0,bgx0,bgy0,bgz0,gax0,gay0,gaz0,bax1,bay1,baz1,bgx1,bgy1,bgz1,gax1,gay1,gaz1,bax2,bay2,baz2,bgx2,bgy2,bgz2,gax2,gay2,gaz2,bax3,bay3,baz3,bgx3,bgy3,bgz3,gax3,gay3,gaz3,bax4,bay4,baz4,bgx4,bgy4,bgz4,gax4,gay4,gaz4
0.338724651297,0.00570427871475,-0.0912182892736,0.0293702112892,-0.114405635927,0.0458551198499,0.95673288898,-0.351477069202,0.0629104474299,0.423068049561,-0.0558682238413,-0.109043006037,-0.298760987179,0.134129196971,0.0392571094624,0.965247763178,-0.345962080407,0.066535737308,0.339235511117,-0.0250524467203,-0.14186095891,-0.346661226147,0.079269341884,-0.0351411294268,0.973948540314,-0.353787132589,0.065301734371,0.302661881627,-0.0810189123587,-0.174553670856,0.307116128299,-0.217317348995,0.147083127785,0.997828482594,-0.320882050898,0.0854978435853,0.413754223948,-0.017381159578,-0.140368262673,0.148779862295,-0.181542695406,0.0678157639503,0.982411175181,-0.347783006397,0.0641650458521
