bax0,bay0,baz0,bgx0,bgy0,bgz0,gax0,gay0,gaz0,bax1,bay1,baz1,bgx1,bgy1,bgz1,gax1,gay1,gaz1,bax2,bay2,baz2,bgx2,bgy2,bgz2,gax2,gay2,gaz2,bax3,bay3,baz3,bgx3,bgy3,bgz3,gax3,gay3,gaz3,bax4,bay4,baz4,bgx4,bgy4,bgz4,gax4,gay4,gaz4
0.347428994173,-0.029034995392,-0.0988088831351,0.0255328972325,-0.110998604584,0.0518993483108,0.954707741237,-0.360672368388,0.061972957862,0.430923405009,-0.0518982934588,-0.120626533507,-0.293204745122,0.104476248342,0.0122785013371,0.952671812199,-0.338164159315,0.0603759042095,0.331969248366,-0.0308726219832,-0.143276715106,-0.350943550398,0.0855654754469,-0.0134611725771,0.968615410853,-0.347329227393,0.0585163642426,0.308090455638,-0.0966850815286,-0.190405923193,0.259219003678,-0.185719909996,0.166641249551,0.986079703006,-0.299599691636,0.0876645153207,0.416675253011,-0.00959501562329,-0.140385676508,0.137518066658,-0.125822558748,0.0729537997866,0.982687485043,-0.361109748087,0.0504825962162
