bax0,bay0,baz0,bgx0,bgy0,bgz0,gax0,gay0,gaz0,bax1,bay1,baz1,bgx1,bgy1,bgz1,gax1,gay1,gaz1,bax2,bay2,baz2,bgx2,bgy2,bgz2,gax2,gay2,gaz2,bax3,bay3,baz3,bgx3,bgy3,bgz3,gax3,gay3,gaz3,bax4,bay4,baz4,bgx4,bgy4,bgz4,gax4,gay4,gaz4
0.299161812023,-0.0122825519218,-0.0940080985008,0.332326932443,-0.360521854935,0.141331852971,0.96168596097,-0.351272717249,0.0585770214157,0.131434657317,-0.0104664448402,-0.0753523842344,0.230468754215,-0.245024283156,0.197258143027,0.968449331187,-0.346722678384,0.06654616932,0.176935779779,-0.00139247750468,-0.096145737313,-0.00594776007887,-0.160782559434,0.158013519328,0.964676246714,-0.343077674272,0.0770969095292,0.404218777382,-0.0456270607758,-0.103995127152,0.0453189179783,-0.200130396086,0.0890643570552,0.959957688863,-0.345538117023,0.0694821031704,0.371185252986,-0.0504781853392,-0.129407970118,-0.309913415097,0.118156648928,0.0258897575024,0.961260475163,-0.346036896899,0.051920526083
