bax0,bay0,baz0,bgx0,bgy0,bgz0,gax0,gay0,gaz0,bax1,bay1,baz1,bgx1,bgy1,bgz1,gax1,gay1,gaz1,bax2,bay2,baz2,bgx2,bgy2,bgz2,gax2,gay2,gaz2,bax3,bay3,baz3,bgx3,bgy3,bgz3,gax3,gay3,gaz3,bax4,bay4,baz4,bgx4,bgy4,bgz4,gax4,gay4,gaz4
0.305209794816,-0.00957016890112,-0.0817984346389,0.386237450532,-0.323120768916,0.108751478471,0.967988715955,-0.348949135863,0.0536209823292,0.155696039084,-0.00787504568104,-0.0909007005871,0.227073329096,-0.226462331039,0.187049439853,0.967742636741,-0.34262479823,0.0603698048228,0.181507376757,-0.00744713210156,-0.10710205527,0.00269321733918,-0.161446537448,0.153741556378,0.961940848098,-0.347647065368,0.0752034446875,0.374817052963,-0.0489263396448,-0.11070443798,0.0208325232269,-0.160694581064,0.0946417845098,0.960836710306,-0.344490359315,0.070224407132,0.413033457544,-0.0361600787555,-0.15913261931,-0.310355962397,0.0627155488514,-0.00784789088896,0.962386734343,-0.348063896636,0.0500727711874
