bax0,bay0,baz0,bgx0,bgy0,bgz0,gax0,gay0,gaz0,bax1,bay1,baz1,bgx1,bgy1,bgz1,gax1,gay1,gaz1,bax2,bay2,baz2,bgx2,bgy2,bgz2,gax2,gay2,gaz2,bax3,bay3,baz3,bgx3,bgy3,bgz3,gax3,gay3,gaz3,bax4,bay4,baz4,bgx4,bgy4,bgz4,gax4,gay4,gaz4
0.191413409784,-0.0298475348603,-0.150764497402,-0.36598261173,0.163539564083,-0.0461143300081,0.959864450252,-0.338440292108,0.042822972367,0.30399960498,-0.102845606284,-0.235111705919,0.338074536087,-0.306914494898,0.188909524759,0.987078620737,-0.298961593062,0.0936425593359,0.353320409151,-0.0536250482899,-0.156024408994,0.24799002276,-0.136404510168,0.0801081926624,0.955726563385,-0.347661383811,0.0576622089819,0.258276002204,-0.0068438564984,-0.100241445516,0.409413154143,-0.329584755824,0.0739090620097,0.944376310457,-0.356119838872,0.045062037749,0.263748798014,0.0272312230008,-0.0965069348272,0.262834185879,-0.275737984342,0.151315218221,0.943926873593,-0.373616968404,0.0551045086169
