bax0,bay0,baz0,bgx0,bgy0,bgz0,gax0,gay0,gaz0,bax1,bay1,baz1,bgx1,bgy1,bgz1,gax1,gay1,gaz1,bax2,bay2,baz2,bgx2,bgy2,bgz2,gax2,gay2,gaz2,bax3,bay3,baz3,bgx3,bgy3,bgz3,gax3,gay3,gaz3,bax4,bay4,baz4,bgx4,bgy4,bgz4,gax4,gay4,gaz4
0.169273411644,-0.0226194311528,-0.0622573064322,0.022793866457,-0.110144463126,0.172465310049,0.967461419974,-0.347013454672,0.0738677855093,0.364787448829,-0.0833174378146,-0.10857071662,-0.0439508590223,-0.204583128541,0.101425877606,0.966382171386,-0.34419718167,0.0611355725535,0.328673790302,-0.0300812310953,-0.158880753887,-0.343046999827,-0.017946502456,0.00950151048202,0.967653029268,-0.363416852663,0.0766918610179,0.157700566599,0.0250253758039,-0.143227294433,-0.334083367915,0.0964046737066,-0.0282371509504,0.975596549422,-0.346559295256,0.0698438091143,0.218082687383,-0.132833114059,-0.0524560556653,0.522730176108,-0.414640142925,0.254733485116,0.991609069043,-0.271265504683,0.107838524651
