bax0,bay0,baz0,bgx0,bgy0,bgz0,gax0,gay0,gaz0,bax1,bay1,baz1,bgx1,bgy1,bgz1,gax1,gay1,gaz1,bax2,bay2,baz2,bgx2,bgy2,bgz2,gax2,gay2,gaz2,bax3,bay3,baz3,bgx3,bgy3,bgz3,gax3,gay3,gaz3,bax4,bay4,baz4,bgx4,bgy4,bgz4,gax4,gay4,gaz4
0.269172758197,-0.0872518968835,-0.0954819203667,0.380411468999,-0.54294966413,0.0965097693132,0.972894776157,-0.312354118621,0.104514159639,0.259520093543,0.0123280507246,-0.110475220336,0.48387239452,-0.562377486372,0.147254388312,0.943680181732,-0.338210354618,0.0947079393113,0.253419651595,0.0335691380854,-0.13556968204,0.176172860584,-0.300888700777,0.0898962872785,0.970671286778,-0.313913648696,0.107736600818,0.385801216547,-0.0521526355929,-0.178023047045,0.0900821755069,-0.268865748104,0.0903198066928,0.96783264696,-0.31553373549,0.112102984461,0.409652996052,-0.0583771773783,-0.170701456504,-0.0439566858202,-0.0147966604777,0.0815413322184,0.9533929533,-0.337420654477,0.109558499094
