bax0,bay0,baz0,bgx0,bgy0,bgz0,gax0,gay0,gaz0,bax1,bay1,baz1,bgx1,bgy1,bgz1,gax1,gay1,gaz1,bax2,bay2,baz2,bgx2,bgy2,bgz2,gax2,gay2,gaz2,bax3,bay3,baz3,bgx3,bgy3,bgz3,gax3,gay3,gaz3,bax4,bay4,baz4,bgx4,bgy4,bgz4,gax4,gay4,gaz4
0.265769661881,-0.0755702177304,-0.0670870914343,0.323967828092,-0.489278579978,0.105507534818,0.971976125409,-0.312272137517,0.102226293988,0.272388150658,0.015706257434,-0.111984378885,0.506344555199,-0.516116740429,0.138156804664,0.946421912554,-0.331151730037,0.0988107961021,0.288469836053,-0.000880779111692,-0.124071271721,0.150578600931,-0.329986803368,0.100836001278,0.966456790655,-0.314967182109,0.105031729597,0.367064698586,-0.0271106698049,-0.174583784424,0.037000758953,-0.232970362829,0.100455696698,0.967195454108,-0.320159086552,0.113552955644,0.408857724256,-0.04763866603,-0.166001221891,-0.0542520759317,0.0220499104768,0.0664969510627,0.949871614981,-0.335592004904,0.108970462232
