bax0,bay0,baz0,bgx0,bgy0,bgz0,gax0,gay0,gaz0,bax1,bay1,baz1,bgx1,bgy1,bgz1,gax1,gay1,gaz1,bax2,bay2,baz2,bgx2,bgy2,bgz2,gax2,gay2,gaz2,bax3,bay3,baz3,bgx3,bgy3,bgz3,gax3,gay3,gaz3,bax4,bay4,baz4,bgx4,bgy4,bgz4,gax4,gay4,gaz4
0.21967689031,-0.0208854281677,-0.119034232899,-0.53514937498,0.507522209714,-0.0395712564679,0.95035289723,-0.367980078925,0.100736201003,0.175361936764,0.02118935107,-0.0639987577046,-0.353528221073,0.305862289158,0.00947309864371,0.971931289029,-0.34037785601,0.0808291283553,0.300114533227,-0.061931866831,-0.0799350434066,0.635938784766,-0.437140018625,0.254709499718,1.0060468207,-0.289568891725,0.112774397507,0.272090266724,-0.0819874754428,-0.0628032325422,0.444832407729,-0.417801815527,0.176993194784,0.970551898251,-0.319706374698,0.122575540124,0.263464003733,-0.0134979631586,-0.0881347458643,0.462999010231,-0.605572346563,0.135607737388,0.958655053557,-0.317099162741,0.106574652805
