bax0,bay0,baz0,bgx0,bgy0,bgz0,gax0,gay0,gaz0,bax1,bay1,baz1,bgx1,bgy1,bgz1,gax1,gay1,gaz1,bax2,bay2,baz2,bgx2,bgy2,bgz2,gax2,gay2,gaz2,bax3,bay3,baz3,bgx3,bgy3,bgz3,gax3,gay3,gaz3,bax4,bay4,baz4,bgx4,bgy4,bgz4,gax4,gay4,gaz4
0.211406119864,-0.0139078993255,-0.159390148398,0.256086679806,-0.314143397584,0.106365438802,0.959397875248,-0.313894282715,0.109641737266,0.155038012597,-0.0225052192958,-0.168410934026,0.104195039428,-0.311677074324,0.0541840281874,0.956827568486,-0.317232880265,0.112442331014,0.4584915751,-0.0364045004135,-0.172759523237,-0.0281298719783,-0.0786543151009,0.0368931902711,0.948813989108,-0.324626827271,0.111787567959,0.411162408142,-0.0309554666329,-0.142622669783,-0.394369378219,0.428212543539,-0.0153717754393,0.952003104294,-0.344856881024,0.107552026274,0.223786834331,0.0103632166716,-0.12393923794,-0.403666809623,0.405447192421,-0.00910723821168,0.955360284951,-0.331479985507,0.103364823117
