bax0,bay0,baz0,bgx0,bgy0,bgz0,gax0,gay0,gaz0,bax1,bay1,baz1,bgx1,bgy1,bgz1,gax1,gay1,gaz1,bax2,bay2,baz2,bgx2,bgy2,bgz2,gax2,gay2,gaz2,bax3,bay3,baz3,bgx3,bgy3,bgz3,gax3,gay3,gaz3,bax4,bay4,baz4,bgx4,bgy4,bgz4,gax4,gay4,gaz4
0.181352551728,-0.0472239050301,-0.101537264263,0.547816059079,-0.384644145282,0.189602185667,0.988561233485,-0.289962933731,0.134950643142,0.212077186052,-0.0484354751559,-0.113306142943,0.362744161885,-0.2916441969,0.106160315509,0.972502062054,-0.32333586805,0.129386221185,0.395670200498,-0.00857309107487,-0.035804417858,0.53912596677,-0.483981166001,0.140247098066,0.951506244753,-0.344165576278,0.0934074630031,0.266303760236,0.0197216884146,-0.0955289841576,0.326283210836,-0.415110179671,0.104909863885,0.945406469724,-0.322975913507,0.0850426820095,0.161462283041,-0.0486751220301,-0.111376691868,0.00501175701863,-0.330173501815,0.152087658388,0.964689550203,-0.316318616744,0.10086166929
