bax0,bay0,baz0,bgx0,bgy0,bgz0,gax0,gay0,gaz0,bax1,bay1,baz1,bgx1,bgy1,bgz1,gax1,gay1,gaz1,bax2,bay2,baz2,bgx2,bgy2,bgz2,gax2,gay2,gaz2,bax3,bay3,baz3,bgx3,bgy3,bgz3,gax3,gay3,gaz3,bax4,bay4,baz4,bgx4,bgy4,bgz4,gax4,gay4,gaz4
0.174689881901,-0.0657021150252,-0.115262528654,0.540997303698,-0.387208790811,0.224520469637,1.0141175489,-0.277498750202,0.126294027215,0.194007077587,-0.0494199084096,-0.119308462445,0.334897753145,-0.30301382309,0.0804888157814,0.967203496306,-0.332379881554,0.128191480986,0.350256667837,-0.00471872075258,-0.0525234726664,0.531695977872,-0.511761886444,0.13783426851,0.950279993039,-0.337900031192,0.0822615239346,0.278540701894,-0.00410411847949,-0.0840668724803,0.317367592619,-0.407385864244,0.108663696539,0.953523105633,-0.314641142057,0.0802178513176,0.19530927271,-0.0504978174116,-0.108699701543,-0.0153062475464,-0.3249709378,0.151091461856,0.96789901158,-0.30429937672,0.109884165747
