bax0,bay0,baz0,bgx0,bgy0,bgz0,gax0,gay0,gaz0,bax1,bay1,baz1,bgx1,bgy1,bgz1,gax1,gay1,gaz1,bax2,bay2,baz2,bgx2,bgy2,bgz2,gax2,gay2,gaz2,bax3,bay3,baz3,bgx3,bgy3,bgz3,gax3,gay3,gaz3,bax4,bay4,baz4,bgx4,bgy4,bgz4,gax4,gay4,gaz4
0.321281208483,-0.0499507900063,-0.0973390059081,-0.000536565388347,-0.0888307413427,0.0824931197133,0.839626036254,-0.321579457124,-0.416877820292,0.253942581521,0.00439916162091,-0.144850764563,-0.419276012601,0.12272498807,0.534431186537,0.842111112702,-0.319500465475,-0.420785614381,0.280136398805,-0.00366134299111,-0.13698217537,-0.28572905164,0.140694438378,0.378916310337,0.840505520023,-0.313293099268,-0.4141533414,0.141815472094,-0.0360705841517,-0.240667672717,0.393468796502,-0.183986249934,-0.27727410901,0.89142790634,-0.306847108373,-0.368198695143,0.255329910847,-0.0351522227813,-0.0759434922583,0.262279481509,-0.209565073808,-0.266064552293,0.850356620271,-0.29944459012,-0.423000256793
