bax0,bay0,baz0,bgx0,bgy0,bgz0,gax0,gay0,gaz0,bax1,bay1,baz1,bgx1,bgy1,bgz1,gax1,gay1,gaz1,bax2,bay2,baz2,bgx2,bgy2,bgz2,gax2,gay2,gaz2,bax3,bay3,baz3,bgx3,bgy3,bgz3,gax3,gay3,gaz3,bax4,bay4,baz4,bgx4,bgy4,bgz4,gax4,gay4,gaz4
0.340900159051,-0.0360666375396,-0.0934770747116,0.00128906040952,-0.106540178997,0.120418236261,0.842175137979,-0.315717078786,-0.405407209786,0.288148251687,-0.00428527267482,-0.149880428696,-0.338804049942,0.172453068528,0.508209465688,0.844477489549,-0.327090523527,-0.401973316724,0.250524268148,0.000772942587737,-0.132380248955,-0.387628029913,0.148310885128,0.264122255082,0.846660872288,-0.318971953729,-0.424826738053,0.113020409501,-0.00284173328634,-0.246633284772,0.338601546066,-0.212667782085,-0.193648225259,0.884874215921,-0.305950558166,-0.379339858605,0.265618919925,-0.0218815876915,-0.108418025158,0.25930765122,-0.235527800431,-0.240174550435,0.842308727649,-0.310306331625,-0.410789900351
