bax0,bay0,baz0,bgx0,bgy0,bgz0,gax0,gay0,gaz0,bax1,bay1,baz1,bgx1,bgy1,bgz1,gax1,gay1,gaz1,bax2,bay2,baz2,bgx2,bgy2,bgz2,gax2,gay2,gaz2,bax3,bay3,baz3,bgx3,bgy3,bgz3,gax3,gay3,gaz3,bax4,bay4,baz4,bgx4,bgy4,bgz4,gax4,gay4,gaz4
0.2946751253,-0.00178124591495,-0.106184306293,0.443985051076,-0.329353912997,-0.486780799901,0.850176127168,-0.31510798064,-0.420013266875,0.267695107135,-0.000540429833289,-0.130944899682,0.131639317474,-0.198738724066,-0.106915072969,0.849097211162,-0.313951761008,-0.416578863883,0.275526594446,-0.032077260258,-0.122212311831,-0.0462834493433,-0.0555933716811,0.146434309503,0.843362425115,-0.311571552081,-0.423036610471,0.308375444642,-0.0198740169417,-0.127477781489,0.0931443915866,-0.124852171337,-0.0149324524504,0.840384088221,-0.315532744868,-0.432048678812,0.3469774225,0.00300038928345,-0.054785622345,-0.195089722091,0.0392082956733,0.27235666164,0.851997642783,-0.317695015111,-0.426849898792
