bax0,bay0,baz0,bgx0,bgy0,bgz0,gax0,gay0,gaz0,bax1,bay1,baz1,bgx1,bgy1,bgz1,gax1,gay1,gaz1,bax2,bay2,baz2,bgx2,bgy2,bgz2,gax2,gay2,gaz2,bax3,bay3,baz3,bgx3,bgy3,bgz3,gax3,gay3,gaz3,bax4,bay4,baz4,bgx4,bgy4,bgz4,gax4,gay4,gaz4
0.250683501186,-0.00309471423639,-0.0864649357411,0.148225584756,0.0443111818435,-0.127183727922,0.887009565657,0.158771670181,-0.357163844414,0.343474818505,-0.0153279707629,-0.0755629960881,0.0453117740645,-0.00532641375202,-0.0827924161903,0.879835660105,0.169658079914,-0.373483219262,0.358622401054,-0.00471438934404,-0.170095175261,0.0323148642495,0.0188178002464,0.128276630645,0.873581438894,0.169467562713,-0.38999563241,0.295977518863,0.0184901118843,-0.112562986958,-0.408494945584,-0.351265041926,0.435192107749,0.871172378454,0.16672817813,-0.402953632931,0.267164022083,-0.00589248905194,-0.041086837755,-0.395284546575,-0.363235758003,0.520439763563,0.869857085087,0.181362308368,-0.392837715587
