bax0,bay0,baz0,bgx0,bgy0,bgz0,gax0,gay0,gaz0,bax1,bay1,baz1,bgx1,bgy1,bgz1,gax1,gay1,gaz1,bax2,bay2,baz2,bgx2,bgy2,bgz2,gax2,gay2,gaz2,bax3,bay3,baz3,bgx3,bgy3,bgz3,gax3,gay3,gaz3,bax4,bay4,baz4,bgx4,bgy4,bgz4,gax4,gay4,gaz4
0.24919549918,-0.00474305670347,-0.0879699878572,0.189473068456,0.0323687505488,-0.168952649846,0.886627065065,0.174691057821,-0.363623989392,0.333094672248,-0.00338098585156,-0.094544572284,0.0529873523165,0.0128378698877,0.0300883941751,0.881209425279,0.176162343638,-0.368642456706,0.350054090102,0.0102284133859,-0.167797312282,-0.025267812093,0.02066955943,0.0748326275032,0.883940069038,0.159507248372,-0.374940995252,0.317298976061,0.0345231528772,-0.0884393184112,-0.443637672625,-0.341769660075,0.514202910667,0.876728578482,0.161323254934,-0.401470444995,0.260274009112,-0.0225154885907,-0.0188582547669,-0.368725999184,-0.421538228702,0.5035438928,0.873056932625,0.19135951276,-0.393357231678
