bax0,bay0,baz0,bgx0,bgy0,bgz0,gax0,gay0,gaz0,bax1,bay1,baz1,bgx1,bgy1,bgz1,gax1,gay1,gaz1,bax2,bay2,baz2,bgx2,bgy2,bgz2,gax2,gay2,gaz2,bax3,bay3,baz3,bgx3,bgy3,bgz3,gax3,gay3,gaz3,bax4,bay4,baz4,bgx4,bgy4,bgz4,gax4,gay4,gaz4
0.345160319625,-0.0473745105013,-0.200958277139,0.071953097725,0.0348183700533,-0.126247012693,0.875818834389,0.186301397931,-0.396328927128,0.369770893542,0.00146283408183,-0.197782506413,-0.0970302372007,-0.082894507957,0.0759950482544,0.855942936859,0.183253060143,-0.411033489981,0.412871359926,-0.00834276093862,-0.0455889343025,-0.410932151716,-0.22205249742,0.436111403097,0.843027172361,0.185060909867,-0.404058423165,0.202663262047,0.0361471361298,-0.147039623226,0.367662176761,0.085778686071,-0.275305813976,0.91873786553,0.143590783848,-0.363003393136,0.364224653511,0.00492758860487,-0.167463197345,0.23375750311,0.0603784167814,-0.161172274999,0.890145224956,0.18198327775,-0.39140444276
