bax0,bay0,baz0,bgx0,bgy0,bgz0,gax0,gay0,gaz0,bax1,bay1,baz1,bgx1,bgy1,bgz1,gax1,gay1,gaz1,bax2,bay2,baz2,bgx2,bgy2,bgz2,gax2,gay2,gaz2,bax3,bay3,baz3,bgx3,bgy3,bgz3,gax3,gay3,gaz3,bax4,bay4,baz4,bgx4,bgy4,bgz4,gax4,gay4,gaz4
0.310276363612,-0.0509119290125,-0.200008498831,0.136015011061,-0.0243083816056,-0.122384361275,0.873902976528,0.179787784549,-0.391491644862,0.380467839526,-0.00302220162601,-0.193407676604,-0.146598747307,-0.10553961749,0.0769353798406,0.860876484245,0.176004226754,-0.404987727464,0.39278755581,-0.0254409950205,-0.0544230419905,-0.417103243018,-0.213637637292,0.46147270545,0.855195051089,0.190832840421,-0.403316575746,0.20370550773,0.0441882622342,-0.153955072887,0.337796116658,0.106861295004,-0.282182656615,0.929319953107,0.136913451505,-0.363225617294,0.372261073596,0.00190970020966,-0.140898192266,0.182214093663,0.0400100073504,-0.113228790015,0.906461118211,0.193854997506,-0.376079024108
