bax0,bay0,baz0,bgx0,bgy0,bgz0,gax0,gay0,gaz0,bax1,bay1,baz1,bgx1,bgy1,bgz1,gax1,gay1,gaz1,bax2,bay2,baz2,bgx2,bgy2,bgz2,gax2,gay2,gaz2,bax3,bay3,baz3,bgx3,bgy3,bgz3,gax3,gay3,gaz3,bax4,bay4,baz4,bgx4,bgy4,bgz4,gax4,gay4,gaz4
0.336662861425,-0.0385235041405,-0.220683069768,0.421057845611,0.22034228417,-0.348897955171,0.881655253847,0.213887647389,-0.377803941131,0.306753191858,-0.0379703132716,-0.136273635634,0.25382211672,0.222909525099,-0.185189690641,0.866393856939,0.190390116106,-0.403156736554,0.284452758849,-0.0234254538862,-0.0691718566142,-0.0258962128251,0.0370837131801,0.0506232974178,0.871857781688,0.192075180561,-0.404704472265,0.262387961796,-0.0267539027392,-0.109315997402,0.0482735453766,-0.00407500705204,0.00637129506703,0.887450623151,0.169907276896,-0.390766847026,0.222353529929,-0.00150207556461,-0.11365462566,-0.229747271899,-0.242476553565,0.256562900552,0.885975574015,0.167603809838,-0.373607020699
