bax0,bay0,baz0,bgx0,bgy0,bgz0,gax0,gay0,gaz0,bax1,bay1,baz1,bgx1,bgy1,bgz1,gax1,gay1,gaz1,bax2,bay2,baz2,bgx2,bgy2,bgz2,gax2,gay2,gaz2,bax3,bay3,baz3,bgx3,bgy3,bgz3,gax3,gay3,gaz3,bax4,bay4,baz4,bgx4,bgy4,bgz4,gax4,gay4,gaz4
0.0500517559823,-0.0379091443002,-0.131379524828,0.257720617975,-0.0482038528768,-0.0695955196949,0.944483680416,-0.149109963643,-0.369214205679,0.199222759208,-0.0404496607327,-0.0760366751148,0.175873380478,-0.178120874234,-0.0442414436053,0.903141550326,-0.169729725691,-0.388552304487,0.322667341057,-0.0733724357573,-0.107983000053,0.479197418012,-0.303161414512,-0.40942674836,0.900361980921,-0.181037556252,-0.393150183421,0.411915534077,-0.035142703572,-0.160748422912,0.178427407338,-0.156355733227,-0.134441937211,0.895839942964,-0.212154221973,-0.394425861978,0.308782908966,-0.038644463567,-0.189064557713,-0.0921832161475,-0.080368065287,0.0464638896568,0.89599735946,-0.219733090386,-0.403657190866
