bax0,bay0,baz0,bgx0,bgy0,bgz0,gax0,gay0,gaz0,bax1,bay1,baz1,bgx1,bgy1,bgz1,gax1,gay1,gaz1,bax2,bay2,baz2,bgx2,bgy2,bgz2,gax2,gay2,gaz2,bax3,bay3,baz3,bgx3,bgy3,bgz3,gax3,gay3,gaz3,bax4,bay4,baz4,bgx4,bgy4,bgz4,gax4,gay4,gaz4
0.0467747330397,-0.0409181253403,-0.149163904153,0.242469481061,-0.0554668779642,-0.0454485685448,0.956108971538,-0.148011281835,-0.359403293055,0.164798012849,-0.0459076761259,-0.0784001435405,0.170751877551,-0.184617274779,0.0248235803567,0.912237199486,-0.162626578985,-0.37547370828,0.342795434402,-0.0806641934964,-0.0945493966175,0.480506648044,-0.293060198338,-0.412330575516,0.89888358506,-0.169898688997,-0.389538591267,0.426989420768,-0.0442502275139,-0.130756316273,0.179967029012,-0.178690019459,-0.18433450341,0.894656708738,-0.214103224032,-0.397930916672,0.335746202406,-0.0171982613354,-0.205967030834,-0.0891929247002,-0.0986278105402,0.037494536043,0.885300409002,-0.215892210894,-0.41748421039
