bax0,bay0,baz0,bgx0,bgy0,bgz0,gax0,gay0,gaz0,bax1,bay1,baz1,bgx1,bgy1,bgz1,gax1,gay1,gaz1,bax2,bay2,baz2,bgx2,bgy2,bgz2,gax2,gay2,gaz2,bax3,bay3,baz3,bgx3,bgy3,bgz3,gax3,gay3,gaz3,bax4,bay4,baz4,bgx4,bgy4,bgz4,gax4,gay4,gaz4
0.0595302449916,-0.0354190329977,-0.132335106739,0.225844980609,-0.0308747871295,-0.0557354008626,0.96421513111,-0.14837950032,-0.366861079013,0.17860402109,-0.0302989646389,-0.0798804292802,0.157178682747,-0.186475988967,-0.0456033882886,0.922465949876,-0.159757105883,-0.372178060385,0.32422334678,-0.0887017441781,-0.121305644408,0.443949157403,-0.282587142127,-0.386892036868,0.893891717726,-0.193874331861,-0.391042307708,0.442126679345,-0.0527389286017,-0.152542538762,0.179319103356,-0.198077039876,-0.116522880043,0.896132052602,-0.208498924237,-0.3868996434,0.286857639235,-0.044493726765,-0.176169299832,-0.0886933490845,-0.093460878997,0.0241438389705,0.880176368101,-0.22842285539,-0.411615760706
