bax0,bay0,baz0,bgx0,bgy0,bgz0,gax0,gay0,gaz0,bax1,bay1,baz1,bgx1,bgy1,bgz1,gax1,gay1,gaz1,bax2,bay2,baz2,bgx2,bgy2,bgz2,gax2,gay2,gaz2,bax3,bay3,baz3,bgx3,bgy3,bgz3,gax3,gay3,gaz3,bax4,bay4,baz4,bgx4,bgy4,bgz4,gax4,gay4,gaz4
0.403104214137,0.0110516630206,-0.113819324247,-0.446341953092,0.157322198781,0.588470999348,0.861493670983,-0.210490824336,-0.427642665705,0.20286128343,-0.0834776877819,-0.248504511316,-0.726733625446,0.0865198675642,0.689865391766,0.918929001161,-0.14500305032,-0.40081950015,0.33306915331,-0.0755612913806,-0.203698473037,-0.507900365177,0.211815598857,0.501239601186,0.876775313016,-0.19359639832,-0.424133969662,0.192591099176,-0.0356735006083,-0.086151252443,0.0576644729041,0.0506428741693,-0.108364896422,0.864709656722,-0.231933387066,-0.437897203576,0.243592241387,0.0059663642418,-0.0279100005333,0.200305416268,-0.227930095502,-0.132928004623,0.869073781418,-0.25566901829,-0.449651835761
