bax0,bay0,baz0,bgx0,bgy0,bgz0,gax0,gay0,gaz0,bax1,bay1,baz1,bgx1,bgy1,bgz1,gax1,gay1,gaz1,bax2,bay2,baz2,bgx2,bgy2,bgz2,gax2,gay2,gaz2,bax3,bay3,baz3,bgx3,bgy3,bgz3,gax3,gay3,gaz3,bax4,bay4,baz4,bgx4,bgy4,bgz4,gax4,gay4,gaz4
0.425291019678,0.00957256334778,-0.088448454524,0.0285566586157,-0.238382703789,0.0645144677449,0.86150296002,-0.245617275261,-0.443027100391,0.340463292792,-0.0533180712861,-0.162055240667,0.0290456226292,-0.075927790365,-0.117940325072,0.880912031338,-0.219354885347,-0.432609136245,0.193713235959,0.0342561725016,-0.115711342852,-0.337487169156,0.0617567516493,0.289423409602,0.876570745518,-0.212188437509,-0.424888906438,0.22314079088,0.0594379248242,-0.0446066410769,-0.268329336266,0.0422336629381,0.430357227246,0.888732365701,-0.190981999305,-0.43346724805,0.225290529513,-0.0619754750257,-0.0744496213636,0.634716761884,-0.46594069255,-0.219697233724,0.938033138407,-0.360401786643,-0.203874591132
