bax0,bay0,baz0,bgx0,bgy0,bgz0,gax0,gay0,gaz0,bax1,bay1,baz1,bgx1,bgy1,bgz1,gax1,gay1,gaz1,bax2,bay2,baz2,bgx2,bgy2,bgz2,gax2,gay2,gaz2,bax3,bay3,baz3,bgx3,bgy3,bgz3,gax3,gay3,gaz3,bax4,bay4,baz4,bgx4,bgy4,bgz4,gax4,gay4,gaz4
0.403326553388,-0.0289189272697,-0.104846752416,-0.0028856138368,-0.180227395296,0.0362060391506,0.866551978073,-0.249849196632,-0.426517858062,0.305572476811,-0.037986131332,-0.163118165753,-0.0356754916296,-0.0552306758812,-0.0565347139151,0.872879386628,-0.212546349039,-0.437427759375,0.2293824047,0.0448974958032,-0.125821269759,-0.325071631406,0.0772449758664,0.326796017912,0.865960767891,-0.246494143255,-0.429213425403,0.245283921975,0.0534020246809,-0.0415653474887,-0.340452236914,0.0437476590186,0.402090161161,0.882556216619,-0.193566245463,-0.436657385951,0.236965881507,-0.0697270418375,-0.0751822048188,0.709345821313,-0.457481130563,-0.21148416488,0.939285175482,-0.344430498301,-0.249482350011
