bax0,bay0,baz0,bgx0,bgy0,bgz0,gax0,gay0,gaz0,bax1,bay1,baz1,bgx1,bgy1,bgz1,gax1,gay1,gaz1,bax2,bay2,baz2,bgx2,bgy2,bgz2,gax2,gay2,gaz2,bax3,bay3,baz3,bgx3,bgy3,bgz3,gax3,gay3,gaz3,bax4,bay4,baz4,bgx4,bgy4,bgz4,gax4,gay4,gaz4
0.414968413882,-0.0298186602204,-0.0969588217321,0.0303300578191,-0.168929768569,-0.0219616773599,0.865459541281,-0.230185039971,-0.389395072586,0.323546011353,-0.0250077579484,-0.161757361436,-0.0559311201788,-0.111335665614,-0.0639519974442,0.885777265639,-0.206045795862,-0.415923894547,0.232778570878,0.0320412609619,-0.106683787441,-0.319619696772,0.0516901377217,0.35569312811,0.883577727811,-0.243490032884,-0.43499688004,0.227913303079,0.0465311609293,-0.0427885607208,-0.375636483918,-0.022274714951,0.428757464218,0.878786649251,-0.197160482626,-0.413850720522,0.221721670589,-0.069046686648,-0.0762649608212,0.702494384934,-0.44944578084,-0.187511356955,0.953281877025,-0.33904696346,-0.210549636531
