bax0,bay0,baz0,bgx0,bgy0,bgz0,gax0,gay0,gaz0,bax1,bay1,baz1,bgx1,bgy1,bgz1,gax1,gay1,gaz1,bax2,bay2,baz2,bgx2,bgy2,bgz2,gax2,gay2,gaz2,bax3,bay3,baz3,bgx3,bgy3,bgz3,gax3,gay3,gaz3,bax4,bay4,baz4,bgx4,bgy4,bgz4,gax4,gay4,gaz4
0.0943362592153,-0.00754853395776,-0.0655368442988,0.548558142737,-0.489449284944,-0.0679395582801,0.923873609478,-0.394312432635,-0.19143470501,0.306570565055,-0.053484801938,-0.059100624336,0.662636442699,-0.684306627646,-0.225410917292,0.912249814971,-0.406782497762,-0.185221615259,0.42051808915,-0.0306060590173,-0.107668789618,0.415355102018,-0.398755042295,-0.215979236468,0.900936634796,-0.429495150192,-0.193584759259,0.301768273464,-0.0260362138433,-0.140850005943,-0.0142352825475,-0.128346554521,0.0904468030678,0.906607554065,-0.413825891232,-0.192341988274,0.230506496005,-0.0776008262377,-0.185571631556,0.0409999675776,-0.270423941381,-0.0103287030785,0.894599633027,-0.392220581716,-0.198974404694
