bax0,bay0,baz0,bgx0,bgy0,bgz0,gax0,gay0,gaz0,bax1,bay1,baz1,bgx1,bgy1,bgz1,gax1,gay1,gaz1,bax2,bay2,baz2,bgx2,bgy2,bgz2,gax2,gay2,gaz2,bax3,bay3,baz3,bgx3,bgy3,bgz3,gax3,gay3,gaz3,bax4,bay4,baz4,bgx4,bgy4,bgz4,gax4,gay4,gaz4
0.117525996019,-0.0135184414756,-0.0690276629533,0.546349329114,-0.45055155652,-0.0959382276271,0.922941721635,-0.39108320294,-0.194219671637,0.317018699884,-0.0590824330453,-0.0538947175228,0.666708119593,-0.679607972925,-0.252157770427,0.91361691398,-0.404104809306,-0.197182259952,0.400641270989,-0.0311971153515,-0.109056290293,0.426227905784,-0.434201417869,-0.227383584101,0.908618476241,-0.436504042977,-0.186995611707,0.289017990432,-0.00874947068013,-0.13918205395,-0.0244798024045,-0.175483791051,0.0862073422867,0.912504171943,-0.412198189552,-0.190081231476,0.210544954762,-0.0673160142702,-0.147071753765,0.0741838690839,-0.23349785297,-0.0199749114454,0.888455099032,-0.393688282659,-0.19889255591
