bax0,bay0,baz0,bgx0,bgy0,bgz0,gax0,gay0,gaz0,bax1,bay1,baz1,bgx1,bgy1,bgz1,gax1,gay1,gaz1,bax2,bay2,baz2,bgx2,bgy2,bgz2,gax2,gay2,gaz2,bax3,bay3,baz3,bgx3,bgy3,bgz3,gax3,gay3,gaz3,bax4,bay4,baz4,bgx4,bgy4,bgz4,gax4,gay4,gaz4
0.260148690649,0.000959905884427,-0.131306584655,-0.20934319301,0.158298218152,0.00281525120973,0.888556178355,-0.411569046275,-0.222527287161,0.241137729726,0.00613387945412,-0.10143341093,-0.398993570786,0.281985177741,0.258856916247,0.887078985749,-0.389525668172,-0.221778126113,0.179574939164,-0.0281511279401,-0.100973193246,-0.504722847363,0.350788441486,0.224537505543,0.958507800525,-0.349135558091,-0.163328742853,0.121713512313,-0.0318894890118,-0.14743887042,-0.612049351081,0.322040281013,0.269355149476,0.920294793315,-0.356843513595,-0.180759378073,0.265623498797,-0.0242196304585,-0.147457995388,-0.0939401503745,-0.248654780114,-0.0486019794715,0.895200519018,-0.385986684761,-0.202715079304
