bax0,bay0,baz0,bgx0,bgy0,bgz0,gax0,gay0,gaz0,bax1,bay1,baz1,bgx1,bgy1,bgz1,gax1,gay1,gaz1,bax2,bay2,baz2,bgx2,bgy2,bgz2,gax2,gay2,gaz2,bax3,bay3,baz3,bgx3,bgy3,bgz3,gax3,gay3,gaz3,bax4,bay4,baz4,bgx4,bgy4,bgz4,gax4,gay4,gaz4
0.293585305774,-0.00125235913073,-0.131490306998,-0.188474367804,0.135687380315,0.0362878146689,0.882665906822,-0.43485976571,-0.220811613423,0.277469523976,-0.0028234081034,-0.0981933242972,-0.397213675966,0.316931898282,0.237406368435,0.880957795153,-0.414832625452,-0.223239339157,0.207338602413,-0.0189614823354,-0.104816011682,-0.479987984392,0.345039091802,0.203846564958,0.949455806895,-0.354096632147,-0.168623379752,0.130386526134,-0.0253707312759,-0.150724933878,-0.632784927903,0.319224829671,0.2832019177,0.91187413845,-0.366086867186,-0.178777540712,0.280481040744,-0.0313719965246,-0.142846021141,-0.0370466466592,-0.219006045372,-0.00480960509135,0.911279371501,-0.40172505093,-0.194574909883
