bax0,bay0,baz0,bgx0,bgy0,bgz0,gax0,gay0,gaz0,bax1,bay1,baz1,bgx1,bgy1,bgz1,gax1,gay1,gaz1,bax2,bay2,baz2,bgx2,bgy2,bgz2,gax2,gay2,gaz2,bax3,bay3,baz3,bgx3,bgy3,bgz3,gax3,gay3,gaz3,bax4,bay4,baz4,bgx4,bgy4,bgz4,gax4,gay4,gaz4
0.387588155429,-0.0527592991224,-0.183308545311,0.101256252372,-0.236759641029,-0.0508059151259,0.895809160068,-0.424061339562,-0.211824945898,0.357760570009,0.000329737725209,-0.143553713677,-0.114316429249,0.132083962998,0.147434083538,0.887867782591,-0.423678037374,-0.226998588683,0.334072530333,-0.021986963907,-0.0775113683164,0.107565171467,-0.139482957955,0.0837361728561,0.887126471883,-0.409338915317,-0.217457433311,0.217915139256,0.00343975025479,-0.116637268294,-0.0702392922423,0.0319776750443,0.204411823313,0.904044287089,-0.407659020876,-0.208795287842,0.14909455198,0.0108923755425,-0.0745113187697,-0.389279926758,0.24194426561,0.329724812256,0.909144038732,-0.412136051106,-0.213492449914
