bax0,bay0,baz0,bgx0,bgy0,bgz0,gax0,gay0,gaz0,bax1,bay1,baz1,bgx1,bgy1,bgz1,gax1,gay1,gaz1,bax2,bay2,baz2,bgx2,bgy2,bgz2,gax2,gay2,gaz2,bax3,bay3,baz3,bgx3,bgy3,bgz3,gax3,gay3,gaz3,bax4,bay4,baz4,bgx4,bgy4,bgz4,gax4,gay4,gaz4
0.0541209051391,-0.128453423142,-0.316796193424,-0.365072765683,0.0125148179147,-0.0565220003623,0.956737664307,-0.37619355239,-0.0555551715573,0.294301955407,-0.0109262208959,-0.0903317624038,-0.0120925088634,-0.143571309394,-0.0864338599552,0.918291180727,-0.445036247674,-0.0918817372915,0.449432186183,0.00576058665351,-0.168876357574,0.240014920959,-0.301149235308,-0.154238121614,0.921451168299,-0.430413225112,-0.0886282840446,0.278133648535,0.0247138211649,-0.138090513591,0.22485936524,-0.14316541343,0.0641181595007,0.926350383674,-0.422158035606,-0.0872749304116,0.22646854726,-0.0613644238676,-0.0218230902117,0.148658275766,-0.150116830231,0.171952293653,0.942060432251,-0.400226660836,-0.0866634447883
