bax0,bay0,baz0,bgx0,bgy0,bgz0,gax0,gay0,gaz0,bax1,bay1,baz1,bgx1,bgy1,bgz1,gax1,gay1,gaz1,bax2,bay2,baz2,bgx2,bgy2,bgz2,gax2,gay2,gaz2,bax3,bay3,baz3,bgx3,bgy3,bgz3,gax3,gay3,gaz3,bax4,bay4,baz4,bgx4,bgy4,bgz4,gax4,gay4,gaz4
0.0612429101947,-0.131895431906,-0.296564816956,-0.390401439745,-0.0133891194343,0.00883106075779,0.967585821118,-0.371299556539,-0.0514633483625,0.332606512703,-0.0112218517294,-0.0865134138363,0.0414404466017,-0.137595492898,-0.0639620325149,0.923912581857,-0.428969597685,-0.115093165422,0.441324602768,0.0180237108213,-0.166111243993,0.258530750727,-0.286838644714,-0.139987093973,0.925601284076,-0.447870537097,-0.0841861852337,0.328660889385,0.0432989103275,-0.106921342534,0.232772052474,-0.140742337289,0.0874405443354,0.928017983749,-0.434458514219,-0.0886551395513,0.215246021863,-0.0411069028184,0.0127591959206,0.191220415896,-0.119796869729,0.179358267924,0.935761523299,-0.400381188139,-0.109736487394
