bax0,bay0,baz0,bgx0,bgy0,bgz0,gax0,gay0,gaz0,bax1,bay1,baz1,bgx1,bgy1,bgz1,gax1,gay1,gaz1,bax2,bay2,baz2,bgx2,bgy2,bgz2,gax2,gay2,gaz2,bax3,bay3,baz3,bgx3,bgy3,bgz3,gax3,gay3,gaz3,bax4,bay4,baz4,bgx4,bgy4,bgz4,gax4,gay4,gaz4
0.250314722605,-0.0475630496016,-0.13128702127,-0.0415968107473,-0.0782861595207,0.097517555453,0.928613311648,-0.398777035287,-0.0824504641511,0.242102750616,0.00572223649005,-0.169445227808,-0.392536042725,0.0673963724521,0.17399337399,0.948647225698,-0.405997331552,-0.0541684389183,0.0980538833699,-0.169074839698,-0.302447321872,0.0782879537043,-0.405083942854,-0.0377850374958,0.956120604843,-0.394532242706,-0.0385891063215,0.306185450852,0.0209474331511,-0.168175121205,0.198608546537,-0.402035767488,-0.175196519956,0.921461414778,-0.460096730729,-0.120596286971,0.339796855266,0.0325368857736,-0.135076425023,0.264663025227,-0.244366659175,-0.083865522624,0.896279349881,-0.4436969235,-0.1091783706
