bax0,bay0,baz0,bgx0,bgy0,bgz0,gax0,gay0,gaz0,bax1,bay1,baz1,bgx1,bgy1,bgz1,gax1,gay1,gaz1,bax2,bay2,baz2,bgx2,bgy2,bgz2,gax2,gay2,gaz2,bax3,bay3,baz3,bgx3,bgy3,bgz3,gax3,gay3,gaz3,bax4,bay4,baz4,bgx4,bgy4,bgz4,gax4,gay4,gaz4
0.217910074143,-0.0553887211196,-0.0997785849324,-0.0834285078128,-0.0478230782479,0.0855595451355,0.935029097044,-0.399555682882,-0.0731736802755,0.263834245903,0.0154784181544,-0.157766956404,-0.353539546083,0.0425099216377,0.175382658196,0.945136793058,-0.401286142159,-0.0651493821568,0.0933743509522,-0.205055468915,-0.320997139594,0.0936822507893,-0.424282289772,0.0106144120275,0.953477159788,-0.394755967971,-0.036433669627,0.281946192612,0.0400024411683,-0.175388651972,0.235244571033,-0.347267329434,-0.141395134134,0.903851452757,-0.468169546801,-0.0984176622295,0.376665970483,0.0242566597675,-0.124451847799,0.272508138768,-0.238193596726,-0.0931016058291,0.890853704568,-0.456203618662,-0.132352031092
