bax0,bay0,baz0,bgx0,bgy0,bgz0,gax0,gay0,gaz0,bax1,bay1,baz1,bgx1,bgy1,bgz1,gax1,gay1,gaz1,bax2,bay2,baz2,bgx2,bgy2,bgz2,gax2,gay2,gaz2,bax3,bay3,baz3,bgx3,bgy3,bgz3,gax3,gay3,gaz3,bax4,bay4,baz4,bgx4,bgy4,bgz4,gax4,gay4,gaz4
0.305455658656,-0.043578648567,-0.107715535252,0.0908925261399,-0.128356112952,0.135296618997,0.921518388882,-0.412316477171,-0.103103243761,0.296108176921,-0.0410990977327,-0.0918798178366,0.21579645806,-0.29918272402,0.0957275147719,0.920998923534,-0.41692833474,-0.120664244537,0.301122775169,-0.0121535382234,-0.149207923794,-0.136426973514,-0.113605704574,0.125474947369,0.925339172008,-0.43455442183,-0.10750663447,0.335259912317,-0.0119898932512,-0.209861970193,-0.462847783313,0.23751437468,0.277565624583,0.932017278791,-0.425782173016,-0.117156263869,0.130112784332,-0.15156464182,-0.391320229926,0.0613074124833,-0.144795716627,0.0787232670081,0.958434470361,-0.368734005296,-0.0737385051628
