bax0,bay0,baz0,bgx0,bgy0,bgz0,gax0,gay0,gaz0,bax1,bay1,baz1,bgx1,bgy1,bgz1,gax1,gay1,gaz1,bax2,bay2,baz2,bgx2,bgy2,bgz2,gax2,gay2,gaz2,bax3,bay3,baz3,bgx3,bgy3,bgz3,gax3,gay3,gaz3,bax4,bay4,baz4,bgx4,bgy4,bgz4,gax4,gay4,gaz4
0.247436787775,-0.00686654296267,-0.0551133219356,0.219261938758,-0.13433205539,-0.165121792654,0.888764468003,-0.438649865031,-0.178470994284,0.353732954599,0.0159800012617,0.0164065992527,0.367808771615,-0.355677644936,-0.177835698818,0.872453480903,-0.452346360603,-0.165070545555,0.318411356218,0.000195091587292,-0.0752165996226,0.237493860324,-0.378636565611,-0.0761945391341,0.904694484816,-0.412144393166,-0.138141983705,0.341558331923,0.0124299448082,-0.127847129726,-0.0140286000503,-0.218619455289,0.0734831954528,0.938160458724,-0.400374636306,-0.122707579649,0.289085820255,-0.0100718389338,-0.203435312627,-0.495633267769,0.345772028334,0.306634506391,0.912656341417,-0.39231582976,-0.122977423123
