bax0,bay0,baz0,bgx0,bgy0,bgz0,gax0,gay0,gaz0,bax1,bay1,baz1,bgx1,bgy1,bgz1,gax1,gay1,gaz1,bax2,bay2,baz2,bgx2,bgy2,bgz2,gax2,gay2,gaz2,bax3,bay3,baz3,bgx3,bgy3,bgz3,gax3,gay3,gaz3,bax4,bay4,baz4,bgx4,bgy4,bgz4,gax4,gay4,gaz4
0.187550674476,-0.0358142738028,-0.0904087324272,-0.364964215076,0.337505246188,0.357485486403,0.937169733083,-0.404335259588,-0.130324041914,0.190401394687,-0.21982151285,-0.310389724065,-0.381221635349,-0.112423752448,0.364233402519,0.972865628134,-0.295118876163,-0.169970666134,0.197335577769,-0.0333802810067,-0.247497422799,-0.121295650797,-0.237850794393,-0.176113551709,0.897427609646,-0.352848781713,-0.220729080673,0.291021623749,0.0435491875622,-0.176338440976,0.253235821135,-0.2905925579,-0.361652659527,0.90087019554,-0.388426780227,-0.279131569958,0.252608816984,0.0253080860716,-0.117935557037,0.21931454683,-0.0987710146926,-0.0705716499409,0.872696243832,-0.363303426088,-0.289346314332
