bax0,bay0,baz0,bgx0,bgy0,bgz0,gax0,gay0,gaz0,bax1,bay1,baz1,bgx1,bgy1,bgz1,gax1,gay1,gaz1,bax2,bay2,baz2,bgx2,bgy2,bgz2,gax2,gay2,gaz2,bax3,bay3,baz3,bgx3,bgy3,bgz3,gax3,gay3,gaz3,bax4,bay4,baz4,bgx4,bgy4,bgz4,gax4,gay4,gaz4
0.215935442445,-0.0564587740376,-0.0868914926686,-0.432803061264,0.342501760098,0.34842802406,0.916365571293,-0.394964544697,-0.14673308899,0.162034127242,-0.16979031027,-0.253023069937,-0.405288828409,-0.0908129035913,0.281281296482,0.972924756583,-0.289922085215,-0.153646160202,0.177785315604,-0.0460359314816,-0.230069637262,-0.114966843277,-0.158381989991,-0.217072560222,0.909992112754,-0.367652424623,-0.225959955642,0.295375083696,0.0473321142844,-0.124826704372,0.277269880582,-0.24466009601,-0.345612639205,0.88467462896,-0.404725246705,-0.267397795256,0.266198264613,0.00288911800791,-0.103938242434,0.283121712442,-0.1242901001,-0.103359718035,0.894088938277,-0.371476923985,-0.273994562021
