bax0,bay0,baz0,bgx0,bgy0,bgz0,gax0,gay0,gaz0,bax1,bay1,baz1,bgx1,bgy1,bgz1,gax1,gay1,gaz1,bax2,bay2,baz2,bgx2,bgy2,bgz2,gax2,gay2,gaz2,bax3,bay3,baz3,bgx3,bgy3,bgz3,gax3,gay3,gaz3,bax4,bay4,baz4,bgx4,bgy4,bgz4,gax4,gay4,gaz4
0.202441184317,-0.0399550071367,-0.107478180914,-0.389911921988,0.379130326911,0.36546691074,0.91440828895,-0.376919581306,-0.122219759828,0.174592374095,-0.177399416233,-0.276909245704,-0.377287276592,-0.0728419276744,0.324490349345,0.964157906021,-0.300821916643,-0.137962111186,0.212718735765,-0.0419220521614,-0.228429470501,-0.0552601884507,-0.201785289532,-0.166521959401,0.924746509858,-0.353860418655,-0.238548872576,0.269689487707,0.0358841223678,-0.136264708526,0.222452978813,-0.267793766668,-0.405816749409,0.882970233204,-0.39475801454,-0.271879648314,0.246170402355,0.0176619330416,-0.117934457783,0.254204204906,-0.107739624315,-0.0910511532789,0.889243792398,-0.376750407482,-0.300088278972
