bax0,bay0,baz0,bgx0,bgy0,bgz0,gax0,gay0,gaz0,bax1,bay1,baz1,bgx1,bgy1,bgz1,gax1,gay1,gaz1,bax2,bay2,baz2,bgx2,bgy2,bgz2,gax2,gay2,gaz2,bax3,bay3,baz3,bgx3,bgy3,bgz3,gax3,gay3,gaz3,bax4,bay4,baz4,bgx4,bgy4,bgz4,gax4,gay4,gaz4
0.224246530328,-0.0501649583775,-0.106667448106,-0.433561422323,0.34100638287,0.382927304872,0.919798438739,-0.398365323459,-0.131856509225,0.160831586,-0.186862284229,-0.258947807216,-0.376548770491,-0.107933800945,0.29113241619,0.948307037611,-0.286442752415,-0.184216280451,0.223295688948,-0.0413050462388,-0.230819408749,-0.0948741891182,-0.223868196631,-0.200719101916,0.919060083936,-0.364569039779,-0.237835018534,0.285149620823,0.0409647776317,-0.14117969284,0.303151080644,-0.29397333833,-0.360942222549,0.897897716862,-0.377988606686,-0.247545384285,0.256643889663,0.0478459013818,-0.129270253127,0.249871059064,-0.125301245478,-0.105734729489,0.883759272828,-0.372804335456,-0.295558837843
