bax0,bay0,baz0,bgx0,bgy0,bgz0,gax0,gay0,gaz0,bax1,bay1,baz1,bgx1,bgy1,bgz1,gax1,gay1,gaz1,bax2,bay2,baz2,bgx2,bgy2,bgz2,gax2,gay2,gaz2,bax3,bay3,baz3,bgx3,bgy3,bgz3,gax3,gay3,gaz3,bax4,bay4,baz4,bgx4,bgy4,bgz4,gax4,gay4,gaz4
0.282792334571,-0.056764232472,-0.0814406294256,0.134787421178,-0.169392431749,0.151180369242,0.879166071722,-0.356004876206,-0.287098772607,0.237909196982,-0.0645221492999,-0.159169475552,0.0253982669713,-0.226020745462,0.0650167048724,0.894055305076,-0.368089311454,-0.293577051488,0.300749084353,-0.0137875646812,-0.199714697814,-0.261395176349,-0.000818585073791,0.175751846666,0.886171122665,-0.382621007682,-0.30864776269,0.0386812433707,-0.0749926919672,-0.408152741899,0.473016625722,-0.41016247134,-0.28923114827,0.901614582685,-0.368526085178,-0.258485106676,0.123072440736,-0.00862627280191,-0.206950926319,0.51807526549,-0.463221130466,-0.38532693878,0.821488977312,-0.412917657139,-0.356554734825
