bax0,bay0,baz0,bgx0,bgy0,bgz0,gax0,gay0,gaz0,bax1,bay1,baz1,bgx1,bgy1,bgz1,gax1,gay1,gaz1,bax2,bay2,baz2,bgx2,bgy2,bgz2,gax2,gay2,gaz2,bax3,bay3,baz3,bgx3,bgy3,bgz3,gax3,gay3,gaz3,bax4,bay4,baz4,bgx4,bgy4,bgz4,gax4,gay4,gaz4
0.278618837755,-0.075883600862,-0.162558976281,0.347651030019,-0.539280391116,-0.716731367257,0.694000189783,-0.455846458533,-0.512924845926,0.273516244347,0.0750811052223,-0.177225209908,0.205227521262,-0.154159724526,-0.549476826755,0.652797733312,-0.456713924101,-0.525489529349,0.348755428648,0.0328592509781,-0.102104122732,0.125748648584,-0.0486275792758,-0.130430105305,0.667891503187,-0.435656722456,-0.532648053661,0.297551433911,-0.0668977908617,-0.0973481256086,-0.127697113903,-0.0923290416198,0.330242744046,0.699767086039,-0.413930661287,-0.513798407861,0.248298132672,-0.0316402398745,-0.222161667303,-0.464879146734,0.295385108524,0.824272364975,0.69936486559,-0.410834147632,-0.528034326959
