bax0,bay0,baz0,bgx0,bgy0,bgz0,gax0,gay0,gaz0,bax1,bay1,baz1,bgx1,bgy1,bgz1,gax1,gay1,gaz1,bax2,bay2,baz2,bgx2,bgy2,bgz2,gax2,gay2,gaz2,bax3,bay3,baz3,bgx3,bgy3,bgz3,gax3,gay3,gaz3,bax4,bay4,baz4,bgx4,bgy4,bgz4,gax4,gay4,gaz4
0.156044480579,-0.103166537139,-0.174317119299,0.367372642864,-0.435198709665,-0.162372051495,0.881581865578,-0.410200399033,-0.306598528722,0.362679406387,-0.0396991343721,-0.145940459978,0.169733395068,-0.305596062611,-0.0836887161265,0.818521073415,-0.460179716564,-0.322961796718,0.311232645066,-0.0690689222417,-0.136380086969,0.363551111425,-0.433487232499,-0.272997115193,0.79882683681,-0.472221794856,-0.328110309796,0.350912111402,-0.043624640124,-0.152983941656,0.227711002775,-0.3505717639,-0.153744317886,0.794810196079,-0.482963298889,-0.333631529241,0.292667922941,0.0103704773828,-0.138776746261,-0.0497457010582,-0.124576343464,0.109079333405,0.803462436788,-0.485326662355,-0.343532663975
