bax0,bay0,baz0,bgx0,bgy0,bgz0,gax0,gay0,gaz0,bax1,bay1,baz1,bgx1,bgy1,bgz1,gax1,gay1,gaz1,bax2,bay2,baz2,bgx2,bgy2,bgz2,gax2,gay2,gaz2,bax3,bay3,baz3,bgx3,bgy3,bgz3,gax3,gay3,gaz3,bax4,bay4,baz4,bgx4,bgy4,bgz4,gax4,gay4,gaz4
0.147645035563,-0.0942122054337,-0.158889976213,0.345839631436,-0.45598716209,-0.153279874814,0.86619635018,-0.409529146505,-0.298771487234,0.340332136017,-0.0239750589863,-0.152516139783,0.170358748179,-0.276128223472,-0.0487745700192,0.814029256943,-0.450979470143,-0.326422848515,0.333984429469,-0.086314231177,-0.154971618799,0.339199298934,-0.449271296693,-0.287712245457,0.817088891541,-0.460879122411,-0.335419206553,0.335481364254,-0.0254544472223,-0.142907700797,0.223729015759,-0.362293609113,-0.122238160601,0.815125881288,-0.483822791208,-0.33079102967,0.290323400107,-0.00019622682979,-0.135702391175,-0.0573582620391,-0.0742981245085,0.103166934176,0.81836494493,-0.494603246501,-0.342634276513
