bax0,bay0,baz0,bgx0,bgy0,bgz0,gax0,gay0,gaz0,bax1,bay1,baz1,bgx1,bgy1,bgz1,gax1,gay1,gaz1,bax2,bay2,baz2,bgx2,bgy2,bgz2,gax2,gay2,gaz2,bax3,bay3,baz3,bgx3,bgy3,bgz3,gax3,gay3,gaz3,bax4,bay4,baz4,bgx4,bgy4,bgz4,gax4,gay4,gaz4
0.169684512019,-0.0930218053797,-0.163953198036,0.366386021643,-0.455643858986,-0.168711913766,0.873103070647,-0.401705508452,-0.309596048611,0.340360730364,-0.0235968141851,-0.150868295419,0.186130802513,-0.308559302085,-0.0482485492209,0.829647667872,-0.450436483235,-0.325854652249,0.334024156929,-0.0583893744591,-0.160405485848,0.322137279545,-0.451797912642,-0.293144303484,0.802366630189,-0.462882579135,-0.322660584977,0.345377091728,-0.0338201115336,-0.142030533874,0.214496975694,-0.338867846125,-0.146801906662,0.805854406563,-0.483018707364,-0.335316564626,0.296606001386,-0.00381812866513,-0.145280083921,-0.0475774448261,-0.107448737225,0.121827035689,0.80644951252,-0.491089782562,-0.339654683175
