bax0,bay0,baz0,bgx0,bgy0,bgz0,gax0,gay0,gaz0,bax1,bay1,baz1,bgx1,bgy1,bgz1,gax1,gay1,gaz1,bax2,bay2,baz2,bgx2,bgy2,bgz2,gax2,gay2,gaz2,bax3,bay3,baz3,bgx3,bgy3,bgz3,gax3,gay3,gaz3,bax4,bay4,baz4,bgx4,bgy4,bgz4,gax4,gay4,gaz4
0.175950048612,-0.00867716120021,-0.127979161973,0.259548891835,-0.345832746936,-0.324559169846,0.835995019555,-0.437258928865,-0.31486986102,0.268490650949,-0.00739368851455,-0.124437833379,0.303533484902,-0.415944801707,-0.375003040338,0.822362839429,-0.446596205211,-0.321642702326,0.374991333941,-0.00846978255941,-0.110775812859,0.205771473211,-0.400581830691,-0.0835404756035,0.818619949511,-0.438214273175,-0.321433144315,0.334677320574,0.0094341413375,-0.110947676971,0.0347177178135,-0.16093908761,0.0271994490624,0.823494398868,-0.46040946604,-0.322759757905,0.307436224207,-0.00205801682088,-0.118887629482,-0.0727902789676,-0.0533671512819,0.108992169385,0.809246353002,-0.460744389529,-0.321384665409
