bax0,bay0,baz0,bgx0,bgy0,bgz0,gax0,gay0,gaz0,bax1,bay1,baz1,bgx1,bgy1,bgz1,gax1,gay1,gaz1,bax2,bay2,baz2,bgx2,bgy2,bgz2,gax2,gay2,gaz2,bax3,bay3,baz3,bgx3,bgy3,bgz3,gax3,gay3,gaz3,bax4,bay4,baz4,bgx4,bgy4,bgz4,gax4,gay4,gaz4
0.413633210458,-0.036516583858,-0.185601241095,-0.349389189732,0.221354527711,0.533142453458,0.821149821261,-0.458305159759,-0.328956785165,0.292811793601,-0.0322847102519,-0.16669973705,-0.342059150541,0.382701752441,0.535779346209,0.821617973681,-0.449476650392,-0.318482422437,0.138144975821,-0.0374762708552,-0.157246721142,-0.568980934363,0.445348253894,0.535082232548,0.866927230145,-0.437457113734,-0.267567753841,0.297058116047,-0.051169029883,-0.138029278107,-0.280342206431,0.241232195114,0.231996082792,0.867396847497,-0.446879120023,-0.295146946569,0.338559444184,-0.0363676393352,-0.123866374979,0.180454180952,-0.223795585042,-0.156589808698,0.812453130136,-0.456802249592,-0.324615208185
