bax0,bay0,baz0,bgx0,bgy0,bgz0,gax0,gay0,gaz0,bax1,bay1,baz1,bgx1,bgy1,bgz1,gax1,gay1,gaz1,bax2,bay2,baz2,bgx2,bgy2,bgz2,gax2,gay2,gaz2,bax3,bay3,baz3,bgx3,bgy3,bgz3,gax3,gay3,gaz3,bax4,bay4,baz4,bgx4,bgy4,bgz4,gax4,gay4,gaz4
0.392935054267,-0.0298391825962,-0.160191418028,-0.322596559709,0.263783500034,0.409820134998,0.825535645821,-0.449532891815,-0.322722201066,0.289305683751,-0.0298493405958,-0.16971484677,-0.381164469293,0.35159595085,0.536005893975,0.806937484784,-0.463852210542,-0.312337806654,0.135468532554,-0.0470841651177,-0.164409388909,-0.596317209853,0.430441279259,0.536033876972,0.898029179305,-0.427535657633,-0.265347462204,0.273997855107,-0.0520742254194,-0.142377025982,-0.274200295468,0.189495277227,0.254940431013,0.824908995012,-0.439694343864,-0.290102791593,0.325469429686,-0.0346726718643,-0.126282885956,0.168149133785,-0.21290139524,-0.174746702098,0.837701369387,-0.448544438132,-0.332591383041
