bax0,bay0,baz0,bgx0,bgy0,bgz0,gax0,gay0,gaz0,bax1,bay1,baz1,bgx1,bgy1,bgz1,gax1,gay1,gaz1,bax2,bay2,baz2,bgx2,bgy2,bgz2,gax2,gay2,gaz2,bax3,bay3,baz3,bgx3,bgy3,bgz3,gax3,gay3,gaz3,bax4,bay4,baz4,bgx4,bgy4,bgz4,gax4,gay4,gaz4
0.354604446373,-0.043491607684,-0.119632018493,0.2247543227,-0.403670887241,-0.252497476987,0.808796747361,-0.456214612167,-0.332894015975,0.23162817474,-0.0686601058401,-0.14734598788,0.0247550635184,-0.255118140902,-0.0487548189305,0.814646690482,-0.455765307687,-0.332012386144,0.189173013748,-0.00461170884228,-0.121511585432,0.0768780812426,-0.265346602229,-0.138775003717,0.797664722307,-0.466619739403,-0.340088401366,0.260120867197,0.0267848227827,-0.106196003212,-0.267277342173,0.193002268782,0.163021576696,0.800236899264,-0.469205251198,-0.351464363884,0.35510058115,0.00527627677817,-0.120542419655,-0.420073025181,0.242707929608,0.455650812455,0.804289790564,-0.458440724426,-0.352297557914
