bax0,bay0,baz0,bgx0,bgy0,bgz0,gax0,gay0,gaz0,bax1,bay1,baz1,bgx1,bgy1,bgz1,gax1,gay1,gaz1,bax2,bay2,baz2,bgx2,bgy2,bgz2,gax2,gay2,gaz2,bax3,bay3,baz3,bgx3,bgy3,bgz3,gax3,gay3,gaz3,bax4,bay4,baz4,bgx4,bgy4,bgz4,gax4,gay4,gaz4
0.324909120404,-0.0429361370062,-0.125443316802,0.245883475879,-0.364025852989,-0.260661590314,0.806917981662,-0.458098445983,-0.336140512697,0.234164127035,-0.0693758714622,-0.16373220275,0.0387844628323,-0.282128516302,-0.113215562163,0.807464456263,-0.458708059667,-0.332532159053,0.203270091304,-0.00964089328139,-0.129287363383,0.0713153928463,-0.296594817401,-0.189140115202,0.798934766544,-0.468387936342,-0.341003064401,0.297538150057,0.0291593715689,-0.122985694818,-0.247839903576,0.183054034352,0.23356239143,0.802949383462,-0.46809515518,-0.348182892613,0.351798199269,0.0172381433403,-0.11598157362,-0.366278563711,0.246099698253,0.45562084508,0.806101517715,-0.462155563745,-0.361684397746
