bax0,bay0,baz0,bgx0,bgy0,bgz0,gax0,gay0,gaz0,bax1,bay1,baz1,bgx1,bgy1,bgz1,gax1,gay1,gaz1,bax2,bay2,baz2,bgx2,bgy2,bgz2,gax2,gay2,gaz2,bax3,bay3,baz3,bgx3,bgy3,bgz3,gax3,gay3,gaz3,bax4,bay4,baz4,bgx4,bgy4,bgz4,gax4,gay4,gaz4
0.19738817159,-0.0718138218334,-0.221794330404,0.589376181974,-0.554343235653,-0.234025632557,0.88552021125,-0.405342007599,-0.288896197391,0.0688357263211,-0.0523489220631,-0.163415884022,0.462663774432,-0.469222818311,-0.185775913195,0.854160955268,-0.427052772654,-0.303489086757,0.182357292676,-0.0536389580909,-0.0737121923286,0.550480092505,-0.519692127088,-0.424684812841,0.813346868185,-0.455014897475,-0.331996363362,0.315005302317,-0.0971440391531,-0.086263305902,0.204939695614,-0.234917207827,-0.225009208891,0.791588365164,-0.453019403074,-0.342172996663,0.357951438508,-0.039092616093,-0.149603892422,0.007766033513,-0.189761815981,-0.0209716638572,0.787662527171,-0.473193315896,-0.334728016609
