bax0,bay0,baz0,bgx0,bgy0,bgz0,gax0,gay0,gaz0,bax1,bay1,baz1,bgx1,bgy1,bgz1,gax1,gay1,gaz1,bax2,bay2,baz2,bgx2,bgy2,bgz2,gax2,gay2,gaz2,bax3,bay3,baz3,bgx3,bgy3,bgz3,gax3,gay3,gaz3,bax4,bay4,baz4,bgx4,bgy4,bgz4,gax4,gay4,gaz4
0.279737098911,0.031440601682,-0.100922464408,0.416676745761,-0.570092766221,-0.445150474816,0.799395782795,-0.453990100149,-0.336581153085,0.447249838331,-0.0206897129902,-0.158437619702,0.229263433033,-0.318334667036,0.049264982866,0.803216909201,-0.453037740616,-0.345060417551,0.234212334835,-0.00604002352059,-0.0953483053748,0.104262912529,-0.105421212389,0.0576764529743,0.80736346813,-0.476526100908,-0.332023014441,0.233688898853,0.0201536935192,-0.0496096691764,-0.116453693693,0.0447985657837,0.191022637775,0.814795903287,-0.467304159465,-0.312176824203,0.327117371461,-0.0500264239574,-0.10688402966,-0.479141648448,0.380804861614,0.566670829896,0.823011778787,-0.454740048695,-0.296814510213
