bax0,bay0,baz0,bgx0,bgy0,bgz0,gax0,gay0,gaz0,bax1,bay1,baz1,bgx1,bgy1,bgz1,gax1,gay1,gaz1,bax2,bay2,baz2,bgx2,bgy2,bgz2,gax2,gay2,gaz2,bax3,bay3,baz3,bgx3,bgy3,bgz3,gax3,gay3,gaz3,bax4,bay4,baz4,bgx4,bgy4,bgz4,gax4,gay4,gaz4
0.282917811602,0.043297915481,-0.103633403452,0.397810238181,-0.601025481039,-0.462379979257,0.800649876502,-0.467198857828,-0.343082539225,0.421542049485,-0.0296966722637,-0.141017498306,0.181928083162,-0.276652718653,-0.00914566192805,0.796782269994,-0.450679518418,-0.344664671518,0.258531245928,-0.0321576795101,-0.0960278766291,0.13732753325,-0.194986525483,0.0815650983326,0.816154207611,-0.468178279178,-0.340205101727,0.234798408042,0.0103409629766,-0.0610870340559,-0.0840917107208,0.0306192987467,0.19669902491,0.806123453467,-0.477720024295,-0.313601100848,0.357216382387,-0.0668109331617,-0.120807565055,-0.482245496389,0.336768168443,0.565225010424,0.828537582434,-0.456061756136,-0.311999394042
