bax0,bay0,baz0,bgx0,bgy0,bgz0,gax0,gay0,gaz0,bax1,bay1,baz1,bgx1,bgy1,bgz1,gax1,gay1,gaz1,bax2,bay2,baz2,bgx2,bgy2,bgz2,gax2,gay2,gaz2,bax3,bay3,baz3,bgx3,bgy3,bgz3,gax3,gay3,gaz3,bax4,bay4,baz4,bgx4,bgy4,bgz4,gax4,gay4,gaz4
0.186004316352,-0.0526484464855,-0.143060007381,0.528819841417,-0.561268019073,-0.292074398028,0.877719754582,-0.427541264914,-0.282500356845,0.294236858214,-0.051776475188,-0.0837295321134,0.289242504007,-0.308462080834,-0.26735271242,0.834363482526,-0.432517667627,-0.294995119264,0.252383777682,0.00206233704242,-0.15881076858,0.379918689402,-0.643971832661,-0.486321289594,0.822650025374,-0.42786723874,-0.300077599631,0.258161485725,-0.0123137114062,-0.213472832998,0.292765685658,-0.58973129246,-0.341632614175,0.819357519237,-0.426891050188,-0.321358472686,0.302143215399,-0.0283097294006,-0.147450907756,0.233759529583,-0.236563390412,-0.0346404731971,0.807691208849,-0.450520699721,-0.348347832269
