bax0,bay0,baz0,bgx0,bgy0,bgz0,gax0,gay0,gaz0,bax1,bay1,baz1,bgx1,bgy1,bgz1,gax1,gay1,gaz1,bax2,bay2,baz2,bgx2,bgy2,bgz2,gax2,gay2,gaz2,bax3,bay3,baz3,bgx3,bgy3,bgz3,gax3,gay3,gaz3,bax4,bay4,baz4,bgx4,bgy4,bgz4,gax4,gay4,gaz4
0.140952418781,-0.118210360821,-0.226629538183,0.693844704721,-0.637405424089,-0.0301987724331,0.985075477784,-0.317833571396,0.0403876995424,0.317553801653,-0.030137621612,-0.221072627122,0.502074713271,-0.387997923781,-0.088407999437,0.965181813718,-0.369882580044,-0.0150420122946,0.386357294821,0.0429212159524,-0.0737580955524,0.500116940843,-0.259531485254,0.0997246200436,0.934528817385,-0.355772703753,-0.0425804535356,0.144366490759,0.0164604676429,-0.0336677340127,0.210804338452,-0.227519081096,0.18270944877,0.927799747714,-0.342999060796,-0.0190506752549,0.34736922192,-0.0321814901593,-0.09747370015,0.062125605465,-0.220633346671,0.0952718553564,0.940515302381,-0.319943002004,-0.00162773446536
