bax0,bay0,baz0,bgx0,bgy0,bgz0,gax0,gay0,gaz0,bax1,bay1,baz1,bgx1,bgy1,bgz1,gax1,gay1,gaz1,bax2,bay2,baz2,bgx2,bgy2,bgz2,gax2,gay2,gaz2,bax3,bay3,baz3,bgx3,bgy3,bgz3,gax3,gay3,gaz3,bax4,bay4,baz4,bgx4,bgy4,bgz4,gax4,gay4,gaz4
0.272967865487,0.00332881068515,-0.193099132144,0.474206169236,-0.321764217373,-0.0311882628857,0.956395056875,-0.348022061994,-0.00929026390526,0.373928818163,-0.00304957971763,-0.0174548307905,0.464535626704,-0.244629909268,0.157834341816,0.93158408642,-0.348058248685,-0.0432249045889,0.241471269945,-0.0169314760958,-0.0768256924259,0.208570434402,-0.269090234561,0.099865518417,0.947525628384,-0.345380047532,-0.0130301219318,0.305672321918,-0.0388902291977,-0.105337937326,0.064577559964,-0.286054808707,-0.00801127152998,0.962647410983,-0.333060038632,-0.000276564110146,0.332158852007,0.0163839344811,-0.13758773812,-0.092793599959,-0.0602953435668,0.0957496535817,0.949869716363,-0.322666889994,-0.0151563043092
