bax0,bay0,baz0,bgx0,bgy0,bgz0,gax0,gay0,gaz0,bax1,bay1,baz1,bgx1,bgy1,bgz1,gax1,gay1,gaz1,bax2,bay2,baz2,bgx2,bgy2,bgz2,gax2,gay2,gaz2,bax3,bay3,baz3,bgx3,bgy3,bgz3,gax3,gay3,gaz3,bax4,bay4,baz4,bgx4,bgy4,bgz4,gax4,gay4,gaz4
0.307737787074,0.00483663032015,-0.178610405347,0.508980445519,-0.353655178221,-0.0375567353001,0.951104293906,-0.346385938053,-0.0168120070614,0.363560626448,0.000601804099079,-0.0145883868237,0.41944521014,-0.24481021644,0.157531816036,0.922357707616,-0.358702442452,-0.0363080795988,0.241629993998,-0.0220624095205,-0.0803246793372,0.114266553408,-0.267499971924,0.114815600359,0.949739078733,-0.342319187567,-0.0100703365381,0.320273723888,-0.0575344823749,-0.0920870115044,0.0530398009454,-0.265443083183,0.0009266120709,0.953022072642,-0.3211562119,-0.00104258440285,0.333682501951,0.00891617635185,-0.143919489429,-0.0709197139167,-0.0532438425494,0.104771097881,0.953370920808,-0.323235148647,-0.00763294889801
