bax0,bay0,baz0,bgx0,bgy0,bgz0,gax0,gay0,gaz0,bax1,bay1,baz1,bgx1,bgy1,bgz1,gax1,gay1,gaz1,bax2,bay2,baz2,bgx2,bgy2,bgz2,gax2,gay2,gaz2,bax3,bay3,baz3,bgx3,bgy3,bgz3,gax3,gay3,gaz3,bax4,bay4,baz4,bgx4,bgy4,bgz4,gax4,gay4,gaz4
0.403970413817,0.0024730785418,-0.138946177553,-0.513862118905,0.289966962812,0.173235241076,0.939216658526,-0.339044390397,-0.0227202260373,0.148432892297,-0.0886370182266,-0.113919907591,0.523104966991,-0.392970313909,-0.118730752506,0.953791354219,-0.313884346839,-0.170015662699,0.180855373688,-0.0760350064183,-0.0896160229684,0.590703127265,-0.578115701876,-0.314596699972,0.923398009284,-0.36365679685,-0.152509676819,0.322280152513,0.014316177872,-0.14167244639,0.585575116161,-0.736816038915,-0.377195670604,0.891720654166,-0.372946635068,-0.17199971011,0.332655741975,-0.00250033354522,-0.151593972876,0.208360378673,-0.24270283508,0.0289121854084,0.890685936207,-0.371963258727,-0.190793606368
