bax0,bay0,baz0,bgx0,bgy0,bgz0,gax0,gay0,gaz0,bax1,bay1,baz1,bgx1,bgy1,bgz1,gax1,gay1,gaz1,bax2,bay2,baz2,bgx2,bgy2,bgz2,gax2,gay2,gaz2,bax3,bay3,baz3,bgx3,bgy3,bgz3,gax3,gay3,gaz3,bax4,bay4,baz4,bgx4,bgy4,bgz4,gax4,gay4,gaz4
0.346693042964,0.0182812582798,-0.112096829024,0.691154726227,-0.596630242689,-0.452329267071,0.898655952421,-0.399626738904,-0.219447041679,0.367382453428,0.0185255287327,-0.136534134299,0.377264014451,-0.317447113519,0.0650931979861,0.899935239903,-0.387740771196,-0.198018718476,0.21455139938,-0.0391761273864,-0.151066181158,0.110957970707,-0.137417773715,0.249357990259,0.900361855561,-0.388430431166,-0.206153145014,0.346784431516,-0.0687302414917,-0.0362742135606,0.0276338892199,-0.123489572601,0.0949752564638,0.898903933088,-0.389329980199,-0.218948100123,0.294152622614,-0.00768373682274,-0.0646691465669,-0.425965013282,0.150957280759,0.121590684679,0.907930314412,-0.406020328318,-0.207490801256
