bax0,bay0,baz0,bgx0,bgy0,bgz0,gax0,gay0,gaz0,bax1,bay1,baz1,bgx1,bgy1,bgz1,gax1,gay1,gaz1,bax2,bay2,baz2,bgx2,bgy2,bgz2,gax2,gay2,gaz2,bax3,bay3,baz3,bgx3,bgy3,bgz3,gax3,gay3,gaz3,bax4,bay4,baz4,bgx4,bgy4,bgz4,gax4,gay4,gaz4
0.00398979086252,-0.0520524407626,-0.094613599833,-0.697665563594,0.515227928301,0.303007608935,0.945553715344,-0.327973254243,-0.179099008528,0.291975609057,-0.0395234469611,-0.0790204765974,-0.267319878441,-0.0378229483028,-0.034491799643,0.905349848865,-0.366564018183,-0.186857306032,0.285685879703,-0.0589459223794,-0.118247785022,0.289914357913,-0.413047489983,-0.246087049636,0.903279835512,-0.36383490533,-0.181827500476,0.23991510231,0.010198620384,-0.158949111756,0.340718666052,-0.33928063638,-0.0981528981049,0.898912505472,-0.375227521376,-0.196874629887,0.403920763477,-0.00617036051954,-0.142702202279,0.103075891069,-0.114656083476,0.0636112050639,0.894515623244,-0.374771994521,-0.195257354366
