bax0,bay0,baz0,bgx0,bgy0,bgz0,gax0,gay0,gaz0,bax1,bay1,baz1,bgx1,bgy1,bgz1,gax1,gay1,gaz1,bax2,bay2,baz2,bgx2,bgy2,bgz2,gax2,gay2,gaz2,bax3,bay3,baz3,bgx3,bgy3,bgz3,gax3,gay3,gaz3,bax4,bay4,baz4,bgx4,bgy4,bgz4,gax4,gay4,gaz4
0.207818615093,-0.0760381259169,-0.324026688432,0.457457149534,-0.460160605412,-0.0768294328287,0.964408397311,-0.157194071177,-0.204645423077,0.317090066062,-0.0299410390655,-0.21241547504,0.278427207836,-0.222332338998,-0.0459435310953,0.937761810709,-0.212868898799,-0.310108857861,0.3187142428,-0.0215513469792,-0.154325756454,0.263022805553,-0.136679952882,-0.286541100682,0.921918699839,-0.218562492922,-0.309656085426,0.270334267664,-0.0354698671514,-0.157462052168,0.275294545174,-0.175077792034,-0.221342042764,0.923453877014,-0.220746667129,-0.336760578629,0.294391939879,-0.0034760314133,-0.162575897654,0.07561873456,-0.131286508591,0.0362635918564,0.906024624477,-0.233975783922,-0.360267396825
