bax0,bay0,baz0,bgx0,bgy0,bgz0,gax0,gay0,gaz0,bax1,bay1,baz1,bgx1,bgy1,bgz1,gax1,gay1,gaz1,bax2,bay2,baz2,bgx2,bgy2,bgz2,gax2,gay2,gaz2,bax3,bay3,baz3,bgx3,bgy3,bgz3,gax3,gay3,gaz3,bax4,bay4,baz4,bgx4,bgy4,bgz4,gax4,gay4,gaz4
0.308237817595,-0.0270916355518,-0.0794757411211,0.331083790783,-0.235433084078,-0.235261077008,0.880430718247,-0.211758620828,-0.381935615917,0.246795212593,-0.0236031614543,-0.111367020082,0.405443026132,-0.241397781912,-0.368985620485,0.869316474933,-0.221254587542,-0.384280751716,0.22987970947,-0.0537239790125,-0.166229710879,0.134501471863,-0.137023251214,-0.122870113283,0.886713091169,-0.223573417146,-0.386820472071,0.263821686397,-0.0121952954944,-0.07838082305,0.00564035393247,-0.0669362593835,-0.0208550754035,0.861314818892,-0.244250022913,-0.395845329261,0.380964686565,-0.0214435517029,-0.119154069637,-0.00486105178749,-0.0482084349755,0.0769831335365,0.855964231326,-0.235543873565,-0.381359099644
