bax0,bay0,baz0,bgx0,bgy0,bgz0,gax0,gay0,gaz0,bax1,bay1,baz1,bgx1,bgy1,bgz1,gax1,gay1,gaz1,bax2,bay2,baz2,bgx2,bgy2,bgz2,gax2,gay2,gaz2,bax3,bay3,baz3,bgx3,bgy3,bgz3,gax3,gay3,gaz3,bax4,bay4,baz4,bgx4,bgy4,bgz4,gax4,gay4,gaz4
0.325658931057,-0.0217727395842,-0.0656767602878,0.330846883279,-0.256232344036,-0.285366195263,0.895322598578,-0.212547606983,-0.377310027164,0.245136004621,-0.0135828928372,-0.119322459224,0.36573159761,-0.242928035252,-0.350966288401,0.873596108684,-0.216184657219,-0.385313197592,0.209094889786,-0.0575145940292,-0.160077523269,0.14139497014,-0.13711480317,-0.0615932036054,0.875590513879,-0.227603941898,-0.389578065868,0.253083378949,-0.00994908868443,-0.0679435164876,0.00129680368187,-0.0243142992035,-0.00535946088109,0.865299031929,-0.225544820583,-0.392886110339,0.348981340133,-0.0293036325884,-0.128647208462,-0.0229175283587,-0.103506419716,0.0594668457663,0.842490161984,-0.242755590196,-0.377159780245
