bax0,bay0,baz0,bgx0,bgy0,bgz0,gax0,gay0,gaz0,bax1,bay1,baz1,bgx1,bgy1,bgz1,gax1,gay1,gaz1,bax2,bay2,baz2,bgx2,bgy2,bgz2,gax2,gay2,gaz2,bax3,bay3,baz3,bgx3,bgy3,bgz3,gax3,gay3,gaz3,bax4,bay4,baz4,bgx4,bgy4,bgz4,gax4,gay4,gaz4
0.31314307938,-0.0356396744139,-0.0862640599195,0.277573367132,-0.263178082668,-0.271799479833,0.881462913542,-0.216326883619,-0.374342911423,0.264484235823,-0.0154155550476,-0.116277527499,0.397842451197,-0.219983679013,-0.370737252298,0.870980409099,-0.225922175139,-0.379901050945,0.225026547544,-0.0729720100321,-0.15873235343,0.151904879698,-0.127294472534,-0.070681783651,0.8777008106,-0.216699005725,-0.38701141612,0.269478397753,-0.0134606233432,-0.0749944385569,0.0332496065968,-0.0239762602197,0.0203389047607,0.859227692484,-0.233740560309,-0.39998246745,0.361132372586,-0.0276426641288,-0.132778771284,-0.0119934795384,-0.0789563714733,0.0571108699024,0.851523534437,-0.244825011219,-0.391654982141
