bax0,bay0,baz0,bgx0,bgy0,bgz0,gax0,gay0,gaz0,bax1,bay1,baz1,bgx1,bgy1,bgz1,gax1,gay1,gaz1,bax2,bay2,baz2,bgx2,bgy2,bgz2,gax2,gay2,gaz2,bax3,bay3,baz3,bgx3,bgy3,bgz3,gax3,gay3,gaz3,bax4,bay4,baz4,bgx4,bgy4,bgz4,gax4,gay4,gaz4
0.341522927992,-0.0419120641529,-0.175125420711,-0.372689214071,0.0477662381867,0.33144093903,0.87652908421,-0.222479461778,-0.381353363942,0.209022163072,0.00763511696982,-0.139883195198,-0.204995334548,-0.0663434965457,0.0293755637804,0.862430777982,-0.21191730915,-0.399983034692,0.242102560764,-0.10780249387,-0.0958867127976,0.294272144993,-0.165234347753,-0.105833301064,0.912508795014,-0.157753188516,-0.381724593026,0.416420381572,-0.027939301144,-0.0641324447958,0.345971216671,-0.343174235408,-0.185447944942,0.872029748076,-0.225808621357,-0.372668239039,0.263244754099,-0.0515062676649,-0.129834015722,0.385544192508,-0.24569666863,-0.389196146956,0.858107561529,-0.211897514149,-0.372100622493
