bax0,bay0,baz0,bgx0,bgy0,bgz0,gax0,gay0,gaz0,bax1,bay1,baz1,bgx1,bgy1,bgz1,gax1,gay1,gaz1,bax2,bay2,baz2,bgx2,bgy2,bgz2,gax2,gay2,gaz2,bax3,bay3,baz3,bgx3,bgy3,bgz3,gax3,gay3,gaz3,bax4,bay4,baz4,bgx4,bgy4,bgz4,gax4,gay4,gaz4
0.277659911408,-0.048167438847,-0.133756125488,0.0357281068723,-0.087807308055,-0.10772347739,0.868312384172,-0.25153417291,-0.394825095278,0.334060407198,-0.00520659612597,-0.0722427113785,-0.00988614401787,-0.0551962774479,-0.0940913113126,0.863924691686,-0.26174176057,-0.389429422866,0.318445098038,-0.0120756598655,-0.13241169302,-0.0726910307016,-0.0300281183192,0.0746177437456,0.883571993097,-0.250954859793,-0.381845847776,0.266011284901,-0.0492228595498,-0.222029859743,-0.368368261866,-0.0548768345465,0.514146730928,0.897345472633,-0.225461530104,-0.387727922526,0.236075467622,-0.0430963219009,-0.111768760973,-0.248775223076,-0.0211782428202,0.231160721584,0.876476997606,-0.230310572789,-0.391183402134
