bax0,bay0,baz0,bgx0,bgy0,bgz0,gax0,gay0,gaz0,bax1,bay1,baz1,bgx1,bgy1,bgz1,gax1,gay1,gaz1,bax2,bay2,baz2,bgx2,bgy2,bgz2,gax2,gay2,gaz2,bax3,bay3,baz3,bgx3,bgy3,bgz3,gax3,gay3,gaz3,bax4,bay4,baz4,bgx4,bgy4,bgz4,gax4,gay4,gaz4
0.263991434469,-0.062349605012,-0.117250591534,0.0482062800307,-0.0599188699427,-0.129311947359,0.875019607072,-0.234520071398,-0.389428316655,0.342431277325,0.00605711284457,-0.0728872328659,-0.00641738562782,-0.0623928428421,-0.106392794171,0.864203788441,-0.247964364678,-0.388649528951,0.333485670463,-0.00854916491293,-0.149425299677,-0.0609106925754,-0.0113617213376,0.105787167954,0.878782507775,-0.237685486426,-0.38412515134,0.241147403011,-0.053056725357,-0.179953385316,-0.370899044374,-0.0535097697225,0.417915508841,0.890090993326,-0.219835536955,-0.377424709787,0.2601871317,-0.0394381717191,-0.0935239738884,-0.238399293848,-0.0167749737073,0.255148527259,0.886691992414,-0.217923506416,-0.390569531014
