bax0,bay0,baz0,bgx0,bgy0,bgz0,gax0,gay0,gaz0,bax1,bay1,baz1,bgx1,bgy1,bgz1,gax1,gay1,gaz1,bax2,bay2,baz2,bgx2,bgy2,bgz2,gax2,gay2,gaz2,bax3,bay3,baz3,bgx3,bgy3,bgz3,gax3,gay3,gaz3,bax4,bay4,baz4,bgx4,bgy4,bgz4,gax4,gay4,gaz4
-0.00765453134299,-0.111501916465,-0.178886303729,0.515850927719,0.0494831546132,-0.17645517594,0.946629035653,-0.180789068918,-0.325802497252,0.334088956467,-0.0296037639101,-0.00202724030907,0.392554653638,-0.221563107989,-0.214252991096,0.898354504632,-0.236314740877,-0.355115549101,0.344942343756,-0.0598142159891,-0.151460230299,0.494017886151,-0.511801140552,-0.352928923659,0.893514911077,-0.234160394064,-0.335738529138,0.145446653967,-0.0782731509444,-0.2484067547,0.234807356696,-0.277787754634,-0.240933555836,0.887805858198,-0.254437139845,-0.347947685738,0.260922933742,-0.0538916457366,-0.150448066401,-0.00842208352181,-0.0551360582374,-0.097995740134,0.866646927056,-0.261567877009,-0.404657263289
