bax0,bay0,baz0,bgx0,bgy0,bgz0,gax0,gay0,gaz0,bax1,bay1,baz1,bgx1,bgy1,bgz1,gax1,gay1,gaz1,bax2,bay2,baz2,bgx2,bgy2,bgz2,gax2,gay2,gaz2,bax3,bay3,baz3,bgx3,bgy3,bgz3,gax3,gay3,gaz3,bax4,bay4,baz4,bgx4,bgy4,bgz4,gax4,gay4,gaz4
0.325087453152,-0.00336218817239,-0.0794127030464,-0.137773651156,-0.00422128490741,0.103770120202,0.844361038298,-0.277494220726,-0.402295095403,0.266419715369,0.0634779909072,-0.138587526373,-0.388103931282,0.0738903365091,0.345684968945,0.879813928066,-0.267855270972,-0.374443812293,0.186513908167,0.034296631,-0.176542180039,0.0547924001359,0.00337086354062,0.0586112515565,0.873781547867,-0.247180804086,-0.381283705234,0.186129570245,-0.153025581005,-0.304294735923,0.523402282591,-0.218295404767,-0.201819230237,0.916232860968,-0.160676942261,-0.354703549236,0.22283245433,-0.064641788869,-0.172839603185,0.362652142136,-0.0963024806569,-0.173882257969,0.882489035144,-0.207461379851,-0.399865607221
