bax0,bay0,baz0,bgx0,bgy0,bgz0,gax0,gay0,gaz0,bax1,bay1,baz1,bgx1,bgy1,bgz1,gax1,gay1,gaz1,bax2,bay2,baz2,bgx2,bgy2,bgz2,gax2,gay2,gaz2,bax3,bay3,baz3,bgx3,bgy3,bgz3,gax3,gay3,gaz3,bax4,bay4,baz4,bgx4,bgy4,bgz4,gax4,gay4,gaz4
0.258196680139,0.0165596208832,-0.0492097721693,-0.348434043518,0.0890945488163,0.528280794977,0.869066924333,-0.222975032185,-0.387447186883,0.315582316133,-0.0474531909426,-0.159656744409,0.451059384895,-0.404064988191,-0.360100616745,0.883659784295,-0.213893440833,-0.380320314715,0.0849456072876,-0.140581795035,-0.191166419055,0.524837256562,-0.0717546917246,-0.31174253982,0.929836895032,-0.143490639038,-0.363017295257,0.174065045824,-0.0447416423133,-0.144447404773,0.370430509796,-0.0704836584456,-0.238459423053,0.880738884874,-0.200718990711,-0.379283300983,0.275604711414,-0.0845581776587,-0.0651755069293,0.294711246023,-0.159936698754,-0.348629762385,0.849411697699,-0.216694430104,-0.390617434875
