bax0,bay0,baz0,bgx0,bgy0,bgz0,gax0,gay0,gaz0,bax1,bay1,baz1,bgx1,bgy1,bgz1,gax1,gay1,gaz1,bax2,bay2,baz2,bgx2,bgy2,bgz2,gax2,gay2,gaz2,bax3,bay3,baz3,bgx3,bgy3,bgz3,gax3,gay3,gaz3,bax4,bay4,baz4,bgx4,bgy4,bgz4,gax4,gay4,gaz4
0.263661400463,0.0132497322099,-0.073999977279,-0.360029194084,0.0840083904296,0.525113790167,0.873769376433,-0.234118848778,-0.388917071117,0.324685730096,-0.0760337880485,-0.138723041615,0.433215467071,-0.39593909177,-0.393921502782,0.866185845089,-0.217532008737,-0.379647514983,0.0999795123356,-0.116516223047,-0.203856519682,0.463509542451,-0.124351370956,-0.271414967963,0.924672436699,-0.141955178225,-0.358214429707,0.159300508615,-0.0322172413874,-0.127884919074,0.40803145528,-0.157053314725,-0.247788648376,0.881408414526,-0.231179923599,-0.376929545515,0.307572309232,-0.070000239199,-0.069537097933,0.294102797288,-0.208521075297,-0.335890025105,0.87103192773,-0.202802751667,-0.393802744707
