bax0,bay0,baz0,bgx0,bgy0,bgz0,gax0,gay0,gaz0,bax1,bay1,baz1,bgx1,bgy1,bgz1,gax1,gay1,gaz1,bax2,bay2,baz2,bgx2,bgy2,bgz2,gax2,gay2,gaz2,bax3,bay3,baz3,bgx3,bgy3,bgz3,gax3,gay3,gaz3,bax4,bay4,baz4,bgx4,bgy4,bgz4,gax4,gay4,gaz4
0.275380252514,0.0344155711198,-0.0601651524101,-0.374260998127,0.0973549635073,0.531236481294,0.875421043727,-0.248954432703,-0.394676850717,0.318086159043,-0.0538068819061,-0.114193000547,0.484197561819,-0.433730747052,-0.384458864699,0.880594792902,-0.195435719816,-0.386844038902,0.0769931172994,-0.143284037969,-0.183889247016,0.482797794183,-0.0571632770381,-0.300059915417,0.926681061941,-0.151404289302,-0.355727239388,0.173013886029,-0.0380244007381,-0.144106537777,0.360097946917,-0.15528525278,-0.262522386307,0.881323311264,-0.210187773641,-0.38388936939,0.275626085355,-0.0916105689321,-0.0485143546177,0.244034801505,-0.213786379416,-0.385111507907,0.868105011712,-0.226505641936,-0.38950872051
