bax0,bay0,baz0,bgx0,bgy0,bgz0,gax0,gay0,gaz0,bax1,bay1,baz1,bgx1,bgy1,bgz1,gax1,gay1,gaz1,bax2,bay2,baz2,bgx2,bgy2,bgz2,gax2,gay2,gaz2,bax3,bay3,baz3,bgx3,bgy3,bgz3,gax3,gay3,gaz3,bax4,bay4,baz4,bgx4,bgy4,bgz4,gax4,gay4,gaz4
0.328814227157,0.00637824810503,-0.191628689472,-0.202551787686,0.139006645652,0.0642499789082,0.965141819618,-0.214508670466,0.227300686568,0.330996885795,0.00858362237078,-0.163732330361,0.154363630117,-0.318071018609,0.0531165127595,0.967264964293,-0.221159445771,0.221874594132,0.291684871138,-0.0254539276248,-0.0342851463489,0.153166718737,-0.277130668365,0.0302308091411,0.963015185456,-0.225274825685,0.218202898005,0.247091294015,-0.0600076348222,-0.0811658142484,-0.446469361854,0.201692127995,0.012753395387,0.966640049562,-0.221593909318,0.224215506285,0.309698057976,-0.00230554826308,-0.182172972803,-0.360043839233,0.143846523122,0.0635104017286,0.965258350643,-0.223506505181,0.219136891599
