bax0,bay0,baz0,bgx0,bgy0,bgz0,gax0,gay0,gaz0,bax1,bay1,baz1,bgx1,bgy1,bgz1,gax1,gay1,gaz1,bax2,bay2,baz2,bgx2,bgy2,bgz2,gax2,gay2,gaz2,bax3,bay3,baz3,bgx3,bgy3,bgz3,gax3,gay3,gaz3,bax4,bay4,baz4,bgx4,bgy4,bgz4,gax4,gay4,gaz4
0.311651479719,0.0239449667646,-0.167625062292,-0.30307079646,0.146456721243,0.0727420438695,0.96622656314,-0.219529136541,0.230275684345,0.341114907302,0.00272296784404,-0.14177224258,0.220507035901,-0.275184029995,0.0422175327481,0.969057654409,-0.21732112505,0.223215248379,0.264277777722,-0.0354536112738,-0.025813053157,0.142969903631,-0.289566094723,0.0470857854664,0.96653050893,-0.220354293278,0.217585279602,0.252109608925,-0.0634680375102,-0.0585935286252,-0.39325543673,0.169801016825,0.0214736560541,0.967897404672,-0.220688539072,0.224092121735,0.310287477649,-0.0222176884065,-0.183561893465,-0.335037864596,0.199572811855,0.0690614878729,0.966827158173,-0.223379066787,0.224731189559
