bax0,bay0,baz0,bgx0,bgy0,bgz0,gax0,gay0,gaz0,bax1,bay1,baz1,bgx1,bgy1,bgz1,gax1,gay1,gaz1,bax2,bay2,baz2,bgx2,bgy2,bgz2,gax2,gay2,gaz2,bax3,bay3,baz3,bgx3,bgy3,bgz3,gax3,gay3,gaz3,bax4,bay4,baz4,bgx4,bgy4,bgz4,gax4,gay4,gaz4
0.376108184082,-0.00659874628206,-0.262673187886,-0.105559356226,-0.168771544084,0.0590097392761,0.96890958473,-0.233655394104,0.217255502308,0.263204152284,-0.0441571249802,-0.136648007653,0.566636571349,-0.37065438842,0.468658682765,0.968153517791,-0.157359109872,0.259062347871,0.270700900423,-0.0928054409883,-0.0403269507269,0.320242797777,-0.0615053356728,0.373984558178,0.968149750378,-0.175411646151,0.257647060582,0.291448861773,0.0184461724152,-0.13379407752,0.1369020476,-0.0341148466918,0.285564531798,0.957031357032,-0.180743067482,0.27934300336,0.353993243266,-0.0237742407618,-0.238974659644,0.224224710288,-0.183870722802,0.202764759527,0.964852797638,-0.190879020431,0.252315575852
