bax0,bay0,baz0,bgx0,bgy0,bgz0,gax0,gay0,gaz0,bax1,bay1,baz1,bgx1,bgy1,bgz1,gax1,gay1,gaz1,bax2,bay2,baz2,bgx2,bgy2,bgz2,gax2,gay2,gaz2,bax3,bay3,baz3,bgx3,bgy3,bgz3,gax3,gay3,gaz3,bax4,bay4,baz4,bgx4,bgy4,bgz4,gax4,gay4,gaz4
0.37517724867,-0.00767635605789,-0.251471976143,-0.139925406437,-0.140072233124,0.0302182378936,0.964864630482,-0.23474940141,0.204102216925,0.273321987305,-0.0437715923335,-0.144369147222,0.648417074079,-0.386011947148,0.425019290665,0.974841633294,-0.162350544236,0.265889693383,0.25972589233,-0.115248137844,-0.0246708040106,0.297209855055,-0.0301754182842,0.385442007144,0.962243321365,-0.16183119466,0.252680081538,0.28618614158,0.00294961505019,-0.148741691094,0.148932257325,-0.0287964097823,0.272800904745,0.950846168246,-0.178080623977,0.265897802645,0.330536024943,-0.0131255852431,-0.284004133695,0.183608604446,-0.236176592097,0.179128698432,0.959694190789,-0.173995943068,0.262511891917
