bax0,bay0,baz0,bgx0,bgy0,bgz0,gax0,gay0,gaz0,bax1,bay1,baz1,bgx1,bgy1,bgz1,gax1,gay1,gaz1,bax2,bay2,baz2,bgx2,bgy2,bgz2,gax2,gay2,gaz2,bax3,bay3,baz3,bgx3,bgy3,bgz3,gax3,gay3,gaz3,bax4,bay4,baz4,bgx4,bgy4,bgz4,gax4,gay4,gaz4
0.361209681687,-0.0083261165475,-0.116918209768,0.182640962888,-0.324598531238,0.0105936508349,0.962118316508,-0.202096237974,0.208671260858,0.24813195137,-0.0695429330641,-0.0614726269361,0.286174949625,-0.269811591865,0.180654210605,0.961571685855,-0.203963512278,0.215340789062,0.220061137928,-0.0111288424223,-0.0581592504087,0.0624603046716,0.073507606589,0.227194420496,0.962835793282,-0.214934622095,0.221973799941,0.387860117054,0.0167943667523,-0.207819777349,-0.167060037915,0.029416468308,0.054696517434,0.960065069503,-0.215078465766,0.226263528979,0.285346471384,-0.0345754215657,-0.131658346705,0.113592605072,-0.319272213798,-0.0212790603092,0.965014668912,-0.215665307579,0.215697802764
