bax0,bay0,baz0,bgx0,bgy0,bgz0,gax0,gay0,gaz0,bax1,bay1,baz1,bgx1,bgy1,bgz1,gax1,gay1,gaz1,bax2,bay2,baz2,bgx2,bgy2,bgz2,gax2,gay2,gaz2,bax3,bay3,baz3,bgx3,bgy3,bgz3,gax3,gay3,gaz3,bax4,bay4,baz4,bgx4,bgy4,bgz4,gax4,gay4,gaz4
0.327048808064,0.00404873783015,-0.135322660132,0.179922119068,-0.317441635813,0.0465557910349,0.966114792116,-0.201653826744,0.209701809633,0.239608826007,-0.0656259309135,-0.0503730966974,0.303623611635,-0.292892154504,0.204182415476,0.96707252775,-0.198020881047,0.215997460742,0.198476009944,-0.04306944036,-0.0711505717706,0.0831256802514,0.0827152713402,0.248258936343,0.968311331972,-0.209996826683,0.217246688039,0.393848317683,0.0275745739849,-0.17878302376,-0.166366683146,-0.00280000022203,0.0508340096207,0.964146822941,-0.216045958714,0.231169276995,0.328813155647,-0.0343363364651,-0.183166907866,0.171420040828,-0.314529070053,-0.00849989102183,0.96498488808,-0.21431326325,0.212515490399
