bax0,bay0,baz0,bgx0,bgy0,bgz0,gax0,gay0,gaz0,bax1,bay1,baz1,bgx1,bgy1,bgz1,gax1,gay1,gaz1,bax2,bay2,baz2,bgx2,bgy2,bgz2,gax2,gay2,gaz2,bax3,bay3,baz3,bgx3,bgy3,bgz3,gax3,gay3,gaz3,bax4,bay4,baz4,bgx4,bgy4,bgz4,gax4,gay4,gaz4
0.156441708303,-0.146852204905,0.0565505622326,0.481662551269,-0.253883950607,0.0102626191468,1.02575661957,-0.214896007903,-0.0242972016718,0.313203957539,-0.0552883564309,-0.0982091627884,0.241441753167,-0.12163066673,0.0789435410676,0.982763329772,-0.239029935002,-0.0130418610809,0.317337878143,-0.0262650981035,-0.121674351556,0.235389158431,-0.178244455816,0.0735259658941,0.974069107214,-0.265209627624,-0.0162794839577,0.304268276489,-0.0150354347833,-0.0624283535231,0.348691148432,-0.0893549897794,0.0681853542095,0.978885059583,-0.271076499334,-0.0160597816416,0.242854734577,0.0221495230177,-0.157241767875,0.0570061606204,0.0403035725375,0.107810895571,0.996778041439,-0.255622902082,-0.0292262230958
