bax0,bay0,baz0,bgx0,bgy0,bgz0,gax0,gay0,gaz0,bax1,bay1,baz1,bgx1,bgy1,bgz1,gax1,gay1,gaz1,bax2,bay2,baz2,bgx2,bgy2,bgz2,gax2,gay2,gaz2,bax3,bay3,baz3,bgx3,bgy3,bgz3,gax3,gay3,gaz3,bax4,bay4,baz4,bgx4,bgy4,bgz4,gax4,gay4,gaz4
0.348619835689,-0.0667792316771,-0.231814772709,0.585909425722,-0.311248626909,0.110651513953,0.995345568002,-0.19276280696,0.00996912316235,0.318517479655,-0.081681378908,-0.175286171724,0.40450521148,-0.24450100652,0.0559319098068,0.990731225257,-0.226990519959,0.00746035159022,0.311081183415,0.0130418825117,-0.140027668658,0.351092661684,-0.366360324966,-0.0326252305878,0.98333396922,-0.245432911048,-0.0054081223924,0.169227715745,0.00378732505556,-0.0922656526473,0.483488489012,-0.473546599426,-0.0189699507299,0.984403858296,-0.235032686503,-0.00665760042987,0.209776388486,-0.093688980181,-0.0739889053015,0.114454095729,-0.162724115356,0.0556915576336,0.986071067904,-0.242822770433,-0.0275153065422
