bax0,bay0,baz0,bgx0,bgy0,bgz0,gax0,gay0,gaz0,bax1,bay1,baz1,bgx1,bgy1,bgz1,gax1,gay1,gaz1,bax2,bay2,baz2,bgx2,bgy2,bgz2,gax2,gay2,gaz2,bax3,bay3,baz3,bgx3,bgy3,bgz3,gax3,gay3,gaz3,bax4,bay4,baz4,bgx4,bgy4,bgz4,gax4,gay4,gaz4
0.349270839222,-0.0707371038092,-0.072971122299,-0.304920756732,0.150198938537,0.173851706084,0.995344586155,-0.247552930902,-0.0298375006155,0.300718160001,0.0118991124856,-0.118210239108,0.0346013092953,0.053188339238,0.131705896626,0.981397981544,-0.254271783492,-0.0238704549158,0.255266010468,-0.00483362071694,-0.191862257189,-0.0756523526774,0.0401681410896,0.0628894164949,0.976603244362,-0.258426024018,-0.0226505072669,0.39053880739,-0.0340063960061,-0.197242544085,-0.444960750604,0.0533739355951,0.118828801527,0.986890747325,-0.265393932892,-0.0261957552449,0.338549954434,0.0160351141981,-0.109374034504,-0.281986368085,-0.155152198466,0.0852654216132,0.983570897201,-0.269279968375,-0.0264739007956
