bax0,bay0,baz0,bgx0,bgy0,bgz0,gax0,gay0,gaz0,bax1,bay1,baz1,bgx1,bgy1,bgz1,gax1,gay1,gaz1,bax2,bay2,baz2,bgx2,bgy2,bgz2,gax2,gay2,gaz2,bax3,bay3,baz3,bgx3,bgy3,bgz3,gax3,gay3,gaz3,bax4,bay4,baz4,bgx4,bgy4,bgz4,gax4,gay4,gaz4
0.382885904752,-0.0402059741034,-0.245002446222,0.557608203035,-0.424670274182,0.0205052079011,0.996941156907,-0.231895752897,0.0337084092199,0.325350065741,-0.0134669279955,-0.215814498697,0.347235697346,-0.350095380445,0.0384562547311,0.989880763809,-0.253290754241,-0.00599413477702,0.259696606084,-0.0115962012388,-0.0837516663369,0.377167806329,-0.328858511622,-0.0193877603759,0.981873699832,-0.244735309441,-0.0231148756141,0.185276511768,-0.012488942181,-0.0640992606229,0.526987407078,-0.46174618416,-0.0525657580451,0.971391438764,-0.253053912961,-0.0436948070563,0.245768861633,-0.0424721831099,-0.0730777590233,0.131385138021,-0.146909027341,0.0530445890232,0.984666232341,-0.259443297735,-0.0121572297235
