bax0,bay0,baz0,bgx0,bgy0,bgz0,gax0,gay0,gaz0,bax1,bay1,baz1,bgx1,bgy1,bgz1,gax1,gay1,gaz1,bax2,bay2,baz2,bgx2,bgy2,bgz2,gax2,gay2,gaz2,bax3,bay3,baz3,bgx3,bgy3,bgz3,gax3,gay3,gaz3,bax4,bay4,baz4,bgx4,bgy4,bgz4,gax4,gay4,gaz4
0.32214245283,-0.0872587020274,-0.140224237619,-0.157426883573,0.0704329168575,0.125397202301,0.994996773777,-0.269029079702,-0.0397009456166,0.343322511815,-0.0193425321569,-0.0827396325227,0.0510858900942,0.0238451933881,0.144539529605,0.984568813503,-0.269333461718,-0.0382941061364,0.287957084963,0.0224163882039,-0.0964200660249,-0.184599929351,0.143086676683,0.195293113454,0.972544946565,-0.261683942011,-0.0351849787002,0.214455784233,-0.0123288398845,-0.21162042926,-0.414316287789,0.208385319279,0.233586486091,0.97351398744,-0.257384685604,-0.035550632759,0.297518690148,-0.0333146078886,-0.180382425514,-0.278761886707,0.0947340879009,0.147968899015,0.9689513011,-0.278682803765,-0.0452120236202
