bax0,bay0,baz0,bgx0,bgy0,bgz0,gax0,gay0,gaz0,bax1,bay1,baz1,bgx1,bgy1,bgz1,gax1,gay1,gaz1,bax2,bay2,baz2,bgx2,bgy2,bgz2,gax2,gay2,gaz2,bax3,bay3,baz3,bgx3,bgy3,bgz3,gax3,gay3,gaz3,bax4,bay4,baz4,bgx4,bgy4,bgz4,gax4,gay4,gaz4
0.336683542696,-0.111145205735,-0.254731881792,0.0559308665566,-0.191672989271,0.0317566290809,1.00597773395,-0.215527704571,0.0435073791139,0.282692782634,0.00756560178733,-0.102079813381,-0.0384994138799,-0.104939758574,0.102496214371,0.989579811603,-0.237606018553,0.00476680269221,0.176170966061,-0.0164834053194,-0.122912412582,0.067732019398,-0.0936279420427,0.0543474722971,0.992058820408,-0.219805571539,0.005990247371,0.175790317391,-0.0392771063917,-0.0696386061888,0.312822927955,-0.232811740769,-0.0157764720659,0.997266470058,-0.229384550559,0.0101791253782,0.355879596407,-0.0605496988739,-0.108922433027,0.216335611001,-0.166392494463,0.163698245442,1.01012779568,-0.220820373222,0.00933609300634
