bax0,bay0,baz0,bgx0,bgy0,bgz0,gax0,gay0,gaz0,bax1,bay1,baz1,bgx1,bgy1,bgz1,gax1,gay1,gaz1,bax2,bay2,baz2,bgx2,bgy2,bgz2,gax2,gay2,gaz2,bax3,bay3,baz3,bgx3,bgy3,bgz3,gax3,gay3,gaz3,bax4,bay4,baz4,bgx4,bgy4,bgz4,gax4,gay4,gaz4
0.347414999902,-0.0911695518148,-0.220919900374,0.0301431610208,-0.202563336626,0.0215091614077,1.01504028942,-0.208987525076,0.0312433708683,0.25671644115,0.0237048999414,-0.100799286486,-0.0300281013699,-0.0957421929402,0.0879737124042,1.00160596032,-0.231101855034,0.00292908379523,0.181570322831,-0.0159054285486,-0.112155430999,0.0536088243385,-0.0814108135915,0.0640042058859,0.987854974544,-0.229312334696,0.0143355929223,0.198790705988,-0.00331304449719,-0.068325621565,0.361122135204,-0.231705939914,0.00174333469029,0.990932008069,-0.231155571178,0.00271737769833,0.367512326457,-0.0631330087189,-0.0951545611657,0.203428225213,-0.173276463567,0.169822428386,1.00233072859,-0.218161263274,0.00925890994419
