bax0,bay0,baz0,bgx0,bgy0,bgz0,gax0,gay0,gaz0,bax1,bay1,baz1,bgx1,bgy1,bgz1,gax1,gay1,gaz1,bax2,bay2,baz2,bgx2,bgy2,bgz2,gax2,gay2,gaz2,bax3,bay3,baz3,bgx3,bgy3,bgz3,gax3,gay3,gaz3,bax4,bay4,baz4,bgx4,bgy4,bgz4,gax4,gay4,gaz4
0.32071875431,-0.0823340027303,-0.125348428339,-0.123652440702,-0.0645518092378,0.276385646693,1.0058498672,-0.219357429169,0.0132534943468,0.297855315639,-0.025317179873,-0.105637469165,0.149862487012,-0.121484274557,0.138835592506,0.987162999877,-0.238529933082,0.00689363987279,0.285614194138,0.040906272972,-0.121376059052,-0.136870446704,0.0584773999626,0.0729211461767,0.981430553489,-0.25213023333,0.00394035635821,0.230990167935,-0.0118506262904,-0.145037730584,-0.417005522408,0.107793591356,0.147424819109,0.991823087322,-0.262254927007,0.000700219163055,0.26782400234,-0.0463663372184,-0.125729284341,-0.272831904699,0.0277495628209,0.121315446301,0.990667495642,-0.246535235491,-0.00808172417899
