bax0,bay0,baz0,bgx0,bgy0,bgz0,gax0,gay0,gaz0,bax1,bay1,baz1,bgx1,bgy1,bgz1,gax1,gay1,gaz1,bax2,bay2,baz2,bgx2,bgy2,bgz2,gax2,gay2,gaz2,bax3,bay3,baz3,bgx3,bgy3,bgz3,gax3,gay3,gaz3,bax4,bay4,baz4,bgx4,bgy4,bgz4,gax4,gay4,gaz4
0.200496075227,-0.104660958681,-0.184972051219,0.63001061829,-0.268279308622,0.151908246184,1.0194253627,-0.231884422125,0.0343619436133,0.256420921284,-0.0499717743137,-0.147449622253,0.384132100377,-0.233788127739,0.135111584182,1.00027662289,-0.277562724401,0.0171841194652,0.31044246164,-0.000996464280132,-0.0755027834018,0.435678976649,-0.320239363718,0.0309422522267,0.982270224231,-0.275547181044,-0.0221272092348,0.303717545616,-0.0522244224214,-0.115913819081,0.442958912091,-0.289427530408,0.0508181722704,0.98738990318,-0.279006134739,-0.0183651365166,0.284079825177,-0.0512154277244,-0.122191021104,0.0148320662353,-0.097811234379,0.0613774132049,0.973535277046,-0.281783720413,-0.0157270099374
