bax0,bay0,baz0,bgx0,bgy0,bgz0,gax0,gay0,gaz0,bax1,bay1,baz1,bgx1,bgy1,bgz1,gax1,gay1,gaz1,bax2,bay2,baz2,bgx2,bgy2,bgz2,gax2,gay2,gaz2,bax3,bay3,baz3,bgx3,bgy3,bgz3,gax3,gay3,gaz3,bax4,bay4,baz4,bgx4,bgy4,bgz4,gax4,gay4,gaz4
0.339766126017,-0.0383966021276,-0.104683513409,0.0606729297142,-0.0677271266392,0.0495015294397,0.960651166459,-0.264318031138,-0.0282992585331,0.359893216317,-0.00269617152531,-0.0854847156927,-0.138386109282,0.0093878235207,0.130858913875,0.978793004414,-0.277865960823,-0.00387714729457,0.283809348281,-0.0110543163096,-0.139711350697,-0.470448695717,0.144119367763,0.0835241092999,1.00212436106,-0.250928495061,-0.00640320377117,0.216020881945,-0.0614012368685,-0.126637232451,-0.233191418686,0.0194147708535,0.0546641938366,0.994312357017,-0.262450461197,-0.0136627288323,0.287887011258,-0.0960927112402,-0.260026584737,-0.599580460405,0.218425371872,-0.0150676949326,1.01180306795,-0.18527918189,0.0449561141523
