bax0,bay0,baz0,bgx0,bgy0,bgz0,gax0,gay0,gaz0,bax1,bay1,baz1,bgx1,bgy1,bgz1,gax1,gay1,gaz1,bax2,bay2,baz2,bgx2,bgy2,bgz2,gax2,gay2,gaz2,bax3,bay3,baz3,bgx3,bgy3,bgz3,gax3,gay3,gaz3,bax4,bay4,baz4,bgx4,bgy4,bgz4,gax4,gay4,gaz4
0.338954092416,-0.0265470467618,-0.0599309170063,0.00586536205917,-0.0680789396052,0.0559110807406,0.978917582708,-0.278360740085,-0.0251587655887,0.362126539405,-0.00663605579699,-0.0936284871843,-0.150696685706,0.0587508287304,0.129167995426,0.977449328315,-0.277974566643,-0.0195582628429,0.268878527923,-0.0332384773111,-0.136915329081,-0.46397992789,0.176932265848,0.0641620106339,0.968885518339,-0.270840584111,-0.0114507861542,0.196612549895,-0.0554571189871,-0.130913748065,-0.247447526654,0.00825969132607,0.0512615839895,0.993031642179,-0.261563941058,0.00203842047322,0.291811856002,-0.107564515528,-0.240881935492,-0.580547156675,0.183580108802,0.00800180158642,1.032700413,-0.206901717561,0.043486840246
