bax0,bay0,baz0,bgx0,bgy0,bgz0,gax0,gay0,gaz0,bax1,bay1,baz1,bgx1,bgy1,bgz1,gax1,gay1,gaz1,bax2,bay2,baz2,bgx2,bgy2,bgz2,gax2,gay2,gaz2,bax3,bay3,baz3,bgx3,bgy3,bgz3,gax3,gay3,gaz3,bax4,bay4,baz4,bgx4,bgy4,bgz4,gax4,gay4,gaz4
0.229103106432,-0.0339691040981,-0.140832936046,-0.30577225268,0.055655028574,0.0580260651334,1.01716965479,-0.240856649817,0.00694332258554,0.307679514114,-0.0201204890964,-0.0831133087448,0.0789196745516,-0.138227643537,0.0194915516943,0.996401118637,-0.238658934028,-0.00507863796629,0.423413011465,-0.0273504861126,-0.0689419666316,0.428096474213,-0.314705664924,-0.0164495666011,0.9957446378,-0.247391863181,0.0109703820696,0.366147094646,-0.0444139350299,-0.140210177704,0.1605008863,-0.202841423771,0.0350967004958,0.999909291753,-0.248565566166,0.0159766635379,0.269045664421,-0.0285765900167,-0.195337895609,0.044684939286,-0.160524408187,0.0375023214596,0.996302927207,-0.263658459948,0.0125964972367
