bax0,bay0,baz0,bgx0,bgy0,bgz0,gax0,gay0,gaz0,bax1,bay1,baz1,bgx1,bgy1,bgz1,gax1,gay1,gaz1,bax2,bay2,baz2,bgx2,bgy2,bgz2,gax2,gay2,gaz2,bax3,bay3,baz3,bgx3,bgy3,bgz3,gax3,gay3,gaz3,bax4,bay4,baz4,bgx4,bgy4,bgz4,gax4,gay4,gaz4
0.221787353812,-0.0296874297094,-0.138733264206,-0.319432509018,0.054155535709,0.0445684488908,1.01424554615,-0.232013417224,-0.000685333865592,0.28137936481,-0.0132642321719,-0.0805269501406,0.118820371366,-0.155264644167,0.0234150507324,1.00422317328,-0.248379894642,-0.00571725904978,0.432799472216,-0.030832715652,-0.0780652677448,0.425760096563,-0.307094543533,-0.00397321527774,0.975583639306,-0.242325477623,0.0133696252393,0.386686178116,-0.0461482137499,-0.1353254294,0.131454160792,-0.177551536052,0.0632294673254,1.00780852645,-0.245900814456,0.0269466677623,0.263660402145,-0.0199445212195,-0.165947168325,0.0586506275094,-0.203627446748,0.0122686679203,0.992261657307,-0.260148377416,0.0103075451813
