bax0,bay0,baz0,bgx0,bgy0,bgz0,gax0,gay0,gaz0,bax1,bay1,baz1,bgx1,bgy1,bgz1,gax1,gay1,gaz1,bax2,bay2,baz2,bgx2,bgy2,bgz2,gax2,gay2,gaz2,bax3,bay3,baz3,bgx3,bgy3,bgz3,gax3,gay3,gaz3,bax4,bay4,baz4,bgx4,bgy4,bgz4,gax4,gay4,gaz4
0.250775720675,-0.0366226770886,-0.156310466631,-0.254786493486,0.0642595665021,0.0560236899957,1.01406059002,-0.230085825826,0.0110763942903,0.255680809044,-0.0136905769694,-0.0685844118957,0.108885298097,-0.148095324929,0.0270469113057,0.992765830354,-0.24436954101,-0.00232965717077,0.450531413684,-0.0288189353165,-0.0671995961379,0.406040717822,-0.306883528844,-0.00972984175238,0.987662390937,-0.243360832973,0.0107430732565,0.340193653708,-0.0386182337885,-0.15600942961,0.145104832443,-0.179335903737,0.040189045259,0.996238278507,-0.243985427119,0.0323923966879,0.270867210695,-0.0230300961718,-0.171162889678,0.0497890920197,-0.169194595951,0.0273144021315,1.00142876403,-0.259510597041,0.0122646971014
