bax0,bay0,baz0,bgx0,bgy0,bgz0,gax0,gay0,gaz0,bax1,bay1,baz1,bgx1,bgy1,bgz1,gax1,gay1,gaz1,bax2,bay2,baz2,bgx2,bgy2,bgz2,gax2,gay2,gaz2,bax3,bay3,baz3,bgx3,bgy3,bgz3,gax3,gay3,gaz3,bax4,bay4,baz4,bgx4,bgy4,bgz4,gax4,gay4,gaz4
0.285344974224,0.00687081776846,-0.136694074848,0.0470465272285,-0.0746522532646,0.0185316231652,0.978356520453,-0.24759053169,-0.014759867865,0.270091070081,-0.0106645600981,-0.089657279313,-0.333836819684,0.138912575284,0.187438682881,0.985191825045,-0.249508658578,-0.0103405696578,0.248082335915,-0.0202267504093,-0.11205094268,-0.372980449695,0.11609182763,0.187595291083,0.976202250162,-0.246087178356,-0.0149920035765,0.243393186449,-0.0296365136776,-0.198531840457,0.590880889978,-0.392687922112,0.0114609341124,0.99436139444,-0.268970361864,0.0203105645324,0.270833368309,-0.0134004341477,-0.134231850517,0.352181083617,-0.253708306943,0.0642613685467,0.986761853064,-0.269642333495,-0.00100774871857
