bax0,bay0,baz0,bgx0,bgy0,bgz0,gax0,gay0,gaz0,bax1,bay1,baz1,bgx1,bgy1,bgz1,gax1,gay1,gaz1,bax2,bay2,baz2,bgx2,bgy2,bgz2,gax2,gay2,gaz2,bax3,bay3,baz3,bgx3,bgy3,bgz3,gax3,gay3,gaz3,bax4,bay4,baz4,bgx4,bgy4,bgz4,gax4,gay4,gaz4
0.295078166638,-0.0152776982675,-0.107381750769,0.416922233151,-0.395417788016,0.0215625740956,0.975438500187,-0.27249014474,-0.00321723611656,0.339125327206,-0.0111369152471,-0.149707415617,0.455805224689,-0.40824125223,0.0160580326091,0.984856675738,-0.27449759489,0.00870580717239,0.302052977932,-0.0251797299616,-0.160821307641,-0.0462844312411,-0.0795094181602,0.0801658365771,0.98927581455,-0.272802358928,-0.0123946023628,0.317191393015,-0.0548838833589,-0.146528541156,0.0274411477204,-0.153521363379,0.0182741485437,0.979148387889,-0.269687260346,-0.0309361573484,0.26789169705,-0.0297085593156,-0.102493248416,-0.0640564671422,-0.0789140357741,0.0897856275881,0.96362770419,-0.301783648686,-0.0383873877186
