bax0,bay0,baz0,bgx0,bgy0,bgz0,gax0,gay0,gaz0,bax1,bay1,baz1,bgx1,bgy1,bgz1,gax1,gay1,gaz1,bax2,bay2,baz2,bgx2,bgy2,bgz2,gax2,gay2,gaz2,bax3,bay3,baz3,bgx3,bgy3,bgz3,gax3,gay3,gaz3,bax4,bay4,baz4,bgx4,bgy4,bgz4,gax4,gay4,gaz4
0.260441124262,-0.0270841694847,-0.11487887359,-0.339002871858,0.0581124811621,0.0957556674402,0.975907308855,-0.270061032502,-0.0319416446395,0.218956049632,-0.0464485559791,-0.203941109015,-0.70128429195,0.31721428781,-0.00993059724335,1.01224303121,-0.220075800757,0.0491921109666,0.252800929843,-0.0311771008052,-0.128598577412,-0.353550836422,0.144590433686,0.0239757088615,1.00787390781,-0.262123674651,0.0173417570189,0.265769666619,-0.0360336029232,-0.128185260949,0.151103792418,-0.236927799174,0.011657782873,0.992251629785,-0.262490922471,0.00388886162552,0.308812055329,-0.0245544734588,-0.155089619853,0.278989812044,-0.301945091238,0.0508097403672,0.980955179322,-0.276598189811,-0.0152621263302
