bax0,bay0,baz0,bgx0,bgy0,bgz0,gax0,gay0,gaz0,bax1,bay1,baz1,bgx1,bgy1,bgz1,gax1,gay1,gaz1,bax2,bay2,baz2,bgx2,bgy2,bgz2,gax2,gay2,gaz2,bax3,bay3,baz3,bgx3,bgy3,bgz3,gax3,gay3,gaz3,bax4,bay4,baz4,bgx4,bgy4,bgz4,gax4,gay4,gaz4
0.288642736947,-0.00600967096903,-0.115965845156,0.0374505619287,-0.0952594410423,0.119512213911,0.990670396443,-0.289570547195,-0.0175595526925,0.289660885554,-0.0227558266067,-0.138023951107,0.148096624775,-0.157454744717,0.0551103448507,0.988299612267,-0.278779705715,-0.0170870292027,0.311728227738,-0.0537283591699,-0.10931753708,-0.0491110344381,0.00411410057335,0.121969424415,0.981550375565,-0.289090363174,-0.019216143833,0.346278894249,-0.0326402086517,-0.0633793142691,-0.431898333847,0.19470095788,0.17381141686,0.984943583288,-0.29829826441,-0.0189387099365,0.373552522833,-0.000278495926692,-0.106667781631,-0.394866502205,0.112998086672,0.110950428499,0.979292383523,-0.291333122451,-0.0103458882529
