bax0,bay0,baz0,bgx0,bgy0,bgz0,gax0,gay0,gaz0,bax1,bay1,baz1,bgx1,bgy1,bgz1,gax1,gay1,gaz1,bax2,bay2,baz2,bgx2,bgy2,bgz2,gax2,gay2,gaz2,bax3,bay3,baz3,bgx3,bgy3,bgz3,gax3,gay3,gaz3,bax4,bay4,baz4,bgx4,bgy4,bgz4,gax4,gay4,gaz4
0.31170989966,-0.0214567432132,-0.128682357736,0.0601355800433,-0.117702123297,0.0706794594303,0.98674118181,-0.215501161433,-0.138155570136,0.357467433274,-0.0480171066399,-0.120708601635,-0.262221748676,0.0562477875913,0.230756919814,0.976823044092,-0.214238757146,-0.14734983343,0.33595019922,-0.0543470337983,-0.0643055064395,-0.509624187068,0.0670103073653,0.282105119323,0.993033337738,-0.217548942216,-0.15658545122,0.222259931975,-0.0686289401539,-0.179680757876,-0.638786213865,0.352072845185,0.301417617467,1.01490561269,-0.193308751018,-0.110315520819,0.321235310847,-0.00836001907378,-0.115932211325,-0.415292154499,0.274147435704,0.159394271533,0.995904838965,-0.235648557015,-0.146738550501
