bax0,bay0,baz0,bgx0,bgy0,bgz0,gax0,gay0,gaz0,bax1,bay1,baz1,bgx1,bgy1,bgz1,gax1,gay1,gaz1,bax2,bay2,baz2,bgx2,bgy2,bgz2,gax2,gay2,gaz2,bax3,bay3,baz3,bgx3,bgy3,bgz3,gax3,gay3,gaz3,bax4,bay4,baz4,bgx4,bgy4,bgz4,gax4,gay4,gaz4
0.130277922698,-0.0626845512977,-0.206732157588,-0.698217086099,0.484416393062,0.622264590942,0.933102897138,-0.260208907716,-0.35721938933,0.297015837136,0.00209375729756,-0.145999344788,-0.391800232209,0.178242937222,0.373604397119,0.882248350026,-0.274097484301,-0.385999050998,0.262770953341,-0.0295645754364,-0.154258850333,0.130352834842,-0.175569474116,-0.224617488592,0.86928807701,-0.274588557655,-0.397718918868,0.252851777879,-0.00460730583075,-0.154664895382,0.254039969551,-0.201096712752,-0.313536574604,0.853307863819,-0.274152266576,-0.422372461986,0.359345177128,0.0232111191273,-0.153883612893,-0.0562757339844,0.04752515241,0.111496838979,0.848315679509,-0.274354496303,-0.414379518734
