bax0,bay0,baz0,bgx0,bgy0,bgz0,gax0,gay0,gaz0,bax1,bay1,baz1,bgx1,bgy1,bgz1,gax1,gay1,gaz1,bax2,bay2,baz2,bgx2,bgy2,bgz2,gax2,gay2,gaz2,bax3,bay3,baz3,bgx3,bgy3,bgz3,gax3,gay3,gaz3,bax4,bay4,baz4,bgx4,bgy4,bgz4,gax4,gay4,gaz4
0.273904002354,-0.0320602962647,-0.111422760366,0.13296084752,-0.134514580118,-0.0818383573309,0.851693825068,-0.253315427965,-0.445929065692,0.262667523955,-0.0302796310803,-0.0999102164485,-0.0826246573043,-0.0653489884807,0.25544439901,0.848745084277,-0.268657142256,-0.440685014742,0.275139603059,-0.0224549963557,-0.107684230228,-0.373693066694,0.146002770599,0.601716818744,0.84926233156,-0.248641391444,-0.449669531463,0.226427859797,-0.0263784911339,-0.121586375439,-0.315599178442,0.130642404601,0.402957846494,0.849518830474,-0.26477776837,-0.422441559226,0.244379236966,0.00569117944236,-0.216524830529,-0.725659724983,0.467765463141,0.752828345653,0.876382195043,-0.286226833147,-0.40550917776
