bax0,bay0,baz0,bgx0,bgy0,bgz0,gax0,gay0,gaz0,bax1,bay1,baz1,bgx1,bgy1,bgz1,gax1,gay1,gaz1,bax2,bay2,baz2,bgx2,bgy2,bgz2,gax2,gay2,gaz2,bax3,bay3,baz3,bgx3,bgy3,bgz3,gax3,gay3,gaz3,bax4,bay4,baz4,bgx4,bgy4,bgz4,gax4,gay4,gaz4
0.27373976496,-0.0286903804306,-0.113615964381,0.0432023760947,-0.17921727279,-0.044505616366,0.853294280612,-0.245777184079,-0.425906598022,0.256452729182,-0.0238486070975,-0.0956458923789,-0.0896653054701,-0.0983491789732,0.234763077406,0.857191942554,-0.261253048347,-0.444568092087,0.280941835353,-0.0128559325745,-0.105372058699,-0.35128427977,0.10590853559,0.541681821237,0.850998647276,-0.264804871238,-0.439242934736,0.236901373145,-0.0336690977984,-0.108887702351,-0.319098556637,0.117442573132,0.36474317429,0.845392785803,-0.255685769425,-0.436395273078,0.235499959483,0.0068779836782,-0.2356789828,-0.721069777659,0.410409461082,0.714371752692,0.881900408183,-0.29470869155,-0.410451666285
