bax0,bay0,baz0,bgx0,bgy0,bgz0,gax0,gay0,gaz0,bax1,bay1,baz1,bgx1,bgy1,bgz1,gax1,gay1,gaz1,bax2,bay2,baz2,bgx2,bgy2,bgz2,gax2,gay2,gaz2,bax3,bay3,baz3,bgx3,bgy3,bgz3,gax3,gay3,gaz3,bax4,bay4,baz4,bgx4,bgy4,bgz4,gax4,gay4,gaz4
0.318244682931,-0.0190657502241,-0.126417671562,0.0576103706692,-0.067429919095,0.0232747360697,0.837573478584,-0.258803167264,-0.466215937147,0.21091804016,-0.0120008332906,-0.0984152218093,-0.441334250587,0.153599044946,0.651262131175,0.833279550794,-0.253234356003,-0.473344034946,0.229137223943,-0.0159040040315,-0.118693055366,-0.319129655706,0.119597618546,0.55471433198,0.83201714057,-0.229640082398,-0.46656114038,0.14006344032,-0.000926621239388,-0.232388354549,-0.561992994654,0.355467293404,0.699543711348,0.870503051828,-0.259495710906,-0.441364816506,0.236025350737,-0.00743871423443,-0.138021566106,-0.314876237929,0.181993690057,0.472412089459,0.832761823971,-0.256474963953,-0.480417374314
