bax0,bay0,baz0,bgx0,bgy0,bgz0,gax0,gay0,gaz0,bax1,bay1,baz1,bgx1,bgy1,bgz1,gax1,gay1,gaz1,bax2,bay2,baz2,bgx2,bgy2,bgz2,gax2,gay2,gaz2,bax3,bay3,baz3,bgx3,bgy3,bgz3,gax3,gay3,gaz3,bax4,bay4,baz4,bgx4,bgy4,bgz4,gax4,gay4,gaz4
0.374865592465,-0.0322816051139,-0.104396992095,0.101409180807,-0.130187418004,-0.0669294019481,0.80488028213,-0.249207558667,-0.498911462836,0.337686021746,-0.0117745057056,-0.173307436367,0.333032290302,-0.25157765054,-0.390908701215,0.807271042016,-0.251287139421,-0.500186192205,0.257703197371,-0.0478599234504,-0.162151537209,0.0799010334157,-0.196700078132,-0.122783062515,0.81584778107,-0.239421211998,-0.502821844658,0.230417527804,-0.0141196708566,-0.191459227906,0.0875936459147,-0.146730770533,-0.141145088986,0.798290135462,-0.240002909631,-0.523338531169,0.303288120686,-0.00785058943287,-0.138583288567,-0.114052638348,0.0440023923706,0.189807662546,0.770297999352,-0.229777111853,-0.529930787849
