bax0,bay0,baz0,bgx0,bgy0,bgz0,gax0,gay0,gaz0,bax1,bay1,baz1,bgx1,bgy1,bgz1,gax1,gay1,gaz1,bax2,bay2,baz2,bgx2,bgy2,bgz2,gax2,gay2,gaz2,bax3,bay3,baz3,bgx3,bgy3,bgz3,gax3,gay3,gaz3,bax4,bay4,baz4,bgx4,bgy4,bgz4,gax4,gay4,gaz4
0.378644648714,-0.0152175733709,-0.116337092605,0.106047747953,-0.131858462823,-0.11568249399,0.817357965295,-0.245743528503,-0.491890658386,0.299534188964,-0.0241411097339,-0.167825602119,0.32836823137,-0.236866023055,-0.400081436058,0.811577387463,-0.253732937691,-0.490778463041,0.255266148626,-0.0416646521618,-0.160743070067,0.0989416946823,-0.16605992687,-0.133915115218,0.807274437708,-0.241847612857,-0.51807677372,0.206058178887,-0.00348911559755,-0.197453294949,0.0781915812823,-0.121302167861,-0.19106606977,0.798383476591,-0.233747848621,-0.517038248932,0.294147683902,-0.0255419899314,-0.130810225812,-0.103492672248,0.0600376002135,0.186117181843,0.777857164855,-0.230152850106,-0.542643669998
