bax0,bay0,baz0,bgx0,bgy0,bgz0,gax0,gay0,gaz0,bax1,bay1,baz1,bgx1,bgy1,bgz1,gax1,gay1,gaz1,bax2,bay2,baz2,bgx2,bgy2,bgz2,gax2,gay2,gaz2,bax3,bay3,baz3,bgx3,bgy3,bgz3,gax3,gay3,gaz3,bax4,bay4,baz4,bgx4,bgy4,bgz4,gax4,gay4,gaz4
0.154120180583,-0.128030918365,-0.170896260559,-0.51546764602,0.523421236688,0.347519975055,0.941938463903,-0.292324002328,-0.258914970323,0.327774197831,0.00581203362976,-0.0890531566408,-0.197177642213,0.154899455474,0.0486382577149,0.892773575214,-0.352398366249,-0.276334906966,0.249522546841,0.000759881895423,-0.0421386073664,0.151478963893,-0.277307505297,-0.190651356615,0.906161180096,-0.370735610755,-0.259150843739,0.254509536214,-0.0073852701518,-0.10322774603,0.112232891872,-0.313313714224,-0.068934480985,0.890021980873,-0.328339315918,-0.253917067914,0.207903713363,-0.0433484005992,-0.109392313842,0.0576688123053,-0.159916867742,0.0269881560567,0.922000323936,-0.332761692551,-0.26127090548
