bax0,bay0,baz0,bgx0,bgy0,bgz0,gax0,gay0,gaz0,bax1,bay1,baz1,bgx1,bgy1,bgz1,gax1,gay1,gaz1,bax2,bay2,baz2,bgx2,bgy2,bgz2,gax2,gay2,gaz2,bax3,bay3,baz3,bgx3,bgy3,bgz3,gax3,gay3,gaz3,bax4,bay4,baz4,bgx4,bgy4,bgz4,gax4,gay4,gaz4
0.390705669984,-0.0229250636065,-0.170242797763,-0.350455780632,0.175849229938,0.133964183668,0.90670517725,-0.346654968387,-0.270197537593,0.348218969743,-0.00409991516535,-0.0736276583941,0.117854629803,-0.169856061108,-0.106902658789,0.892526428424,-0.363226432064,-0.268902645159,0.295326032015,-0.00694149124999,-0.140147560714,0.177283088883,-0.238322269095,-0.137260357998,0.898259150234,-0.353068595448,-0.255749271015,0.245211124834,-0.0296382319129,-0.162750852636,0.0319876702129,-0.107738154734,0.0599882605927,0.910519506371,-0.348154360265,-0.257426714148,0.225849493747,-0.0684533370281,-0.0464166553423,0.0178018195685,-0.0941594449339,0.0740183078889,0.887294353187,-0.348390242929,-0.287589499875
