bax0,bay0,baz0,bgx0,bgy0,bgz0,gax0,gay0,gaz0,bax1,bay1,baz1,bgx1,bgy1,bgz1,gax1,gay1,gaz1,bax2,bay2,baz2,bgx2,bgy2,bgz2,gax2,gay2,gaz2,bax3,bay3,baz3,bgx3,bgy3,bgz3,gax3,gay3,gaz3,bax4,bay4,baz4,bgx4,bgy4,bgz4,gax4,gay4,gaz4
0.305206002011,-0.0692102552596,-0.118637234268,0.0574044120095,-0.18749375175,-0.227782083396,0.882183510307,-0.348738955616,-0.318156457038,0.216777750146,-0.0181920934871,-0.105663440844,0.18042593623,-0.34358238769,-0.189042052043,0.878841487406,-0.356788631048,-0.317883294355,0.20706389473,-0.00708094564407,-0.08934536416,0.0993672787568,-0.301025033133,-0.118250965093,0.871274099507,-0.378667131193,-0.320929125328,0.412845969022,0.0181349173601,-0.144754179995,-0.0191708999387,-0.11576509355,-0.00379586903937,0.859006450844,-0.379032192064,-0.321073492349,0.460484319772,0.000859306990171,-0.159397328074,-0.156951189062,0.0249740874954,0.304210767103,0.879132298018,-0.359032434209,-0.31676062954
