bax0,bay0,baz0,bgx0,bgy0,bgz0,gax0,gay0,gaz0,bax1,bay1,baz1,bgx1,bgy1,bgz1,gax1,gay1,gaz1,bax2,bay2,baz2,bgx2,bgy2,bgz2,gax2,gay2,gaz2,bax3,bay3,baz3,bgx3,bgy3,bgz3,gax3,gay3,gaz3,bax4,bay4,baz4,bgx4,bgy4,bgz4,gax4,gay4,gaz4
0.229088789537,-0.0305822437675,-0.159648190421,0.0519740733046,-0.229714887982,-0.0730333841497,0.870568649093,-0.380214119285,-0.308462240774,0.3465628326,0.0101322805931,-0.0621594838135,0.0174266504904,-0.0263443242703,-0.0038866392506,0.849548076779,-0.390861582199,-0.331830323494,0.335082139971,0.0255169971632,-0.0223489297548,-0.070884941512,0.043445435646,0.055428197402,0.861201703286,-0.368172017074,-0.312197947716,0.24594001024,-0.0149836019724,-0.0889139221218,-0.304295565146,0.0744652880365,0.335958999853,0.911839721199,-0.358179462597,-0.265903787563,0.256573256276,-0.0405641371118,-0.339276116911,-0.754719050885,0.48777685365,0.599013193864,0.936208508313,-0.309377505849,-0.246252107554
