bax0,bay0,baz0,bgx0,bgy0,bgz0,gax0,gay0,gaz0,bax1,bay1,baz1,bgx1,bgy1,bgz1,gax1,gay1,gaz1,bax2,bay2,baz2,bgx2,bgy2,bgz2,gax2,gay2,gaz2,bax3,bay3,baz3,bgx3,bgy3,bgz3,gax3,gay3,gaz3,bax4,bay4,baz4,bgx4,bgy4,bgz4,gax4,gay4,gaz4
0.229020684585,-0.0375998672154,-0.161054488353,0.0633930352073,-0.226913228607,-0.0184381252122,0.870395858403,-0.37941856461,-0.308417549586,0.333531836715,0.00705987849771,-0.0819196135633,0.00936794148726,0.00624709347324,0.00935980181906,0.881794031263,-0.362987286519,-0.324161090255,0.334099075859,0.0371692584375,0.0196006423431,-0.11215827818,0.0788242375344,0.0639534303785,0.867012407513,-0.343014568641,-0.302169300397,0.231168574272,-0.0241870583574,-0.0912114952034,-0.333344751316,-0.0217396153257,0.301497139674,0.906080021527,-0.342332805665,-0.256653714059,0.252971469519,-0.0296310646804,-0.35176065449,-0.807774121539,0.471771371911,0.587985766373,0.932141063945,-0.288389670309,-0.251690764328
