bax0,bay0,baz0,bgx0,bgy0,bgz0,gax0,gay0,gaz0,bax1,bay1,baz1,bgx1,bgy1,bgz1,gax1,gay1,gaz1,bax2,bay2,baz2,bgx2,bgy2,bgz2,gax2,gay2,gaz2,bax3,bay3,baz3,bgx3,bgy3,bgz3,gax3,gay3,gaz3,bax4,bay4,baz4,bgx4,bgy4,bgz4,gax4,gay4,gaz4
0.262007872134,-0.0644679155963,-0.14738136641,-0.280965080192,0.263652440507,0.299922977869,0.89673264705,-0.310319004203,-0.302392985316,0.153619908139,-0.0401303441914,-0.114033403016,0.146828569471,-0.229595597734,-0.126732846012,0.870089168026,-0.372253894945,-0.305864523609,0.266633181726,-0.0260095416158,-0.115201965749,0.186579107717,-0.241529115449,-0.0510770392454,0.866082730745,-0.362199485919,-0.319591130754,0.388479192541,-0.0288898740265,-0.0686516409629,0.0699715893241,-0.031684000218,0.0511406384915,0.863002314224,-0.35543479773,-0.331934438315,0.327712291516,-0.0346528473529,-0.127220619484,-0.0371656702594,-0.0257053834256,0.0283465371468,0.865936215363,-0.364388085434,-0.325576398094
