bax0,bay0,baz0,bgx0,bgy0,bgz0,gax0,gay0,gaz0,bax1,bay1,baz1,bgx1,bgy1,bgz1,gax1,gay1,gaz1,bax2,bay2,baz2,bgx2,bgy2,bgz2,gax2,gay2,gaz2,bax3,bay3,baz3,bgx3,bgy3,bgz3,gax3,gay3,gaz3,bax4,bay4,baz4,bgx4,bgy4,bgz4,gax4,gay4,gaz4
0.219560847318,-0.0617421678424,-0.150240714543,-0.294929756585,0.283715043,0.312227086486,0.891427711693,-0.315889816726,-0.315223679942,0.167657061065,-0.0456664418203,-0.106380826594,0.118876486592,-0.222477424835,-0.130878401593,0.880912834431,-0.356112920005,-0.316785822318,0.247420982807,-0.0190789073696,-0.121839980544,0.224735497876,-0.194800664462,-0.149091899608,0.868206926479,-0.363328957573,-0.321313396962,0.369296498737,-0.0401113461191,-0.0769972152058,0.0573411253219,-0.0176186888323,0.0135537700047,0.863841696674,-0.369284974472,-0.334047047893,0.351476445679,-0.0482536727406,-0.122396371489,-0.0167679459214,-0.081364899024,-0.015685809023,0.863613949915,-0.359990995992,-0.321603003446
