bax0,bay0,baz0,bgx0,bgy0,bgz0,gax0,gay0,gaz0,bax1,bay1,baz1,bgx1,bgy1,bgz1,gax1,gay1,gaz1,bax2,bay2,baz2,bgx2,bgy2,bgz2,gax2,gay2,gaz2,bax3,bay3,baz3,bgx3,bgy3,bgz3,gax3,gay3,gaz3,bax4,bay4,baz4,bgx4,bgy4,bgz4,gax4,gay4,gaz4
0.2577574734,-0.0508215532745,-0.1488994672,-0.279152956885,0.241541664594,0.293572214975,0.893832447831,-0.31951767096,-0.296065080892,0.135956930287,-0.0447603776672,-0.109882024553,0.133279600375,-0.219531286233,-0.102788073477,0.878988648476,-0.354955954763,-0.31968334839,0.235444222871,-0.0209184522668,-0.113005848396,0.144541442723,-0.162791623053,-0.0827618061737,0.871531045497,-0.382062903228,-0.320156616997,0.401079899446,-0.0426226516491,-0.0874742236884,0.0848355904091,-0.0790593036691,0.0364012366987,0.868855555205,-0.366807233876,-0.339823716929,0.345517947258,-0.0236978906809,-0.132015974313,-0.050289040184,-0.0771711667875,-0.0146410812025,0.863358447299,-0.363610727058,-0.32955830813
