bax0,bay0,baz0,bgx0,bgy0,bgz0,gax0,gay0,gaz0,bax1,bay1,baz1,bgx1,bgy1,bgz1,gax1,gay1,gaz1,bax2,bay2,baz2,bgx2,bgy2,bgz2,gax2,gay2,gaz2,bax3,bay3,baz3,bgx3,bgy3,bgz3,gax3,gay3,gaz3,bax4,bay4,baz4,bgx4,bgy4,bgz4,gax4,gay4,gaz4
0.227374756968,-0.0789191423428,-0.301023142724,0.334684379333,-0.386325995109,0.218436057043,0.980071988544,-0.154381079825,0.186028746234,0.245288872952,-0.0452536098552,-0.183953186306,0.139306408793,-0.118349569962,0.182431352906,0.973236697533,-0.190070962155,0.106509157869,0.322239988038,-0.0466811644851,-0.086393387256,0.352613785818,-0.232056296509,0.0883326196516,0.972078661699,-0.229980752302,0.070716241357,0.326697830438,-0.0319947194915,-0.106908829795,0.413238252407,-0.313365178558,0.165659460741,0.973100624093,-0.243959856313,0.0635076498454,0.2789399094,-0.0177150337305,-0.135274256631,-0.081815406648,-0.00235272855419,0.136708405129,0.972987919403,-0.226617237936,0.0887911112325
