bax0,bay0,baz0,bgx0,bgy0,bgz0,gax0,gay0,gaz0,bax1,bay1,baz1,bgx1,bgy1,bgz1,gax1,gay1,gaz1,bax2,bay2,baz2,bgx2,bgy2,bgz2,gax2,gay2,gaz2,bax3,bay3,baz3,bgx3,bgy3,bgz3,gax3,gay3,gaz3,bax4,bay4,baz4,bgx4,bgy4,bgz4,gax4,gay4,gaz4
0.219130926776,-0.0801038046974,-0.30221731688,0.281709589316,-0.388913632208,0.206145120394,0.983349801548,-0.162204439332,0.186486600038,0.239122872292,-0.0409853367266,-0.180870777574,0.174156910764,-0.119497711228,0.192890604793,0.973206498386,-0.212293713211,0.106851789693,0.302176760042,-0.054100778547,-0.129378833717,0.332397426812,-0.241850329848,0.114843687221,0.975468383393,-0.235010017688,0.0802239425141,0.319832398614,-0.0266337457366,-0.0968274636,0.42846016419,-0.231041666306,0.134058798468,0.970383328913,-0.239335459856,0.0798321468896,0.278004529578,-0.00633974468887,-0.119243643252,-0.0759002573891,-0.0489854219754,0.135297864984,0.964981298396,-0.237649580292,0.0730643100683
