bax0,bay0,baz0,bgx0,bgy0,bgz0,gax0,gay0,gaz0,bax1,bay1,baz1,bgx1,bgy1,bgz1,gax1,gay1,gaz1,bax2,bay2,baz2,bgx2,bgy2,bgz2,gax2,gay2,gaz2,bax3,bay3,baz3,bgx3,bgy3,bgz3,gax3,gay3,gaz3,bax4,bay4,baz4,bgx4,bgy4,bgz4,gax4,gay4,gaz4
0.195088514011,-0.0654898587233,-0.327352426284,0.3649365852,-0.404835981532,0.222792553503,0.983867242332,-0.188300506403,0.161823714313,0.239767135489,-0.0454281650935,-0.191164386344,0.12767112086,-0.127093671723,0.158756893323,0.974373609113,-0.208044900651,0.11372362664,0.316728479455,-0.0526398929058,-0.111981485152,0.303958815852,-0.248612705731,0.106712865374,0.968689095326,-0.212405793244,0.0765432625004,0.334023091716,-0.0163221484995,-0.133110519936,0.427572844452,-0.289217590405,0.149882859557,0.975269103515,-0.240868302708,0.0765887342721,0.253447199367,-0.00834495860465,-0.138402526174,-0.0850229923,0.00291633692388,0.146228176279,0.96933262542,-0.24665364035,0.0818563755847
