bax0,bay0,baz0,bgx0,bgy0,bgz0,gax0,gay0,gaz0,bax1,bay1,baz1,bgx1,bgy1,bgz1,gax1,gay1,gaz1,bax2,bay2,baz2,bgx2,bgy2,bgz2,gax2,gay2,gaz2,bax3,bay3,baz3,bgx3,bgy3,bgz3,gax3,gay3,gaz3,bax4,bay4,baz4,bgx4,bgy4,bgz4,gax4,gay4,gaz4
0.344921202749,0.015024440939,-0.116549570289,0.116749826753,-0.0985334624752,0.013183673047,0.973714765127,-0.247529817868,0.075353340848,0.297078797331,-0.0337811214122,-0.061265359078,0.0216400888158,-0.0610455451709,0.0893432526999,0.983257325189,-0.233783224043,0.0635674524105,0.17743879867,-0.0757494497713,-0.132689173538,-0.574621711691,0.189734315059,0.154086298156,0.984450206626,-0.228667215358,0.0701884565601,0.240180301936,-0.0341168617899,-0.116600264102,-0.426777466321,0.112329219482,0.0275954273165,0.975360069174,-0.254389910924,0.0694151938979,0.12666898304,-0.0365009677104,-0.0733736950633,0.488612891369,-0.299195597733,0.203249612322,1.00639429098,-0.209269747951,0.115467367599
