bax0,bay0,baz0,bgx0,bgy0,bgz0,gax0,gay0,gaz0,bax1,bay1,baz1,bgx1,bgy1,bgz1,gax1,gay1,gaz1,bax2,bay2,baz2,bgx2,bgy2,bgz2,gax2,gay2,gaz2,bax3,bay3,baz3,bgx3,bgy3,bgz3,gax3,gay3,gaz3,bax4,bay4,baz4,bgx4,bgy4,bgz4,gax4,gay4,gaz4
0.331365978118,0.00797220292737,-0.112486011753,0.161461473976,-0.0710475660114,-0.00971125942109,0.959210863136,-0.242920449438,0.0587728136225,0.301875040264,-0.00831210248857,-0.0744775906294,0.0177201366523,-0.0739590713226,0.0752914112122,0.97908198161,-0.228368130801,0.0465819233755,0.204068612491,-0.0801539679821,-0.133403088684,-0.538789798327,0.169515064791,0.124122265131,0.977152602482,-0.2311021059,0.0691587701261,0.210058163249,-0.0159952735557,-0.103058329534,-0.389517230772,0.104896178713,0.07063728063,0.979468671904,-0.251108356913,0.0573234190016,0.103746143985,-0.0618015733765,-0.0773583666795,0.47698745741,-0.301980772918,0.237157597653,0.999660174782,-0.200317145718,0.119303879023
