bax0,bay0,baz0,bgx0,bgy0,bgz0,gax0,gay0,gaz0,bax1,bay1,baz1,bgx1,bgy1,bgz1,gax1,gay1,gaz1,bax2,bay2,baz2,bgx2,bgy2,bgz2,gax2,gay2,gaz2,bax3,bay3,baz3,bgx3,bgy3,bgz3,gax3,gay3,gaz3,bax4,bay4,baz4,bgx4,bgy4,bgz4,gax4,gay4,gaz4
0.32290141723,0.0107091014997,-0.133413838607,0.0970090572038,-0.0825350577752,0.00133689201568,0.977786718035,-0.242902464381,0.072568934421,0.297642503924,-0.0154604397106,-0.0621783050529,0.000949887999767,-0.0786014268956,0.0573258354664,0.981199364691,-0.226067623178,0.0552851919692,0.158689815562,-0.0797070893427,-0.124424789204,-0.533389291847,0.200820921867,0.130501084634,0.980256698868,-0.22933949331,0.0751290776586,0.245433775743,-0.0183990752927,-0.119646909301,-0.378040766472,0.13783581421,0.0545485652147,0.972937002128,-0.258585671768,0.066159256468,0.129431828972,-0.063676466601,-0.0642531578416,0.514116026193,-0.273361017397,0.194945180408,0.997321092618,-0.212478017641,0.123670637699
