bax0,bay0,baz0,bgx0,bgy0,bgz0,gax0,gay0,gaz0,bax1,bay1,baz1,bgx1,bgy1,bgz1,gax1,gay1,gaz1,bax2,bay2,baz2,bgx2,bgy2,bgz2,gax2,gay2,gaz2,bax3,bay3,baz3,bgx3,bgy3,bgz3,gax3,gay3,gaz3,bax4,bay4,baz4,bgx4,bgy4,bgz4,gax4,gay4,gaz4
0.297633491547,-0.0757882556753,-0.173797567431,0.336274652769,-0.406277853433,0.238822885168,0.97798530536,-0.230112382902,0.0985159780283,0.348060179703,-0.0552683068393,-0.0903928438109,0.614072598598,-0.591405975155,0.130131966414,0.969477409839,-0.25127860442,0.0423639743696,0.246712795338,-0.0160961335459,-0.092384462537,0.418876945242,-0.386639845014,0.0119459043576,0.974342826889,-0.2606286754,0.0308252435822,0.220213838636,0.0118419327158,-0.146636168285,0.00115272252723,-0.0474427274745,-0.0876034347036,0.972321794876,-0.257150598708,0.0610449947598,0.280066808208,0.0714750985748,-0.118259404678,0.0298496006097,-0.13282474495,0.0903449763527,0.975502694011,-0.238522878999,0.0658745568315
