bax0,bay0,baz0,bgx0,bgy0,bgz0,gax0,gay0,gaz0,bax1,bay1,baz1,bgx1,bgy1,bgz1,gax1,gay1,gaz1,bax2,bay2,baz2,bgx2,bgy2,bgz2,gax2,gay2,gaz2,bax3,bay3,baz3,bgx3,bgy3,bgz3,gax3,gay3,gaz3,bax4,bay4,baz4,bgx4,bgy4,bgz4,gax4,gay4,gaz4
0.379083316601,0.00235908669527,-0.19188810203,-0.386221521405,0.0102391186181,0.220634049361,0.973615752253,-0.218306308832,0.0807831047863,0.404956738772,-0.0787532835222,-0.22442399707,-0.481165265128,0.121797379115,0.122713558697,0.975546563025,-0.215514532723,0.0574801844142,0.249706876699,-0.124220769906,-0.177871557263,0.47451580019,-0.339357842792,0.277842299541,1.024879625,-0.167350641713,0.0770728074361,0.423898093561,-0.0464163681472,-0.200229022736,0.154514373654,-0.101275305134,0.116443217676,0.972634452113,-0.212323345584,0.0669524682211,0.269626820118,-0.0154815786781,-0.0943444815629,0.0690443823226,-0.167268561999,0.146667649283,0.986006807904,-0.20210678101,0.0870374240836
