bax0,bay0,baz0,bgx0,bgy0,bgz0,gax0,gay0,gaz0,bax1,bay1,baz1,bgx1,bgy1,bgz1,gax1,gay1,gaz1,bax2,bay2,baz2,bgx2,bgy2,bgz2,gax2,gay2,gaz2,bax3,bay3,baz3,bgx3,bgy3,bgz3,gax3,gay3,gaz3,bax4,bay4,baz4,bgx4,bgy4,bgz4,gax4,gay4,gaz4
0.291804545113,-0.0455320495851,-0.0895661279149,0.615831573117,-0.319645166587,0.0429270774373,1.0000010715,-0.219183614959,0.0408232003534,0.196942438427,-0.036756071878,-0.256008809737,0.421691898615,-0.101262694095,0.138917189713,0.981136021815,-0.231788302396,0.0570073481275,0.209322511975,-0.0211967663455,-0.106886544546,0.644619510178,-0.318756348219,0.0814328298485,0.975248589966,-0.255292654088,0.00730907443797,0.209578479848,-0.00715361050608,-0.0252352601563,0.441302212267,-0.285119670797,0.03955468965,0.973560398928,-0.250824330318,-0.00639201518896,0.289960622502,-0.000943863597538,-0.034383524103,-0.124991028344,-0.0686530751796,0.122242771335,0.973551159761,-0.243334628644,0.0151865064896
