bax0,bay0,baz0,bgx0,bgy0,bgz0,gax0,gay0,gaz0,bax1,bay1,baz1,bgx1,bgy1,bgz1,gax1,gay1,gaz1,bax2,bay2,baz2,bgx2,bgy2,bgz2,gax2,gay2,gaz2,bax3,bay3,baz3,bgx3,bgy3,bgz3,gax3,gay3,gaz3,bax4,bay4,baz4,bgx4,bgy4,bgz4,gax4,gay4,gaz4
0.414339723144,-0.0498436422108,-0.192415442879,-0.525698508066,0.0756118986027,0.178234370648,0.970029052051,-0.261650933468,0.00737187872512,0.157155810968,-0.118820840477,-0.122018581017,0.610582834251,-0.00994655430246,0.140310866392,1.00800152465,-0.216419935015,-0.00824625328023,0.0992568031775,-0.0245791189298,-0.0901076222349,0.392313781203,-0.0950994656639,0.0860720232334,0.959704433465,-0.263321791383,-0.0182458822389,0.229278359374,0.01600607229,0.0300054203471,0.537238027838,-0.389967002183,0.00677312627709,0.952441035528,-0.276937206785,-0.0166637326813,0.401911682717,-0.0219200296737,0.00324200843844,0.165422611239,-0.24382875475,0.116866088832,0.974210041805,-0.250313838916,0.0108666029611
