bax0,bay0,baz0,bgx0,bgy0,bgz0,gax0,gay0,gaz0,bax1,bay1,baz1,bgx1,bgy1,bgz1,gax1,gay1,gaz1,bax2,bay2,baz2,bgx2,bgy2,bgz2,gax2,gay2,gaz2,bax3,bay3,baz3,bgx3,bgy3,bgz3,gax3,gay3,gaz3,bax4,bay4,baz4,bgx4,bgy4,bgz4,gax4,gay4,gaz4
0.217174310855,-0.0542188792022,-0.0720111558021,0.512457420297,-0.148349168191,0.137920907141,1.0041463343,-0.216263702575,-0.0506611168602,0.196405701531,0.00311426959395,-0.191946982765,0.339624298297,-0.149556314966,0.0574646193465,0.980871984103,-0.246708097344,-0.0357794651265,0.392598533195,-0.0392523308,-0.240140669693,0.174717163269,-0.484281661045,-0.021100280218,0.980851970851,-0.254622236418,-0.0548944970442,0.242137152339,-0.121325223761,-0.0617329019599,0.389059445623,-0.503293818581,-0.18758392,0.961380590619,-0.300341112916,-0.0660062900022,0.265190469061,0.0175082198656,0.0357401741741,0.305512682856,0.0515560101599,0.0177190020314,0.957935569158,-0.270043992979,-0.0687089034501
