bax0,bay0,baz0,bgx0,bgy0,bgz0,gax0,gay0,gaz0,bax1,bay1,baz1,bgx1,bgy1,bgz1,gax1,gay1,gaz1,bax2,bay2,baz2,bgx2,bgy2,bgz2,gax2,gay2,gaz2,bax3,bay3,baz3,bgx3,bgy3,bgz3,gax3,gay3,gaz3,bax4,bay4,baz4,bgx4,bgy4,bgz4,gax4,gay4,gaz4
0.412452004177,0.0578030461037,-0.214327580189,-0.179345296832,0.236643928477,0.268787255798,0.969901026866,-0.251600975236,-0.0386849764918,0.240263482499,-0.0502992930061,-0.118375199197,-0.189645530555,-0.203012550731,0.0451597648126,0.972407524251,-0.2511206288,-0.0401944055236,0.294702011223,-0.0690690028307,0.0922900541513,0.0072607964292,-0.228051079071,0.167372861642,0.968890893913,-0.26416513326,-0.0600308810262,0.344524525706,0.0198916986424,-0.0910860062183,0.0819300365212,0.162165168758,0.210798832203,0.976978512481,-0.257096767953,-0.0443670641206,0.372874173415,0.0522306289146,-0.289565116955,-0.176141439401,-0.0224030015487,0.011582830477,0.984867505047,-0.242595360019,-0.0253080808253
