bax0,bay0,baz0,bgx0,bgy0,bgz0,gax0,gay0,gaz0,bax1,bay1,baz1,bgx1,bgy1,bgz1,gax1,gay1,gaz1,bax2,bay2,baz2,bgx2,bgy2,bgz2,gax2,gay2,gaz2,bax3,bay3,baz3,bgx3,bgy3,bgz3,gax3,gay3,gaz3,bax4,bay4,baz4,bgx4,bgy4,bgz4,gax4,gay4,gaz4
0.273560582378,-0.0450811558182,-0.0899223326439,-0.287345352367,-0.158577218295,-0.0109424701903,0.985105096369,-0.236136841412,-0.0350431440055,0.245637418562,-0.0788657791285,0.0361805734635,-0.212037734352,-0.0134440451214,0.211338946788,0.981578873344,-0.242379218211,-0.0406271601228,0.261005596595,-0.0935620752254,-0.0836915701868,0.435583175172,-0.115271918266,0.143604089135,1.0162247592,-0.181878352595,-0.0237310617104,0.240722358885,0.0631565539649,-0.312585323332,0.217242595246,-0.0292804684118,0.116778554173,0.986737523473,-0.22757896872,-0.0057541489115,0.344796595464,0.0139907888855,-0.274089564461,0.12812455859,-0.418865716853,-0.0145579119465,0.985840841827,-0.228176679509,-0.0407083127898
