bax0,bay0,baz0,bgx0,bgy0,bgz0,gax0,gay0,gaz0,bax1,bay1,baz1,bgx1,bgy1,bgz1,gax1,gay1,gaz1,bax2,bay2,baz2,bgx2,bgy2,bgz2,gax2,gay2,gaz2,bax3,bay3,baz3,bgx3,bgy3,bgz3,gax3,gay3,gaz3,bax4,bay4,baz4,bgx4,bgy4,bgz4,gax4,gay4,gaz4
0.213109633218,-0.119019445037,-0.0437807045885,0.357659990838,-0.48348368968,-0.153107252639,0.974701616783,-0.217329332376,-0.0555180050338,0.251259255996,-0.0540362097119,-0.0371859047522,0.25919861336,-0.100123622055,0.0445107810243,0.96580545577,-0.251145007766,-0.0585468104359,0.32102679196,0.0178854757809,-0.180250742237,-0.159357068852,0.315767675611,0.283839832909,0.969117122237,-0.254036634481,-0.0513152346824,0.312112510704,0.0361531502245,-0.255590514927,-0.183300650913,-0.100570030402,0.0695828035734,0.980962800702,-0.242476347363,-0.0519902695204,0.275812985612,-0.0233328886725,-0.0401492050201,0.222387989491,-0.518392910057,-0.0515160276833,0.973645165791,-0.255060585386,-0.048288945597
