bax0,bay0,baz0,bgx0,bgy0,bgz0,gax0,gay0,gaz0,bax1,bay1,baz1,bgx1,bgy1,bgz1,gax1,gay1,gaz1,bax2,bay2,baz2,bgx2,bgy2,bgz2,gax2,gay2,gaz2,bax3,bay3,baz3,bgx3,bgy3,bgz3,gax3,gay3,gaz3,bax4,bay4,baz4,bgx4,bgy4,bgz4,gax4,gay4,gaz4
0.205232444537,-0.0725726431309,0.029823328216,-0.00122923314547,-0.138294760725,0.0105573868252,0.974076202079,-0.25157134988,-0.0426160212244,0.413155292759,-0.0133701135373,-0.054585463247,-0.391183300215,0.328296357226,0.240390588206,0.971193886436,-0.253140262308,-0.0427059372077,0.333201820726,0.0503359023718,-0.278834278974,-0.338926776211,0.298715177414,0.307559276215,0.992912011614,-0.236968604233,-0.034736117619,0.189238253321,-0.0308573084124,-0.141543307451,-0.158445940303,-0.215079183255,-0.0243206097975,0.974725183353,-0.209799557208,-0.0483182837924,0.165048123947,-0.088328048527,0.00055248867724,0.238490783476,0.0789759239577,0.112645721672,1.01055936826,-0.195507939832,-0.0341237249667
