bax0,bay0,baz0,bgx0,bgy0,bgz0,gax0,gay0,gaz0,bax1,bay1,baz1,bgx1,bgy1,bgz1,gax1,gay1,gaz1,bax2,bay2,baz2,bgx2,bgy2,bgz2,gax2,gay2,gaz2,bax3,bay3,baz3,bgx3,bgy3,bgz3,gax3,gay3,gaz3,bax4,bay4,baz4,bgx4,bgy4,bgz4,gax4,gay4,gaz4
0.360583059419,0.0602064222035,-0.265177939422,0.0840867825,-0.111278213038,0.0822333934062,0.989381626503,-0.216367111458,-0.00541863935151,0.303412554333,-0.016479110385,-0.172202356869,0.023362776968,-0.385595541648,-0.0369786243282,0.98813314398,-0.203625902549,-0.0170940631658,0.154086168328,-0.0853665643797,0.0326038113352,-0.00765203785209,0.00652254361783,0.155917644111,0.99095899036,-0.202072535569,-0.0391446546635,0.3908661363,0.00102055239566,-0.164821772159,0.437104915212,-0.164658956694,0.0326615276738,0.982039982006,-0.241966325304,-0.0318383847403,0.326847039858,-0.013594967996,-0.185613063919,0.272776765661,-0.433858733312,-0.0961468368804,0.980984514837,-0.246275925793,-0.0178277104796
