bax0,bay0,baz0,bgx0,bgy0,bgz0,gax0,gay0,gaz0,bax1,bay1,baz1,bgx1,bgy1,bgz1,gax1,gay1,gaz1,bax2,bay2,baz2,bgx2,bgy2,bgz2,gax2,gay2,gaz2,bax3,bay3,baz3,bgx3,bgy3,bgz3,gax3,gay3,gaz3,bax4,bay4,baz4,bgx4,bgy4,bgz4,gax4,gay4,gaz4
0.370124640725,0.055201936672,-0.273633263626,0.0914217974316,-0.0748420796051,0.116676385556,0.991566013306,-0.216356329182,0.00789617558523,0.314506648803,-0.0385523824069,-0.165161268613,0.0299265257975,-0.383056868556,-0.0249416109554,0.987231597203,-0.206355152183,-0.0211019089414,0.136945674044,-0.0724598484443,0.0541964326673,-0.0362380306906,0.0516626349485,0.120718616754,0.991927125596,-0.207598363808,-0.0392553711276,0.36914918294,-0.0155142568283,-0.176166880525,0.424946651527,-0.166698113558,0.0683606744671,0.98180676396,-0.243436541367,-0.029880817634,0.318110460661,-0.00975511688917,-0.192592087637,0.262339131423,-0.414888103998,-0.106492079614,0.977900439022,-0.249365428374,-0.0143964713564
