bax0,bay0,baz0,bgx0,bgy0,bgz0,gax0,gay0,gaz0,bax1,bay1,baz1,bgx1,bgy1,bgz1,gax1,gay1,gaz1,bax2,bay2,baz2,bgx2,bgy2,bgz2,gax2,gay2,gaz2,bax3,bay3,baz3,bgx3,bgy3,bgz3,gax3,gay3,gaz3,bax4,bay4,baz4,bgx4,bgy4,bgz4,gax4,gay4,gaz4
0.188260380568,-0.0945914060041,-0.020959370271,-0.249853386615,-0.052059545203,0.116937135189,0.992060647061,-0.232542344401,-0.0373727898033,0.312917314333,-0.067083911212,-0.0380710230027,-0.0469448124471,0.13953782158,0.320667505182,0.993740548322,-0.258307056496,-0.0322004791463,0.293337595916,0.0248459197397,-0.209700632594,0.0476309497884,0.0593987842783,0.20374617504,0.963564755365,-0.280214348193,-0.0265750154757,0.352986863842,0.0175604319078,-0.296383400368,-0.190522922747,-0.123621624077,0.0048496483691,0.96337235775,-0.278056664261,-0.0313740656794,0.314180510794,0.0317842333527,-0.133199161437,-0.330913716896,-0.192044075305,0.020354605399,0.972184177852,-0.265178740957,-0.0671287160055
