bax0,bay0,baz0,bgx0,bgy0,bgz0,gax0,gay0,gaz0,bax1,bay1,baz1,bgx1,bgy1,bgz1,gax1,gay1,gaz1,bax2,bay2,baz2,bgx2,bgy2,bgz2,gax2,gay2,gaz2,bax3,bay3,baz3,bgx3,bgy3,bgz3,gax3,gay3,gaz3,bax4,bay4,baz4,bgx4,bgy4,bgz4,gax4,gay4,gaz4
0.201834226541,-0.100674086154,-0.0136867839251,-0.25528270309,-0.0599414099493,0.0978325058826,0.993493983117,-0.239250164333,-0.0420133075174,0.322455772468,-0.0337193437896,-0.0456954824514,-0.111457515243,0.120542155258,0.334509192742,0.983238137439,-0.247208511079,-0.0362536852113,0.293856521517,0.027223574092,-0.241385733108,0.0668094290792,0.0441691800126,0.160871634199,0.965341387927,-0.280326243486,-0.0241477055926,0.342201109169,-0.00521418939793,-0.322647951042,-0.198608277984,-0.111743758583,-0.00189702546926,0.972438620557,-0.272044610946,-0.0377532635391,0.308491073119,-0.00430839149088,-0.120097924914,-0.344156438981,-0.191595303813,0.0253481891962,0.969859189906,-0.261782655752,-0.0503164435876
