bax0,bay0,baz0,bgx0,bgy0,bgz0,gax0,gay0,gaz0,bax1,bay1,baz1,bgx1,bgy1,bgz1,gax1,gay1,gaz1,bax2,bay2,baz2,bgx2,bgy2,bgz2,gax2,gay2,gaz2,bax3,bay3,baz3,bgx3,bgy3,bgz3,gax3,gay3,gaz3,bax4,bay4,baz4,bgx4,bgy4,bgz4,gax4,gay4,gaz4
0.104112889365,-0.115619389299,-0.05030831076,0.417761234085,-0.230491008621,0.0609154127493,1.02140039208,-0.157385366331,0.018637290878,0.235125211639,-0.0701087291844,-0.12333277906,0.161472205301,-0.154791601012,0.038810283797,1.00190737689,-0.219383724116,0.022341500769,0.328851239203,-0.0757967326192,-0.110557990497,0.316461626451,-0.275492711992,0.122970193812,0.979826801452,-0.237737545818,0.0142568201281,0.387041248162,-0.0462597880501,-0.0969393885756,0.326977167101,-0.0833338543845,0.141627039175,0.977556749868,-0.225227529955,-0.000155098974623,0.346562474835,-0.0124355691937,-0.126096061393,-0.0812844956747,0.187339367815,0.219528966715,0.973690659933,-0.243718435337,-0.00138844672917
