bax0,bay0,baz0,bgx0,bgy0,bgz0,gax0,gay0,gaz0,bax1,bay1,baz1,bgx1,bgy1,bgz1,gax1,gay1,gaz1,bax2,bay2,baz2,bgx2,bgy2,bgz2,gax2,gay2,gaz2,bax3,bay3,baz3,bgx3,bgy3,bgz3,gax3,gay3,gaz3,bax4,bay4,baz4,bgx4,bgy4,bgz4,gax4,gay4,gaz4
0.197307608248,0.0039471001292,-0.152353186887,-0.0583018204112,0.0341348528413,0.126487149496,0.980955247873,-0.239131758849,-0.017048437873,0.221240045128,0.00524832750287,-0.180226076865,0.0462347180878,-0.0282341541435,0.0246455182325,0.975266424315,-0.254833630739,-0.0150774092025,0.383098064083,-0.000231393594333,-0.19626911227,-0.302467612232,0.0205362376285,0.0801103208429,0.965997073228,-0.247311073741,-0.000969163091149,0.394524018455,-0.0209391840411,-0.17289844355,-0.374888580942,-0.0995808752996,0.136798663601,0.970292172761,-0.239365312073,-0.00283615076573,0.297325175449,-0.0379786704789,-0.104651772503,-0.132976836901,-0.331946375257,0.017819082331,0.970795678351,-0.247757449789,-0.00607416201672
