bax0,bay0,baz0,bgx0,bgy0,bgz0,gax0,gay0,gaz0,bax1,bay1,baz1,bgx1,bgy1,bgz1,gax1,gay1,gaz1,bax2,bay2,baz2,bgx2,bgy2,bgz2,gax2,gay2,gaz2,bax3,bay3,baz3,bgx3,bgy3,bgz3,gax3,gay3,gaz3,bax4,bay4,baz4,bgx4,bgy4,bgz4,gax4,gay4,gaz4
0.290256334886,-0.0820119150579,-0.0373384260326,-0.174976351968,0.0948657459162,0.113448063621,0.972210960941,-0.249335330783,-0.0345127479983,0.34579773199,-0.0429352413171,-0.0381476845504,0.0296078439631,0.0691793778994,0.250839780129,0.968675152889,-0.247492332808,-0.0131249412936,0.373177134425,0.0155786493836,-0.131810685822,-0.0154383894175,0.203755298295,0.24927841715,0.96953936633,-0.253231213262,0.00991082588373,0.252543069501,0.0217975647466,-0.21407809943,-0.296629695867,0.236314740719,0.0997535124747,0.96769506784,-0.254060031305,0.00867143009087,0.368557133594,-0.0091747352297,-0.288127042056,-0.40147901082,-0.131070501093,0.107888125005,0.968114754628,-0.256768481236,0.00347565752955
