bax0,bay0,baz0,bgx0,bgy0,bgz0,gax0,gay0,gaz0,bax1,bay1,baz1,bgx1,bgy1,bgz1,gax1,gay1,gaz1,bax2,bay2,baz2,bgx2,bgy2,bgz2,gax2,gay2,gaz2,bax3,bay3,baz3,bgx3,bgy3,bgz3,gax3,gay3,gaz3,bax4,bay4,baz4,bgx4,bgy4,bgz4,gax4,gay4,gaz4
0.295917554,-0.0622425259138,-0.060835818347,-0.162959181997,0.125064205925,0.135263132821,0.97106486048,-0.244360670912,-0.0277300585529,0.337473495752,-0.0505967021715,-0.00289284111778,0.0570558310777,0.09320639535,0.222311837551,0.969012681718,-0.261326563253,-0.0236491011307,0.3297731663,0.0265617855586,-0.116400459075,0.0196965000419,0.18991875991,0.222808640919,0.970815338759,-0.255776260002,-0.00253524310931,0.253934308581,0.00685381748516,-0.235191562136,-0.322610044704,0.234327449769,0.106804715741,0.971396651879,-0.255497550085,-0.00259623284071,0.402637211737,-0.0163855051339,-0.276394238361,-0.329090391253,-0.124965031221,0.106194836549,0.965586004698,-0.26249236655,0.0206432603879
