bax0,bay0,baz0,bgx0,bgy0,bgz0,gax0,gay0,gaz0,bax1,bay1,baz1,bgx1,bgy1,bgz1,gax1,gay1,gaz1,bax2,bay2,baz2,bgx2,bgy2,bgz2,gax2,gay2,gaz2,bax3,bay3,baz3,bgx3,bgy3,bgz3,gax3,gay3,gaz3,bax4,bay4,baz4,bgx4,bgy4,bgz4,gax4,gay4,gaz4
0.282871495116,-0.11412799275,-0.0828027857714,-0.663037521977,0.333960583863,0.12614376227,0.999913888516,-0.188215362913,0.0391983703379,0.305825114201,-0.0316339060447,-0.165814829485,-0.287051516087,0.112811281338,0.204938823761,0.9949250771,-0.228567355901,0.0458437569409,0.229012495018,-0.0345267892619,-0.172537820251,0.00759696854644,-0.165696395667,0.00325705736916,0.975173756043,-0.240210949311,0.0154374941265,0.234126192083,0.0588660079483,-0.219779040774,0.344076528163,-0.203716077964,-0.106278519747,0.96565692863,-0.260803381634,-0.00750981300907,0.238128648217,0.0204931551543,-0.160407923983,0.250300810111,0.0246329412698,0.0692171828643,0.958796558353,-0.219998020111,-0.058438501679
