bax0,bay0,baz0,bgx0,bgy0,bgz0,gax0,gay0,gaz0,bax1,bay1,baz1,bgx1,bgy1,bgz1,gax1,gay1,gaz1,bax2,bay2,baz2,bgx2,bgy2,bgz2,gax2,gay2,gaz2,bax3,bay3,baz3,bgx3,bgy3,bgz3,gax3,gay3,gaz3,bax4,bay4,baz4,bgx4,bgy4,bgz4,gax4,gay4,gaz4
0.163996870339,0.183957154431,0.0756725037203,-0.0474964725844,-0.253371736266,0.229395370606,0.899069511565,0.0639699101946,0.338236472605,0.275669835793,-0.0367606910833,-0.136444124045,-0.0493253330045,-0.266558398568,0.242826215703,0.872194664113,0.182771019054,0.425448923976,0.309768375676,-0.00517846558288,-0.109046203289,-0.031492827752,-0.185045416278,0.220903194133,0.882902742627,0.153182456404,0.39305803873,0.229299413552,0.0448216259886,-0.133928223176,-0.044577919657,0.0156864644496,0.0870563710154,0.888509970226,0.166130132754,0.396670576486,-0.0333232006479,0.159215042532,0.0406705390893,-0.00624937221042,0.0412207824186,-0.0461575584708,0.853147680456,0.212914535401,0.39832624957
