bax0,bay0,baz0,bgx0,bgy0,bgz0,gax0,gay0,gaz0,bax1,bay1,baz1,bgx1,bgy1,bgz1,gax1,gay1,gaz1,bax2,bay2,baz2,bgx2,bgy2,bgz2,gax2,gay2,gaz2,bax3,bay3,baz3,bgx3,bgy3,bgz3,gax3,gay3,gaz3,bax4,bay4,baz4,bgx4,bgy4,bgz4,gax4,gay4,gaz4
0.138708224888,0.177400486496,0.071782813957,-0.0416721857685,-0.304857695425,0.262734507221,0.915614944218,0.0401458225629,0.348768495025,0.306343886871,-0.0404032146888,-0.119893062642,-0.0436652045823,-0.256498949064,0.238376957353,0.877635268373,0.179060695153,0.422591354,0.290030435353,-0.0169400852365,-0.140217718901,-0.0345029587151,-0.150099479907,0.188035688731,0.895507162585,0.137453373274,0.417142653133,0.252269978919,0.0613177581844,-0.138054372564,-0.0364978132564,0.00240770911129,0.0845469057724,0.879276815577,0.159711502301,0.415643819927,-0.0255470985745,0.19251492938,0.01606241405,-0.00801261310998,0.0266303386684,-0.0582854931546,0.847311753112,0.222371179775,0.414660155986
