bax0,bay0,baz0,bgx0,bgy0,bgz0,gax0,gay0,gaz0,bax1,bay1,baz1,bgx1,bgy1,bgz1,gax1,gay1,gaz1,bax2,bay2,baz2,bgx2,bgy2,bgz2,gax2,gay2,gaz2,bax3,bay3,baz3,bgx3,bgy3,bgz3,gax3,gay3,gaz3,bax4,bay4,baz4,bgx4,bgy4,bgz4,gax4,gay4,gaz4
0.0313777549798,0.150043285875,0.0128161761547,-0.00693266990966,-0.164010752234,0.0605448141092,0.734098335301,0.325323830957,0.464702552808,0.325769299593,-0.00210649357995,-0.15927054687,-0.0533304399782,-0.174842763458,0.216801642304,0.651198012169,0.431303603731,0.4944936725,0.292128976249,-0.0174979313597,-0.11404452908,-0.0457717434924,-0.113646669831,0.158647650593,0.651876601623,0.44337485801,0.483151506292,0.28599835517,-0.00113347664234,-0.107116991826,-0.042031635249,-0.0977154259643,0.133280143785,0.657851559282,0.437430225712,0.503442744878,0.298358434017,-0.0383856056716,-0.10420278122,-0.0381171867799,-0.0847949002677,0.0913915361511,0.652724572618,0.437148188535,0.476609928535
