bax0,bay0,baz0,bgx0,bgy0,bgz0,gax0,gay0,gaz0,bax1,bay1,baz1,bgx1,bgy1,bgz1,gax1,gay1,gaz1,bax2,bay2,baz2,bgx2,bgy2,bgz2,gax2,gay2,gaz2,bax3,bay3,baz3,bgx3,bgy3,bgz3,gax3,gay3,gaz3,bax4,bay4,baz4,bgx4,bgy4,bgz4,gax4,gay4,gaz4
0.303299516635,-0.0162354355866,-0.122204049514,-0.033274240262,-0.0682491938658,0.0549998827243,0.68748855564,0.38843241498,0.482478908189,0.243080481547,0.0171629560814,-0.130288917606,-0.263608657039,-0.138696604974,-0.577242886938,0.916789618091,0.127454327789,0.341118792047,0.287015984056,0.00499588979549,-0.115470349421,-0.173047175099,-0.118496471529,-0.278336821213,0.90976530618,0.132480792179,0.347126170668,0.298720120137,-0.0219032528313,-0.118136120567,-0.095430728529,-0.0989828706001,-0.0338386554422,0.928993817684,0.168205806471,0.34292539007,0.290030432011,-0.0237657134097,-0.114122936206,-0.0282581058219,-0.0717640294054,0.091928432064,0.911060374536,0.128476009283,0.351770041963
