bax0,bay0,baz0,bgx0,bgy0,bgz0,gax0,gay0,gaz0,bax1,bay1,baz1,bgx1,bgy1,bgz1,gax1,gay1,gaz1,bax2,bay2,baz2,bgx2,bgy2,bgz2,gax2,gay2,gaz2,bax3,bay3,baz3,bgx3,bgy3,bgz3,gax3,gay3,gaz3,bax4,bay4,baz4,bgx4,bgy4,bgz4,gax4,gay4,gaz4
0.295373538788,-0.0129464630435,-0.104048490649,-0.0330187365182,-0.103250281231,0.0756921183189,0.919027981715,0.168074391299,0.344476905307,0.287186800381,-0.0138787310778,-0.119804632906,-0.0333506116689,-0.0613448061344,0.0824151693702,0.910255950033,0.169630874507,0.336703965272,0.298910023945,-0.0216682788265,-0.121237715632,-0.0327662247922,-0.0642025084113,0.0918141509401,0.919667870016,0.171056231983,0.337746021089,0.291578398335,-0.0202584198328,-0.123198708258,-0.0373213849159,-0.0694021716002,0.0728032956131,0.925352157508,0.182949547547,0.338586392863,0.275872340265,0.00092760556291,-0.189817276837,-0.0573444739075,-0.300859740609,0.473063886327,0.805718677055,0.288992234622,0.367173940942
