bax0,bay0,baz0,bgx0,bgy0,bgz0,gax0,gay0,gaz0,bax1,bay1,baz1,bgx1,bgy1,bgz1,gax1,gay1,gaz1,bax2,bay2,baz2,bgx2,bgy2,bgz2,gax2,gay2,gaz2,bax3,bay3,baz3,bgx3,bgy3,bgz3,gax3,gay3,gaz3,bax4,bay4,baz4,bgx4,bgy4,bgz4,gax4,gay4,gaz4
0.312692781229,-0.0405207886262,-0.12070349866,-0.0602090866242,-0.209029467545,0.329523268451,0.817791657545,0.337977458784,0.364190211733,0.28981491573,-0.010128856685,-0.107818143954,-0.0481086826188,-0.117618437228,0.205997814712,0.824033904387,0.325075534033,0.365340637142,0.299932308158,-0.0192752554623,-0.116657899763,-0.0264611049201,-0.081944038161,0.117095618,0.822898139018,0.327827274924,0.364407659115,0.294440231934,-0.0200646918938,-0.119533036342,-0.0295614432787,-0.0764479019166,0.0933726871937,0.825273640738,0.322952249249,0.362910209836,0.290951841061,-0.00990961142447,-0.115375192895,-0.0229422526244,-0.0720572023402,0.0670191697371,0.823329633424,0.328680062534,0.363245300066
