bax0,bay0,baz0,bgx0,bgy0,bgz0,gax0,gay0,gaz0,bax1,bay1,baz1,bgx1,bgy1,bgz1,gax1,gay1,gaz1,bax2,bay2,baz2,bgx2,bgy2,bgz2,gax2,gay2,gaz2,bax3,bay3,baz3,bgx3,bgy3,bgz3,gax3,gay3,gaz3,bax4,bay4,baz4,bgx4,bgy4,bgz4,gax4,gay4,gaz4
0.289150160369,-0.0122179516674,-0.113765918083,-0.0196317368579,-0.0829171208961,0.133730812183,0.963529334863,0.115834244184,0.253416217226,0.290722057289,-0.00802205008615,-0.112904349258,-0.0200560587103,-0.0839256440013,0.111576623888,0.963319924806,0.116210152328,0.254868761963,0.291297103086,-0.0178231102784,-0.115001462684,-0.0287964883492,-0.0759156384341,0.106883714224,0.964299231861,0.116333254905,0.254464726422,0.29252057866,-0.0113156810967,-0.114233611316,-0.0290772104088,-0.080270530487,0.107208521484,0.965683025851,0.122887187625,0.253189067916,0.292560411206,-0.0158377029866,-0.115792152735,-0.0275924546457,-0.0796907507335,0.109632509095,0.962841209664,0.11964210634,0.252040240528
