bax0,bay0,baz0,bgx0,bgy0,bgz0,gax0,gay0,gaz0,bax1,bay1,baz1,bgx1,bgy1,bgz1,gax1,gay1,gaz1,bax2,bay2,baz2,bgx2,bgy2,bgz2,gax2,gay2,gaz2,bax3,bay3,baz3,bgx3,bgy3,bgz3,gax3,gay3,gaz3,bax4,bay4,baz4,bgx4,bgy4,bgz4,gax4,gay4,gaz4
0.263473278832,-0.00300833839983,-0.109664444392,-0.0276444832058,-0.168660121012,0.218377971888,0.636869922985,0.467404390582,0.544451358444,0.259239330215,-0.0160946240467,-0.0940771018034,-0.0441268502527,-0.0999793593822,0.162546643628,0.618434141005,0.452999710448,0.493030710072,0.394744038111,-0.144361746031,-0.283138011895,-0.103782556257,0.0733089780846,-0.266288499942,0.96842587654,0.0674982985402,0.15540691025,0.302363562542,0.0222599621343,-0.175374947127,-0.104849824643,0.0840566570623,-0.228178284534,0.991523772326,0.0455794562473,0.125773831015,0.27747445818,0.000739490583371,-0.120480671093,-0.0784198770599,0.00410489019334,0.0355589378204,1.00229739256,0.106492070865,0.13079223838
