bax0,bay0,baz0,bgx0,bgy0,bgz0,gax0,gay0,gaz0,bax1,bay1,baz1,bgx1,bgy1,bgz1,gax1,gay1,gaz1,bax2,bay2,baz2,bgx2,bgy2,bgz2,gax2,gay2,gaz2,bax3,bay3,baz3,bgx3,bgy3,bgz3,gax3,gay3,gaz3,bax4,bay4,baz4,bgx4,bgy4,bgz4,gax4,gay4,gaz4
0.300448761154,-0.020165114655,-0.139100635837,-0.0197858982338,-0.0985470838434,0.0980305513478,1.00358659286,0.0824696419971,0.10577688498,0.295518038789,-0.0191590489351,-0.119429738028,-0.0331365202061,-0.0515213250967,0.0821526199145,1.00760883953,0.078398158968,0.0967599852881,0.286453849303,-0.0116915941535,-0.100813999505,-0.0257033165171,-0.0606491882045,0.0824431608219,1.01029800993,0.0820217073312,0.089466268401,0.293851861219,-0.0206656725316,-0.105398129394,-0.0318881710976,-0.0813995354574,0.0906077256248,1.00971042969,0.0809494138123,0.0890583104929,0.291522779672,-0.0183069480367,-0.106801596163,-0.0252386849891,-0.0699294896916,0.0871301761617,1.00659006334,0.0788848035977,0.084770416151
