bax0,bay0,baz0,bgx0,bgy0,bgz0,gax0,gay0,gaz0,bax1,bay1,baz1,bgx1,bgy1,bgz1,gax1,gay1,gaz1,bax2,bay2,baz2,bgx2,bgy2,bgz2,gax2,gay2,gaz2,bax3,bay3,baz3,bgx3,bgy3,bgz3,gax3,gay3,gaz3,bax4,bay4,baz4,bgx4,bgy4,bgz4,gax4,gay4,gaz4
0.29315109226,-0.0196854420424,-0.10423985487,-0.0119139175108,-0.0835844985829,0.0612555760797,0.987925573335,0.0982159409133,0.081000395254,0.193917035788,0.0672930812833,-0.0505712948713,0.00825970117589,-0.297744140241,0.551185213278,0.932416179743,0.261661289203,0.208114691507,0.253539969431,-0.0499680034486,-0.061965470141,-0.00539878480511,-0.202785146807,0.489845133568,0.895006348892,0.321719506107,0.227801373504,0.28604638029,-0.015707140907,-0.0408681756538,-0.0273733962226,-0.206591018576,0.31883483037,0.871559392631,0.312685009956,0.236275533328,0.286488292468,-0.00959102223421,-0.10518200249,-0.0381358599123,-0.153253833908,0.146702075121,0.892873709181,0.293634248457,0.267148921972
