bax0,bay0,baz0,bgx0,bgy0,bgz0,gax0,gay0,gaz0,bax1,bay1,baz1,bgx1,bgy1,bgz1,gax1,gay1,gaz1,bax2,bay2,baz2,bgx2,bgy2,bgz2,gax2,gay2,gaz2,bax3,bay3,baz3,bgx3,bgy3,bgz3,gax3,gay3,gaz3,bax4,bay4,baz4,bgx4,bgy4,bgz4,gax4,gay4,gaz4
0.291505844958,-0.0176213059733,-0.117642970939,-0.0350850824062,-0.105044454555,0.0879938892838,0.877565944354,0.305463526377,0.284336578743,0.289714302244,-0.0170665862805,-0.114370999999,-0.0322925226131,-0.0728642852484,0.0734311554132,0.874521137824,0.303475917674,0.281843523829,0.289327205419,-0.0205185562747,-0.106428286764,-0.0308102223623,-0.0662002288223,0.0707899959223,0.874463379691,0.304610243264,0.283538008732,0.288365970863,-0.0145521547819,-0.112250149029,-0.0291563539075,-0.0657121441444,0.0715769925859,0.876591393026,0.306460587311,0.286467214886,0.29104450403,-0.0203140076099,-0.113827175716,-0.0269386575266,-0.0577822393229,0.0753077991585,0.876651973383,0.304072170203,0.283911095918
