bax0,bay0,baz0,bgx0,bgy0,bgz0,gax0,gay0,gaz0,bax1,bay1,baz1,bgx1,bgy1,bgz1,gax1,gay1,gaz1,bax2,bay2,baz2,bgx2,bgy2,bgz2,gax2,gay2,gaz2,bax3,bay3,baz3,bgx3,bgy3,bgz3,gax3,gay3,gaz3,bax4,bay4,baz4,bgx4,bgy4,bgz4,gax4,gay4,gaz4
0.292782779025,-0.0176825006721,-0.116101422551,-0.0349145230637,-0.0946618893477,0.092494626752,0.87899285718,0.305492431971,0.285930280918,0.295081633054,-0.0178394748358,-0.111442532963,-0.0360446833334,-0.0791586361213,0.066154504689,0.875176939903,0.303804907879,0.280527589629,0.29247933859,-0.0170440978601,-0.109118813524,-0.0315725235644,-0.0603249100796,0.0672536813332,0.879618362579,0.30459568815,0.283764428656,0.287095617317,-0.0181231192674,-0.10895522529,-0.0313340246938,-0.0683624370533,0.0823660512062,0.877076641083,0.306489990485,0.285363853828,0.291844967713,-0.0189576706483,-0.114931240357,-0.0297802061533,-0.0676580905227,0.0858807106031,0.875232831522,0.305975947832,0.28904294606
