bax0,bay0,baz0,bgx0,bgy0,bgz0,gax0,gay0,gaz0,bax1,bay1,baz1,bgx1,bgy1,bgz1,gax1,gay1,gaz1,bax2,bay2,baz2,bgx2,bgy2,bgz2,gax2,gay2,gaz2,bax3,bay3,baz3,bgx3,bgy3,bgz3,gax3,gay3,gaz3,bax4,bay4,baz4,bgx4,bgy4,bgz4,gax4,gay4,gaz4
0.292185725897,-0.0151835023832,-0.105496317273,-0.0214459282798,-0.0942683151168,0.0989770929899,1.02198992728,-0.0125098444651,-0.0703767670348,0.297206565124,-0.00816060018347,-0.105687726877,-0.0261825184214,-0.0928589381115,0.0751702030528,1.01988907092,-0.00894375491036,-0.0692270975732,0.292825399585,-0.00909105464289,-0.0941813538758,-0.0356635957546,-0.0620399017034,0.0963594272682,1.02140838184,0.00650332128476,-0.0700823386679,0.293591790557,-0.017568373614,-0.0936388093354,-0.0281894612559,-0.101951765799,0.106076885673,1.02025715864,0.0132523116491,-0.0617968077726,0.275744321937,0.00383411617514,-0.175191614869,-0.0344634910835,-0.205134395315,0.0600160442267,1.01953855027,0.0226381856495,-0.0517649314569
