bax0,bay0,baz0,bgx0,bgy0,bgz0,gax0,gay0,gaz0,bax1,bay1,baz1,bgx1,bgy1,bgz1,gax1,gay1,gaz1,bax2,bay2,baz2,bgx2,bgy2,bgz2,gax2,gay2,gaz2,bax3,bay3,baz3,bgx3,bgy3,bgz3,gax3,gay3,gaz3,bax4,bay4,baz4,bgx4,bgy4,bgz4,gax4,gay4,gaz4
0.151850374135,0.135171870292,-0.108431720914,-0.0484845838844,-0.102886871781,0.438768833967,0.766324814346,0.389558419564,0.309645311253,0.283500451519,-0.0575777616383,-0.152232482098,-0.0349460546998,-0.206027395544,0.393343737489,0.718889956792,0.475772353828,0.329659039945,0.273845349424,0.0204242337743,-0.147275261877,-0.0388270414125,-0.15129816404,0.243345537964,0.71456880257,0.487790789469,0.317989904868,0.24742258419,-0.00193997574877,-0.1215325131,-0.0385879806501,-0.10532011525,0.162357114236,0.708444114807,0.503470224171,0.303139847399,0.269872770328,-0.0260629685855,-0.137991552902,-0.036722265327,-0.0740117451719,0.123457348253,0.68797637397,0.520872772979,0.304743484341
