bax0,bay0,baz0,bgx0,bgy0,bgz0,gax0,gay0,gaz0,bax1,bay1,baz1,bgx1,bgy1,bgz1,gax1,gay1,gaz1,bax2,bay2,baz2,bgx2,bgy2,bgz2,gax2,gay2,gaz2,bax3,bay3,baz3,bgx3,bgy3,bgz3,gax3,gay3,gaz3,bax4,bay4,baz4,bgx4,bgy4,bgz4,gax4,gay4,gaz4
0.290762167327,0.00435762691018,-0.142104611175,-0.0220364971335,-0.056920052231,0.106130226117,0.69531383702,0.472846763967,0.277156742875,0.312816511405,0.088929337874,-0.0952947179782,-0.225923793275,-0.0872035314713,-0.529485367203,0.981508826442,0.00192463531852,0.171042120793,0.310091110261,-0.0184491135729,-0.171670486133,-0.187626140726,-0.104092346308,-0.139045476587,0.980033359953,0.043644173678,0.157660055175,0.305392201815,-0.0535072615973,-0.146791477153,-0.0643691180297,-0.0999492677206,-0.0169502343446,1.03603394986,0.0293459602109,0.158184438327,0.294102653353,-0.0262338782593,-0.112973123171,-0.057193112067,-0.0574815146609,0.0578907263083,1.00437650795,0.039790801875,0.168671852622
