bax0,bay0,baz0,bgx0,bgy0,bgz0,gax0,gay0,gaz0,bax1,bay1,baz1,bgx1,bgy1,bgz1,gax1,gay1,gaz1,bax2,bay2,baz2,bgx2,bgy2,bgz2,gax2,gay2,gaz2,bax3,bay3,baz3,bgx3,bgy3,bgz3,gax3,gay3,gaz3,bax4,bay4,baz4,bgx4,bgy4,bgz4,gax4,gay4,gaz4
0.288399317399,-0.0154096544374,-0.125004223682,-0.0332118445285,-0.0790817468158,0.118940553823,0.963635448256,0.227444103188,0.200116904477,0.277927950664,-0.0167440860389,-0.0810130294468,-0.044285434445,-0.07748230819,0.0744277291116,0.956524471176,0.192327727281,0.164204615228,0.288882943354,-0.0169596763616,-0.0995949143497,-0.0248344194748,-0.0664530620865,0.0940139568833,0.976502077214,0.214139287897,0.15861635727,0.286909556131,-0.0171027636425,-0.10281760157,-0.00681705999434,-0.0923797381849,0.0794835179521,0.969977810066,0.192321417515,0.177593994663,0.331999942856,-0.107252746739,0.0351330864442,-0.24553575268,-0.0593063350331,-0.296673211782,1.01975606554,-0.0319405685793,-0.0503368782139
