bax0,bay0,baz0,bgx0,bgy0,bgz0,gax0,gay0,gaz0,bax1,bay1,baz1,bgx1,bgy1,bgz1,gax1,gay1,gaz1,bax2,bay2,baz2,bgx2,bgy2,bgz2,gax2,gay2,gaz2,bax3,bay3,baz3,bgx3,bgy3,bgz3,gax3,gay3,gaz3,bax4,bay4,baz4,bgx4,bgy4,bgz4,gax4,gay4,gaz4
0.300237994748,-0.0310312592448,-0.194558526782,-0.120593175957,-0.0784648334132,-0.115679088663,1.02079763846,-0.0643297464834,-0.0214237196758,0.284232919931,-0.0350127139458,-0.104134124085,-0.0440630765005,-0.00848897753258,-0.0224875198109,1.02605746794,-0.074060776191,-0.0579271335387,0.292223556227,-0.00593711543706,-0.0349205968592,-0.0219358375047,-0.0370930609985,0.100521837832,1.02534864857,-0.0798936433401,-0.0599314098574,0.292681270174,-0.00276589015292,-0.123513073956,-0.0189191980976,-0.0990206829751,0.135574737522,1.025888732,-0.0626778755277,-0.0117849766584,0.288766598155,-0.0200666392802,-0.0986729356875,-0.0302100998095,-0.106558783496,0.118865609518,1.02282646714,-0.0649960264498,-0.0093475009418
