bax0,bay0,baz0,bgx0,bgy0,bgz0,gax0,gay0,gaz0,bax1,bay1,baz1,bgx1,bgy1,bgz1,gax1,gay1,gaz1,bax2,bay2,baz2,bgx2,bgy2,bgz2,gax2,gay2,gaz2,bax3,bay3,baz3,bgx3,bgy3,bgz3,gax3,gay3,gaz3,bax4,bay4,baz4,bgx4,bgy4,bgz4,gax4,gay4,gaz4
0.308539850887,-0.0369053178755,-0.216020605761,-0.113065711888,-0.122154262074,-0.12947226128,1.02557706639,-0.062376877112,-0.0266678620068,0.283008563933,-0.0292586075682,-0.106566545863,-0.0404461030114,-0.0236128310914,0.0242941978025,1.03060739413,-0.0641432032848,-0.0725732607717,0.301744607711,-0.00292654230079,-0.0296108958159,-0.0333560008012,-0.0259949385001,0.100562604814,1.02920969692,-0.0765131541009,-0.0466480384211,0.294118342718,-0.0147012044918,-0.114224580769,-0.0167475024623,-0.0943852269498,0.131220033661,1.02490522783,-0.0688491795086,-0.00285527403618,0.289328864638,-0.0211329679344,-0.117719023353,-0.0080797470828,-0.109910327752,0.150518302935,1.02450477976,-0.0676714670254,0.00320775194429
