bax0,bay0,baz0,bgx0,bgy0,bgz0,gax0,gay0,gaz0,bax1,bay1,baz1,bgx1,bgy1,bgz1,gax1,gay1,gaz1,bax2,bay2,baz2,bgx2,bgy2,bgz2,gax2,gay2,gaz2,bax3,bay3,baz3,bgx3,bgy3,bgz3,gax3,gay3,gaz3,bax4,bay4,baz4,bgx4,bgy4,bgz4,gax4,gay4,gaz4
0.267218136345,0.0435141984759,-0.177212343988,0.00376323844391,-0.181750700887,0.295660740976,0.93846223734,0.197484703212,0.267217753181,0.260746612314,-0.00155646739571,-0.0884530559927,-0.0115261118901,-0.159404147559,0.337860970252,0.933708115348,0.234250020344,0.245770903667,0.283293671414,-0.0166461935569,-0.12932052874,-0.00922019372671,-0.13833896863,0.208408178362,0.925896633719,0.234091332861,0.243087242353,0.293083954416,-0.00602000702603,-0.11494632957,-0.0432200728766,-0.0970270324651,0.135682316918,0.918863428942,0.251232273476,0.24519695822,0.293614670992,-0.0322495372523,-0.126302292022,-0.0329125589035,-0.0692802784827,0.109626930158,0.913178255771,0.246860874759,0.248116026777
