bax0,bay0,baz0,bgx0,bgy0,bgz0,gax0,gay0,gaz0,bax1,bay1,baz1,bgx1,bgy1,bgz1,gax1,gay1,gaz1,bax2,bay2,baz2,bgx2,bgy2,bgz2,gax2,gay2,gaz2,bax3,bay3,baz3,bgx3,bgy3,bgz3,gax3,gay3,gaz3,bax4,bay4,baz4,bgx4,bgy4,bgz4,gax4,gay4,gaz4
0.287542657226,-0.0152430475799,-0.10807376793,-0.0314794345097,-0.0709792479995,0.0717825983062,0.924766395216,0.245384805644,0.243298702156,0.289278896329,-0.00910811319571,-0.116593599836,-0.0330626084285,-0.0675701677384,0.0741160643369,0.919682456637,0.245174921288,0.243164432263,0.288079999925,-0.0175077958678,-0.109566375502,-0.0331270751267,-0.0679837670919,0.0821660587076,0.922477514947,0.250319411151,0.245375427935,0.288494735769,-0.018952135918,-0.102996774257,-0.0273891532254,-0.0813405105213,0.0915158191794,0.916802278022,0.257295640873,0.240519640336,0.28871933179,-0.0177493218843,-0.107696048287,-0.0335694072176,-0.0726270262816,0.0873051269074,0.919274799157,0.251490156009,0.252307033911
