bax0,bay0,baz0,bgx0,bgy0,bgz0,gax0,gay0,gaz0,bax1,bay1,baz1,bgx1,bgy1,bgz1,gax1,gay1,gaz1,bax2,bay2,baz2,bgx2,bgy2,bgz2,gax2,gay2,gaz2,bax3,bay3,baz3,bgx3,bgy3,bgz3,gax3,gay3,gaz3,bax4,bay4,baz4,bgx4,bgy4,bgz4,gax4,gay4,gaz4
0.285352336731,-0.0174796404306,-0.105549904857,-0.0295114688871,-0.058829453459,0.0892349032763,0.917174099357,0.252677504421,0.258502420135,0.284156800271,-0.0186560169722,-0.108243711279,-0.0253768885163,-0.0778518220685,0.0989254637405,0.915161433587,0.249928545926,0.263918347546,0.290127731989,-0.0218609743839,-0.107349959797,-0.0263843297698,-0.0869221616122,0.0933067911499,0.915723503108,0.248365684582,0.25585725238,0.294308953739,-0.0183605286778,-0.123404026197,-0.0305013485562,-0.100595340814,0.0897087700002,0.913680208843,0.249369801292,0.270763590422,0.287195235675,-0.0119858989108,-0.106186464455,-0.0278588493958,-0.0471696249802,0.103188701925,0.916946813405,0.246220048837,0.266235142702
