bax0,bay0,baz0,bgx0,bgy0,bgz0,gax0,gay0,gaz0,bax1,bay1,baz1,bgx1,bgy1,bgz1,gax1,gay1,gaz1,bax2,bay2,baz2,bgx2,bgy2,bgz2,gax2,gay2,gaz2,bax3,bay3,baz3,bgx3,bgy3,bgz3,gax3,gay3,gaz3,bax4,bay4,baz4,bgx4,bgy4,bgz4,gax4,gay4,gaz4
0.309448340209,0.0751812467333,-0.0926239835385,-0.218981894091,-0.195675378112,-0.429250610628,0.997137945471,-0.014302398075,0.169047632796,0.285297010081,0.0167046131443,-0.0922151284447,-0.126320949265,-0.184615902614,-0.153799533783,1.00039902746,0.0241795447691,0.165295192074,0.295469601645,-0.00191689388773,-0.127448322582,-0.0666901962042,-0.119555662981,0.051451995655,0.999637111876,0.0489737730158,0.179531254199,0.280216440254,0.00714937903632,-0.0937100270454,-0.0457463430896,-0.0870947345731,0.11415332228,0.997306733623,0.0376906158286,0.168996569119,0.310471023419,-0.0842576582269,-0.165327322865,0.00765898906739,-0.0998605548129,0.269257439514,1.00032493214,0.0388717220769,0.17470770454
