bax0,bay0,baz0,bgx0,bgy0,bgz0,gax0,gay0,gaz0,bax1,bay1,baz1,bgx1,bgy1,bgz1,gax1,gay1,gaz1,bax2,bay2,baz2,bgx2,bgy2,bgz2,gax2,gay2,gaz2,bax3,bay3,baz3,bgx3,bgy3,bgz3,gax3,gay3,gaz3,bax4,bay4,baz4,bgx4,bgy4,bgz4,gax4,gay4,gaz4
0.301232528851,0.096345840853,-0.0853962925489,-0.245735078232,-0.205129047141,-0.424316817431,0.994487066008,-0.00857295791404,0.158730839815,0.280088545108,-0.016631144496,-0.0834480292262,-0.113170563002,-0.16959181702,-0.133421710914,1.00406236581,0.0322952603371,0.173121670819,0.302787063154,-0.0484121997444,-0.127303250574,-0.0444943682542,-0.101270363114,0.0587261105785,1.00518060977,0.0593605603045,0.177556132855,0.291837057639,-0.000513800446173,-0.115364580458,-0.0127740915761,-0.0966483071285,0.100004024366,1.00195261292,0.0291402350047,0.178642647731,0.306124158833,-0.0733491932141,-0.182850892181,-0.00315290749307,-0.103448297267,0.200559149564,1.00261720671,0.0437587872168,0.177423809861
