bax0,bay0,baz0,bgx0,bgy0,bgz0,gax0,gay0,gaz0,bax1,bay1,baz1,bgx1,bgy1,bgz1,gax1,gay1,gaz1,bax2,bay2,baz2,bgx2,bgy2,bgz2,gax2,gay2,gaz2,bax3,bay3,baz3,bgx3,bgy3,bgz3,gax3,gay3,gaz3,bax4,bay4,baz4,bgx4,bgy4,bgz4,gax4,gay4,gaz4
0.300709221558,-0.0803354305266,-0.134221633806,-0.0196846862614,-0.0437384748518,0.18289392462,1.00449766714,0.00837254276365,0.16611047715,0.278231143992,-0.0423203652726,-0.0255514390352,-0.0324793539782,-0.00395310601262,0.0192468948875,1.01252247087,-0.0373816171824,0.142013961351,0.281601950266,0.00211919795045,-0.0752230527952,-0.0326399585965,-0.070025424362,0.0477917516211,1.00407624959,-0.0506743146909,0.174603755648,0.283724276408,-0.00515022781644,-0.0978490484658,-0.0218939562471,-0.10870904907,0.0647256799908,1.00372254985,-0.0638897368921,0.194265774319,0.294261357892,-0.0295928034397,-0.123996931224,-0.0246179232115,-0.105697485915,0.0874797809329,0.99855860033,-0.0511420704414,0.200727749527
