bax0,bay0,baz0,bgx0,bgy0,bgz0,gax0,gay0,gaz0,bax1,bay1,baz1,bgx1,bgy1,bgz1,gax1,gay1,gaz1,bax2,bay2,baz2,bgx2,bgy2,bgz2,gax2,gay2,gaz2,bax3,bay3,baz3,bgx3,bgy3,bgz3,gax3,gay3,gaz3,bax4,bay4,baz4,bgx4,bgy4,bgz4,gax4,gay4,gaz4
0.306477998064,-0.107917295975,-0.129442258293,-0.0227538373832,-0.0505095942557,0.167142712749,1.0019296615,0.00882701040901,0.163181489337,0.280679281366,-0.0472684893619,-0.0528663174858,-0.0337230724351,-0.0077309270099,0.040447421203,1.0099744207,-0.0319412894316,0.165649593813,0.278525992636,0.00111218219913,-0.079883108541,-0.029557863477,-0.0761716061183,0.0428318532278,1.01123572104,-0.0476950557562,0.176947282641,0.289191560194,-0.0280959689131,-0.085280508078,-0.019329499766,-0.110997724009,0.0718852876813,1.0057775166,-0.0542726919104,0.197488310624,0.292993156367,-0.0220520863087,-0.123918667573,-0.0229534786205,-0.119697354803,0.0937155109513,1.00559295307,-0.0645337367018,0.207095272815
