bax0,bay0,baz0,bgx0,bgy0,bgz0,gax0,gay0,gaz0,bax1,bay1,baz1,bgx1,bgy1,bgz1,gax1,gay1,gaz1,bax2,bay2,baz2,bgx2,bgy2,bgz2,gax2,gay2,gaz2,bax3,bay3,baz3,bgx3,bgy3,bgz3,gax3,gay3,gaz3,bax4,bay4,baz4,bgx4,bgy4,bgz4,gax4,gay4,gaz4
0.273086560767,-0.0230744563387,-0.146135481417,-0.00877792284749,-0.190188449943,0.289133616804,0.999271415695,0.153719667275,0.0198523666687,0.294101871114,-0.0207774020937,-0.101706418237,-0.00153462820789,-0.122485085351,0.196056139227,0.991881288828,0.152610592979,-0.00544067252138,0.296430669451,-0.0153098969881,-0.136701950557,-0.0220324918314,-0.0992057489632,0.0945260556418,0.997912375445,0.15739591533,0.00972598093955,0.292520237763,-0.0157576430489,-0.125742494218,-0.0212653578765,-0.06210250063,0.0965165128886,0.991804123008,0.154827188257,0.00318004820873,0.291784777119,-0.0156670217194,-0.104151684603,-0.0383743242146,-0.0594987255983,0.0772241652895,0.996806351126,0.154559986864,-0.00429994409834
