bax0,bay0,baz0,bgx0,bgy0,bgz0,gax0,gay0,gaz0,bax1,bay1,baz1,bgx1,bgy1,bgz1,gax1,gay1,gaz1,bax2,bay2,baz2,bgx2,bgy2,bgz2,gax2,gay2,gaz2,bax3,bay3,baz3,bgx3,bgy3,bgz3,gax3,gay3,gaz3,bax4,bay4,baz4,bgx4,bgy4,bgz4,gax4,gay4,gaz4
0.286252825929,-0.0210599966644,-0.106222290573,-0.0443746124627,-0.0674423276191,0.0851726121393,0.995833223595,0.151972402118,-0.0104776178997,0.287666213591,-0.0107112332534,-0.125823078357,-0.0321351262378,-0.0801659031028,0.0763749353229,0.993861215249,0.153208443405,-0.0054355333566,0.289061437146,-0.0208318859475,-0.120121949833,-0.0280391751919,-0.0734347510977,0.0958278536175,0.99598623111,0.155249973534,-0.00981397004289,0.30185576228,-0.0266848515299,-0.0927524593704,-0.0331761424426,-0.0741195830729,0.097001348736,0.996222111163,0.15768994619,-0.00892288727808,0.291677697876,-0.0191494701992,-0.113792324431,-0.022399438551,-0.100166629935,0.0894458409527,0.995651990077,0.150762611692,-0.000350932748156
