bax0,bay0,baz0,bgx0,bgy0,bgz0,gax0,gay0,gaz0,bax1,bay1,baz1,bgx1,bgy1,bgz1,gax1,gay1,gaz1,bax2,bay2,baz2,bgx2,bgy2,bgz2,gax2,gay2,gaz2,bax3,bay3,baz3,bgx3,bgy3,bgz3,gax3,gay3,gaz3,bax4,bay4,baz4,bgx4,bgy4,bgz4,gax4,gay4,gaz4
0.287231155802,-0.0179062430334,-0.111377666212,-0.0132930993421,-0.097196821424,0.0950896587337,1.00943991438,-0.0975750722613,-0.170439023776,0.291189944673,-0.0226606821444,-0.117916782321,-0.0108973746964,-0.0883638357358,0.110764870129,1.00544954044,-0.0952293860376,-0.166763377173,0.294771251998,-0.0143662851858,-0.11738163988,-0.0193296200376,-0.0664717372406,0.0998183635636,1.00857937229,-0.0947266726123,-0.173923699433,0.292808830888,-0.0138418082476,-0.111302272511,-0.0263499881987,-0.0760780160115,0.0856507686405,1.00844506604,-0.0966849249081,-0.175196555506,0.294322276513,-0.0216255059797,-0.115045450548,-0.0209548714236,-0.0708013901602,0.101062633688,1.00946360668,-0.090112424865,-0.169196098558
