bax0,bay0,baz0,bgx0,bgy0,bgz0,gax0,gay0,gaz0,bax1,bay1,baz1,bgx1,bgy1,bgz1,gax1,gay1,gaz1,bax2,bay2,baz2,bgx2,bgy2,bgz2,gax2,gay2,gaz2,bax3,bay3,baz3,bgx3,bgy3,bgz3,gax3,gay3,gaz3,bax4,bay4,baz4,bgx4,bgy4,bgz4,gax4,gay4,gaz4
0.330858119409,0.0397662786515,0.023164523931,-0.0266631381643,-0.264532483477,0.142082934402,0.999789218064,-0.0156759667228,-0.049803257189,0.280147617785,-0.0441751482161,-0.143758069188,-0.0084192301742,-0.202791551894,0.112420491216,1.02847590517,0.00973667853719,0.0293908093334,0.279174791874,-0.0174415603481,-0.0732796667859,-0.0143319331533,-0.152887053813,0.101498850277,1.02793122315,0.00243717388457,0.0275126596526,0.291120059115,-0.0178741590463,-0.112523841841,-0.0215455534968,-0.170431725487,0.106812253297,1.02143875071,0.0059608840764,0.0209608131359,0.294549862138,-0.0164207499859,-0.120053291064,-0.0226618753434,-0.0171995266087,0.07547212874,1.02079649218,-0.00595930707752,0.0294344729631
