bax0,bay0,baz0,bgx0,bgy0,bgz0,gax0,gay0,gaz0,bax1,bay1,baz1,bgx1,bgy1,bgz1,gax1,gay1,gaz1,bax2,bay2,baz2,bgx2,bgy2,bgz2,gax2,gay2,gaz2,bax3,bay3,baz3,bgx3,bgy3,bgz3,gax3,gay3,gaz3,bax4,bay4,baz4,bgx4,bgy4,bgz4,gax4,gay4,gaz4
0.3059234194,-0.0188702566734,-0.141820741473,-0.0455024563359,-0.0519247782947,0.0889379531601,1.02598550907,0.00456721842158,0.00786186399894,0.300539218293,-0.0139354560442,-0.108444087793,-0.0228214165272,-0.0498498781065,0.0867382030621,1.02163057933,-0.00218860368201,-0.0331745681936,0.496988072656,-0.0825145267195,-0.654794616547,-0.318536120129,0.515505643503,-0.672416570123,0.970731799409,0.0330931969668,0.231902258948,0.241354087654,-0.000126257838662,-0.0275385302736,-0.250076267732,0.365678615244,-0.416960812041,1.02586716725,-0.0153548547602,0.0495225355388,0.304241931845,-0.0117190865207,-0.0789723377257,-0.162859189899,0.246713369288,-0.177844802291,1.02974583583,0.00473913360424,0.0563513599469
