bax0,bay0,baz0,bgx0,bgy0,bgz0,gax0,gay0,gaz0,bax1,bay1,baz1,bgx1,bgy1,bgz1,gax1,gay1,gaz1,bax2,bay2,baz2,bgx2,bgy2,bgz2,gax2,gay2,gaz2,bax3,bay3,baz3,bgx3,bgy3,bgz3,gax3,gay3,gaz3,bax4,bay4,baz4,bgx4,bgy4,bgz4,gax4,gay4,gaz4
0.29240632127,-0.0194599579563,-0.102767125282,-0.0498875551602,-0.0362771898989,0.0291708215186,1.01757269858,0.0114458898744,0.0825245885282,0.295937299962,-0.0236564634869,-0.162768111032,-0.0342804094137,-0.117858289148,0.104124675173,1.01958922292,0.0100811019982,0.0849981557371,0.294535358494,-0.0140724062204,-0.146975662031,-0.0140662556324,-0.124381070644,0.142771595077,1.0189791946,0.00941107803843,0.0716916969715,0.296139434645,-0.0152793490564,-0.110551846639,-0.0237941710805,-0.0918878528981,0.118354949078,1.02631733302,0.00795961508489,0.065740767991,0.292602855989,-0.0151436817637,-0.108072140892,-0.0190066133056,-0.0692465125592,0.122217678845,1.02043724821,0.00999718059295,0.0683442117659
