bax0,bay0,baz0,bgx0,bgy0,bgz0,gax0,gay0,gaz0,bax1,bay1,baz1,bgx1,bgy1,bgz1,gax1,gay1,gaz1,bax2,bay2,baz2,bgx2,bgy2,bgz2,gax2,gay2,gaz2,bax3,bay3,baz3,bgx3,bgy3,bgz3,gax3,gay3,gaz3,bax4,bay4,baz4,bgx4,bgy4,bgz4,gax4,gay4,gaz4
0.285724783309,-0.0138356339851,-0.0921004569459,-0.0582159892115,-0.0238133213505,0.0244491622186,1.02020168209,0.00953300953487,0.0720930606967,0.296670647546,-0.0260035292088,-0.147204611221,-0.0235194557856,-0.125359165529,0.109452247379,1.01439593064,0.0121059262253,0.0854021665531,0.295921542228,-0.0192995758857,-0.14347655078,0.00268563052281,-0.1195764794,0.132433511797,1.02039986411,0.00988208549647,0.0666675190773,0.292220752402,-0.0168806975533,-0.123975857438,-0.0224205913829,-0.0901424154133,0.121522705702,1.02295410901,0.00940483761873,0.0670662717925,0.293868903416,-0.0116819035979,-0.0992734139315,-0.0224255682986,-0.10098643668,0.0991586691024,1.0175905842,0.00741699909107,0.0556036068279
