bax0,bay0,baz0,bgx0,bgy0,bgz0,gax0,gay0,gaz0,bax1,bay1,baz1,bgx1,bgy1,bgz1,gax1,gay1,gaz1,bax2,bay2,baz2,bgx2,bgy2,bgz2,gax2,gay2,gaz2,bax3,bay3,baz3,bgx3,bgy3,bgz3,gax3,gay3,gaz3,bax4,bay4,baz4,bgx4,bgy4,bgz4,gax4,gay4,gaz4
0.293032816305,-0.0193067828092,-0.0965290602847,-0.065811023451,-0.0180736144033,0.0158109609546,1.01779972119,0.0117109163188,0.0886992607397,0.298597908523,-0.0191366500778,-0.155474773998,-0.0367155651058,-0.124919634372,0.0878820036702,1.01812398594,0.0108302549484,0.0842924040968,0.291131577726,-0.019566234798,-0.15158088114,-0.0255651693661,-0.10106236358,0.124786970475,1.02104341621,0.0121229678624,0.0740236674319,0.293637245704,-0.0162268051653,-0.123395404866,-0.0111054350776,-0.112319008231,0.0928504114329,1.0184437829,0.00660713363424,0.0574354429672,0.292131516731,-0.0138490510269,-0.118415304102,-0.0145453552257,-0.0700598560668,0.0955621872656,1.02221078441,0.0109025893485,0.061620262842
