bax0,bay0,baz0,bgx0,bgy0,bgz0,gax0,gay0,gaz0,bax1,bay1,baz1,bgx1,bgy1,bgz1,gax1,gay1,gaz1,bax2,bay2,baz2,bgx2,bgy2,bgz2,gax2,gay2,gaz2,bax3,bay3,baz3,bgx3,bgy3,bgz3,gax3,gay3,gaz3,bax4,bay4,baz4,bgx4,bgy4,bgz4,gax4,gay4,gaz4
0.291393395675,-0.0189291680533,-0.106094953271,-0.0687697259003,-0.0145155984042,0.0342356845809,1.01864652011,0.0119585720171,0.0820538881776,0.295295713418,-0.0247464227876,-0.155566836342,-0.0290252460603,-0.101444291277,0.124359423603,1.01709916513,0.0119916622376,0.0930078461888,0.295565163807,-0.0191543282286,-0.134000383361,-0.0202993489395,-0.0968374311314,0.124477097032,1.01895930532,0.00992639990559,0.0646648517904,0.295504748638,-0.0180897018439,-0.112277896948,-0.0158719820036,-0.0957060233694,0.10632735801,1.02229800761,0.00863663377595,0.073532073005,0.290460710676,-0.0139639461962,-0.114207759298,-0.0238592067873,-0.0700056058671,0.0975373749228,1.01798492825,0.00811172844767,0.0709309114349
