bax0,bay0,baz0,bgx0,bgy0,bgz0,gax0,gay0,gaz0,bax1,bay1,baz1,bgx1,bgy1,bgz1,gax1,gay1,gaz1,bax2,bay2,baz2,bgx2,bgy2,bgz2,gax2,gay2,gaz2,bax3,bay3,baz3,bgx3,bgy3,bgz3,gax3,gay3,gaz3,bax4,bay4,baz4,bgx4,bgy4,bgz4,gax4,gay4,gaz4
0.287036692808,-0.0384857252418,-0.105349307463,-0.0300729380066,-0.117676911921,0.104458741718,1.01881260743,0.00388803794239,0.0643297656029,0.300131577999,0.0854718411336,-0.0525956214388,0.00532791759768,-0.209568928377,0.182758050848,1.00691270622,-0.0684112895334,0.0882660111695,0.288837241771,-0.0457806807724,-0.207858518078,-0.0220615894702,-0.108799339012,0.18383078995,1.02200618859,-0.0106630069508,0.106444500034,0.296047286543,-0.0434224633907,-0.101858511136,-0.00712407381858,-0.122848666952,0.165376337393,1.01675466317,-0.0227926516789,0.0797865742635,0.295375749521,-0.0168853426678,-0.0743826109497,-0.0440004815822,0.000746954772508,0.147169547818,1.0262258217,-0.0215206678649,0.079728998887
