bax0,bay0,baz0,bgx0,bgy0,bgz0,gax0,gay0,gaz0,bax1,bay1,baz1,bgx1,bgy1,bgz1,gax1,gay1,gaz1,bax2,bay2,baz2,bgx2,bgy2,bgz2,gax2,gay2,gaz2,bax3,bay3,baz3,bgx3,bgy3,bgz3,gax3,gay3,gaz3,bax4,bay4,baz4,bgx4,bgy4,bgz4,gax4,gay4,gaz4
0.286842815381,-0.0269891402516,-0.0772224824649,-0.0622897781999,-0.0489889046322,0.0404192031911,1.02036212175,-0.0462777788937,0.0812857027809,0.294555822939,-0.00806707688452,-0.133855630115,-0.0305386009659,-0.147696391672,0.0404664988367,1.02156915195,-0.0474975814416,0.103790592132,0.291003283736,-0.00896779935012,-0.144539993592,-0.0141241427342,-0.0755179499239,0.0951504133426,1.02289646644,-0.0397363458455,0.0948411943467,0.29079738327,-0.0196205479039,-0.13209146825,-0.00938100401244,-0.0636464699031,0.0925150729587,1.02434947645,-0.025229973691,0.0761161009633,0.29877674577,-0.0142839476866,-0.108420679958,-0.0121682776474,-0.0678387308194,0.0967358100571,1.02414813377,-0.0264336077582,0.083958637647
