bax0,bay0,baz0,bgx0,bgy0,bgz0,gax0,gay0,gaz0,bax1,bay1,baz1,bgx1,bgy1,bgz1,gax1,gay1,gaz1,bax2,bay2,baz2,bgx2,bgy2,bgz2,gax2,gay2,gaz2,bax3,bay3,baz3,bgx3,bgy3,bgz3,gax3,gay3,gaz3,bax4,bay4,baz4,bgx4,bgy4,bgz4,gax4,gay4,gaz4
0.289791421248,-0.0204094482512,-0.0910406961826,-0.0265270287387,-0.0780832480105,0.055909928547,1.01559804185,-0.0104968494335,0.052837261081,0.275253048369,-0.0211561174771,-0.0800024218754,-0.0319000385069,-0.0712717503461,0.119844919807,1.02559600892,-0.0140057848994,0.0883918155457,0.242992567669,-0.000326298251142,-0.127883028191,-0.03616763787,-0.0459443326517,0.0527510822042,1.01868909044,-0.0195852429877,0.0943285063329,0.507604799365,-0.0507436595358,-0.515406118216,-0.216945694533,0.492159827378,-0.740718001523,0.961768117835,0.0428849117419,0.244527888711,0.226385985023,-0.00721456448752,-0.0388480026758,-0.220460737418,0.342576935678,-0.529344187972,1.03933715332,0.0310036157727,0.0838208859628
