bax0,bay0,baz0,bgx0,bgy0,bgz0,gax0,gay0,gaz0,bax1,bay1,baz1,bgx1,bgy1,bgz1,gax1,gay1,gaz1,bax2,bay2,baz2,bgx2,bgy2,bgz2,gax2,gay2,gaz2,bax3,bay3,baz3,bgx3,bgy3,bgz3,gax3,gay3,gaz3,bax4,bay4,baz4,bgx4,bgy4,bgz4,gax4,gay4,gaz4
0.0370982867816,0.248665137684,-0.0805058918238,-0.0710207841134,-0.265782260075,0.35796916535,0.73866895582,0.35699399316,0.42097093801,0.317442574694,-0.030334432708,-0.170778679713,-0.089917135993,-0.219142977131,0.315830259958,0.664887545447,0.490473260662,0.442392822688,0.288620916551,-0.0213449080613,-0.127901274801,-0.067441618859,-0.157160275613,0.270365891184,0.658865876806,0.484629545268,0.420194403709,0.248475841403,-0.038658874313,-0.129224468974,-0.0393922957211,-0.0826424463399,0.201390708072,0.675974118305,0.478688946109,0.418488314322,0.296297265432,-0.0394139163618,-0.120064340596,-0.0385073790985,-0.0619401343188,0.140761793736,0.657930777296,0.502196661773,0.40710588369
