bax0,bay0,baz0,bgx0,bgy0,bgz0,gax0,gay0,gaz0,bax1,bay1,baz1,bgx1,bgy1,bgz1,gax1,gay1,gaz1,bax2,bay2,baz2,bgx2,bgy2,bgz2,gax2,gay2,gaz2,bax3,bay3,baz3,bgx3,bgy3,bgz3,gax3,gay3,gaz3,bax4,bay4,baz4,bgx4,bgy4,bgz4,gax4,gay4,gaz4
0.0506823746329,0.238601998226,-0.0822339614687,-0.0676438134739,-0.308473053073,0.375999987676,0.734486377425,0.321111855409,0.433943817319,0.31953408693,-0.0329111014289,-0.194417181637,-0.0808055003679,-0.256285518783,0.355065409796,0.658171860446,0.496594093331,0.440634762632,0.302359016064,-0.00677219364558,-0.125944374412,-0.0629858265678,-0.138684443535,0.300671957284,0.673888158695,0.494716530266,0.413695861962,0.253549023891,-0.00874965876829,-0.108888576553,-0.0413078655564,-0.0867015666822,0.158733169865,0.679858480243,0.502389352685,0.413255471128,0.266378239539,-0.00552098970921,-0.114702087123,-0.0361741151415,-0.0753283952251,0.14976421956,0.68784835606,0.501838933622,0.415391906757
