bax0,bay0,baz0,bgx0,bgy0,bgz0,gax0,gay0,gaz0,bax1,bay1,baz1,bgx1,bgy1,bgz1,gax1,gay1,gaz1,bax2,bay2,baz2,bgx2,bgy2,bgz2,gax2,gay2,gaz2,bax3,bay3,baz3,bgx3,bgy3,bgz3,gax3,gay3,gaz3,bax4,bay4,baz4,bgx4,bgy4,bgz4,gax4,gay4,gaz4
0.0782661083752,0.239235916301,-0.0952206266095,-0.0849879097331,-0.318389944093,0.333870758433,0.762301007166,0.329165618661,0.421547722067,0.311510586537,-0.0156971430277,-0.188333620784,-0.0854338055548,-0.266242066109,0.346464931842,0.664122596446,0.510590527351,0.444603058343,0.300118330253,0.0138901175185,-0.11914028036,-0.0606569701649,-0.141895743049,0.256201394347,0.668276947089,0.500701686466,0.417145987582,0.250444443095,0.00134746103281,-0.117787703258,-0.0436267305323,-0.110399001422,0.168331874841,0.687199747881,0.475248391969,0.41486761827,0.274260218502,-0.0141353627848,-0.11176624529,-0.0224735962681,-0.0796720996519,0.109112097284,0.655754241385,0.507357042224,0.421219436892
