bax0,bay0,baz0,bgx0,bgy0,bgz0,gax0,gay0,gaz0,bax1,bay1,baz1,bgx1,bgy1,bgz1,gax1,gay1,gaz1,bax2,bay2,baz2,bgx2,bgy2,bgz2,gax2,gay2,gaz2,bax3,bay3,baz3,bgx3,bgy3,bgz3,gax3,gay3,gaz3,bax4,bay4,baz4,bgx4,bgy4,bgz4,gax4,gay4,gaz4
0.306857534826,-0.0157637552617,-0.105776623545,-0.0205597458318,-0.0968565582435,0.0598156869028,0.673793401422,0.521070238506,0.393471313368,0.299643310575,-0.0207466811101,-0.119118670796,-0.0493197360954,-0.109491026395,0.064275456181,0.673410607011,0.452520184714,0.403815875152,0.295164383464,-0.0170831464698,-0.118169245886,-0.0289623509526,-0.0910262521578,0.10129832835,0.684851300419,0.492223889078,0.406125104591,0.405365502463,-0.0693611952064,-0.238422782673,-0.269259286999,-0.4405955041,-0.591300586494,0.883331068183,0.276435648985,0.301037644731,0.268616317767,0.00493460442563,-0.15532093462,-0.201865455012,-0.228232540809,-0.364725764592,0.905772062253,0.259840724947,0.214459174405
