bax0,bay0,baz0,bgx0,bgy0,bgz0,gax0,gay0,gaz0,bax1,bay1,baz1,bgx1,bgy1,bgz1,gax1,gay1,gaz1,bax2,bay2,baz2,bgx2,bgy2,bgz2,gax2,gay2,gaz2,bax3,bay3,baz3,bgx3,bgy3,bgz3,gax3,gay3,gaz3,bax4,bay4,baz4,bgx4,bgy4,bgz4,gax4,gay4,gaz4
0.303733451264,-0.00901186087175,-0.118622435482,-0.0170704798201,-0.0525294396452,0.134092949912,0.673458833366,0.488983164905,0.381295621315,0.292052449782,-0.0469874354293,-0.11761047018,-0.0345208519331,-0.0396353921708,0.0980431380467,0.665017314908,0.468158299828,0.396239831941,0.291020759877,-0.0142557091942,-0.129551810024,-0.013625833703,-0.102287438071,0.0324192087283,0.67319146499,0.47786847752,0.388731532714,0.383547617158,-0.0639012918662,-0.229331315218,-0.252557863163,-0.432512452781,-0.620155952114,0.890218535685,0.288420774678,0.255510318699,0.280693701537,0.00514517392574,-0.146554459627,-0.175927685483,-0.269295013543,-0.388023618524,0.935235784881,0.248472760633,0.211396196722
