bax0,bay0,baz0,bgx0,bgy0,bgz0,gax0,gay0,gaz0,bax1,bay1,baz1,bgx1,bgy1,bgz1,gax1,gay1,gaz1,bax2,bay2,baz2,bgx2,bgy2,bgz2,gax2,gay2,gaz2,bax3,bay3,baz3,bgx3,bgy3,bgz3,gax3,gay3,gaz3,bax4,bay4,baz4,bgx4,bgy4,bgz4,gax4,gay4,gaz4
0.297773068273,-0.0180990909039,-0.129202183571,-0.107824391711,-0.142268259212,-0.0990816242485,0.916183801121,0.266564126146,0.207787716268,0.281208980244,-0.0139152220902,-0.121253862805,-0.0565058181857,-0.0671962061889,0.0365698393982,0.921868440338,0.27455966814,0.207346564127,0.282050900791,-0.0152213248476,-0.111596524154,-0.0105246903373,-0.0374961582392,0.143060138861,0.919489503937,0.283135697586,0.203639462684,0.291701454578,-0.0148245097001,-0.114525317471,-0.0165953242593,-0.0473453518853,0.132470227989,0.920720313691,0.28785648207,0.203401636266,0.28281849267,-0.0193400168012,-0.110592621527,-0.00931921117324,-0.0662935511873,0.104988595044,0.91972448595,0.288949278392,0.207887469126
