bax0,bay0,baz0,bgx0,bgy0,bgz0,gax0,gay0,gaz0,bax1,bay1,baz1,bgx1,bgy1,bgz1,gax1,gay1,gaz1,bax2,bay2,baz2,bgx2,bgy2,bgz2,gax2,gay2,gaz2,bax3,bay3,baz3,bgx3,bgy3,bgz3,gax3,gay3,gaz3,bax4,bay4,baz4,bgx4,bgy4,bgz4,gax4,gay4,gaz4
0.294325220324,-0.0189787392768,-0.10946770547,-0.0211493150791,-0.077342824192,0.115386418635,0.913654976343,0.285823456622,0.205753736453,0.287429761824,-0.0183698129658,-0.106589870432,-0.0274868702857,-0.0795429490912,0.0935828977093,0.912673584073,0.288214628717,0.209165145004,0.285495456767,-0.0136828716484,-0.105441050773,-0.0313309086493,-0.0769003876949,0.0891648047525,0.914732534934,0.290323734688,0.212834122999,0.292167791818,-0.0157482371427,-0.114701240795,-0.0310150469535,-0.0857866515638,0.099086032016,0.911227198242,0.293537411869,0.215580248217,0.28551986866,-0.015491862078,-0.118553783566,-0.0298403554426,-0.0799257182893,0.0807772210489,0.907129212917,0.289827057208,0.211794135905
