bax0,bay0,baz0,bgx0,bgy0,bgz0,gax0,gay0,gaz0,bax1,bay1,baz1,bgx1,bgy1,bgz1,gax1,gay1,gaz1,bax2,bay2,baz2,bgx2,bgy2,bgz2,gax2,gay2,gaz2,bax3,bay3,baz3,bgx3,bgy3,bgz3,gax3,gay3,gaz3,bax4,bay4,baz4,bgx4,bgy4,bgz4,gax4,gay4,gaz4
0.296873086211,-0.0210862488574,-0.123408706685,-0.0353079986227,-0.0945703451895,0.112079994799,0.92213030339,0.289052808177,0.210121788846,0.304029116651,-0.00914818837094,-0.126249598719,-0.0379935212678,-0.0918527061564,0.100001029711,0.907186488912,0.291868910838,0.240276039605,0.132954458864,0.113854704512,0.0726498451921,-0.0664003385578,-0.375513459378,0.315263739988,0.867736057113,0.175479555856,0.376953385917,0.306382401828,-0.0317508584401,-0.13551785178,-0.0437601342851,-0.299828704649,0.283176794796,0.822905902119,0.248780005685,0.472724093305,0.303478888394,-0.00767383091455,-0.100507887349,-0.046363354973,-0.225306503902,0.21371348726,0.811339625104,0.237983897075,0.456421489014
