bax0,bay0,baz0,bgx0,bgy0,bgz0,gax0,gay0,gaz0,bax1,bay1,baz1,bgx1,bgy1,bgz1,gax1,gay1,gaz1,bax2,bay2,baz2,bgx2,bgy2,bgz2,gax2,gay2,gaz2,bax3,bay3,baz3,bgx3,bgy3,bgz3,gax3,gay3,gaz3,bax4,bay4,baz4,bgx4,bgy4,bgz4,gax4,gay4,gaz4
0.293123609621,-0.0255320094873,-0.109386031105,-0.0315567277809,-0.110074635009,0.105049521749,0.91627992973,0.277970988009,0.244995241933,0.286356809759,-0.0141936210667,-0.137481116731,-0.026732501807,-0.0848624765289,0.117073340015,0.910890844507,0.288747056054,0.239064494519,0.160497759299,0.103514679362,0.083678086563,-0.0614412538424,-0.363281741708,0.278107110982,0.868360611295,0.148558918852,0.406620320119,0.284632399062,-0.0332902315158,-0.148206737296,-0.0437157664284,-0.332297995655,0.267947592748,0.806325288702,0.251148488838,0.449405685983,0.281860884622,-0.00135563857968,-0.115205849387,-0.0413970242485,-0.242066760512,0.17155251526,0.815529790576,0.239819344403,0.44723087937
