bax0,bay0,baz0,bgx0,bgy0,bgz0,gax0,gay0,gaz0,bax1,bay1,baz1,bgx1,bgy1,bgz1,gax1,gay1,gaz1,bax2,bay2,baz2,bgx2,bgy2,bgz2,gax2,gay2,gaz2,bax3,bay3,baz3,bgx3,bgy3,bgz3,gax3,gay3,gaz3,bax4,bay4,baz4,bgx4,bgy4,bgz4,gax4,gay4,gaz4
0.277423283705,-0.0225732566344,-0.117397788168,-0.0293551005989,-0.0565881877509,0.0877114811801,0.820461360202,0.215847810628,0.4360580371,0.295065646547,-0.0122436925838,-0.106787365348,-0.0373363736296,-0.0510507511119,0.0735839206776,0.801857977748,0.250345767875,0.447661637103,0.285801616053,-0.0187611945295,-0.123951295004,-0.0477270642877,-0.100941183075,0.0767115290781,0.800176921213,0.247928729543,0.451613468844,0.170422273814,0.0561219794196,-0.0688181899771,-0.396417198306,0.374850244228,-0.384284614842,1.02433995618,0.0594003784597,0.0632921940062,0.303814638366,0.00530752846453,-0.119260385622,-0.228898153994,0.146159039561,-0.147522790114,0.990783982227,0.0619606706106,0.0833426845844
