bax0,bay0,baz0,bgx0,bgy0,bgz0,gax0,gay0,gaz0,bax1,bay1,baz1,bgx1,bgy1,bgz1,gax1,gay1,gaz1,bax2,bay2,baz2,bgx2,bgy2,bgz2,gax2,gay2,gaz2,bax3,bay3,baz3,bgx3,bgy3,bgz3,gax3,gay3,gaz3,bax4,bay4,baz4,bgx4,bgy4,bgz4,gax4,gay4,gaz4
0.288546101202,-0.0165219288154,-0.106047711074,-0.0223471601306,-0.0747046920256,0.0931002261922,1.00201298637,0.0995931654846,0.104208726975,0.296663350353,-0.0125083060176,-0.107696149116,-0.027481072297,-0.0763972883331,0.0972606181418,1.00154377734,0.0962711949671,0.0971629075536,0.286377127982,-0.0210632122155,-0.101195857481,-0.0306259358161,-0.0655031032153,0.0864739613111,0.99628661779,0.09793733346,0.11786574312,0.28935211875,-0.0129162019874,-0.0778267836521,-0.0336894881774,-0.0621728959025,0.0771120451534,0.997641842322,0.107425373558,0.115338145711,0.261361098556,-0.00928058382433,-0.0657429343617,-0.0284233408621,-0.0713885379703,0.0934418992856,0.995049753808,0.110387837833,0.12086272577
