bax0,bay0,baz0,bgx0,bgy0,bgz0,gax0,gay0,gaz0,bax1,bay1,baz1,bgx1,bgy1,bgz1,gax1,gay1,gaz1,bax2,bay2,baz2,bgx2,bgy2,bgz2,gax2,gay2,gaz2,bax3,bay3,baz3,bgx3,bgy3,bgz3,gax3,gay3,gaz3,bax4,bay4,baz4,bgx4,bgy4,bgz4,gax4,gay4,gaz4
0.292099667559,-0.0151907313771,-0.10513109112,-0.0220410939519,-0.0677184397256,0.0928889468469,1.00660245613,0.100024467987,0.0983649115483,0.29882293547,-0.0110112134608,-0.0972470877409,-0.0286156036569,-0.0677028703609,0.0968422504818,1.00166498276,0.0970668341238,0.101838285307,0.292493794314,-0.018151532492,-0.101952874881,-0.0289225870626,-0.0620018703335,0.0929196651417,1.00114761585,0.114830498413,0.110483620436,0.27868568057,-0.00942255726413,-0.080018561725,-0.0275966967094,-0.066985832394,0.0802317542698,1.00218438706,0.108859423962,0.114446449031,0.25674992983,-0.0106205470595,-0.0701860657529,-0.0328244853864,-0.0711576319778,0.0875288831093,0.996687900024,0.114063289071,0.128534337279
