bax0,bay0,baz0,bgx0,bgy0,bgz0,gax0,gay0,gaz0,bax1,bay1,baz1,bgx1,bgy1,bgz1,gax1,gay1,gaz1,bax2,bay2,baz2,bgx2,bgy2,bgz2,gax2,gay2,gaz2,bax3,bay3,baz3,bgx3,bgy3,bgz3,gax3,gay3,gaz3,bax4,bay4,baz4,bgx4,bgy4,bgz4,gax4,gay4,gaz4
0.240101925935,0.0944957703663,-0.17965475593,-0.0881114467126,-0.0651678096215,0.400661421365,0.877494846704,0.285224809505,0.273543620316,0.288687733528,-0.049126624536,-0.108303667208,-0.0778217668005,-0.0634690027329,0.357285209769,0.854977742484,0.368157935919,0.25676977854,0.292397171926,-0.00224983251096,-0.108863025948,-0.0472276238451,-0.0692107904953,0.222895081652,0.863730626009,0.346941405459,0.252114159714,0.286646549958,-0.00814387860504,-0.111702859584,-0.0376997813111,-0.0774875276115,0.154203427053,0.857327281105,0.341225550368,0.267854948783,0.298226831003,-0.00986529849286,-0.126717203839,-0.0258235930099,-0.0761054007427,0.0982655032492,0.866569105653,0.342495202697,0.256441137579
