bax0,bay0,baz0,bgx0,bgy0,bgz0,gax0,gay0,gaz0,bax1,bay1,baz1,bgx1,bgy1,bgz1,gax1,gay1,gaz1,bax2,bay2,baz2,bgx2,bgy2,bgz2,gax2,gay2,gaz2,bax3,bay3,baz3,bgx3,bgy3,bgz3,gax3,gay3,gaz3,bax4,bay4,baz4,bgx4,bgy4,bgz4,gax4,gay4,gaz4
0.300003438188,-0.0239239034449,-0.113890480302,-0.027735365787,-0.0929605930364,0.0218228406036,0.861622498175,0.335917536845,0.249674804369,0.279613104199,-0.0116925648233,-0.130423865727,-0.0164011396188,-0.0758983340116,0.0856254969784,0.851560854676,0.368760634863,0.257401819613,0.290415004609,0.00784373144999,-0.119622812514,-0.0333891801668,-0.0950151984606,0.0761799421427,0.866360828463,0.355718125229,0.267239717091,0.289475750833,-0.0228530582304,-0.111595851963,-0.0257751825695,-0.0795286286534,0.133031143863,0.864617854109,0.334343947204,0.253770896724,0.343374312957,-0.0990910160718,-0.23820732801,-0.216300526278,-0.27791345205,-0.728120305029,0.957813194105,0.080454357434,0.31756760777
