bax0,bay0,baz0,bgx0,bgy0,bgz0,gax0,gay0,gaz0,bax1,bay1,baz1,bgx1,bgy1,bgz1,gax1,gay1,gaz1,bax2,bay2,baz2,bgx2,bgy2,bgz2,gax2,gay2,gaz2,bax3,bay3,baz3,bgx3,bgy3,bgz3,gax3,gay3,gaz3,bax4,bay4,baz4,bgx4,bgy4,bgz4,gax4,gay4,gaz4
0.293291434184,-0.0102870403552,-0.120424048996,-0.0246715835317,-0.0944190975605,0.0900552195649,0.847564795773,0.351447786631,0.255066986308,0.290658244993,-0.000386017301187,-0.108483151295,-0.0287039739898,-0.0763467195152,0.102667759178,0.864628859562,0.341750510837,0.257538362456,0.26782845851,-0.0123428624,-0.12102196474,-0.0359583915401,-0.0659872044361,0.0923330648639,0.860152973509,0.327927378028,0.246140901888,0.275413651054,0.00907831246948,-0.12023178666,-0.0348245562745,-0.0720256333674,0.0809574346264,0.865897316518,0.341774821867,0.267473716252,0.35161930717,-0.0748422922212,-0.245062959085,-0.207364585993,-0.302772126003,-0.755560736035,0.93621839646,0.0866000683349,0.326958064096
