bax0,bay0,baz0,bgx0,bgy0,bgz0,gax0,gay0,gaz0,bax1,bay1,baz1,bgx1,bgy1,bgz1,gax1,gay1,gaz1,bax2,bay2,baz2,bgx2,bgy2,bgz2,gax2,gay2,gaz2,bax3,bay3,baz3,bgx3,bgy3,bgz3,gax3,gay3,gaz3,bax4,bay4,baz4,bgx4,bgy4,bgz4,gax4,gay4,gaz4
0.290676470384,-0.0148661538959,-0.112288985623,-0.0335360269709,-0.0696672642006,0.125600927416,0.969695274205,0.0717957947967,0.275150586982,0.249368542502,-0.0209088362753,-0.156504889638,-0.0614935761413,-0.066263782156,0.428643964213,0.86036483736,0.470765214495,0.143244006025,0.301814739156,-0.0266353445569,-0.103773988522,-0.0473752904265,-0.060106975526,0.324681486512,0.867174642359,0.432626117944,0.100837075368,0.286663253933,-0.00227084429167,-0.128766340364,-0.0439100577041,-0.054713548335,0.191890563897,0.863502534571,0.429485298496,0.093557706551,0.293604708679,-0.0157272297756,-0.117704335216,-0.0354693818715,-0.0658103979981,0.109052137517,0.847925334286,0.436865893235,0.11597808884
