bax0,bay0,baz0,bgx0,bgy0,bgz0,gax0,gay0,gaz0,bax1,bay1,baz1,bgx1,bgy1,bgz1,gax1,gay1,gaz1,bax2,bay2,baz2,bgx2,bgy2,bgz2,gax2,gay2,gaz2,bax3,bay3,baz3,bgx3,bgy3,bgz3,gax3,gay3,gaz3,bax4,bay4,baz4,bgx4,bgy4,bgz4,gax4,gay4,gaz4
0.286263928724,-0.0141308670993,-0.112423213579,-0.0269812999394,-0.0732345559084,0.0861631515239,0.857412052377,0.426933644848,0.0935967688137,0.275394649319,-0.0101616293165,-0.113469206426,-0.027468839316,-0.0785105272164,0.0728396719576,0.852041051714,0.431115990739,0.0965084921047,0.281589922743,-0.00994231620021,-0.107352977032,-0.0275252773419,-0.0752064925577,0.0801361391858,0.847464911526,0.42802085619,0.0943888779822,0.302637301186,-0.0171366394833,-0.111269724418,-0.0287578731053,-0.081323291332,0.0898736357121,0.842738211018,0.43348438743,0.0961264737006,0.290019062425,-0.0201982010374,-0.108540213626,-0.0289436322448,-0.07474560969,0.095520025995,0.847653361249,0.439360650123,0.0970945044278
