bax0,bay0,baz0,bgx0,bgy0,bgz0,gax0,gay0,gaz0,bax1,bay1,baz1,bgx1,bgy1,bgz1,gax1,gay1,gaz1,bax2,bay2,baz2,bgx2,bgy2,bgz2,gax2,gay2,gaz2,bax3,bay3,baz3,bgx3,bgy3,bgz3,gax3,gay3,gaz3,bax4,bay4,baz4,bgx4,bgy4,bgz4,gax4,gay4,gaz4
0.297468314791,-0.0194509680564,-0.117311909604,-0.0298158135144,-0.0723680398669,0.0943859999573,0.847754188055,0.434243384735,0.102606980058,0.283734269368,-0.00885077264517,-0.109532591824,-0.0288688725045,-0.0790501426312,0.0822421715448,0.849793608149,0.431930145786,0.097714115909,0.294280235587,-0.0210602430158,-0.0979586819947,-0.0305339129764,-0.0707903986786,0.0897131805458,0.852998132774,0.432107938247,0.0992145938823,0.278758421032,-0.0085769792029,-0.11382932923,-0.0300722965879,-0.0837620626489,0.0826154842829,0.848388033407,0.435565412113,0.102868302715,0.281340991727,-0.00765771304272,-0.123018468721,-0.0288360453663,-0.0766705935881,0.0971689140664,0.842672035694,0.43479217296,0.0999902046074
