bax0,bay0,baz0,bgx0,bgy0,bgz0,gax0,gay0,gaz0,bax1,bay1,baz1,bgx1,bgy1,bgz1,gax1,gay1,gaz1,bax2,bay2,baz2,bgx2,bgy2,bgz2,gax2,gay2,gaz2,bax3,bay3,baz3,bgx3,bgy3,bgz3,gax3,gay3,gaz3,bax4,bay4,baz4,bgx4,bgy4,bgz4,gax4,gay4,gaz4
0.293932316399,-0.0325041392217,-0.0788787133203,-0.0394271533671,-0.0693990793692,0.108077026191,0.859126992476,0.44064437894,0.0962005881863,0.326089881938,0.0217674295136,-0.176462765873,-0.132733776308,-0.130574423407,-0.287280911804,0.992236134089,-0.0417076404325,0.180527373891,0.292183780348,-0.0343349529267,-0.0905252939646,-0.0669353744185,-0.0511173066799,-0.0540336630628,1.00984340068,0.0655837001239,0.151725198178,0.285576542603,-0.0363618612652,-0.0698423440361,-0.0291193533108,-0.0318993660053,0.056834406221,0.987738436751,-0.00980766625677,0.159680068293,0.294225377483,-0.0156266461241,-0.103706880645,-0.0299332678071,-0.0522111083133,0.150472674197,0.994093613006,0.00735895174159,0.166996563215
