bax0,bay0,baz0,bgx0,bgy0,bgz0,gax0,gay0,gaz0,bax1,bay1,baz1,bgx1,bgy1,bgz1,gax1,gay1,gaz1,bax2,bay2,baz2,bgx2,bgy2,bgz2,gax2,gay2,gaz2,bax3,bay3,baz3,bgx3,bgy3,bgz3,gax3,gay3,gaz3,bax4,bay4,baz4,bgx4,bgy4,bgz4,gax4,gay4,gaz4
0.304822979673,-0.0264435048808,-0.109854150685,-0.0232676696222,-0.0533668961646,0.164289662161,0.840465191488,0.400166699572,0.0857638079406,0.345892376176,0.029960959517,-0.190688000099,-0.140106594138,-0.14269761315,-0.288792193983,1.0064764701,-0.0585135175242,0.183529570088,0.298371287672,-0.0406813561095,-0.101010973541,-0.0605421590224,-0.040986312853,-0.0307916234937,1.02094334195,-0.00043735570695,0.172073054455,0.274839750779,-0.0236243657654,-0.0993614663029,-0.0343853093841,-0.0430565598985,0.0528310495643,1.0041742217,-0.0121775917722,0.159757181762,0.298168069828,-0.0197378460975,-0.117434271465,-0.0321655480066,-0.046884996995,0.116381479536,1.00691550371,0.00292297441109,0.187381872607
