bax0,bay0,baz0,bgx0,bgy0,bgz0,gax0,gay0,gaz0,bax1,bay1,baz1,bgx1,bgy1,bgz1,gax1,gay1,gaz1,bax2,bay2,baz2,bgx2,bgy2,bgz2,gax2,gay2,gaz2,bax3,bay3,baz3,bgx3,bgy3,bgz3,gax3,gay3,gaz3,bax4,bay4,baz4,bgx4,bgy4,bgz4,gax4,gay4,gaz4
0.292259887363,-0.0231158551586,-0.116646665521,-0.0173722890999,-0.0695955411799,0.125961248718,1.00910175665,-0.0148097819794,0.171269852716,0.291827643426,-0.0151959080189,-0.117795649918,-0.0202843970269,-0.0802257409948,0.113694071394,1.00519209184,-0.0103574137419,0.178391488997,0.291325980897,-0.00496070336508,-0.0950513729915,-0.0257798244861,-0.071423608974,0.10764506229,1.00462415346,-0.0119810594566,0.177001989208,0.289704435187,-0.00956936234008,-0.0953950749508,-0.0302492873422,-0.0710765896354,0.100977102953,1.00108802592,-0.00430413567435,0.178748157869,0.288514273845,-0.0260682466675,-0.102609105589,-0.0257977354295,-0.092777942006,0.0909140110058,1.00319122705,-0.00740029682288,0.183697573668
