bax0,bay0,baz0,bgx0,bgy0,bgz0,gax0,gay0,gaz0,bax1,bay1,baz1,bgx1,bgy1,bgz1,gax1,gay1,gaz1,bax2,bay2,baz2,bgx2,bgy2,bgz2,gax2,gay2,gaz2,bax3,bay3,baz3,bgx3,bgy3,bgz3,gax3,gay3,gaz3,bax4,bay4,baz4,bgx4,bgy4,bgz4,gax4,gay4,gaz4
0.287922542444,-0.0182802668539,-0.119814353336,-0.0218772301019,-0.0781422504777,0.12708007494,1.00595096707,-0.0117265703143,0.177116017762,0.289696844625,-0.0159355934835,-0.111707896565,-0.0212916491137,-0.0796914965072,0.115987037616,1.00530666354,-0.0115024522924,0.173565833485,0.291806572846,-0.00648914053247,-0.0992551969208,-0.0253477721163,-0.0630510806251,0.101862471196,1.00723822988,-0.0152007005352,0.179199382251,0.286636564552,-0.0091550371289,-0.0858131146508,-0.027054273836,-0.0763932184225,0.0953379282804,0.999746840083,-0.00872909496897,0.181456646827,0.28452222267,-0.0253454062963,-0.104024985251,-0.025977161821,-0.0945840202327,0.0940266846359,1.00282712228,-0.0085342135124,0.183546406655
