bax0,bay0,baz0,bgx0,bgy0,bgz0,gax0,gay0,gaz0,bax1,bay1,baz1,bgx1,bgy1,bgz1,gax1,gay1,gaz1,bax2,bay2,baz2,bgx2,bgy2,bgz2,gax2,gay2,gaz2,bax3,bay3,baz3,bgx3,bgy3,bgz3,gax3,gay3,gaz3,bax4,bay4,baz4,bgx4,bgy4,bgz4,gax4,gay4,gaz4
0.289508544301,-0.018916539165,-0.107085209917,-0.0206456974554,-0.0627090751655,0.122930403929,1.00260280724,-0.00604046044062,0.178677160831,0.290444503249,-0.0202470539115,-0.110609464169,-0.0226715427862,-0.0712320102546,0.118546010494,1.00493879385,-0.00900484869815,0.175296432236,0.290451518762,-0.0150823357866,-0.103474450365,-0.0300341232178,-0.0720363884422,0.0890901885606,1.00566468347,-0.00981471333114,0.175804595367,0.293047780863,-0.0193121880932,-0.0979267969183,-0.027136312296,-0.0759627446033,0.102307763003,1.00550824692,-0.00575440551937,0.177796194514,0.287988152006,-0.0235006706531,-0.104534908803,-0.0276267216045,-0.0866985687464,0.0861281695977,1.00388081349,-0.00197434715849,0.186087032071
