bax0,bay0,baz0,bgx0,bgy0,bgz0,gax0,gay0,gaz0,bax1,bay1,baz1,bgx1,bgy1,bgz1,gax1,gay1,gaz1,bax2,bay2,baz2,bgx2,bgy2,bgz2,gax2,gay2,gaz2,bax3,bay3,baz3,bgx3,bgy3,bgz3,gax3,gay3,gaz3,bax4,bay4,baz4,bgx4,bgy4,bgz4,gax4,gay4,gaz4
0.291906103455,-0.0135078043491,-0.141018064588,-0.0247625683617,-0.0716482575071,0.0782581343174,1.01898303682,-0.0199933244336,0.110929650115,0.294693282939,-0.017812597289,-0.133492736685,-0.0273168378414,-0.0761962163467,0.0890850792334,1.02147848585,-0.0186910418887,0.0987058579572,0.295192774292,-0.0127032719049,-0.10834535754,-0.0294540357498,-0.0621717020046,0.084697667524,1.02509310377,-0.0196507476278,0.0940400331542,0.29270369364,-0.0180755502596,-0.117303117731,-0.0264969028219,-0.0732437418006,0.0937474664837,1.02367756145,-0.0138427899536,0.0849020795784,0.291980919408,-0.0191467342626,-0.113052911655,-0.0302352679593,-0.0782729803805,0.101922650572,1.01758947984,-0.017420242112,0.096738273479
