bax0,bay0,baz0,bgx0,bgy0,bgz0,gax0,gay0,gaz0,bax1,bay1,baz1,bgx1,bgy1,bgz1,gax1,gay1,gaz1,bax2,bay2,baz2,bgx2,bgy2,bgz2,gax2,gay2,gaz2,bax3,bay3,baz3,bgx3,bgy3,bgz3,gax3,gay3,gaz3,bax4,bay4,baz4,bgx4,bgy4,bgz4,gax4,gay4,gaz4
0.289586588284,-0.0231164449854,-0.110578806409,-0.0225116913625,-0.0870374847113,0.0526338044029,1.02423696256,-0.025859787029,0.0615344718998,0.285778326279,-0.0103256180518,-0.113606395673,-0.0203811491785,-0.0670489032136,0.0701856345702,1.01676017809,-0.0175078930656,0.072925775519,0.300652156988,0.0484615344889,-0.0476669969753,-0.265585344034,0.304841737604,-0.316695592191,1.01076887762,-0.0875967533603,-0.169592284557,0.295413045447,-0.0250040675297,-0.121075705076,-0.161051260615,0.0527895389766,-0.111970917904,1.01756083493,-0.0980687351171,-0.142341209875,0.29525709097,-0.0164955894519,-0.138882750764,-0.0792802052466,-0.0161950998135,0.0332425414773,1.01545534353,-0.0684112528632,-0.151180064346
