bax0,bay0,baz0,bgx0,bgy0,bgz0,gax0,gay0,gaz0,bax1,bay1,baz1,bgx1,bgy1,bgz1,gax1,gay1,gaz1,bax2,bay2,baz2,bgx2,bgy2,bgz2,gax2,gay2,gaz2,bax3,bay3,baz3,bgx3,bgy3,bgz3,gax3,gay3,gaz3,bax4,bay4,baz4,bgx4,bgy4,bgz4,gax4,gay4,gaz4
0.287507038344,-0.0235477693373,-0.120633784647,-0.0290961376382,-0.0756766178937,0.103860157556,1.01405895919,-0.0507980889744,-0.146381049166,0.291213386247,-0.0209655844323,-0.112607073915,-0.0329277999192,-0.0709982801867,0.0733583801344,1.01248605462,-0.0561860806546,-0.147238247063,0.292234653098,-0.0124817469298,-0.104756208504,-0.0304097417136,-0.0794594023484,0.088266571589,1.01486827826,-0.0541574790076,-0.145694313514,0.291702315454,-0.0176557716929,-0.11852487032,-0.0327590146472,-0.0834575502005,0.098918101117,1.01698012041,-0.0547611639403,-0.148795637058,0.284263459618,-0.0172900433805,-0.128324188893,-0.0280073547967,-0.0791613243032,0.0983791471064,1.01563884841,-0.0555953622844,-0.147158378361
