bax0,bay0,baz0,bgx0,bgy0,bgz0,gax0,gay0,gaz0,bax1,bay1,baz1,bgx1,bgy1,bgz1,gax1,gay1,gaz1,bax2,bay2,baz2,bgx2,bgy2,bgz2,gax2,gay2,gaz2,bax3,bay3,baz3,bgx3,bgy3,bgz3,gax3,gay3,gaz3,bax4,bay4,baz4,bgx4,bgy4,bgz4,gax4,gay4,gaz4
0.290321715098,-0.0254771589466,-0.122324947482,-0.0304796896051,-0.0775342700906,0.0910104530648,1.01598316144,-0.051115758616,-0.144494459854,0.291533815846,-0.0172719248183,-0.110457531848,-0.0309852410106,-0.0727033412509,0.082885379435,1.01409915694,-0.0553469171812,-0.15347425189,0.293054010537,-0.0145965375034,-0.110752148607,-0.0298160790571,-0.0772716232068,0.0950526321562,1.01584922949,-0.0559066417568,-0.146091773126,0.287135566322,-0.0175566727818,-0.126805821162,-0.0298891702635,-0.0855080995052,0.0881766374721,1.01669124788,-0.0567305973228,-0.148263625642,0.28851871142,-0.0156519452539,-0.119927056206,-0.0251128242606,-0.0759346972506,0.0904487057252,1.01404483283,-0.0562558019873,-0.14759005457
