bax0,bay0,baz0,bgx0,bgy0,bgz0,gax0,gay0,gaz0,bax1,bay1,baz1,bgx1,bgy1,bgz1,gax1,gay1,gaz1,bax2,bay2,baz2,bgx2,bgy2,bgz2,gax2,gay2,gaz2,bax3,bay3,baz3,bgx3,bgy3,bgz3,gax3,gay3,gaz3,bax4,bay4,baz4,bgx4,bgy4,bgz4,gax4,gay4,gaz4
0.290391020976,-0.0149100406112,-0.115859420895,-0.0289384801515,-0.101016653421,0.114415895885,1.00930257589,0.0678978966822,0.107027018184,0.286412293893,-0.010857225152,-0.115412705346,-0.0274669531273,-0.0571980592169,0.095626895496,1.00957412116,0.0762364055612,0.10646911446,0.289249314752,-0.0175088474649,-0.113693768945,-0.0258365861334,-0.0687584073507,0.0867776495183,1.00819794159,0.078667059578,0.107475157304,0.291141647522,-0.0175074804384,-0.115211374913,-0.0286196314673,-0.0640893097217,0.0811830000586,1.00958799548,0.073459923211,0.106107710775,0.293774949385,-0.0144625666638,-0.113847234652,-0.0321107988139,-0.0727511263531,0.0749691092105,1.007523724,0.0770701364836,0.106833166691
