bax0,bay0,baz0,bgx0,bgy0,bgz0,gax0,gay0,gaz0,bax1,bay1,baz1,bgx1,bgy1,bgz1,gax1,gay1,gaz1,bax2,bay2,baz2,bgx2,bgy2,bgz2,gax2,gay2,gaz2,bax3,bay3,baz3,bgx3,bgy3,bgz3,gax3,gay3,gaz3,bax4,bay4,baz4,bgx4,bgy4,bgz4,gax4,gay4,gaz4
0.288719706016,-0.0181447684464,-0.11210094056,-0.0289925586023,-0.0748761852507,0.0812477110755,1.00679881889,0.0746365726003,0.106669043362,0.292002140415,-0.00809023008142,-0.111417779297,-0.0307857536414,-0.0792268127493,0.0809258557099,1.00734301435,0.0773905745346,0.105357505841,0.283447069937,-0.0076085336781,-0.108399200406,-0.0284738070212,-0.0734418977069,0.0888247235035,1.00580352518,0.0793337625743,0.109099564871,0.289149902319,-0.0232484930111,-0.103508694809,-0.0307416744651,-0.0822636246742,0.100198480452,1.00302180417,0.0854129574133,0.110321820765,0.293689125779,-0.0293219590332,-0.108715269319,-0.0305433877731,-0.0736758057562,0.105142556417,1.00190556396,0.0797480554318,0.109817088645
