bax0,bay0,baz0,bgx0,bgy0,bgz0,gax0,gay0,gaz0,bax1,bay1,baz1,bgx1,bgy1,bgz1,gax1,gay1,gaz1,bax2,bay2,baz2,bgx2,bgy2,bgz2,gax2,gay2,gaz2,bax3,bay3,baz3,bgx3,bgy3,bgz3,gax3,gay3,gaz3,bax4,bay4,baz4,bgx4,bgy4,bgz4,gax4,gay4,gaz4
0.301958274592,-0.0159187064502,-0.0864593965198,-0.0231714125016,-0.112138743812,0.110381880375,0.897510167315,-0.147935664154,-0.435939751031,0.301249830239,-0.013888613244,-0.0960159407785,-0.0226751404017,-0.0944607923707,0.110929377879,0.904331775472,-0.133118971058,-0.431494069368,0.335248720883,0.00161988695296,-0.0351278868347,-0.0174379554063,-0.069495072613,0.0834971052159,0.904680677899,-0.129744351203,-0.432312801276,0.31316010893,-0.00239353096399,-0.0772434538579,-0.0239904750305,-0.0535414674508,0.0612279984849,0.917208661908,-0.119059608532,-0.403667510565,0.29443192037,-0.00664977936382,-0.119835763099,-0.0304651927064,-0.0929420539403,0.0952873035629,0.920558356504,-0.1187279551,-0.385695450302
