bax0,bay0,baz0,bgx0,bgy0,bgz0,gax0,gay0,gaz0,bax1,bay1,baz1,bgx1,bgy1,bgz1,gax1,gay1,gaz1,bax2,bay2,baz2,bgx2,bgy2,bgz2,gax2,gay2,gaz2,bax3,bay3,baz3,bgx3,bgy3,bgz3,gax3,gay3,gaz3,bax4,bay4,baz4,bgx4,bgy4,bgz4,gax4,gay4,gaz4
0.077458705354,0.245387649039,0.035784278623,-0.040553873277,-0.275495929377,0.465115416626,0.864500763071,0.298676544954,0.225504324539,0.321229240624,-0.0433929641054,-0.204153065957,-0.0646251490374,-0.183022476189,0.44282355126,0.811903205392,0.466090080748,0.25873529173,0.300867855221,-0.0105128770854,-0.128465488826,-0.0583512255662,-0.144806877833,0.296457244557,0.813303172157,0.437335503896,0.233304352513,0.293024253726,-0.0203284370646,-0.112603538016,-0.0479925636078,-0.0852664298194,0.187890511742,0.806626638304,0.462281292204,0.241477694337,0.284926646717,-0.0144861008586,-0.110330577409,-0.0406109130719,-0.0868160795003,0.141009769252,0.802480967447,0.435928315455,0.231424423515
