bax0,bay0,baz0,bgx0,bgy0,bgz0,gax0,gay0,gaz0,bax1,bay1,baz1,bgx1,bgy1,bgz1,gax1,gay1,gaz1,bax2,bay2,baz2,bgx2,bgy2,bgz2,gax2,gay2,gaz2,bax3,bay3,baz3,bgx3,bgy3,bgz3,gax3,gay3,gaz3,bax4,bay4,baz4,bgx4,bgy4,bgz4,gax4,gay4,gaz4
0.308098665846,-0.0211736030433,-0.157052541533,-0.00676639866753,-0.0804572276189,0.0833646273672,0.82427534872,0.445501494888,0.22754476502,0.310506130483,-0.0198766801012,-0.115373895795,-0.0469991595022,-0.0992430155668,0.0790188433664,0.79940836086,0.468813105797,0.236797617818,0.304218233645,0.000183410598089,-0.242000470968,-0.17929660078,-0.0854318562103,-0.37741401546,1.00452877554,0.0297386558504,0.0978405572448,0.315436609828,-0.0381794026038,-0.117828199295,-0.117493080816,0.0558075517022,-0.187388428025,1.00621549489,0.0220120627251,0.0692623723656,0.289794819483,-0.012805982726,-0.0935414365755,-0.0665565488231,-0.0456550595865,0.0521173846968,1.05826593805,0.0161414518142,0.0698207335985
