bax0,bay0,baz0,bgx0,bgy0,bgz0,gax0,gay0,gaz0,bax1,bay1,baz1,bgx1,bgy1,bgz1,gax1,gay1,gaz1,bax2,bay2,baz2,bgx2,bgy2,bgz2,gax2,gay2,gaz2,bax3,bay3,baz3,bgx3,bgy3,bgz3,gax3,gay3,gaz3,bax4,bay4,baz4,bgx4,bgy4,bgz4,gax4,gay4,gaz4
0.315487129985,-0.0124516757839,-0.141945549111,-0.0381337958033,-0.0835393820923,0.094053129017,0.809995418592,0.46454435661,0.215968339739,0.306336400316,-0.0141685651893,-0.11999655729,-0.0271081140741,-0.0961184520574,0.0928038637175,0.777987549432,0.407125677834,0.200311363064,0.30467260794,-0.00801726019844,-0.215427014506,-0.213233040005,-0.106536512012,-0.364654607706,0.965582188583,0.0289193768274,0.0888871556449,0.305226677315,-0.0432988111938,-0.120408999032,-0.160974541841,0.0713843472052,-0.193779026475,1.00834648741,0.0313976374629,0.043748517869,0.284598426952,-0.0107770887962,-0.0771831756385,-0.0623685486409,-0.011823895254,0.0104657879104,1.01615150179,0.0697193207814,0.0541303403277
