bax0,bay0,baz0,bgx0,bgy0,bgz0,gax0,gay0,gaz0,bax1,bay1,baz1,bgx1,bgy1,bgz1,gax1,gay1,gaz1,bax2,bay2,baz2,bgx2,bgy2,bgz2,gax2,gay2,gaz2,bax3,bay3,baz3,bgx3,bgy3,bgz3,gax3,gay3,gaz3,bax4,bay4,baz4,bgx4,bgy4,bgz4,gax4,gay4,gaz4
0.309440649318,-0.024155894017,-0.141815159899,-0.0320037725345,-0.0909106918545,0.059417887332,0.80371301433,0.423928652412,0.273564578376,0.314715084093,-0.0225826916233,-0.16720517431,-0.0485279554749,-0.0697017764522,0.0558851515402,0.83546610692,0.433425642312,0.198790391973,0.308888921877,-0.0196096908954,-0.213815471761,-0.210668243161,-0.0917747238141,-0.387897408988,0.984683685536,0.00684489139073,0.101186913406,0.301456370623,-0.0356692507265,-0.128722995042,-0.114917141544,0.0564605095022,-0.179496470382,0.992372110161,0.0666607673135,0.0830253633887,0.28303449589,-0.00700809154879,-0.0694801063968,-0.0634547384414,-0.0156972441941,0.0187244633335,0.996366100492,0.0138068288964,0.0666098211318
