bax0,bay0,baz0,bgx0,bgy0,bgz0,gax0,gay0,gaz0,bax1,bay1,baz1,bgx1,bgy1,bgz1,gax1,gay1,gaz1,bax2,bay2,baz2,bgx2,bgy2,bgz2,gax2,gay2,gaz2,bax3,bay3,baz3,bgx3,bgy3,bgz3,gax3,gay3,gaz3,bax4,bay4,baz4,bgx4,bgy4,bgz4,gax4,gay4,gaz4
0.290649210696,-0.0181672528076,-0.111550944797,-0.0288001506886,-0.0834217556459,0.0929140875207,1.01752319262,0.0339440504148,0.0590156765904,0.291909502027,-0.0180488182414,-0.114122557443,-0.0289800272629,-0.0840525411289,0.097042893703,1.0169688864,0.0343515457955,0.0625200708481,0.290020716374,-0.0167165703472,-0.11127528197,-0.0292764466992,-0.0748217439024,0.0867355693443,1.0186803777,0.0335261421063,0.0605116840941,0.296068410421,-0.0153277075722,-0.116924270458,-0.029784840086,-0.0784194768529,0.09530429845,1.01948829237,0.0357037388173,0.0647335873449,0.289020284301,-0.0201672814432,-0.116128352193,-0.029560360566,-0.0895368073984,0.0984989979309,1.0185141691,0.0342201812735,0.0602871801104
