bax0,bay0,baz0,bgx0,bgy0,bgz0,gax0,gay0,gaz0,bax1,bay1,baz1,bgx1,bgy1,bgz1,gax1,gay1,gaz1,bax2,bay2,baz2,bgx2,bgy2,bgz2,gax2,gay2,gaz2,bax3,bay3,baz3,bgx3,bgy3,bgz3,gax3,gay3,gaz3,bax4,bay4,baz4,bgx4,bgy4,bgz4,gax4,gay4,gaz4
0.290731787363,-0.0151182193437,-0.117119461184,-0.0271129899089,-0.077950078451,0.08815856332,1.01841953603,0.0327195494152,0.061711984921,0.291279689834,-0.0177487107556,-0.114040341303,-0.0275756341671,-0.0768178255699,0.0902462799903,1.01622965876,0.033244154181,0.0627528879686,0.293153805782,-0.0165866137939,-0.102798594571,-0.028583581583,-0.0752003769149,0.087075568904,1.01947822324,0.0341093437162,0.0650853922311,0.29690370718,-0.0148158691594,-0.112845768874,-0.0281081491212,-0.0900444629581,0.0962080657794,1.01881460698,0.0363260085983,0.066509641096,0.29345052129,-0.0213546853948,-0.117530837531,-0.0290944870775,-0.0806677011751,0.0987105582072,1.01921194005,0.0340045160108,0.0695424279267
