bax0,bay0,baz0,bgx0,bgy0,bgz0,gax0,gay0,gaz0,bax1,bay1,baz1,bgx1,bgy1,bgz1,gax1,gay1,gaz1,bax2,bay2,baz2,bgx2,bgy2,bgz2,gax2,gay2,gaz2,bax3,bay3,baz3,bgx3,bgy3,bgz3,gax3,gay3,gaz3,bax4,bay4,baz4,bgx4,bgy4,bgz4,gax4,gay4,gaz4
0.289506495507,-0.0174925417118,-0.107040972381,-0.0272305814341,-0.0763657238151,0.0903881751134,1.02019355265,0.0303295385625,0.0643998334326,0.294368129787,-0.0174650255459,-0.110332618218,-0.0283020362228,-0.0788342590757,0.0933087619022,1.01724869023,0.0340803033847,0.0637704922514,0.292670964662,-0.015482749398,-0.110729246563,-0.0289454200621,-0.0724139626685,0.089792429055,1.01772052123,0.0328948995703,0.060939644073,0.292087675119,-0.0197007599192,-0.111884918759,-0.029137668786,-0.0794201635794,0.0907500214927,1.01973809661,0.0354974968947,0.0664854314818,0.292629450263,-0.0203184967937,-0.124674002983,-0.0281458186886,-0.0809530714361,0.0960641167598,1.01852546257,0.0338242137119,0.0622436352594
