bax0,bay0,baz0,bgx0,bgy0,bgz0,gax0,gay0,gaz0,bax1,bay1,baz1,bgx1,bgy1,bgz1,gax1,gay1,gaz1,bax2,bay2,baz2,bgx2,bgy2,bgz2,gax2,gay2,gaz2,bax3,bay3,baz3,bgx3,bgy3,bgz3,gax3,gay3,gaz3,bax4,bay4,baz4,bgx4,bgy4,bgz4,gax4,gay4,gaz4
0.288233102238,-0.0161081001553,-0.125694157995,-0.0299599178522,-0.0752998933226,0.0896419434043,1.01455771865,0.0883929489022,0.033764248573,0.276477199422,-0.0188737186392,-0.123133652749,-0.0324700839307,-0.0934743816111,0.0888592123286,0.993933747615,0.0714629928975,0.0565113526409,0.210259610825,-0.007446739493,-0.219660680025,-0.0280819753948,0.0349392020429,0.379037396296,0.924286944853,0.313799675987,-0.173020207276,0.278645565284,-0.0380662625565,-0.143467834486,-0.0459875596724,0.0149341871862,0.322491671668,0.883608142941,0.341569211895,-0.203611015772,0.28879752871,-0.00987150808315,-0.112054859633,-0.0329898596676,0.00372855324149,0.211755991876,0.871386677767,0.310759983268,-0.200915201146
