bax0,bay0,baz0,bgx0,bgy0,bgz0,gax0,gay0,gaz0,bax1,bay1,baz1,bgx1,bgy1,bgz1,gax1,gay1,gaz1,bax2,bay2,baz2,bgx2,bgy2,bgz2,gax2,gay2,gaz2,bax3,bay3,baz3,bgx3,bgy3,bgz3,gax3,gay3,gaz3,bax4,bay4,baz4,bgx4,bgy4,bgz4,gax4,gay4,gaz4
0.282499532647,-0.0206273607602,-0.125691515968,-0.0311466568259,-0.0488621781477,0.109401608799,0.876722106688,0.354731737516,-0.207008709705,0.297453413735,-0.0215898769832,-0.120998629965,-0.0353801180054,-0.0903834350571,0.0893851558789,0.875501911029,0.356672182568,-0.202559539772,0.274180886278,-0.017609082855,-0.132655949601,-0.0222160615815,-0.0818045261501,0.0635417581674,0.874578349249,0.353143926172,-0.218875472931,0.277414302346,-0.0105496792625,-0.123444024541,-0.0273680127531,-0.0507770537229,0.0848526449786,0.869892894546,0.357232968202,-0.227478915309,0.301039061766,-0.0181005819694,-0.0970382743275,-0.0256415693686,-0.0692020852246,0.0891506135439,0.863119462638,0.36357723184,-0.223605147819
