bax0,bay0,baz0,bgx0,bgy0,bgz0,gax0,gay0,gaz0,bax1,bay1,baz1,bgx1,bgy1,bgz1,gax1,gay1,gaz1,bax2,bay2,baz2,bgx2,bgy2,bgz2,gax2,gay2,gaz2,bax3,bay3,baz3,bgx3,bgy3,bgz3,gax3,gay3,gaz3,bax4,bay4,baz4,bgx4,bgy4,bgz4,gax4,gay4,gaz4
0.298983104121,-0.0180186188289,-0.101435615512,-0.028279950851,-0.0809238240116,0.0922145299938,0.872607474564,0.358609495089,-0.215522560206,0.289661956404,-0.0165547341673,-0.114741619058,-0.0307144767691,-0.0876511424648,0.0892141061816,0.871256738641,0.358996832596,-0.214954319647,0.290397317586,-0.0165388969295,-0.107418969181,-0.0297922462826,-0.0824211058761,0.090099863942,0.871313731906,0.357336162581,-0.21540351649,0.293274835293,-0.0186955611029,-0.118695591266,-0.0272763152082,-0.0798752170836,0.0895542389724,0.870674803012,0.358600078801,-0.215958748178,0.289669873996,-0.019363319495,-0.116572441499,-0.0296690195495,-0.0817230152098,0.0885318194286,0.868203834789,0.357597990521,-0.216203668227
