bax0,bay0,baz0,bgx0,bgy0,bgz0,gax0,gay0,gaz0,bax1,bay1,baz1,bgx1,bgy1,bgz1,gax1,gay1,gaz1,bax2,bay2,baz2,bgx2,bgy2,bgz2,gax2,gay2,gaz2,bax3,bay3,baz3,bgx3,bgy3,bgz3,gax3,gay3,gaz3,bax4,bay4,baz4,bgx4,bgy4,bgz4,gax4,gay4,gaz4
0.292910979448,-0.0231352236922,-0.104529649445,-0.0370973266904,-0.0802575729094,0.0750624554821,0.866774672591,0.349494839338,-0.195344078193,0.29223048562,-0.010938183092,-0.123782023671,-0.0376972547022,-0.0890852651907,0.0918036972011,0.883256481582,0.368829467973,-0.233351733309,0.233476303919,0.0512436374378,-0.141922594608,-0.172521007119,-0.428560710483,-0.194479200356,1.00492938893,0.0806643541304,-0.0291251798752,0.302015315592,-0.0448061344922,-0.105094053467,-0.0900914327908,-0.234618816768,-0.0541023838325,0.979474630207,0.13752524509,-0.0192220481735,0.268388145954,0.014373291662,-0.100124654708,-0.0710777470477,-0.0764068677403,0.0694095768155,1.04442467885,0.138348249326,-0.0239316787228
