bax0,bay0,baz0,bgx0,bgy0,bgz0,gax0,gay0,gaz0,bax1,bay1,baz1,bgx1,bgy1,bgz1,gax1,gay1,gaz1,bax2,bay2,baz2,bgx2,bgy2,bgz2,gax2,gay2,gaz2,bax3,bay3,baz3,bgx3,bgy3,bgz3,gax3,gay3,gaz3,bax4,bay4,baz4,bgx4,bgy4,bgz4,gax4,gay4,gaz4
0.284636021402,-0.00264251484347,-0.133311050079,-0.0285706333244,-0.0533290014526,0.131263837181,0.998079909842,0.151766889291,-0.020463004656,0.299544423894,-0.0479633879713,-0.146719370292,-0.0186039334768,-0.0609880219022,0.13103577267,1.00181758189,0.149364287675,-0.0245835607233,0.309395304115,-0.0350584338637,-0.0995502196475,-0.023794921149,-0.0387805450114,0.14308570042,1.00618608643,0.148051146192,-0.0312328214028,0.306159910409,-0.0363656771729,-0.117162138756,-0.0272419115278,-0.0675728278184,0.0971774419181,1.00182847259,0.115063707122,-0.0231055038385,0.289602679135,-0.0284579122574,-0.118700411582,-0.0273544842452,-0.0712577053382,0.0534149055675,1.00629373788,0.10409323243,-0.0230365042758
