bax0,bay0,baz0,bgx0,bgy0,bgz0,gax0,gay0,gaz0,bax1,bay1,baz1,bgx1,bgy1,bgz1,gax1,gay1,gaz1,bax2,bay2,baz2,bgx2,bgy2,bgz2,gax2,gay2,gaz2,bax3,bay3,baz3,bgx3,bgy3,bgz3,gax3,gay3,gaz3,bax4,bay4,baz4,bgx4,bgy4,bgz4,gax4,gay4,gaz4
0.284190248765,-0.0177752606314,-0.118619364474,-0.0277094042088,-0.0809355012155,0.0793254315565,1.0065289998,0.107646671775,-0.0250328711952,0.286123854449,-0.00918509058355,-0.120179463034,-0.0276855557876,-0.0771927908444,0.086039989042,1.00551580181,0.111859976612,-0.0383600161285,0.293441408768,-0.012780285712,-0.118713560302,-0.0287270797136,-0.0748427198086,0.0867398413992,1.00757415277,0.113648004179,-0.034907865152,0.292729647649,-0.0209916207169,-0.115206362615,-0.0297463161108,-0.0758826407552,0.0921965265951,1.00608692783,0.118888623393,-0.0356352318686,0.295229680514,-0.0139334290671,-0.111215845523,-0.0259631205625,-0.0768805732804,0.0970275065388,1.00673958953,0.111697839243,-0.0351360324926
