bax0,bay0,baz0,bgx0,bgy0,bgz0,gax0,gay0,gaz0,bax1,bay1,baz1,bgx1,bgy1,bgz1,gax1,gay1,gaz1,bax2,bay2,baz2,bgx2,bgy2,bgz2,gax2,gay2,gaz2,bax3,bay3,baz3,bgx3,bgy3,bgz3,gax3,gay3,gaz3,bax4,bay4,baz4,bgx4,bgy4,bgz4,gax4,gay4,gaz4
0.328559479366,0.0879837042839,0.19442805909,-0.0135234549427,-0.0448702532812,0.0464414567927,1.01049406554,-0.0472445665988,-0.109869904517,0.299819718354,0.0304102762947,-0.0345709879534,-0.018361621299,-0.0675037906549,0.0648470516325,1.02006789129,-0.0202650191723,0.0103601362328,0.289886191971,0.00587928544609,-0.0362048396291,-0.049147244186,-0.186782171441,0.146953174684,1.00748975914,0.0493327296029,0.0551606116252,0.2872460471,-0.00737830903035,-0.0947733024115,-0.0478042525529,-0.142346486708,0.134939823928,1.01546545872,0.0499784361739,0.0296257090321,0.292451712532,-0.0131297404227,-0.0893925341166,-0.0239976724213,-0.108382016874,0.124622513891,1.01785512069,0.0574631195994,0.070954382251
