bax0,bay0,baz0,bgx0,bgy0,bgz0,gax0,gay0,gaz0,bax1,bay1,baz1,bgx1,bgy1,bgz1,gax1,gay1,gaz1,bax2,bay2,baz2,bgx2,bgy2,bgz2,gax2,gay2,gaz2,bax3,bay3,baz3,bgx3,bgy3,bgz3,gax3,gay3,gaz3,bax4,bay4,baz4,bgx4,bgy4,bgz4,gax4,gay4,gaz4
0.349164037914,0.090402351116,0.153091746377,-0.0206987790657,-0.0781933017724,0.0436581051921,1.00208724853,-0.0646468011305,-0.107139485054,0.300676983558,0.0346921395054,-0.0566241852069,-0.0141463503385,-0.0338151081795,0.0672852283058,1.00487166009,0.00211761184021,0.00380894855941,0.283733519458,0.0136971953482,-0.0319467424193,-0.0461169119188,-0.18131233444,0.158997589273,1.01776621167,0.038882887769,0.0403861911496,0.280560997738,-0.015473455504,-0.0285998188681,-0.0362959952597,-0.153517906932,0.123398179952,1.01348065599,0.0478094504065,0.0502360857154,0.280245863131,-0.00903795892625,-0.134172262237,-0.0358800085186,-0.122191883356,0.114964340429,1.00875040596,0.0870129386638,0.0995811037848
