bax0,bay0,baz0,bgx0,bgy0,bgz0,gax0,gay0,gaz0,bax1,bay1,baz1,bgx1,bgy1,bgz1,gax1,gay1,gaz1,bax2,bay2,baz2,bgx2,bgy2,bgz2,gax2,gay2,gaz2,bax3,bay3,baz3,bgx3,bgy3,bgz3,gax3,gay3,gaz3,bax4,bay4,baz4,bgx4,bgy4,bgz4,gax4,gay4,gaz4
0.2582443313,0.0851261339897,-0.0628646765032,-0.290471629397,0.555739729017,-0.365217352259,1.0203402146,-0.106433087929,-0.15756641639,0.309678626676,-0.0168832361349,-0.116647223831,-0.177704684087,0.320854818953,-0.103164659253,1.01164725538,-0.0477318400589,-0.142230000842,0.302253218796,-0.0134414073548,-0.10094091276,-0.122674490964,0.0688815092667,0.030378301927,1.01370030578,-0.0667701886059,-0.145686595192,0.291015491045,-0.00462104424096,-0.107692793891,-0.0448982196471,-0.0192025472958,0.111353615704,1.01293153509,-0.0591042953258,-0.132672219037,0.287567687149,-0.00873178930259,-0.10189705399,-0.0246565788529,-0.0880794176252,0.113217778202,1.01441222542,-0.0471067145869,-0.137447197724
