bax0,bay0,baz0,bgx0,bgy0,bgz0,gax0,gay0,gaz0,bax1,bay1,baz1,bgx1,bgy1,bgz1,gax1,gay1,gaz1,bax2,bay2,baz2,bgx2,bgy2,bgz2,gax2,gay2,gaz2,bax3,bay3,baz3,bgx3,bgy3,bgz3,gax3,gay3,gaz3,bax4,bay4,baz4,bgx4,bgy4,bgz4,gax4,gay4,gaz4
0.292710648234,-0.0181771314186,-0.106510711063,-0.00786695472225,-0.114066202343,0.119814888751,1.01382804919,-0.0508124898496,-0.12468654422,0.294187166033,-0.0133544128235,-0.102723632087,-0.0169312575988,-0.10000658728,0.0972156701067,1.01513028761,-0.0512237084528,-0.130963764764,0.28984956487,-0.0134939746057,-0.104903021689,-0.0187748261838,-0.090191464964,0.0902481636488,1.01635527361,-0.0514260454954,-0.126059633422,0.288963856503,-0.0152657383949,-0.111847361207,-0.024850900476,-0.0918042190497,0.0838286825437,1.01647666251,-0.0511332483845,-0.121649509248,0.294163424967,-0.0188634134142,-0.114761146913,-0.0273858232165,-0.0840051695434,0.0923106045511,1.01553555315,-0.0475604666976,-0.124506257216
