bax0,bay0,baz0,bgx0,bgy0,bgz0,gax0,gay0,gaz0,bax1,bay1,baz1,bgx1,bgy1,bgz1,gax1,gay1,gaz1,bax2,bay2,baz2,bgx2,bgy2,bgz2,gax2,gay2,gaz2,bax3,bay3,baz3,bgx3,bgy3,bgz3,gax3,gay3,gaz3,bax4,bay4,baz4,bgx4,bgy4,bgz4,gax4,gay4,gaz4
0.292400810725,-0.0210690632709,-0.108606231272,-0.0107242141652,-0.106522007654,0.108201686113,1.01530133294,-0.0507248158229,-0.127239818971,0.294206272501,-0.0174870157536,-0.105120772369,-0.0221063791455,-0.0920519633254,0.103809167508,1.0148371249,-0.0536204334735,-0.124408383624,0.29562566384,-0.0140862256312,-0.107754387731,-0.0209040726862,-0.103518788118,0.0845528017757,1.01647392892,-0.0510977222571,-0.119846244293,0.290968845356,-0.0151670335536,-0.113551674598,-0.0218285269986,-0.0856030643299,0.0833894524103,1.01603655462,-0.0495211922484,-0.123004992269,0.294434376422,-0.0142656939487,-0.109309149338,-0.0325057453963,-0.073802750859,0.093865358154,1.01698909736,-0.0494228401596,-0.121634403588
