bax0,bay0,baz0,bgx0,bgy0,bgz0,gax0,gay0,gaz0,bax1,bay1,baz1,bgx1,bgy1,bgz1,gax1,gay1,gaz1,bax2,bay2,baz2,bgx2,bgy2,bgz2,gax2,gay2,gaz2,bax3,bay3,baz3,bgx3,bgy3,bgz3,gax3,gay3,gaz3,bax4,bay4,baz4,bgx4,bgy4,bgz4,gax4,gay4,gaz4
0.292744283545,-0.0202273696311,-0.106801958885,-0.0117109183864,-0.111695249531,0.128782286716,1.0140599704,-0.0508680111057,-0.126328588134,0.294840529264,-0.0167758650148,-0.108907068338,-0.0197174249028,-0.10136766815,0.110816681946,1.0145034783,-0.0515595506786,-0.128356053372,0.290877735842,-0.0170114475734,-0.106006079519,-0.0249634320618,-0.0927562228237,0.092886706317,1.01586545981,-0.0507678693129,-0.121137692263,0.287968998605,-0.0144312334763,-0.110630990356,-0.0269316146499,-0.088613362917,0.0866037583791,1.01640729346,-0.0527062028364,-0.126407870741,0.291463492592,-0.0111371105078,-0.10680195225,-0.0348707608755,-0.0746642001571,0.093836872991,1.01520254223,-0.045080505729,-0.119270923059
