bax0,bay0,baz0,bgx0,bgy0,bgz0,gax0,gay0,gaz0,bax1,bay1,baz1,bgx1,bgy1,bgz1,gax1,gay1,gaz1,bax2,bay2,baz2,bgx2,bgy2,bgz2,gax2,gay2,gaz2,bax3,bay3,baz3,bgx3,bgy3,bgz3,gax3,gay3,gaz3,bax4,bay4,baz4,bgx4,bgy4,bgz4,gax4,gay4,gaz4
0.26977789697,-0.00664314941429,-0.123877343057,-0.110731206346,-0.197731925602,-0.177830579835,1.01976329445,-0.0453607948933,-0.126933536043,0.266839995846,-0.0490777390707,-0.101811879466,-0.0146565325773,-0.301283018066,-0.0427332580231,0.964074083359,-0.170515620642,0.30147153548,0.296703030912,-0.0140913475272,-0.0867412690863,-0.0279813472282,-0.164640065038,0.0238132897303,0.9601304358,-0.158612121136,0.317828741846,0.288513319329,-0.023115556202,-0.118477998604,-0.0231395234869,-0.143121204229,0.0569255767056,0.949783890835,-0.177253083918,0.345487407639,0.295880194668,-0.0188375086411,-0.115665313508,-0.0196937175285,-0.0815018594163,0.0556848458641,0.950273379035,-0.179664169833,0.308560175798
