bax0,bay0,baz0,bgx0,bgy0,bgz0,gax0,gay0,gaz0,bax1,bay1,baz1,bgx1,bgy1,bgz1,gax1,gay1,gaz1,bax2,bay2,baz2,bgx2,bgy2,bgz2,gax2,gay2,gaz2,bax3,bay3,baz3,bgx3,bgy3,bgz3,gax3,gay3,gaz3,bax4,bay4,baz4,bgx4,bgy4,bgz4,gax4,gay4,gaz4
0.29132468609,-0.0132845504714,-0.11710190199,-0.0279698050189,-0.0766126915607,0.0901370287771,0.948676919231,-0.179171138087,0.32748492649,0.293939340659,-0.0201722726995,-0.117466002245,-0.0293297891793,-0.0746410317546,0.0949753599643,0.947204064546,-0.177765061543,0.331288413006,0.291014119468,-0.0172931666091,-0.117707823931,-0.0286719462172,-0.0644451865434,0.0962285618968,0.949613650658,-0.169746991913,0.330586397675,0.289273917951,-0.0197182283406,-0.107903515369,-0.0301845441946,-0.0732820505005,0.105398604634,0.947860778017,-0.168165505147,0.324067181612,0.292193922812,-0.0178465794307,-0.111907740869,-0.0291211884786,-0.0745234611197,0.0910149912067,0.948292421469,-0.175559770617,0.326952137843
