bax0,bay0,baz0,bgx0,bgy0,bgz0,gax0,gay0,gaz0,bax1,bay1,baz1,bgx1,bgy1,bgz1,gax1,gay1,gaz1,bax2,bay2,baz2,bgx2,bgy2,bgz2,gax2,gay2,gaz2,bax3,bay3,baz3,bgx3,bgy3,bgz3,gax3,gay3,gaz3,bax4,bay4,baz4,bgx4,bgy4,bgz4,gax4,gay4,gaz4
0.29708843006,-0.0169354085025,-0.113092466296,-0.0313744025783,-0.077487149935,0.0935687875516,0.946756693387,-0.171037056357,0.32996352418,0.291651422269,-0.0203566504659,-0.113688939528,-0.0305477671597,-0.0819284065787,0.0861321425127,0.947834615183,-0.174423464118,0.327316951773,0.290609635635,-0.0151486947924,-0.124882864126,-0.0267768862975,-0.0707939405337,0.0857727363842,0.948301602237,-0.175320086365,0.325885127291,0.294067416027,-0.0140824527428,-0.118710534553,-0.0294282592582,-0.0795397648945,0.0836179204379,0.947837427325,-0.175741701804,0.32563526946,0.292417289617,-0.0137595629569,-0.112424046563,-0.0289923530795,-0.0825065114963,0.0839183559936,0.949313482814,-0.175994549399,0.322792649006
