bax0,bay0,baz0,bgx0,bgy0,bgz0,gax0,gay0,gaz0,bax1,bay1,baz1,bgx1,bgy1,bgz1,gax1,gay1,gaz1,bax2,bay2,baz2,bgx2,bgy2,bgz2,gax2,gay2,gaz2,bax3,bay3,baz3,bgx3,bgy3,bgz3,gax3,gay3,gaz3,bax4,bay4,baz4,bgx4,bgy4,bgz4,gax4,gay4,gaz4
0.29602699955,-0.0218838585645,-0.112730393796,-0.0298692995351,-0.0835500429726,0.0933871350168,0.948682335985,-0.172809331429,0.325775954348,0.298937679165,-0.0184726860803,-0.117341157181,-0.029213670535,-0.0791857969116,0.0890326288197,0.948372399191,-0.173897559952,0.329493757683,0.291615516775,-0.0196811409461,-0.115978610977,-0.0297492970268,-0.0736243519083,0.0840344941219,0.9516223508,-0.177167669938,0.32764370116,0.289104096707,-0.0156819399047,-0.114841978041,-0.0281822116204,-0.0760021301201,0.0869855679542,0.950190122002,-0.178434428111,0.320186127201,0.292753892546,-0.0195451038001,-0.114714446302,-0.0271933836317,-0.0780502442612,0.0907138991319,0.948973363165,-0.170995802236,0.316297674015
