bax0,bay0,baz0,bgx0,bgy0,bgz0,gax0,gay0,gaz0,bax1,bay1,baz1,bgx1,bgy1,bgz1,gax1,gay1,gaz1,bax2,bay2,baz2,bgx2,bgy2,bgz2,gax2,gay2,gaz2,bax3,bay3,baz3,bgx3,bgy3,bgz3,gax3,gay3,gaz3,bax4,bay4,baz4,bgx4,bgy4,bgz4,gax4,gay4,gaz4
0.296497273073,-0.0240164689766,-0.115731688113,-0.0300007451108,-0.0827055457206,0.0909386213545,0.944753858147,-0.173033717913,0.330003908678,0.292771405102,-0.0206790529693,-0.123432395724,-0.0300859781846,-0.0769905025852,0.0899690610047,0.949144811204,-0.175112163524,0.327790849933,0.292282499586,-0.0164917938208,-0.119597024321,-0.030113714223,-0.0759349038592,0.0879538712454,0.947130069945,-0.177853003733,0.324671993853,0.292047532897,-0.0145115286995,-0.114967859359,-0.030299806901,-0.0794492978416,0.0891624262109,0.948400462803,-0.176254917983,0.323489958879,0.292316045782,-0.0141997638243,-0.117206205199,-0.0270669795668,-0.0758043348343,0.0916930981638,0.951103214062,-0.172251507623,0.322685297996
