bax0,bay0,baz0,bgx0,bgy0,bgz0,gax0,gay0,gaz0,bax1,bay1,baz1,bgx1,bgy1,bgz1,gax1,gay1,gaz1,bax2,bay2,baz2,bgx2,bgy2,bgz2,gax2,gay2,gaz2,bax3,bay3,baz3,bgx3,bgy3,bgz3,gax3,gay3,gaz3,bax4,bay4,baz4,bgx4,bgy4,bgz4,gax4,gay4,gaz4
0.296165827989,-0.0155704956069,-0.110541477845,-0.0297272832673,-0.0789654608785,0.0927842480239,0.952631646145,-0.174234765567,0.324605430101,0.296745045441,-0.0162748806751,-0.12146790532,-0.0303877251595,-0.0865538399474,0.0940249018512,0.950122173324,-0.174829052813,0.326408671999,0.297136097866,-0.0180743561611,-0.120129263857,-0.0258143443338,-0.0820634594425,0.0913676262732,0.949571387843,-0.171838308053,0.319828342082,0.286859712715,-0.0171497919928,-0.111539999197,-0.0278266410439,-0.0707940125219,0.0907854825557,0.952903869331,-0.173982287892,0.31820791441,0.292477303825,-0.0189367690621,-0.107557254059,-0.0304249666148,-0.0768880188292,0.0927591109412,0.951568436664,-0.172206433848,0.318014337225
