bax0,bay0,baz0,bgx0,bgy0,bgz0,gax0,gay0,gaz0,bax1,bay1,baz1,bgx1,bgy1,bgz1,gax1,gay1,gaz1,bax2,bay2,baz2,bgx2,bgy2,bgz2,gax2,gay2,gaz2,bax3,bay3,baz3,bgx3,bgy3,bgz3,gax3,gay3,gaz3,bax4,bay4,baz4,bgx4,bgy4,bgz4,gax4,gay4,gaz4
0.290086062769,-0.0174885038472,-0.109335080681,-0.0126846176825,-0.0741151269954,0.0946720719648,0.973244873955,-0.163446717253,0.323024504655,0.289645336513,-0.020144350261,-0.115117074452,-0.0591391552154,-0.0925108042561,0.11350420099,0.96124099641,-0.193074288169,0.311168726858,0.290975845805,-0.0220150248161,-0.11531485141,-0.0265005348905,-0.0732510062228,0.0756377841997,0.933400722597,-0.154224275566,0.293960322396,0.233402750758,-0.017493633673,-0.0546334582769,-0.29115487302,0.616503013741,0.222832176261,1.03515183259,-0.0690191974218,0.100404875416,0.304343859394,-0.0283297953393,-0.0997967005988,-0.216688827921,0.301457679442,0.196871929136,1.00178027936,-0.0576121188384,0.16215507334
