bax0,bay0,baz0,bgx0,bgy0,bgz0,gax0,gay0,gaz0,bax1,bay1,baz1,bgx1,bgy1,bgz1,gax1,gay1,gaz1,bax2,bay2,baz2,bgx2,bgy2,bgz2,gax2,gay2,gaz2,bax3,bay3,baz3,bgx3,bgy3,bgz3,gax3,gay3,gaz3,bax4,bay4,baz4,bgx4,bgy4,bgz4,gax4,gay4,gaz4
0.29122798727,-0.0207930141335,-0.0964702242519,-0.102076368804,0.0693961727293,0.13735976106,1.01242902081,-0.0781707992049,0.139731452491,0.289728902594,-0.0181665042075,-0.0948569942798,-0.0337991233198,-0.0649824293863,0.0934910294956,1.0136338954,-0.0853507415637,0.141538688852,0.288750441233,-0.0199512339447,-0.112881100298,-0.00328558491576,-0.11349353111,0.0869939383636,1.01349300657,-0.0856451687167,0.158225542967,0.286918094518,-0.0158534082001,-0.107466507866,-0.0196965240258,-0.111149736887,0.0817936686919,1.00964035425,-0.0811156839041,0.152612927285,0.286607248508,-0.023599375531,-0.114377783417,-0.0192769878039,-0.0901485142886,0.0865629844814,1.01042822187,-0.0778442272383,0.15639910461
