bax0,bay0,baz0,bgx0,bgy0,bgz0,gax0,gay0,gaz0,bax1,bay1,baz1,bgx1,bgy1,bgz1,gax1,gay1,gaz1,bax2,bay2,baz2,bgx2,bgy2,bgz2,gax2,gay2,gaz2,bax3,bay3,baz3,bgx3,bgy3,bgz3,gax3,gay3,gaz3,bax4,bay4,baz4,bgx4,bgy4,bgz4,gax4,gay4,gaz4
0.291872933704,-0.021697721148,-0.119437447477,-0.021289106311,-0.0891267441216,0.0914643002988,1.00985237241,-0.0834053700087,0.153840507344,0.289047243433,-0.0195909747005,-0.107838876632,-0.029948983924,-0.0772993542986,0.0912895853768,1.01004942508,-0.0839813014977,0.153465386264,0.292128277419,-0.0152905771968,-0.102016509841,-0.0290247623851,-0.0708471425127,0.0891330540747,1.01127258464,-0.0828153221682,0.151450781602,0.29644785802,-0.0185005474358,-0.115989481376,-0.0326184079545,-0.0837126962308,0.0909597720813,1.01027679031,-0.0838186335357,0.156716781148,0.289562382001,-0.0231291701422,-0.109984921826,-0.0275283005262,-0.0719492399442,0.0942498782769,1.01077170521,-0.0797278665352,0.155595278131
