bax0,bay0,baz0,bgx0,bgy0,bgz0,gax0,gay0,gaz0,bax1,bay1,baz1,bgx1,bgy1,bgz1,gax1,gay1,gaz1,bax2,bay2,baz2,bgx2,bgy2,bgz2,gax2,gay2,gaz2,bax3,bay3,baz3,bgx3,bgy3,bgz3,gax3,gay3,gaz3,bax4,bay4,baz4,bgx4,bgy4,bgz4,gax4,gay4,gaz4
0.292723213826,-0.0187306765462,-0.116356453415,-0.0275115408938,-0.0698719082958,0.0841584407533,1.00988050981,0.0678612268507,-0.109754776927,0.293741559472,-0.014266037982,-0.109671890436,-0.0286796543952,-0.0713030137735,0.0821042860004,1.01013451697,0.0656943013354,-0.110256497876,0.293498554911,-0.0162201307601,-0.117962755346,-0.0295633091122,-0.0818118965493,0.0901250133101,1.01073624298,0.0686561369639,-0.106722034615,0.28865930961,-0.021858786989,-0.119911429918,-0.0275078920615,-0.0770022255522,0.0934790739614,1.01208786611,0.0645697583518,-0.109560535772,0.28771964099,-0.0152785693522,-0.10339459361,-0.0324978259491,-0.0817650522414,0.08901556172,1.00914482444,0.0666499415184,-0.115873904405
