bax0,bay0,baz0,bgx0,bgy0,bgz0,gax0,gay0,gaz0,bax1,bay1,baz1,bgx1,bgy1,bgz1,gax1,gay1,gaz1,bax2,bay2,baz2,bgx2,bgy2,bgz2,gax2,gay2,gaz2,bax3,bay3,baz3,bgx3,bgy3,bgz3,gax3,gay3,gaz3,bax4,bay4,baz4,bgx4,bgy4,bgz4,gax4,gay4,gaz4
0.291443244484,-0.0214189648277,-0.123374136944,-0.0243256398996,-0.0718581279857,0.0791499547372,1.00993195688,0.0665437235788,-0.111044069469,0.291040203096,-0.0155099811233,-0.106033361339,-0.0281667172413,-0.0761583678021,0.0830035407623,1.01122267658,0.0673617617695,-0.110576213169,0.290217613307,-0.0205762786292,-0.122669403675,-0.0292886102521,-0.0847110860414,0.0919277701455,1.01160683154,0.0698483751233,-0.104739552182,0.291645430478,-0.0206880124015,-0.116997872785,-0.0245629995262,-0.0788594223184,0.0890164690454,1.01183869573,0.0669041127916,-0.1154395457,0.291636578944,-0.0157129009175,-0.109458141853,-0.029700306283,-0.0708039002795,0.0867626324446,1.01162340418,0.0673563236688,-0.115458125241
