bax0,bay0,baz0,bgx0,bgy0,bgz0,gax0,gay0,gaz0,bax1,bay1,baz1,bgx1,bgy1,bgz1,gax1,gay1,gaz1,bax2,bay2,baz2,bgx2,bgy2,bgz2,gax2,gay2,gaz2,bax3,bay3,baz3,bgx3,bgy3,bgz3,gax3,gay3,gaz3,bax4,bay4,baz4,bgx4,bgy4,bgz4,gax4,gay4,gaz4
0.294702399411,-0.0174444590131,-0.103983552214,-0.0288656786409,-0.0748487012728,0.090565311382,1.00854884297,0.067199618681,-0.112727990305,0.294804894033,-0.0188291213312,-0.120596520677,-0.0295937849299,-0.0837584890657,0.0921179268133,1.01134848301,0.0689869329444,-0.103550220237,0.290493482625,-0.0171816720118,-0.122531417672,-0.0277066392117,-0.075890071682,0.0925593664214,1.00984313884,0.0701785082562,-0.11041971404,0.285381835475,-0.0168584448521,-0.107332843672,-0.0291767468364,-0.0763764832919,0.090036017487,1.01100504863,0.0688763936586,-0.115457741838,0.292848721538,-0.0151423337057,-0.105960557457,-0.029862755552,-0.0752696437768,0.0885244142984,1.01165646424,0.0681048024424,-0.117689561176
