bax0,bay0,baz0,bgx0,bgy0,bgz0,gax0,gay0,gaz0,bax1,bay1,baz1,bgx1,bgy1,bgz1,gax1,gay1,gaz1,bax2,bay2,baz2,bgx2,bgy2,bgz2,gax2,gay2,gaz2,bax3,bay3,baz3,bgx3,bgy3,bgz3,gax3,gay3,gaz3,bax4,bay4,baz4,bgx4,bgy4,bgz4,gax4,gay4,gaz4
0.295616451691,-0.0163880250501,-0.10560069645,-0.0279320233725,-0.0778935860898,0.0934451008254,1.01006157487,0.0681495651305,-0.114997180556,0.291489991361,-0.0169771483637,-0.118002826544,-0.02756229311,-0.0885380465702,0.0891582214958,1.01259108033,0.0670189548422,-0.10989306373,0.285828780726,-0.0198711291202,-0.126719285884,-0.0283512392936,-0.0765259365273,0.0942262168534,1.01120987959,0.0692907143527,-0.111738361464,0.291012046257,-0.0191101622328,-0.116643169522,-0.0267052852397,-0.0755480024661,0.0887578887152,1.00764678619,0.0703576388788,-0.114196840978,0.29315532319,-0.0128915805519,-0.108261850595,-0.0278981859964,-0.0760900688495,0.0883130078458,1.00902760917,0.0663403338642,-0.116454203439
