bax0,bay0,baz0,bgx0,bgy0,bgz0,gax0,gay0,gaz0,bax1,bay1,baz1,bgx1,bgy1,bgz1,gax1,gay1,gaz1,bax2,bay2,baz2,bgx2,bgy2,bgz2,gax2,gay2,gaz2,bax3,bay3,baz3,bgx3,bgy3,bgz3,gax3,gay3,gaz3,bax4,bay4,baz4,bgx4,bgy4,bgz4,gax4,gay4,gaz4
0.296311132085,-0.029751510431,-0.11658462331,-0.0195083192836,-0.0734800654083,0.138056695516,1.01691377392,0.0572677633218,-0.128182794831,0.28935494953,0.00301880898878,-0.146906596218,-0.288374507925,0.162425983174,-0.107618235178,0.96997537761,-0.0198553247469,-0.276893572844,0.277136093743,-0.030375045749,-0.1647677853,-0.146936738204,0.0818805204814,0.059932877149,0.961916031412,-0.0357686912137,-0.303651608275,0.251525920103,-0.0215623295534,-0.170821034557,-0.090561854865,-0.0253299040549,0.132144448976,0.955355207919,-0.0410580617131,-0.325637004991,0.27832922225,-0.0166370648756,-0.144341628363,-0.0459013734387,-0.0626310013899,0.104922734584,0.942937875154,-0.0340966269741,-0.334481145006
