bax0,bay0,baz0,bgx0,bgy0,bgz0,gax0,gay0,gaz0,bax1,bay1,baz1,bgx1,bgy1,bgz1,gax1,gay1,gaz1,bax2,bay2,baz2,bgx2,bgy2,bgz2,gax2,gay2,gaz2,bax3,bay3,baz3,bgx3,bgy3,bgz3,gax3,gay3,gaz3,bax4,bay4,baz4,bgx4,bgy4,bgz4,gax4,gay4,gaz4
0.300963828273,-0.0194223485667,-0.11777607718,-0.0268648819462,-0.101296229085,0.0660201027624,1.00659633946,0.0567088053296,-0.139740762175,0.291780136448,0.0104187567334,-0.150100378787,-0.279372633616,0.173729084435,-0.123642206756,0.962605490239,-0.0439157020106,-0.293174429528,0.274932887882,-0.0335313648333,-0.140914625171,-0.176618288184,0.0674234603313,0.0276631915766,0.963903806603,-0.0240676532168,-0.31597411258,0.257492105662,-0.0196626525416,-0.169333897719,-0.0921188737523,-0.0318419781436,0.0939376816671,0.975346715967,-0.0279636923978,-0.31096469487,0.268517778517,-0.0121292088327,-0.151781780516,-0.0438030268546,-0.0392218790682,0.111575936605,0.939046564106,-0.043642496026,-0.353826412838
