bax0,bay0,baz0,bgx0,bgy0,bgz0,gax0,gay0,gaz0,bax1,bay1,baz1,bgx1,bgy1,bgz1,gax1,gay1,gaz1,bax2,bay2,baz2,bgx2,bgy2,bgz2,gax2,gay2,gaz2,bax3,bay3,baz3,bgx3,bgy3,bgz3,gax3,gay3,gaz3,bax4,bay4,baz4,bgx4,bgy4,bgz4,gax4,gay4,gaz4
0.297700681569,-0.0127155897634,-0.13107556568,-0.0245012592873,-0.0865630608865,0.126539152185,0.926501674142,-0.0453374307802,-0.383808275607,0.292776935982,-0.0235470856598,-0.117452712766,-0.0338623161603,-0.0791104130246,0.099276582128,0.927840205407,-0.0436623890366,-0.438718498845,0.293366220536,-0.0170519192917,-0.119647995123,-0.0306000692089,-0.080323472199,0.106444566105,0.921140452577,-0.0112911123535,-0.348515846386,0.274400321285,0.102269987577,-0.0869485637916,-0.0444119102551,-0.203318121559,0.372298710089,1.01649571219,0.0376779941932,0.0591122961193,0.297643164511,0.00422989817415,-0.161372828738,-0.0467150820957,-0.131754102496,0.273843936536,1.02672198643,0.0763691426342,0.0780446832806
