bax0,bay0,baz0,bgx0,bgy0,bgz0,gax0,gay0,gaz0,bax1,bay1,baz1,bgx1,bgy1,bgz1,gax1,gay1,gaz1,bax2,bay2,baz2,bgx2,bgy2,bgz2,gax2,gay2,gaz2,bax3,bay3,baz3,bgx3,bgy3,bgz3,gax3,gay3,gaz3,bax4,bay4,baz4,bgx4,bgy4,bgz4,gax4,gay4,gaz4
0.289033817379,-0.0122450889099,-0.107006160867,-0.0428696502473,-0.0960024494522,0.181598126889,1.01431235127,0.0933628610544,0.0450741647597,0.292989153746,-0.0223818149959,-0.138613984392,-0.0375309621839,-0.105035770968,0.148387999523,1.01316283825,0.0938221358319,0.0442971626935,0.299091808037,-0.0330823926123,-0.131940862037,-0.0315579576056,-0.0703727082286,0.0914755832478,1.01423589008,0.0885258818649,0.0325889997015,0.292586044875,-0.00629544548823,-0.114573411899,-0.0218789259335,-0.0546674162471,0.0628988583758,1.01914002817,0.0733967008813,0.033626214709,0.277953609685,0.00606037563276,-0.115562050885,-0.025634669958,-0.0757528979521,0.0677539555456,1.01651384712,0.0861076653117,0.0316811203287
