bax0,bay0,baz0,bgx0,bgy0,bgz0,gax0,gay0,gaz0,bax1,bay1,baz1,bgx1,bgy1,bgz1,gax1,gay1,gaz1,bax2,bay2,baz2,bgx2,bgy2,bgz2,gax2,gay2,gaz2,bax3,bay3,baz3,bgx3,bgy3,bgz3,gax3,gay3,gaz3,bax4,bay4,baz4,bgx4,bgy4,bgz4,gax4,gay4,gaz4
0.294621240689,-0.0120707226413,-0.105752078498,-0.0499393692787,-0.0936627923395,0.200152404558,1.01670415788,0.0915927760849,0.0414511946103,0.290055117567,-0.0193551841015,-0.136183049057,-0.0268036529296,-0.114962996099,0.140760915245,1.01659745076,0.0869853685338,0.0438303023515,0.295506488519,-0.0417715912055,-0.141669177077,-0.0328321541473,-0.0792500569379,0.0916515753469,1.01761850417,0.0887010821307,0.0360715024722,0.292718723528,-0.008809956882,-0.108568476736,-0.0305499026179,-0.0633886680963,0.0542837011341,1.01865655643,0.0748326425175,0.0289337375613,0.276839214096,-0.0115471329089,-0.106988721077,-0.0217435049584,-0.0834696867627,0.083864350493,1.01649786061,0.0898738879926,0.0434257478988
