bax0,bay0,baz0,bgx0,bgy0,bgz0,gax0,gay0,gaz0,bax1,bay1,baz1,bgx1,bgy1,bgz1,gax1,gay1,gaz1,bax2,bay2,baz2,bgx2,bgy2,bgz2,gax2,gay2,gaz2,bax3,bay3,baz3,bgx3,bgy3,bgz3,gax3,gay3,gaz3,bax4,bay4,baz4,bgx4,bgy4,bgz4,gax4,gay4,gaz4
0.294987437018,-0.0145190439191,-0.129903769989,-0.0288790200609,-0.0900899179596,0.103362391498,1.01439341705,0.0990652453349,0.0378965380069,0.30078203134,-0.0275277685441,-0.136559383424,-0.027142265833,-0.0855443205778,0.100021970794,1.01553822631,0.09598860719,0.0224709904769,0.293625350013,-0.0184422373575,-0.11657393632,-0.0326481645775,-0.0668755447521,0.0895964978425,1.01765430381,0.0885249597504,0.0216656361168,0.286617334255,-0.00715659141438,-0.103789153116,-0.0309531600104,-0.0691761811372,0.092870933217,1.01426161549,0.0930854439632,0.0184506688224,0.295463899855,-0.0111408234591,-0.113704929423,-0.0253399482419,-0.0811416840842,0.095523698551,1.01515038682,0.098345083898,0.0319395555519
