bax0,bay0,baz0,bgx0,bgy0,bgz0,gax0,gay0,gaz0,bax1,bay1,baz1,bgx1,bgy1,bgz1,gax1,gay1,gaz1,bax2,bay2,baz2,bgx2,bgy2,bgz2,gax2,gay2,gaz2,bax3,bay3,baz3,bgx3,bgy3,bgz3,gax3,gay3,gaz3,bax4,bay4,baz4,bgx4,bgy4,bgz4,gax4,gay4,gaz4
0.278645256847,-0.0297684032031,-0.11654396082,-0.172252132321,0.0450159092212,-0.111214048287,1.01946933465,-0.142869096135,-0.0987834438791,0.280039017155,-0.0065653116565,-0.146230377173,-0.0924055701832,-0.0201644114556,-0.00671430517864,1.01730841947,-0.14509277384,-0.0927564651806,0.292363916004,-0.00754931529091,-0.118362311906,-0.0408267052618,-0.03765900447,0.0671368289594,1.01237561287,-0.14362329159,-0.109434232439,0.298813403997,-0.0100973211203,-0.0981527401161,-0.0293823567637,-0.0711038736872,0.127507839973,1.00769516156,-0.136577841082,-0.115276750106,0.294206779822,-0.00787959195681,-0.108077034711,-0.0271918179818,-0.0814963900297,0.116453914791,1.018847124,-0.139037783795,-0.105177816741
