bax0,bay0,baz0,bgx0,bgy0,bgz0,gax0,gay0,gaz0,bax1,bay1,baz1,bgx1,bgy1,bgz1,gax1,gay1,gaz1,bax2,bay2,baz2,bgx2,bgy2,bgz2,gax2,gay2,gaz2,bax3,bay3,baz3,bgx3,bgy3,bgz3,gax3,gay3,gaz3,bax4,bay4,baz4,bgx4,bgy4,bgz4,gax4,gay4,gaz4
0.290472776067,-0.0286810062657,-0.132120784419,-0.0194828967724,-0.115534062643,0.120515015665,1.01743883874,-0.13024242528,-0.105979451218,0.289049204878,-0.0217125033313,-0.102920040553,-0.0244975885651,-0.0712678441085,0.0846589877166,1.01709681601,-0.131336592905,-0.110987031029,0.294450854812,-0.0107543702454,-0.101494578545,-0.033449204798,-0.0652386172278,0.0914909042435,1.01624359515,-0.132976756607,-0.116235914505,0.293799502591,-0.0178773674123,-0.100701030642,-0.0241643190669,-0.0763837965592,0.0896905681456,1.01334065303,-0.131983162792,-0.107945284131,0.291112593623,-0.0239842875732,-0.133480216981,-0.0204366617203,-0.0905194554458,0.115189509338,1.01777458848,-0.128617642159,-0.101228818541
