bax0,bay0,baz0,bgx0,bgy0,bgz0,gax0,gay0,gaz0,bax1,bay1,baz1,bgx1,bgy1,bgz1,gax1,gay1,gaz1,bax2,bay2,baz2,bgx2,bgy2,bgz2,gax2,gay2,gaz2,bax3,bay3,baz3,bgx3,bgy3,bgz3,gax3,gay3,gaz3,bax4,bay4,baz4,bgx4,bgy4,bgz4,gax4,gay4,gaz4
0.286306782251,-0.0379225839223,-0.136042058056,-0.0213291970257,-0.0938022760241,0.120390221349,1.01607925089,-0.130968649323,-0.102988018698,0.284100370912,-0.0201588517981,-0.126554425114,-0.0291929011174,-0.0695388013341,0.0900497128403,1.01612031273,-0.134087440313,-0.1081079807,0.291613973265,-0.00972048109061,-0.0844037928979,-0.0215618903666,-0.0673370408127,0.0761134060219,1.01530619026,-0.138362642405,-0.117281260294,0.2935871304,-0.0150828115364,-0.104068839615,-0.0285663002171,-0.078293672397,0.0860996908833,1.01377807484,-0.127678341234,-0.107299932849,0.282737770869,-0.036930946571,-0.132461515065,-0.030678980532,-0.0966349094368,0.0960371950647,1.01641441532,-0.121584965107,-0.106255501717
