bax0,bay0,baz0,bgx0,bgy0,bgz0,gax0,gay0,gaz0,bax1,bay1,baz1,bgx1,bgy1,bgz1,gax1,gay1,gaz1,bax2,bay2,baz2,bgx2,bgy2,bgz2,gax2,gay2,gaz2,bax3,bay3,baz3,bgx3,bgy3,bgz3,gax3,gay3,gaz3,bax4,bay4,baz4,bgx4,bgy4,bgz4,gax4,gay4,gaz4
0.286991926658,-0.0264203522655,-0.135770266388,-0.0226707320335,-0.0977702394463,0.124797063502,1.01384769549,-0.12753066379,-0.102846686058,0.282955677746,-0.0146711657387,-0.126209904319,-0.0268732440504,-0.0668065418578,0.091826360221,1.01589028117,-0.130286119858,-0.118475593969,0.300433913317,9.8474067594e-05,-0.0920197945459,-0.0306318327381,-0.0783073525376,0.0752738276326,1.01438310156,-0.131864392363,-0.112696815557,0.291028595204,-0.0142126732048,-0.100683293858,-0.0270260637476,-0.085556620599,0.0961581710236,1.01745576859,-0.125771693316,-0.113500148237,0.282986803342,-0.0229659934024,-0.129976680775,-0.0255028617897,-0.103903813113,0.0889578112065,1.01834175538,-0.120045165735,-0.102687584548
