bax0,bay0,baz0,bgx0,bgy0,bgz0,gax0,gay0,gaz0,bax1,bay1,baz1,bgx1,bgy1,bgz1,gax1,gay1,gaz1,bax2,bay2,baz2,bgx2,bgy2,bgz2,gax2,gay2,gaz2,bax3,bay3,baz3,bgx3,bgy3,bgz3,gax3,gay3,gaz3,bax4,bay4,baz4,bgx4,bgy4,bgz4,gax4,gay4,gaz4
0.224125208067,-0.0253121860484,-0.1270431629,-0.0449077553555,-0.44541163331,0.435722517045,0.441495599652,0.475755321284,0.709223853441,0.317247766889,-0.0290142750928,-0.109969038681,-0.0392738956281,-0.333487852232,0.358373544612,0.400501397575,0.476068605267,0.701096423394,0.25253358853,-0.0211020939034,-0.0745572952082,-0.0453831595289,-0.184043691047,0.19559089613,0.399024409944,0.46296580361,0.695479123072,0.246077590906,-0.0333923215035,-0.0811504326216,-0.0474067417575,-0.1097507397,0.0982653989961,0.401090650856,0.46411472679,0.710996348208,0.279399252525,-0.0220394580371,-0.102594134478,-0.030163127554,-0.049579045277,0.104375393437,0.378591457531,0.457114169506,0.720519151943
