bax0,bay0,baz0,bgx0,bgy0,bgz0,gax0,gay0,gaz0,bax1,bay1,baz1,bgx1,bgy1,bgz1,gax1,gay1,gaz1,bax2,bay2,baz2,bgx2,bgy2,bgz2,gax2,gay2,gaz2,bax3,bay3,baz3,bgx3,bgy3,bgz3,gax3,gay3,gaz3,bax4,bay4,baz4,bgx4,bgy4,bgz4,gax4,gay4,gaz4
0.291915274924,-0.0218087142899,-0.107020709041,-0.0168520354848,-0.0809351380531,0.0860013156609,0.373661469409,0.45711024271,0.730965345997,0.303730878277,-0.0209602802498,-0.113199261464,-0.0309330910694,-0.0748123401747,0.08680221645,0.367350090205,0.451028096941,0.735751687503,0.302796531379,-0.0218481815385,-0.1178602762,-0.0273726274781,-0.0750792026923,0.0856375789859,0.378765887072,0.449898601554,0.732043504196,0.291768057011,-0.020512894969,-0.111123521793,-0.0324804192699,-0.0709384371195,0.0792605214159,0.376011956036,0.453511699498,0.731807743244,0.286868802889,-0.017652950335,-0.112177095449,-0.0293376182216,-0.0766424024353,0.0927555470721,0.382249184607,0.449817991239,0.733364844609
