bax0,bay0,baz0,bgx0,bgy0,bgz0,gax0,gay0,gaz0,bax1,bay1,baz1,bgx1,bgy1,bgz1,gax1,gay1,gaz1,bax2,bay2,baz2,bgx2,bgy2,bgz2,gax2,gay2,gaz2,bax3,bay3,baz3,bgx3,bgy3,bgz3,gax3,gay3,gaz3,bax4,bay4,baz4,bgx4,bgy4,bgz4,gax4,gay4,gaz4
0.290277394681,-0.0244683838514,-0.103626038878,-0.0111870221876,-0.0583847785291,0.0928469336729,0.373727346706,0.448139413058,0.726905546769,0.291662730759,-0.00896679312709,-0.105498356471,-0.00688442688137,-0.0317396202178,0.107047861631,0.365439577647,0.453190627719,0.681539426026,0.291866420466,-0.0199164691344,-0.108763959076,-0.0231096080332,-0.0644075500437,0.089768953221,0.382403710158,0.428021190029,0.731565523416,0.286555599881,-0.0228331341385,-0.0904961424775,-0.0347252916535,-0.0957038963519,0.0882643272305,0.358416017657,0.427008308741,0.717745577546,0.332188586139,-0.0391166418323,-0.187259592717,0.0944869774211,0.619572641654,0.0300321544493,0.829672931991,0.22075838143,0.455343490775
