bax0,bay0,baz0,bgx0,bgy0,bgz0,gax0,gay0,gaz0,bax1,bay1,baz1,bgx1,bgy1,bgz1,gax1,gay1,gaz1,bax2,bay2,baz2,bgx2,bgy2,bgz2,gax2,gay2,gaz2,bax3,bay3,baz3,bgx3,bgy3,bgz3,gax3,gay3,gaz3,bax4,bay4,baz4,bgx4,bgy4,bgz4,gax4,gay4,gaz4
0.260980470784,-0.0119700247345,-0.0824631429852,0.0619089933395,0.324873331893,0.0214760400014,0.861647641547,0.220713968669,0.400531817147,0.261867308225,-0.000799544370795,-0.0944722681437,-0.00402264488468,0.114478710058,-0.0279863328503,0.859379062072,0.224968220864,0.418469653582,0.206612832124,0.00956602424314,-0.0479760719638,-0.0403795856404,-0.027839750677,0.0876383145203,0.846096283707,0.25264022335,0.424441804548,0.245323484764,-0.0210992553635,-0.0835830616633,-0.0473940415938,-0.145608294117,0.129116378163,0.808008524312,0.255033935493,0.447261328195,0.352336545968,-0.0318484434007,-0.135973083471,-0.0313487492887,-0.1868119155,0.111668130871,0.806520373376,0.258513756088,0.473178020928
