bax0,bay0,baz0,bgx0,bgy0,bgz0,gax0,gay0,gaz0,bax1,bay1,baz1,bgx1,bgy1,bgz1,gax1,gay1,gaz1,bax2,bay2,baz2,bgx2,bgy2,bgz2,gax2,gay2,gaz2,bax3,bay3,baz3,bgx3,bgy3,bgz3,gax3,gay3,gaz3,bax4,bay4,baz4,bgx4,bgy4,bgz4,gax4,gay4,gaz4
0.307476121481,-0.0206348186102,-0.12358312726,-0.0272115824923,-0.119351251456,0.0836927721597,0.81383724846,0.240171443684,0.468364274085,0.243946950799,0.0073384722843,-0.114147532934,-0.0335948404529,-0.0904237686913,0.0598840749518,0.813319368641,0.24400282925,0.457322551696,0.270120901767,-0.00214516464087,-0.106217453097,-0.0336463958681,-0.0688173922215,0.0965325567857,0.807949541064,0.263964901584,0.459957527958,0.29063451462,-0.0146167833492,-0.108900849246,-0.0298486591456,-0.0580994914237,0.109483946455,0.801861475186,0.277292204512,0.460670154024,0.291406729171,-0.0241357476543,-0.0962766602351,-0.0318261336522,-0.0599679042191,0.0958245102191,0.802218930139,0.274416169564,0.461933814488
