bax0,bay0,baz0,bgx0,bgy0,bgz0,gax0,gay0,gaz0,bax1,bay1,baz1,bgx1,bgy1,bgz1,gax1,gay1,gaz1,bax2,bay2,baz2,bgx2,bgy2,bgz2,gax2,gay2,gaz2,bax3,bay3,baz3,bgx3,bgy3,bgz3,gax3,gay3,gaz3,bax4,bay4,baz4,bgx4,bgy4,bgz4,gax4,gay4,gaz4
0.30969755842,-0.0158891343909,-0.11677865461,-0.031910678382,-0.130099923867,0.0798193435575,0.817976800947,0.238766204879,0.463213308932,0.250662483043,0.00940510738445,-0.109154218547,-0.0323275064317,-0.0809553663018,0.06117487337,0.820367271741,0.236713024994,0.457115586496,0.275343220396,0.000799571805328,-0.127944998339,-0.0292318561748,-0.0633640477695,0.0862379082714,0.813206193596,0.259081254637,0.461690718958,0.299610467952,-0.00749778362649,-0.117177959206,-0.0287643299772,-0.0659414736836,0.107582654465,0.80280991107,0.271022075371,0.454846019838,0.266996279785,-0.0364373161964,-0.0877081113709,-0.0319324989834,-0.0618026442864,0.105382927098,0.809887533282,0.281470962171,0.455985431915
