bax0,bay0,baz0,bgx0,bgy0,bgz0,gax0,gay0,gaz0,bax1,bay1,baz1,bgx1,bgy1,bgz1,gax1,gay1,gaz1,bax2,bay2,baz2,bgx2,bgy2,bgz2,gax2,gay2,gaz2,bax3,bay3,baz3,bgx3,bgy3,bgz3,gax3,gay3,gaz3,bax4,bay4,baz4,bgx4,bgy4,bgz4,gax4,gay4,gaz4
0.283921850692,-0.0191620489286,-0.0976943615481,-0.0274532155522,-0.077714956625,0.0929882268555,0.801136161475,0.273570891426,0.466350753118,0.286835739723,-0.01016931849,-0.123584778497,-0.0254181817917,-0.0874336402116,0.0908305611523,0.79916631488,0.272478029191,0.469892268351,0.289983925763,-0.0137791032431,-0.11461428164,-0.0270558741506,-0.0709212775828,0.0862828985611,0.80252320451,0.272376934511,0.465406055018,0.288167180973,-0.0134481916492,-0.109101479489,-0.0281497259455,-0.0736742571269,0.0887772475964,0.797147161881,0.274836156679,0.468206902407,0.285543479255,-0.01354699055,-0.102441096105,-0.0301332559549,-0.0705548941324,0.0881540883176,0.796694570109,0.275687851577,0.467040988016
