bax0,bay0,baz0,bgx0,bgy0,bgz0,gax0,gay0,gaz0,bax1,bay1,baz1,bgx1,bgy1,bgz1,gax1,gay1,gaz1,bax2,bay2,baz2,bgx2,bgy2,bgz2,gax2,gay2,gaz2,bax3,bay3,baz3,bgx3,bgy3,bgz3,gax3,gay3,gaz3,bax4,bay4,baz4,bgx4,bgy4,bgz4,gax4,gay4,gaz4
0.275940405448,-0.0166125824622,-0.0918247068798,-0.0213828281709,-0.0908155840442,0.0492043179514,0.753893930554,0.286523046949,0.442591660085,0.293290089558,-0.0216221681778,-0.113356481349,-0.0289138043569,-0.0974870533269,0.0832808652949,0.777429193138,0.267631128478,0.488275169538,0.280636786766,-0.0266223694716,-0.177464161649,-0.0546557822561,-0.442291803457,0.466265804295,0.247290263125,0.608918975997,0.745745936913,0.269908654467,0.00331554172443,-0.133389163952,-0.0566464359219,-0.314287285203,0.323426803169,0.166433162198,0.598476279587,0.692211320858,0.275203308795,-0.00646663165016,-0.1337092085,-0.0587936829842,-0.208917199844,0.200239108982,0.177867292804,0.648901382474,0.674275153316
