bax0,bay0,baz0,bgx0,bgy0,bgz0,gax0,gay0,gaz0,bax1,bay1,baz1,bgx1,bgy1,bgz1,gax1,gay1,gaz1,bax2,bay2,baz2,bgx2,bgy2,bgz2,gax2,gay2,gaz2,bax3,bay3,baz3,bgx3,bgy3,bgz3,gax3,gay3,gaz3,bax4,bay4,baz4,bgx4,bgy4,bgz4,gax4,gay4,gaz4
0.296611285718,-0.0188303171349,-0.119055918255,-0.0481381595472,-0.0891900785818,0.104380482931,0.18043464562,0.626170505179,0.704438235749,0.28956476017,-0.0158240856544,-0.124306719504,-0.0343980527877,-0.0725697111832,0.0763969916953,0.183818115561,0.628582371049,0.706351046495,0.280155685589,-0.0127341269814,-0.124448051615,-0.0191508981161,-0.0349084258623,0.0858288217548,0.181522465403,0.630676791913,0.706733603364,0.299525971877,-0.0198100041654,-0.123629356498,-0.0235504383848,-0.0692007849153,0.0767032250519,0.182605780689,0.630791380296,0.697343117467,0.29374246664,-0.0142501058077,-0.114403712109,-0.0219321443946,-0.0586576180339,0.083083026508,0.184593299691,0.634981895388,0.695145098249
