bax0,bay0,baz0,bgx0,bgy0,bgz0,gax0,gay0,gaz0,bax1,bay1,baz1,bgx1,bgy1,bgz1,gax1,gay1,gaz1,bax2,bay2,baz2,bgx2,bgy2,bgz2,gax2,gay2,gaz2,bax3,bay3,baz3,bgx3,bgy3,bgz3,gax3,gay3,gaz3,bax4,bay4,baz4,bgx4,bgy4,bgz4,gax4,gay4,gaz4
0.291461403145,-0.0190719072322,-0.117013744088,-0.029865010108,-0.073137040128,0.0899606670713,0.189705902767,0.633137467123,0.698220912962,0.292976197455,-0.0182325446756,-0.121488558859,-0.0277178632982,-0.0808635310237,0.0859942299708,0.187863559864,0.633349244133,0.700972833192,0.288382035441,-0.0184548221162,-0.127319475498,-0.032267544925,-0.0802133336777,0.087308293568,0.189781627964,0.633262058797,0.693056895127,0.297453539628,-0.017252162104,-0.108644988251,-0.0296734493452,-0.0786119358818,0.0915153538513,0.188604343005,0.635137583175,0.692985892947,0.289278261121,-0.0174846821262,-0.112893593292,-0.0281891334366,-0.06656824825,0.0928853959581,0.191688626843,0.633581872546,0.690204663496
