bax0,bay0,baz0,bgx0,bgy0,bgz0,gax0,gay0,gaz0,bax1,bay1,baz1,bgx1,bgy1,bgz1,gax1,gay1,gaz1,bax2,bay2,baz2,bgx2,bgy2,bgz2,gax2,gay2,gaz2,bax3,bay3,baz3,bgx3,bgy3,bgz3,gax3,gay3,gaz3,bax4,bay4,baz4,bgx4,bgy4,bgz4,gax4,gay4,gaz4
0.291095788771,-0.0183045005021,-0.11492280227,-0.0272435624271,-0.079500841851,0.0887569177102,0.188204880736,0.633659516567,0.700153374135,0.291410973842,-0.0198717206211,-0.114516658664,-0.0287248590401,-0.0867730191149,0.0944758691414,0.189710078195,0.634070497943,0.698125173276,0.291245133627,-0.0196443955401,-0.119007535588,-0.0306324391597,-0.0780101898416,0.087056252639,0.190235290288,0.634694311702,0.695636315916,0.297176443182,-0.0177794751766,-0.111919801009,-0.0274239342041,-0.0789940794344,0.093425052312,0.193151360054,0.633238093392,0.692133604216,0.278521255703,-0.0171750485156,-0.112580793973,-0.028815442107,-0.0724988548389,0.0912917001816,0.192325016191,0.633513148613,0.696912502177
