bax0,bay0,baz0,bgx0,bgy0,bgz0,gax0,gay0,gaz0,bax1,bay1,baz1,bgx1,bgy1,bgz1,gax1,gay1,gaz1,bax2,bay2,baz2,bgx2,bgy2,bgz2,gax2,gay2,gaz2,bax3,bay3,baz3,bgx3,bgy3,bgz3,gax3,gay3,gaz3,bax4,bay4,baz4,bgx4,bgy4,bgz4,gax4,gay4,gaz4
0.299976913057,-0.0122583716161,-0.118446120895,-0.0235178287451,-0.0436341749809,0.0814370729999,0.946722119395,0.231046031868,0.212579633075,0.299445059776,-0.018442870827,-0.131365874726,-0.0284063875728,-0.129577322224,0.0891658524218,0.948760351286,0.235932519398,0.213661810816,0.300460704594,-0.0234999656607,-0.108098184836,-0.0374399296191,-0.140294360297,0.101044780706,0.948241283713,0.231165884969,0.207670430947,0.290968223918,-0.0146286410719,-0.121535687242,-0.037610836016,-0.0894489708867,0.0953847502546,0.947675598942,0.230010941474,0.208394907922,0.265089051669,-0.0109707299001,-0.00784220116512,-0.0424923559928,-0.0217110824444,0.0831022389264,0.948480645912,0.231297439908,0.213080950059
