bax0,bay0,baz0,bgx0,bgy0,bgz0,gax0,gay0,gaz0,bax1,bay1,baz1,bgx1,bgy1,bgz1,gax1,gay1,gaz1,bax2,bay2,baz2,bgx2,bgy2,bgz2,gax2,gay2,gaz2,bax3,bay3,baz3,bgx3,bgy3,bgz3,gax3,gay3,gaz3,bax4,bay4,baz4,bgx4,bgy4,bgz4,gax4,gay4,gaz4
0.29898838332,-0.0169162971001,-0.112948202821,-0.00754780682542,-0.0461294971325,0.0725509814165,0.948519547839,0.23373112274,0.214459961945,0.304988981999,-0.0230084527661,-0.114222728315,-0.0326882413448,-0.126562854329,0.0883752426458,0.946021934329,0.232039524853,0.212866785413,0.2934262244,-0.0205880505663,-0.124331034056,-0.0396117802663,-0.129911057261,0.0959408116406,0.95046088163,0.232254636345,0.208667458283,0.295885946762,-0.0169166171718,-0.0947827766621,-0.0376326818314,-0.0956152066781,0.0962645558664,0.948740148057,0.229839830941,0.205695799282,0.262610327147,-0.00903830447374,-0.0212832851173,-0.034944451527,-0.0116274756472,0.077783258813,0.949248101674,0.232555831294,0.212933420848
