bax0,bay0,baz0,bgx0,bgy0,bgz0,gax0,gay0,gaz0,bax1,bay1,baz1,bgx1,bgy1,bgz1,gax1,gay1,gaz1,bax2,bay2,baz2,bgx2,bgy2,bgz2,gax2,gay2,gaz2,bax3,bay3,baz3,bgx3,bgy3,bgz3,gax3,gay3,gaz3,bax4,bay4,baz4,bgx4,bgy4,bgz4,gax4,gay4,gaz4
0.254121058598,-0.0256154492789,-0.0286812816785,-0.03287609978,-0.0737098877446,0.120716490578,0.935604325035,0.235244724462,0.247208666054,0.313042140723,-0.044323113945,-0.145564180361,-0.0170429291296,-0.164240976155,0.116232056015,0.921255265546,0.234976425249,0.273995007182,0.33605502776,-0.03437305671,-0.191083820694,-0.0202538271713,-0.132064413239,0.0651199718397,0.930405262332,0.227127645477,0.27264589772,0.27693749835,-0.00893592392864,-0.126621932392,-0.0249808814199,-0.0629774461415,0.0532856228458,0.932714141955,0.219121429303,0.249838132472,0.283126395581,-0.0131693559005,-0.0988326876124,-0.0299748777386,-0.0735332530973,0.0954277453717,0.935907614848,0.225736364652,0.240426984455
