bax0,bay0,baz0,bgx0,bgy0,bgz0,gax0,gay0,gaz0,bax1,bay1,baz1,bgx1,bgy1,bgz1,gax1,gay1,gaz1,bax2,bay2,baz2,bgx2,bgy2,bgz2,gax2,gay2,gaz2,bax3,bay3,baz3,bgx3,bgy3,bgz3,gax3,gay3,gaz3,bax4,bay4,baz4,bgx4,bgy4,bgz4,gax4,gay4,gaz4
0.252906363274,-0.0030899176185,-0.0114696077986,-0.0346192260588,-0.0791605740542,0.11069625442,0.933065383911,0.239667128699,0.247074165299,0.324202641444,-0.0383399336237,-0.148811736642,-0.0229233387698,-0.168935560114,0.125445423472,0.929742741612,0.236212147321,0.285441325554,0.32822557369,-0.0306973961213,-0.14976675545,-0.0223095597035,-0.127294831151,0.0753712931238,0.94022599525,0.222957172137,0.277418752074,0.300240570269,-0.0173412461212,-0.145559065973,-0.0288556256488,-0.0344843104709,0.0558287540994,0.938113244394,0.215505685178,0.237070270556,0.276493029805,0.00132984820225,-0.0805321690645,-0.0310521167492,-0.057713772523,0.0718897595046,0.944030119525,0.226960696272,0.248947268134
