bax0,bay0,baz0,bgx0,bgy0,bgz0,gax0,gay0,gaz0,bax1,bay1,baz1,bgx1,bgy1,bgz1,gax1,gay1,gaz1,bax2,bay2,baz2,bgx2,bgy2,bgz2,gax2,gay2,gaz2,bax3,bay3,baz3,bgx3,bgy3,bgz3,gax3,gay3,gaz3,bax4,bay4,baz4,bgx4,bgy4,bgz4,gax4,gay4,gaz4
0.231291230972,-0.013292074991,-0.0344685254427,-0.0354852720687,-0.0657829177646,0.106252573315,0.934294900614,0.232347742022,0.259582379571,0.314098033273,-0.0312381399481,-0.13354677334,-0.0274021221541,-0.18600352593,0.120314752658,0.925851626736,0.236705170013,0.280236549914,0.315971944205,-0.0387806375078,-0.184156050438,-0.0264395307916,-0.125990152441,0.0802827104597,0.925719321589,0.229972006999,0.270758928532,0.283481736148,-0.00363624149874,-0.127270853087,-0.0253899187373,-0.0252577217431,0.049465300873,0.939537398247,0.220959975719,0.250334844449,0.281217226349,-0.0114279746896,-0.0962133254635,-0.0325570050702,-0.0540526480944,0.0975237619969,0.938737890495,0.229855893628,0.241932704904
