bax0,bay0,baz0,bgx0,bgy0,bgz0,gax0,gay0,gaz0,bax1,bay1,baz1,bgx1,bgy1,bgz1,gax1,gay1,gaz1,bax2,bay2,baz2,bgx2,bgy2,bgz2,gax2,gay2,gaz2,bax3,bay3,baz3,bgx3,bgy3,bgz3,gax3,gay3,gaz3,bax4,bay4,baz4,bgx4,bgy4,bgz4,gax4,gay4,gaz4
0.292873477046,-0.0199788400662,-0.111749790389,-0.0272829019456,-0.0749433332954,0.109788599912,0.936253465106,0.234484457745,0.243152785334,0.299482065298,-0.0201315126034,-0.11223686185,-0.0285160512673,-0.0765912364163,0.0987604232002,0.932995436465,0.234899016331,0.242886487421,0.288053790754,-0.0176914286356,-0.115756337255,-0.0272225607855,-0.0707199566728,0.0887555515557,0.938353952825,0.23144062086,0.245660742944,0.275874394718,-0.0147156372149,-0.104823635636,-0.0286228398261,-0.0722431661238,0.0828227957044,0.93417874059,0.240315983301,0.245482092264,0.287506516326,-0.0188062466136,-0.114462653517,-0.0289150148444,-0.0851549444409,0.0855240048305,0.935676734475,0.236651273653,0.249901647708
