bax0,bay0,baz0,bgx0,bgy0,bgz0,gax0,gay0,gaz0,bax1,bay1,baz1,bgx1,bgy1,bgz1,gax1,gay1,gaz1,bax2,bay2,baz2,bgx2,bgy2,bgz2,gax2,gay2,gaz2,bax3,bay3,baz3,bgx3,bgy3,bgz3,gax3,gay3,gaz3,bax4,bay4,baz4,bgx4,bgy4,bgz4,gax4,gay4,gaz4
0.262794457506,-0.00397180727202,-0.147437534883,-0.0111320219317,-0.144712093822,0.227000537113,0.9783854628,-0.0775431495088,-0.275220253241,0.287535826203,-0.00284543897309,-0.109383219819,-0.0178449279883,-0.154068757309,0.234923794153,0.98111345768,-0.0631614530591,-0.277261250213,0.29185765969,-0.0162108116103,-0.111424757941,-0.013217492144,-0.109003096368,0.162886010752,0.970407265272,-0.0554084458589,-0.28073015109,0.293588072904,-0.0255571985801,-0.111811397861,-0.0368848899737,-0.0908812923875,0.122525500348,0.978588145695,-0.0565900684527,-0.277770135153,0.299827375482,-0.0175213245266,-0.0986711014956,-0.0274373649601,-0.0810944685356,0.0755694436936,0.969780351897,-0.0537364779846,-0.278408670152
