bax0,bay0,baz0,bgx0,bgy0,bgz0,gax0,gay0,gaz0,bax1,bay1,baz1,bgx1,bgy1,bgz1,gax1,gay1,gaz1,bax2,bay2,baz2,bgx2,bgy2,bgz2,gax2,gay2,gaz2,bax3,bay3,baz3,bgx3,bgy3,bgz3,gax3,gay3,gaz3,bax4,bay4,baz4,bgx4,bgy4,bgz4,gax4,gay4,gaz4
0.293420844753,-0.0122531920362,-0.108991563418,-0.0267196060831,-0.0779858787755,0.0839399169657,0.9774512507,-0.0437482008616,-0.272468586401,0.292193242083,-0.0148868404907,-0.111805725919,-0.0293568730902,-0.0776860868758,0.08905922595,0.979755066818,-0.0429506834662,-0.270530097417,0.292732226687,-0.0198291358979,-0.121661466278,-0.0331645149085,-0.0915768356427,0.0953632242188,0.9797506446,-0.0479942205645,-0.270796311845,0.290401684884,-0.0157887691009,-0.116720003434,-0.0257613417126,-0.0820130603903,0.0906363119446,0.981317638923,-0.0348457851848,-0.266272621887,0.290488420197,-0.013941717598,-0.101524906589,-0.0278002488869,-0.070710831209,0.0959925379593,0.980408394795,-0.0390584866012,-0.270596373591
