bax0,bay0,baz0,bgx0,bgy0,bgz0,gax0,gay0,gaz0,bax1,bay1,baz1,bgx1,bgy1,bgz1,gax1,gay1,gaz1,bax2,bay2,baz2,bgx2,bgy2,bgz2,gax2,gay2,gaz2,bax3,bay3,baz3,bgx3,bgy3,bgz3,gax3,gay3,gaz3,bax4,bay4,baz4,bgx4,bgy4,bgz4,gax4,gay4,gaz4
0.295952327005,-0.0195356267737,-0.100095881529,-0.0298799664697,-0.0741591484173,0.0905966240836,0.980857506118,-0.0387271895341,-0.266220394273,0.289302766499,-0.0172966061358,-0.114247981473,-0.0287766726122,-0.0866312499012,0.087054746628,0.981672465249,-0.036726012059,-0.266094650082,0.292208002267,-0.0156341408444,-0.105327537267,-0.0290497546341,-0.0832075626507,0.0889418604167,0.980040040248,-0.0414246027325,-0.267686507782,0.292809861562,-0.0156001718984,-0.100269605951,-0.0310914399063,-0.0790825793251,0.0904877598702,0.982064294805,-0.0388020544132,-0.265292454845,0.293311527254,-0.020260472821,-0.1118301085,-0.0291631664072,-0.0799653404466,0.0898233978122,0.984585700208,-0.0360751891523,-0.260569420526
