bax0,bay0,baz0,bgx0,bgy0,bgz0,gax0,gay0,gaz0,bax1,bay1,baz1,bgx1,bgy1,bgz1,gax1,gay1,gaz1,bax2,bay2,baz2,bgx2,bgy2,bgz2,gax2,gay2,gaz2,bax3,bay3,baz3,bgx3,bgy3,bgz3,gax3,gay3,gaz3,bax4,bay4,baz4,bgx4,bgy4,bgz4,gax4,gay4,gaz4
0.295343597274,-0.0210232105135,-0.107818956053,-0.0292587362666,-0.0716379052932,0.0904825644542,0.980483391352,-0.0388717104133,-0.266507278466,0.29062761921,-0.0215683010904,-0.11834527209,-0.0294856142755,-0.0835130344662,0.0883594678657,0.982778705706,-0.036267551838,-0.264546649637,0.289497599235,-0.0121518543331,-0.110847193916,-0.028878508199,-0.0817414893771,0.0890394755382,0.983362519641,-0.0405415550529,-0.268347823881,0.296970044603,-0.0144312341411,-0.107471601098,-0.0293962749528,-0.0684919950868,0.0895095955275,0.981313518279,-0.0375386623994,-0.260768416241,0.293601944881,-0.0163670172519,-0.104774115479,-0.0304043562902,-0.0830907612494,0.0894208629694,0.985063338251,-0.0393629748721,-0.258460712615
