bax0,bay0,baz0,bgx0,bgy0,bgz0,gax0,gay0,gaz0,bax1,bay1,baz1,bgx1,bgy1,bgz1,gax1,gay1,gaz1,bax2,bay2,baz2,bgx2,bgy2,bgz2,gax2,gay2,gaz2,bax3,bay3,baz3,bgx3,bgy3,bgz3,gax3,gay3,gaz3,bax4,bay4,baz4,bgx4,bgy4,bgz4,gax4,gay4,gaz4
0.299305695992,-0.0170392442363,-0.126862903529,-0.0146691540903,-0.0585103606325,0.0695700050424,0.980823712009,-0.0365032538229,-0.256337716619,0.295663550597,-0.00216404246975,-0.122622050093,-0.0304286500744,-0.0402397121491,0.099660380791,0.969952827647,-0.0311672816174,-0.26386079724,0.293779645653,-0.0249250984455,-0.123493400378,-0.0425386154803,-0.0805758594554,0.0973838335988,0.974041678314,-0.034713122054,-0.239473303122,0.300921599642,-0.00372932143315,-0.13523270061,0.189059698432,0.492456073323,-0.362959722664,1.02341221911,-0.0939210589882,-0.0271847514049,0.296517230538,0.00135662474099,-0.185849558864,0.0665057900145,0.18813605178,-0.13500604336,1.02030626389,-0.0983191958914,-0.0110558920787
