bax0,bay0,baz0,bgx0,bgy0,bgz0,gax0,gay0,gaz0,bax1,bay1,baz1,bgx1,bgy1,bgz1,gax1,gay1,gaz1,bax2,bay2,baz2,bgx2,bgy2,bgz2,gax2,gay2,gaz2,bax3,bay3,baz3,bgx3,bgy3,bgz3,gax3,gay3,gaz3,bax4,bay4,baz4,bgx4,bgy4,bgz4,gax4,gay4,gaz4
0.289358296731,-0.0201472166054,-0.134394788305,-0.0338861039904,-0.0816627996694,0.0980534547191,1.02376747841,-0.0507102698316,-0.064244313402,0.291237646505,-0.0184152485517,-0.102254473747,-0.0261734987753,-0.0697094147863,0.0904791049988,1.02597104988,-0.0566354192332,-0.0667933064847,0.292953402917,-0.0176022372465,-0.0936936250395,-0.0288512666898,-0.0768857456543,0.0841322473078,1.02439229437,-0.0536515615744,-0.0608425241963,0.29132040704,-0.0096133518978,-0.115705769277,-0.0315923408824,-0.0834618716464,0.084736528709,1.02382749382,-0.0543364503033,-0.0566770163463,0.289703670045,-0.0113286097563,-0.122052002483,-0.0267547224273,-0.0770261278196,0.0893624694689,1.02557870821,-0.0428866474933,-0.0626393202066
