bax0,bay0,baz0,bgx0,bgy0,bgz0,gax0,gay0,gaz0,bax1,bay1,baz1,bgx1,bgy1,bgz1,gax1,gay1,gaz1,bax2,bay2,baz2,bgx2,bgy2,bgz2,gax2,gay2,gaz2,bax3,bay3,baz3,bgx3,bgy3,bgz3,gax3,gay3,gaz3,bax4,bay4,baz4,bgx4,bgy4,bgz4,gax4,gay4,gaz4
0.288996316961,-0.0173628014366,-0.128895019115,-0.032997314227,-0.0864174522393,0.0978298156578,1.02331855612,-0.0538147385918,-0.0513149793388,0.289421165984,-0.0153682901788,-0.109974709755,-0.0279122547983,-0.0725504203726,0.093249280502,1.02424092205,-0.0540105932428,-0.0594754874116,0.29402966315,-0.0157413140657,-0.106096120705,-0.0310611304338,-0.0799298763611,0.0908201120712,1.02550739761,-0.0557049425578,-0.0587787089069,0.28953505177,-0.011738486581,-0.115426549669,-0.0292093164603,-0.0779271836049,0.0847229139638,1.02467699143,-0.0533824696407,-0.0517792365487,0.29101838774,-0.0126044827486,-0.123764449802,-0.0325310861177,-0.0820267809467,0.0985923993774,1.02502384857,-0.0467223789928,-0.0573267220894
