bax0,bay0,baz0,bgx0,bgy0,bgz0,gax0,gay0,gaz0,bax1,bay1,baz1,bgx1,bgy1,bgz1,gax1,gay1,gaz1,bax2,bay2,baz2,bgx2,bgy2,bgz2,gax2,gay2,gaz2,bax3,bay3,baz3,bgx3,bgy3,bgz3,gax3,gay3,gaz3,bax4,bay4,baz4,bgx4,bgy4,bgz4,gax4,gay4,gaz4
0.294016515326,-0.0172298890015,-0.119254677263,-0.0304443924778,-0.0778524646288,0.0951124960021,1.02309995314,-0.0435660949778,-0.061332743882,0.289292870023,-0.019214139941,-0.111754551723,-0.0285316912829,-0.0828309671598,0.0908441828788,1.02478106755,-0.0436514017695,-0.0661772305919,0.288888460021,-0.0178591360351,-0.10907896693,-0.0299652955476,-0.0790759496423,0.086623570319,1.0266335323,-0.0447453606043,-0.0658412687203,0.29497866396,-0.0185291470769,-0.113678062722,-0.0270303099341,-0.0771020023735,0.0791878127952,1.02349191766,-0.0451206444159,-0.0639287188998,0.289507761587,-0.0129859960929,-0.114960181746,-0.0274085147657,-0.0772760757842,0.0839504662105,1.02503519047,-0.0429851294804,-0.0656202860641
