bax0,bay0,baz0,bgx0,bgy0,bgz0,gax0,gay0,gaz0,bax1,bay1,baz1,bgx1,bgy1,bgz1,gax1,gay1,gaz1,bax2,bay2,baz2,bgx2,bgy2,bgz2,gax2,gay2,gaz2,bax3,bay3,baz3,bgx3,bgy3,bgz3,gax3,gay3,gaz3,bax4,bay4,baz4,bgx4,bgy4,bgz4,gax4,gay4,gaz4
0.292296429923,-0.0176978417059,-0.12066465842,-0.0304237401386,-0.0846993058196,0.093413238195,1.02269847409,-0.0359236535156,-0.0633931257661,0.288443533558,-0.0182972129792,-0.113390989659,-0.0300086447501,-0.0708757932169,0.0939482653193,1.02437458813,-0.0407811060966,-0.0640153797781,0.288276490719,-0.0159142514986,-0.110924644851,-0.0289129881406,-0.0742821236357,0.0872575008981,1.02310491247,-0.0396238279695,-0.0689886254518,0.288970069893,-0.0214800655511,-0.109802445132,-0.0271581894551,-0.0745248922678,0.0948682069833,1.02617739241,-0.0390886716681,-0.0672636598275,0.290863797002,-0.0242861129379,-0.115122566646,-0.0278380897805,-0.0830897314786,0.0935188363996,1.02332021399,-0.0403732136424,-0.0652180956963
