bax0,bay0,baz0,bgx0,bgy0,bgz0,gax0,gay0,gaz0,bax1,bay1,baz1,bgx1,bgy1,bgz1,gax1,gay1,gaz1,bax2,bay2,baz2,bgx2,bgy2,bgz2,gax2,gay2,gaz2,bax3,bay3,baz3,bgx3,bgy3,bgz3,gax3,gay3,gaz3,bax4,bay4,baz4,bgx4,bgy4,bgz4,gax4,gay4,gaz4
0.285086377377,-0.019397231005,-0.119767198756,-0.0347975512416,-0.0896107436478,0.104989176846,1.02507053085,-0.0436251996965,-0.0439221464715,0.28511184239,-0.0195884427274,-0.109246006484,-0.030014070756,-0.105188941251,0.0936546228704,1.01173361957,-0.0274208905298,-0.0700523087821,0.246576109934,-0.0221582017917,-0.166527466005,-0.0626256281827,-0.475238241004,0.408168449685,0.91249647507,0.281669111846,0.245297718643,0.326740928587,-0.0345061666893,-0.171063600365,-0.038288300437,-0.310544364989,0.315235826457,0.887325285076,0.283200733485,0.261204434345,0.26998036192,-0.00841681068727,-0.1226957648,-0.0382174450566,-0.188900858132,0.153511049144,0.927208298594,0.263183645018,0.248169025235
