bax0,bay0,baz0,bgx0,bgy0,bgz0,gax0,gay0,gaz0,bax1,bay1,baz1,bgx1,bgy1,bgz1,gax1,gay1,gaz1,bax2,bay2,baz2,bgx2,bgy2,bgz2,gax2,gay2,gaz2,bax3,bay3,baz3,bgx3,bgy3,bgz3,gax3,gay3,gaz3,bax4,bay4,baz4,bgx4,bgy4,bgz4,gax4,gay4,gaz4
0.285211798352,-0.00919185317519,-0.106787254853,-0.0317217989756,-0.0901688934202,0.0824337835367,0.997882870689,-0.0997914933157,-0.0122808295151,0.287618591893,-0.0198991789461,-0.11372433934,-0.0332031492523,-0.0970890754401,0.0871660091887,1.02924012888,-0.0693108244812,-0.0586148968537,0.245317910192,-0.022942184557,-0.17150806046,-0.0589268981356,-0.463689116813,0.432712755215,0.898255001996,0.299378062599,0.269748828898,0.323210359755,-0.0316438045277,-0.143802157584,-0.0408661767941,-0.291850612782,0.2736540019,0.891957904026,0.272934100155,0.255239898638,0.282477603599,-0.015909525353,-0.0997037510062,-0.0412001731705,-0.211783457302,0.201081636003,0.904471637184,0.245461656967,0.235548545735
