bax0,bay0,baz0,bgx0,bgy0,bgz0,gax0,gay0,gaz0,bax1,bay1,baz1,bgx1,bgy1,bgz1,gax1,gay1,gaz1,bax2,bay2,baz2,bgx2,bgy2,bgz2,gax2,gay2,gaz2,bax3,bay3,baz3,bgx3,bgy3,bgz3,gax3,gay3,gaz3,bax4,bay4,baz4,bgx4,bgy4,bgz4,gax4,gay4,gaz4
0.293036175776,-0.0149106611877,-0.10958242499,-0.0350730121171,-0.0600852832976,0.111056485327,1.02237463678,-0.0666437213347,-0.0365996091026,0.290314248806,-0.0137733299816,-0.115402034313,-0.0328986797372,-0.0980386813374,0.131469966695,1.01072595938,-0.0476106127381,-0.0683650990493,0.250347028377,-0.0223079627574,-0.186400235656,-0.0669968441286,-0.462646056291,0.39946573367,0.915764349838,0.283345756143,0.2809181743,0.320690529379,-0.0367360869672,-0.133704160318,-0.0685076886218,-0.293965658888,0.275133452986,0.905281674701,0.316860140943,0.286105961317,0.292711020297,-0.0146497269657,-0.118172272393,-0.0526429909682,-0.185087925776,0.169933425456,0.9011629144,0.309338105996,0.249507648548
