bax0,bay0,baz0,bgx0,bgy0,bgz0,gax0,gay0,gaz0,bax1,bay1,baz1,bgx1,bgy1,bgz1,gax1,gay1,gaz1,bax2,bay2,baz2,bgx2,bgy2,bgz2,gax2,gay2,gaz2,bax3,bay3,baz3,bgx3,bgy3,bgz3,gax3,gay3,gaz3,bax4,bay4,baz4,bgx4,bgy4,bgz4,gax4,gay4,gaz4
0.295021458601,-0.010424711293,-0.100157034415,-0.0376679020816,-0.0917967606761,0.079201971932,1.01381873855,-0.0266955100057,-0.0689212520137,0.309869112699,-0.0227580398392,-0.112760526723,-0.0187173930213,-0.0845383648037,0.0971194051176,1.00071534983,-0.032129370984,-0.0906925390201,0.241151631279,-0.0204423997966,-0.18702466869,-0.0573904465045,-0.451505822454,0.428089791354,0.91703317377,0.301043981351,0.285018623437,0.326988623142,-0.0292017201705,-0.131942651303,-0.0523156545346,-0.34754961268,0.308860400258,0.902596340399,0.293039095984,0.213869161471,0.296279168292,-0.0121816982105,-0.100426850875,-0.0504375163936,-0.191818378236,0.17615736335,0.89829011993,0.302523066748,0.261519783599
