bax0,bay0,baz0,bgx0,bgy0,bgz0,gax0,gay0,gaz0,bax1,bay1,baz1,bgx1,bgy1,bgz1,gax1,gay1,gaz1,bax2,bay2,baz2,bgx2,bgy2,bgz2,gax2,gay2,gaz2,bax3,bay3,baz3,bgx3,bgy3,bgz3,gax3,gay3,gaz3,bax4,bay4,baz4,bgx4,bgy4,bgz4,gax4,gay4,gaz4
0.289874818597,-0.0160194810226,-0.12313327132,-0.0338440663192,-0.100915553199,0.108022815611,0.910350638767,0.291253789274,0.253332633554,0.29965843876,-0.0178366502829,-0.130229470547,-0.0318147707767,-0.0637343762721,0.078830001467,0.912132235006,0.29309378799,0.244330724972,0.29008689981,-0.0175343652179,-0.114346562094,-0.0288863119898,-0.0510261089881,0.0755928504622,0.913680555684,0.293985403306,0.241862198209,0.290524497969,-0.0178149267746,-0.105543887409,-0.0266526372622,-0.0667901833605,0.0818041963327,0.914143417344,0.292518365761,0.240201677044,0.294080914134,-0.0171042674057,-0.117386764293,-0.0298114646863,-0.0701329023793,0.0834989411344,0.910641686419,0.292904073379,0.246655645487
