bax0,bay0,baz0,bgx0,bgy0,bgz0,gax0,gay0,gaz0,bax1,bay1,baz1,bgx1,bgy1,bgz1,gax1,gay1,gaz1,bax2,bay2,baz2,bgx2,bgy2,bgz2,gax2,gay2,gaz2,bax3,bay3,baz3,bgx3,bgy3,bgz3,gax3,gay3,gaz3,bax4,bay4,baz4,bgx4,bgy4,bgz4,gax4,gay4,gaz4
0.294219836694,-0.0173994901829,-0.115668942977,-0.0260810119965,-0.0826056346216,0.0897116273734,0.910647293929,0.295300621801,0.23956227865,0.293739596324,-0.0177901179123,-0.116745796009,-0.0276413325147,-0.0844253828808,0.0856313273928,0.911242281167,0.295015860141,0.236615290503,0.292815064946,-0.0174189005396,-0.113902578089,-0.0281165525194,-0.0778899670755,0.0879883091203,0.911478502076,0.295375777061,0.236210645109,0.291383235988,-0.0171097781451,-0.111708856009,-0.0331026240825,-0.0791871255342,0.0889687613706,0.911299932526,0.295435599332,0.238107353339,0.287987345381,-0.0164416315756,-0.110447675844,-0.0266778179846,-0.0698719515852,0.088718521702,0.910257209409,0.295752379475,0.236469232808
