bax0,bay0,baz0,bgx0,bgy0,bgz0,gax0,gay0,gaz0,bax1,bay1,baz1,bgx1,bgy1,bgz1,gax1,gay1,gaz1,bax2,bay2,baz2,bgx2,bgy2,bgz2,gax2,gay2,gaz2,bax3,bay3,baz3,bgx3,bgy3,bgz3,gax3,gay3,gaz3,bax4,bay4,baz4,bgx4,bgy4,bgz4,gax4,gay4,gaz4
0.29393455591,-0.0171300242503,-0.124509139169,-0.0251335128821,-0.0766081441906,0.0917054346007,0.910142513119,0.293861856766,0.239533492809,0.293589820637,-0.0192635147712,-0.112621064866,-0.0290688441349,-0.0801410761781,0.088089355102,0.911106051275,0.294299617648,0.236166032136,0.291170116342,-0.0166475661791,-0.105908899318,-0.0284011349313,-0.0772301469141,0.0893386654291,0.913848397359,0.293641969724,0.233976767992,0.294889703596,-0.0166909288459,-0.113049518627,-0.0317605768073,-0.0832509381445,0.0915171202213,0.913012286594,0.296394313374,0.237914765947,0.28565808617,-0.0168812644032,-0.111458888171,-0.0275826171301,-0.0596645185614,0.089743014358,0.910440132721,0.295571776072,0.23586872811
