bax0,bay0,baz0,bgx0,bgy0,bgz0,gax0,gay0,gaz0,bax1,bay1,baz1,bgx1,bgy1,bgz1,gax1,gay1,gaz1,bax2,bay2,baz2,bgx2,bgy2,bgz2,gax2,gay2,gaz2,bax3,bay3,baz3,bgx3,bgy3,bgz3,gax3,gay3,gaz3,bax4,bay4,baz4,bgx4,bgy4,bgz4,gax4,gay4,gaz4
0.285361798834,-0.0156315740352,-0.100733565557,-0.0293448986649,-0.0742543870097,0.0952340759221,0.911854786083,0.291725130788,0.237319106473,0.289679976032,-0.00968494339004,-0.111537801643,-0.0263155350437,-0.0854889571433,0.0875805871272,0.911332650569,0.299066419733,0.239458883457,0.290198325888,-0.0155760490945,-0.116542450638,-0.0283974876575,-0.0731812021563,0.0884177825944,0.908857415087,0.298530103297,0.239189454418,0.285384212719,-0.0182369160829,-0.10147977345,-0.0287618824386,-0.0814678878691,0.0902152487864,0.910649249234,0.305888400928,0.241040025271,0.283662411157,-0.0202411038084,-0.11005506983,-0.0315005906112,-0.0800142530501,0.0880696515705,0.906319042,0.307271931327,0.245855905537
