bax0,bay0,baz0,bgx0,bgy0,bgz0,gax0,gay0,gaz0,bax1,bay1,baz1,bgx1,bgy1,bgz1,gax1,gay1,gaz1,bax2,bay2,baz2,bgx2,bgy2,bgz2,gax2,gay2,gaz2,bax3,bay3,baz3,bgx3,bgy3,bgz3,gax3,gay3,gaz3,bax4,bay4,baz4,bgx4,bgy4,bgz4,gax4,gay4,gaz4
0.293089826573,-0.0430489258894,-0.388018120132,0.138788307095,0.438136379895,-0.203109446011,1.01311493434,-0.0796863550594,-0.0371521148714,0.304268705691,0.00969441398888,-0.0663047538521,0.0779322257195,0.174742315337,-0.0879095120915,1.0149391983,-0.086422512822,-0.113511396368,0.286518019563,-0.0157672470276,-0.0796713922289,0.0136040062427,0.00780687009434,-0.00471910671103,1.02247846572,-0.0746587198059,-0.110527489789,0.285588868051,-0.00636920188476,-0.114005114518,-0.0175803905972,-0.0285352216722,0.0891911123516,1.01951095129,-0.0665545390422,-0.107608088457,0.289912788352,-0.00335115210673,-0.102648517013,-0.0279797684935,-0.124323602248,0.0964097634624,1.01863053305,-0.0686839908012,-0.0940986979014
