bax0,bay0,baz0,bgx0,bgy0,bgz0,gax0,gay0,gaz0,bax1,bay1,baz1,bgx1,bgy1,bgz1,gax1,gay1,gaz1,bax2,bay2,baz2,bgx2,bgy2,bgz2,gax2,gay2,gaz2,bax3,bay3,baz3,bgx3,bgy3,bgz3,gax3,gay3,gaz3,bax4,bay4,baz4,bgx4,bgy4,bgz4,gax4,gay4,gaz4
0.296831506661,-0.0453666759628,-0.369117956561,0.175362530185,0.452749842539,-0.258694885699,1.01367807294,-0.073301260682,-0.0382689042668,0.315736969438,0.00091549834119,-0.0709157145947,0.106611599224,0.205272601981,-0.0752178007512,1.01353408007,-0.0865511191561,-0.137872910895,0.30401263022,-0.0197789231759,-0.0761893546571,-0.00766613558398,0.0306043609629,0.00715692130644,1.02063271169,-0.0702284860672,-0.0954223148731,0.297599492597,-0.0104936582179,-0.131717680925,-0.010299458437,-0.0554127620903,0.0702260949222,1.01836774505,-0.0753880677324,-0.0935173335773,0.293107200427,-0.00858795624054,-0.0929628146441,-0.0498238619654,-0.123116453384,0.0849342030684,1.0258561376,-0.0691343001693,-0.117097780047
