bax0,bay0,baz0,bgx0,bgy0,bgz0,gax0,gay0,gaz0,bax1,bay1,baz1,bgx1,bgy1,bgz1,gax1,gay1,gaz1,bax2,bay2,baz2,bgx2,bgy2,bgz2,gax2,gay2,gaz2,bax3,bay3,baz3,bgx3,bgy3,bgz3,gax3,gay3,gaz3,bax4,bay4,baz4,bgx4,bgy4,bgz4,gax4,gay4,gaz4
0.286961123276,-0.0228491161119,-0.353859194943,0.183334305027,0.455370048462,-0.200674101471,1.01146068485,-0.0832556332955,-0.0516316631705,0.315448837805,8.65417176989e-05,-0.0269474064988,0.0899136809237,0.204351478457,-0.0899298717116,1.01135748859,-0.0932197884866,-0.112423607033,0.29643273503,-0.0154162963634,-0.106898169631,0.0270536372008,-0.00071271376203,-0.00628893362387,1.01798882318,-0.0691259328394,-0.106673129252,0.290965500455,-0.00132185561667,-0.133781497534,-0.0283610785946,-0.0743559919442,0.0741456543296,1.01441417849,-0.0722372528281,-0.0972230604836,0.288459193341,-0.0132735668125,-0.104899042492,-0.0307439411892,-0.10759608541,0.101126196486,1.02647956119,-0.0662285746466,-0.107425768624
