bax0,bay0,baz0,bgx0,bgy0,bgz0,gax0,gay0,gaz0,bax1,bay1,baz1,bgx1,bgy1,bgz1,gax1,gay1,gaz1,bax2,bay2,baz2,bgx2,bgy2,bgz2,gax2,gay2,gaz2,bax3,bay3,baz3,bgx3,bgy3,bgz3,gax3,gay3,gaz3,bax4,bay4,baz4,bgx4,bgy4,bgz4,gax4,gay4,gaz4
0.290969085497,-0.022805866292,-0.122568954633,-0.0401725288062,-0.101150231667,0.0959353574762,1.01891748578,-0.0626983124065,-0.109415021729,0.29109733393,-0.00905274397829,-0.09341073634,-0.035850102976,-0.0716963545705,0.0893242074645,1.01799023891,-0.060147009852,-0.0934127847747,0.297056599053,-0.0137038462751,-0.0849801231941,-0.0347863205943,-0.0909159003267,0.111009582129,1.02383660934,-0.0533399316272,-0.107942605196,0.292191715981,-0.0150131774518,-0.0914955078354,-0.0304084061638,-0.0894096983785,0.0920252312655,1.02430902245,-0.0540622712725,-0.0904639204183,0.288587830403,-0.00620080521401,-0.137461190084,-0.0346822299307,-0.121050023666,0.0785361663657,1.02157977592,-0.0521907828702,-0.0772307813984
