bax0,bay0,baz0,bgx0,bgy0,bgz0,gax0,gay0,gaz0,bax1,bay1,baz1,bgx1,bgy1,bgz1,gax1,gay1,gaz1,bax2,bay2,baz2,bgx2,bgy2,bgz2,gax2,gay2,gaz2,bax3,bay3,baz3,bgx3,bgy3,bgz3,gax3,gay3,gaz3,bax4,bay4,baz4,bgx4,bgy4,bgz4,gax4,gay4,gaz4
0.28956510801,-0.0138469108629,-0.135701130285,-0.0296287401102,-0.0782862210094,0.101147552968,1.02233834905,-0.0457464120733,-0.0893424467291,0.295060634645,-0.0268424560358,-0.10666523547,-0.0269071244625,-0.0663768934484,0.103759502556,1.02266395917,-0.0421030471816,-0.0956620630811,0.286838355535,-0.0140112705459,-0.115812512474,-0.0322266256595,-0.0860810757168,0.0838545825398,1.02172906133,-0.048947654119,-0.0946815815929,0.289355847785,-0.0117783702567,-0.120876918087,-0.0325186658232,-0.0866073760402,0.0902714028048,1.02242651449,-0.0416611255377,-0.0954953935906,0.290029470894,-0.0182562058983,-0.0970438299847,-0.0240816489431,-0.0704488152663,0.0916975000589,1.02187941894,-0.0389255734081,-0.0962198311348
