bax0,bay0,baz0,bgx0,bgy0,bgz0,gax0,gay0,gaz0,bax1,bay1,baz1,bgx1,bgy1,bgz1,gax1,gay1,gaz1,bax2,bay2,baz2,bgx2,bgy2,bgz2,gax2,gay2,gaz2,bax3,bay3,baz3,bgx3,bgy3,bgz3,gax3,gay3,gaz3,bax4,bay4,baz4,bgx4,bgy4,bgz4,gax4,gay4,gaz4
0.288474186829,-0.0198729304036,-0.136447571648,-0.0246228152936,-0.0646907519536,0.0928508398673,1.02100906236,-0.0488808561345,-0.0891239745518,0.295067077077,-0.0195265242468,-0.103779012191,-0.0294202156261,-0.0625847679385,0.0947440098888,1.02194428316,-0.0411576770943,-0.0974308159653,0.288434791728,-0.0120231893195,-0.111443408381,-0.0311087487856,-0.0859925159828,0.0872545951914,1.02163170847,-0.0486055252781,-0.0957341177329,0.288546029975,-0.00559952102985,-0.134849673518,-0.0319036857721,-0.0756734899148,0.0849455324556,1.02085217405,-0.0457979603151,-0.0942381846034,0.28916052069,-0.0148873237154,-0.107025880467,-0.0248631931564,-0.0612175428179,0.0894069596733,1.02050058578,-0.0388804569758,-0.0926307496205
