bax0,bay0,baz0,bgx0,bgy0,bgz0,gax0,gay0,gaz0,bax1,bay1,baz1,bgx1,bgy1,bgz1,gax1,gay1,gaz1,bax2,bay2,baz2,bgx2,bgy2,bgz2,gax2,gay2,gaz2,bax3,bay3,baz3,bgx3,bgy3,bgz3,gax3,gay3,gaz3,bax4,bay4,baz4,bgx4,bgy4,bgz4,gax4,gay4,gaz4
0.289901709435,-0.00848380926499,-0.13217593419,-0.0210114578252,-0.0757548211707,0.0933033590674,1.02217635571,-0.041747872735,-0.0896259314739,0.292966487874,-0.0252526430824,-0.0983926548401,-0.0260404949664,-0.0595111147834,0.0933728454626,1.02110601642,-0.043538946689,-0.0952876972749,0.289711949655,-0.0131238047096,-0.117131533682,-0.0288201830344,-0.0752525064701,0.082570877744,1.02326046506,-0.0499833366506,-0.0917195683281,0.288104137373,-0.0133571870007,-0.133553151963,-0.0301032043811,-0.0791473794135,0.0896874030527,1.02352254171,-0.0439909242159,-0.0926122207166,0.287598860597,-0.0180297989009,-0.101961845433,-0.0260724038867,-0.0667011785161,0.0964904152272,1.02219542815,-0.0368985731221,-0.0918121460628
