bax0,bay0,baz0,bgx0,bgy0,bgz0,gax0,gay0,gaz0,bax1,bay1,baz1,bgx1,bgy1,bgz1,gax1,gay1,gaz1,bax2,bay2,baz2,bgx2,bgy2,bgz2,gax2,gay2,gaz2,bax3,bay3,baz3,bgx3,bgy3,bgz3,gax3,gay3,gaz3,bax4,bay4,baz4,bgx4,bgy4,bgz4,gax4,gay4,gaz4
0.295669037264,-0.0134462461434,-0.0941866959117,-0.025548823505,-0.0646251631176,0.104922571245,1.02074706706,-0.0379565511021,-0.0903229000353,0.288113292603,-0.0231542687875,-0.100340390495,-0.031362960164,-0.0831386265313,0.0989766798777,1.02017406546,-0.0477622132714,-0.088929943267,0.296952622971,-0.00585672997938,-0.118315743197,-0.026386845015,-0.0874662461696,0.07736625301,1.02272681338,-0.0461940727135,-0.0785486189837,0.291243340402,0.00277353712888,-0.117036794825,-0.0252522947811,-0.0823058150406,0.0910461674354,1.02258614936,-0.0406864329923,-0.0864143719401,0.291071058017,-0.0105584693861,-0.100137065089,-0.0296175585058,-0.0523668116676,0.0827388091443,1.02225683229,-0.0307964837298,-0.0870536126555
