bax0,bay0,baz0,bgx0,bgy0,bgz0,gax0,gay0,gaz0,bax1,bay1,baz1,bgx1,bgy1,bgz1,gax1,gay1,gaz1,bax2,bay2,baz2,bgx2,bgy2,bgz2,gax2,gay2,gaz2,bax3,bay3,baz3,bgx3,bgy3,bgz3,gax3,gay3,gaz3,bax4,bay4,baz4,bgx4,bgy4,bgz4,gax4,gay4,gaz4
0.295333274993,-0.0195825969938,-0.122888451894,-0.0279774308785,-0.0690081659591,0.0824825819094,0.708683348659,0.409389599243,0.484242509353,0.281509873124,-0.0110138408315,-0.116201212847,-0.0270102907474,-0.0723695661385,0.0718261996164,0.707233159464,0.406890592329,0.480760265673,0.278410150469,-0.00623836496455,-0.108647504072,-0.0260218857686,-0.0709049293015,0.0755650555025,0.702121112946,0.408611905482,0.479551793898,0.305335276763,-0.018072594966,-0.115379980199,-0.0284202366896,-0.0814082966317,0.0994038860417,0.703834855732,0.41080806257,0.479650803435,0.305656441387,-0.0195990627971,-0.118948119071,-0.0283098636896,-0.0833896365319,0.103743703691,0.706057087576,0.41133659074,0.47820864698
