bax0,bay0,baz0,bgx0,bgy0,bgz0,gax0,gay0,gaz0,bax1,bay1,baz1,bgx1,bgy1,bgz1,gax1,gay1,gaz1,bax2,bay2,baz2,bgx2,bgy2,bgz2,gax2,gay2,gaz2,bax3,bay3,baz3,bgx3,bgy3,bgz3,gax3,gay3,gaz3,bax4,bay4,baz4,bgx4,bgy4,bgz4,gax4,gay4,gaz4
0.297857264161,-0.0245798308241,-0.123545930991,-0.026944558256,-0.0650894660451,0.0819558236112,0.704899408373,0.405425155594,0.48070021984,0.292829878922,-0.0132910801935,-0.11019695366,-0.0279010306372,-0.0648030071516,0.0814376522745,0.707533658166,0.405163024369,0.477919440983,0.282803179163,-0.0101367951693,-0.114370785707,-0.0267317112654,-0.06988397978,0.0742142372426,0.702191616077,0.406790124653,0.476852962724,0.301714322646,-0.0211359716082,-0.119893407504,-0.0284877147162,-0.0755190648911,0.088585684789,0.701050942524,0.412544459857,0.484815027347,0.314213860189,-0.0277273486335,-0.121809107812,-0.0300462787544,-0.0851600634458,0.0940030825582,0.705067495332,0.408955868672,0.479255093197
