bax0,bay0,baz0,bgx0,bgy0,bgz0,gax0,gay0,gaz0,bax1,bay1,baz1,bgx1,bgy1,bgz1,gax1,gay1,gaz1,bax2,bay2,baz2,bgx2,bgy2,bgz2,gax2,gay2,gaz2,bax3,bay3,baz3,bgx3,bgy3,bgz3,gax3,gay3,gaz3,bax4,bay4,baz4,bgx4,bgy4,bgz4,gax4,gay4,gaz4
0.300276505155,-0.0201874169352,-0.118235419398,-0.0301744461658,-0.0811479058753,0.0892559438373,0.71005842682,0.407074259788,0.472608242151,0.28790443241,-0.0154715922149,-0.111596376344,-0.028661150937,-0.0766650581644,0.0936092850319,0.714075965191,0.405197701301,0.472646974878,0.294118806456,-0.020186505165,-0.115430982532,-0.0289548096542,-0.0745426399973,0.0945675663655,0.716984566583,0.405326100421,0.470744705065,0.295048635389,-0.0172599365163,-0.110686060809,-0.0281877934076,-0.0747683738757,0.0920948659912,0.717702087343,0.405750438495,0.473041218066,0.300157110279,-0.0205309144576,-0.123510644525,-0.028302217555,-0.0862960633548,0.0872161568625,0.719060862478,0.406086110615,0.472413529124
