bax0,bay0,baz0,bgx0,bgy0,bgz0,gax0,gay0,gaz0,bax1,bay1,baz1,bgx1,bgy1,bgz1,gax1,gay1,gaz1,bax2,bay2,baz2,bgx2,bgy2,bgz2,gax2,gay2,gaz2,bax3,bay3,baz3,bgx3,bgy3,bgz3,gax3,gay3,gaz3,bax4,bay4,baz4,bgx4,bgy4,bgz4,gax4,gay4,gaz4
0.228654710663,0.0250129335586,-0.0784077414499,-0.15365044822,0.0636099373912,-0.45599230777,0.950129412977,0.131261154969,0.321863825195,0.321830078059,-0.0266121197872,-0.140903607091,-0.0868956971613,0.0320260847984,-0.173786593092,0.924058586615,0.166738798251,0.325457107421,0.287124607271,-0.00433691340154,-0.132287719146,-0.0370130163757,-0.0581119885456,-0.0153088858029,0.939130524648,0.153623655741,0.308679759002,0.291716369942,-0.0334266399782,-0.103896743404,-0.0288556751078,-0.0595150621729,0.0883703293178,0.94736615366,0.152454245609,0.311192230287,0.289440180345,-0.0171133965735,-0.10208976086,-0.0258247208369,-0.065984102353,0.126056586773,0.939708205351,0.158148293665,0.29572085501
