bax0,bay0,baz0,bgx0,bgy0,bgz0,gax0,gay0,gaz0,bax1,bay1,baz1,bgx1,bgy1,bgz1,gax1,gay1,gaz1,bax2,bay2,baz2,bgx2,bgy2,bgz2,gax2,gay2,gaz2,bax3,bay3,baz3,bgx3,bgy3,bgz3,gax3,gay3,gaz3,bax4,bay4,baz4,bgx4,bgy4,bgz4,gax4,gay4,gaz4
0.298701568046,-0.0136641234644,-0.146355961173,-0.0236897353796,-0.0922584352703,0.0985290960283,0.936459901828,0.157102911465,0.311100735874,0.271150632629,-0.0050897230181,-0.105900980891,-0.0303692165884,-0.0517498224049,0.0850097186735,0.942262030966,0.154648703366,0.305528067174,0.284314972313,-0.0072627403272,-0.104336817643,-0.0292869730742,-0.0850542379225,0.0989388676543,0.943316693208,0.165202292896,0.306557609517,0.2920938761,-0.0316020991708,-0.109403672461,-0.0305952336967,-0.0784203103653,0.101091855682,0.935446401875,0.160786779086,0.313199419317,0.282690668769,-0.0196073432228,-0.104665779158,-0.0314670268816,-0.0958349683588,0.0901542877559,0.936405532768,0.159650114565,0.309600704494
