bax0,bay0,baz0,bgx0,bgy0,bgz0,gax0,gay0,gaz0,bax1,bay1,baz1,bgx1,bgy1,bgz1,gax1,gay1,gaz1,bax2,bay2,baz2,bgx2,bgy2,bgz2,gax2,gay2,gaz2,bax3,bay3,baz3,bgx3,bgy3,bgz3,gax3,gay3,gaz3,bax4,bay4,baz4,bgx4,bgy4,bgz4,gax4,gay4,gaz4
0.291274725832,-0.0245296051893,-0.146577095072,-0.0231164632245,-0.151170335854,0.104189952988,0.949007409152,0.174403683371,0.316499643469,0.330844445791,-0.0298738848258,-0.111294070518,-0.0251812215039,-0.081582650117,0.0882803624207,0.942698016799,0.165252587319,0.288132592655,0.132356969593,0.219820190479,0.19931219188,0.0380850413858,-0.368455078228,0.359716940301,0.921231240038,0.123437653461,0.272659270787,0.259209075696,-0.0246686756712,-0.11914931913,0.0144631953782,-0.303901279564,0.345359158601,0.884419895071,0.267761643742,0.365070745655,0.27900935687,-0.026051786869,-0.0925246621673,-0.0132556897848,-0.204686236995,0.260244378319,0.864294945105,0.255117290937,0.371674556369
