bax0,bay0,baz0,bgx0,bgy0,bgz0,gax0,gay0,gaz0,bax1,bay1,baz1,bgx1,bgy1,bgz1,gax1,gay1,gaz1,bax2,bay2,baz2,bgx2,bgy2,bgz2,gax2,gay2,gaz2,bax3,bay3,baz3,bgx3,bgy3,bgz3,gax3,gay3,gaz3,bax4,bay4,baz4,bgx4,bgy4,bgz4,gax4,gay4,gaz4
0.303103816819,-0.0181570084118,-0.121739213079,-0.0165160820353,-0.0890402335343,0.120256447071,0.93649619701,0.176529684706,0.309011977321,0.305636256466,-0.0262472935033,-0.164783303878,-0.0354526067835,-0.0766267031535,0.0888059390378,0.954865466774,0.16926152875,0.29767868451,0.135281872692,0.210405190989,0.21234389847,0.0472629960275,-0.301469378513,0.371413101163,0.910439779335,0.119107290044,0.275580920156,0.269297306883,-0.0622850354955,-0.118170808785,0.020732517031,-0.324264334501,0.3743875622,0.880960286073,0.228097853068,0.366202508144,0.305632143806,-0.0211856514156,-0.121718436058,-0.0296645683474,-0.255968877255,0.22961010399,0.863359106368,0.255816136091,0.367689666385
