bax0,bay0,baz0,bgx0,bgy0,bgz0,gax0,gay0,gaz0,bax1,bay1,baz1,bgx1,bgy1,bgz1,gax1,gay1,gaz1,bax2,bay2,baz2,bgx2,bgy2,bgz2,gax2,gay2,gaz2,bax3,bay3,baz3,bgx3,bgy3,bgz3,gax3,gay3,gaz3,bax4,bay4,baz4,bgx4,bgy4,bgz4,gax4,gay4,gaz4
0.314368924725,-0.0012765599169,-0.159893426909,-0.0462682174951,-0.0942770319418,0.0693523277488,0.918707450539,0.16713122473,0.332745727999,0.30207264054,-0.0493359424392,-0.102898153323,-0.0307852648073,-0.0794610784103,0.0912828104491,0.949412983269,0.161105350861,0.313472556108,0.119527385974,0.219961781049,0.17189615123,0.047007435317,-0.334482584969,0.345069280977,0.933582258181,0.139013721715,0.249372125638,0.237969500747,-0.0274385761725,-0.105801892471,0.013043376291,-0.29080450734,0.340598120256,0.861500025257,0.281457526923,0.358705960478,0.289436698184,-0.0178908419776,-0.117466456267,-0.0162049103627,-0.218670300704,0.237474212437,0.871061541172,0.243104124061,0.378232728515
