bax0,bay0,baz0,bgx0,bgy0,bgz0,gax0,gay0,gaz0,bax1,bay1,baz1,bgx1,bgy1,bgz1,gax1,gay1,gaz1,bax2,bay2,baz2,bgx2,bgy2,bgz2,gax2,gay2,gaz2,bax3,bay3,baz3,bgx3,bgy3,bgz3,gax3,gay3,gaz3,bax4,bay4,baz4,bgx4,bgy4,bgz4,gax4,gay4,gaz4
0.270583967819,0.00109295554113,-0.0779845932619,-0.0222508205507,-0.132219399417,0.12726306474,0.861053160496,0.25052905473,0.376385094594,0.282945469975,-0.0300676809126,-0.0946382405991,-0.0386319413968,-0.137145806419,0.125431881304,0.853006994373,0.260743410041,0.399396016369,0.305395323824,-0.0290845942391,-0.128423543431,-0.0243529666758,-0.0753032110845,0.081237949226,0.852012184786,0.257992045214,0.395699531719,0.273399661465,9.60758834587e-05,-0.103752331868,-0.0228902775455,-0.0210523257433,0.0609450734604,0.856605120948,0.253367160759,0.39431147424,0.267118432567,-0.00237512475153,-0.0814372542552,-0.0243525667377,-0.0854504798031,0.0945023564343,0.856070586769,0.265124236814,0.387065362542
