bax0,bay0,baz0,bgx0,bgy0,bgz0,gax0,gay0,gaz0,bax1,bay1,baz1,bgx1,bgy1,bgz1,gax1,gay1,gaz1,bax2,bay2,baz2,bgx2,bgy2,bgz2,gax2,gay2,gaz2,bax3,bay3,baz3,bgx3,bgy3,bgz3,gax3,gay3,gaz3,bax4,bay4,baz4,bgx4,bgy4,bgz4,gax4,gay4,gaz4
0.266067557141,-0.00552399131602,-0.080067921139,-0.0263171309811,-0.128374098858,0.136189167649,0.871612112721,0.251810941045,0.376894755873,0.287076515621,-0.0235250633888,-0.0961967718526,-0.0374022462194,-0.125743241326,0.111084627246,0.860666676125,0.261585095805,0.381352860757,0.312390683729,-0.0290848221589,-0.113528671158,-0.0277796691771,-0.0654726115414,0.0899127791448,0.854411778046,0.258395517241,0.396064588452,0.273905374461,-0.00208129254471,-0.108146002922,-0.0243412808681,-0.0361297834097,0.0697074740053,0.862356220884,0.256681721199,0.387100292635,0.267705956005,-0.018389728484,-0.0814049990141,-0.0258442810357,-0.072465411396,0.0808787970791,0.855750958746,0.254888975771,0.392597339549
