bax0,bay0,baz0,bgx0,bgy0,bgz0,gax0,gay0,gaz0,bax1,bay1,baz1,bgx1,bgy1,bgz1,gax1,gay1,gaz1,bax2,bay2,baz2,bgx2,bgy2,bgz2,gax2,gay2,gaz2,bax3,bay3,baz3,bgx3,bgy3,bgz3,gax3,gay3,gaz3,bax4,bay4,baz4,bgx4,bgy4,bgz4,gax4,gay4,gaz4
0.315626739976,0.00134677116142,-0.0935235194423,-0.0271811034868,-0.0813797483019,0.113842932781,0.863841283952,0.229066506094,0.403425635329,0.0861294391264,0.100450896252,0.0902126018694,-0.234334609774,0.368165833073,-0.477403611336,1.05267140801,0.036537871461,0.186288298045,0.364100531319,0.00833703030832,-0.222646101507,-0.150225456061,0.0879472337611,-0.145280956522,0.970108005289,0.0993067806831,0.292525339433,0.321198092255,-0.0363988359502,-0.237866377056,-0.0887699481744,-0.0268962308431,0.0879253764491,0.969383471401,0.129291788092,0.264359997617,0.305403469515,-0.0584687799145,-0.177878729397,-0.0350809990543,-0.141182643855,0.166010860735,0.973769813687,0.105264157429,0.203008322697
