bax0,bay0,baz0,bgx0,bgy0,bgz0,gax0,gay0,gaz0,bax1,bay1,baz1,bgx1,bgy1,bgz1,gax1,gay1,gaz1,bax2,bay2,baz2,bgx2,bgy2,bgz2,gax2,gay2,gaz2,bax3,bay3,baz3,bgx3,bgy3,bgz3,gax3,gay3,gaz3,bax4,bay4,baz4,bgx4,bgy4,bgz4,gax4,gay4,gaz4
0.260903596022,0.000730773792192,-0.0332635543174,-0.0258148641821,-0.0738452066827,0.0878176032015,1.00411899734,0.0576877163134,0.141320222284,0.273787712275,-0.00856056702729,-0.100644024513,-0.0304207065335,-0.127674453865,0.0970062299535,1.00518049102,0.0756562272387,0.177992709215,0.28990193629,-0.0208108615202,-0.112478873344,-0.0329179627278,-0.104982815757,0.0999830961161,0.998429176089,0.0865416506488,0.172979809538,0.277475085259,-0.0179458551672,-0.101086083039,-0.0311886423216,-0.0812562572278,0.0847293889074,1.00538685778,0.0772503363608,0.180191593482,0.286724843917,-0.0251257808833,-0.133945522195,-0.0292094779769,-0.112675399212,0.104119217676,0.994641702594,0.0859063437846,0.168034840001
