bax0,bay0,baz0,bgx0,bgy0,bgz0,gax0,gay0,gaz0,bax1,bay1,baz1,bgx1,bgy1,bgz1,gax1,gay1,gaz1,bax2,bay2,baz2,bgx2,bgy2,bgz2,gax2,gay2,gaz2,bax3,bay3,baz3,bgx3,bgy3,bgz3,gax3,gay3,gaz3,bax4,bay4,baz4,bgx4,bgy4,bgz4,gax4,gay4,gaz4
0.25550160014,0.00442587916416,-0.0382716330891,-0.0242400931745,-0.0718772323282,0.0855733412807,1.0031411187,0.0649781967515,0.146095860427,0.272355367611,-0.00313706176233,-0.0747454244294,-0.0327920363771,-0.133439386749,0.099997552704,1.00168260282,0.0724609981259,0.161277312644,0.301417462289,-0.0158952165947,-0.122521947011,-0.028617339186,-0.0995551080891,0.0933515403597,1.00182478789,0.0805902929725,0.179859451742,0.294532949237,-0.0142240634266,-0.116920639673,-0.0290076955035,-0.0850170060781,0.0920480493434,0.998853143863,0.0797668341425,0.168571389615,0.294668110654,-0.0195631393431,-0.119103352428,-0.0353630527924,-0.116710996657,0.104739777339,0.99837882964,0.0809401411096,0.17267415223
