bax0,bay0,baz0,bgx0,bgy0,bgz0,gax0,gay0,gaz0,bax1,bay1,baz1,bgx1,bgy1,bgz1,gax1,gay1,gaz1,bax2,bay2,baz2,bgx2,bgy2,bgz2,gax2,gay2,gaz2,bax3,bay3,baz3,bgx3,bgy3,bgz3,gax3,gay3,gaz3,bax4,bay4,baz4,bgx4,bgy4,bgz4,gax4,gay4,gaz4
0.219473548311,0.0267204327995,0.0762298135174,-0.0556350140583,-0.146248694164,0.182322855951,0.978828374371,0.177836611026,0.126880426357,0.275249515531,-0.00784514083195,-0.0815768158071,-0.0559036735612,-0.216123994676,0.159942996544,0.956466398827,0.198449254484,0.231101877321,0.28021351496,-0.0114348264025,-0.10467253636,-0.0319600986577,-0.183270863054,0.120994530154,0.95935631569,0.199533156188,0.198563170285,0.292813514416,-0.0197231829354,-0.119155879278,-0.0265084766516,-0.137849378214,0.107632244336,0.958313941294,0.199337704339,0.21775681792,0.312282475056,-0.0212491633263,-0.114725776859,-0.0160996875966,-0.0766530787333,0.0902133396625,0.961656993022,0.210970977704,0.227209280818
