bax0,bay0,baz0,bgx0,bgy0,bgz0,gax0,gay0,gaz0,bax1,bay1,baz1,bgx1,bgy1,bgz1,gax1,gay1,gaz1,bax2,bay2,baz2,bgx2,bgy2,bgz2,gax2,gay2,gaz2,bax3,bay3,baz3,bgx3,bgy3,bgz3,gax3,gay3,gaz3,bax4,bay4,baz4,bgx4,bgy4,bgz4,gax4,gay4,gaz4
0.294528336365,-0.0188062349582,-0.115353758083,-0.029499796176,-0.0744960847337,0.084128992906,0.957469773853,0.202968873289,0.215170379061,0.29167698516,-0.0172643805999,-0.115280983985,-0.0273153015924,-0.0689080353472,0.0807474301365,0.958482347119,0.201768727563,0.211425982252,0.296094752957,-0.0178202344259,-0.116521092602,-0.0295123244973,-0.0733214761203,0.086570090406,0.96132202148,0.200951802172,0.212182910491,0.2926373961,-0.017128176717,-0.114889696488,-0.0290332792275,-0.076751769052,0.0900029361408,0.963620996118,0.202402648495,0.211875307581,0.290693473244,-0.0194337900166,-0.115183222818,-0.029543249143,-0.0774754605136,0.0881311877568,0.959447689258,0.201026359891,0.210529246372
