bax0,bay0,baz0,bgx0,bgy0,bgz0,gax0,gay0,gaz0,bax1,bay1,baz1,bgx1,bgy1,bgz1,gax1,gay1,gaz1,bax2,bay2,baz2,bgx2,bgy2,bgz2,gax2,gay2,gaz2,bax3,bay3,baz3,bgx3,bgy3,bgz3,gax3,gay3,gaz3,bax4,bay4,baz4,bgx4,bgy4,bgz4,gax4,gay4,gaz4
0.294983216337,-0.0197283497049,-0.114722641651,-0.0263853443981,-0.0755599309961,0.0897136434982,0.963366806721,0.199958121719,0.209122369955,0.292025940667,-0.0182158322249,-0.10758064839,-0.0291599244865,-0.0747008415625,0.090434193257,0.962197049694,0.201042696284,0.207347936122,0.292413940242,-0.0176656129177,-0.110923251555,-0.027291970324,-0.0754625849393,0.0897396642752,0.96169015449,0.200512526582,0.207147923244,0.291495134446,-0.0181241816849,-0.112615210158,-0.0287823517125,-0.0780100849541,0.091024090132,0.963140574939,0.200984919043,0.207303295073,0.290105361799,-0.016799339329,-0.115399250238,-0.0298537367907,-0.0780322789957,0.0894921918919,0.959697680954,0.200838003929,0.209522474326
