bax0,bay0,baz0,bgx0,bgy0,bgz0,gax0,gay0,gaz0,bax1,bay1,baz1,bgx1,bgy1,bgz1,gax1,gay1,gaz1,bax2,bay2,baz2,bgx2,bgy2,bgz2,gax2,gay2,gaz2,bax3,bay3,baz3,bgx3,bgy3,bgz3,gax3,gay3,gaz3,bax4,bay4,baz4,bgx4,bgy4,bgz4,gax4,gay4,gaz4
0.292566734774,-0.0147081952829,-0.123145111708,-0.0293453729388,-0.0454353092194,0.0850174697293,0.970215298248,0.211388784992,0.234339096281,0.289453125922,-0.0161569729838,-0.109301736049,-0.0384675268853,-0.0485437204094,0.103877563904,0.965008552417,0.184810326407,0.199631157936,0.281884214278,-0.0261655678198,-0.100637998267,-0.0412039069229,-0.10002583025,0.0883253243385,0.967092299658,0.186966298554,0.21277691916,0.264243103612,-0.0242999204504,-0.239269176023,-0.290691495386,0.181041370266,-0.522412224349,1.02600873425,0.0570548468473,-0.0280711608408,0.28834541315,-0.0136228160067,-0.177290206594,-0.210709397764,0.194162321729,-0.29428939243,1.01467005771,0.0497695977669,-0.120470352991
