bax0,bay0,baz0,bgx0,bgy0,bgz0,gax0,gay0,gaz0,bax1,bay1,baz1,bgx1,bgy1,bgz1,gax1,gay1,gaz1,bax2,bay2,baz2,bgx2,bgy2,bgz2,gax2,gay2,gaz2,bax3,bay3,baz3,bgx3,bgy3,bgz3,gax3,gay3,gaz3,bax4,bay4,baz4,bgx4,bgy4,bgz4,gax4,gay4,gaz4
0.295908827775,-0.0204452083581,-0.116494872702,-0.119516928388,0.0610557226056,-0.0692883998925,1.01184002211,0.0407982556665,-0.112075908319,0.292584083783,-0.0149251856409,-0.121298798697,-0.0583436399206,-0.0393093442421,0.0498441784059,1.01441416916,0.0411815156086,-0.115006863979,0.29934129164,-0.0153441890527,-0.108595707331,-0.0100030460461,-0.0913255444958,0.11097368376,1.01350757881,0.0399032138399,-0.116741847645,0.289528541888,-0.019162108614,-0.121315762349,-0.0335147056503,-0.105265380971,0.106662636246,1.01372382036,0.0430628409462,-0.117352119273,0.293636718105,-0.0153358157734,-0.116523997155,-0.0342481717475,-0.0651469076838,0.102522690222,1.01276774361,0.0414307128976,-0.117492224845
