bax0,bay0,baz0,bgx0,bgy0,bgz0,gax0,gay0,gaz0,bax1,bay1,baz1,bgx1,bgy1,bgz1,gax1,gay1,gaz1,bax2,bay2,baz2,bgx2,bgy2,bgz2,gax2,gay2,gaz2,bax3,bay3,baz3,bgx3,bgy3,bgz3,gax3,gay3,gaz3,bax4,bay4,baz4,bgx4,bgy4,bgz4,gax4,gay4,gaz4
0.294081854437,-0.0131603364602,-0.111218402316,-0.0227205957731,-0.0747601827332,0.106574831149,1.01230279264,0.040472276412,-0.110714841261,0.287797101841,-0.0155110693313,-0.0851672159853,-0.0276045969325,-0.0636183502091,0.0872094717096,1.00920430343,0.0458476554295,-0.114391770674,0.297918493442,-0.0111711928953,-0.0758590414711,-0.0256532955996,-0.0582758940341,0.0885550461016,1.01307921419,0.0504492799729,-0.107609075334,0.297053806025,-0.0119972557422,-0.0942691590298,-0.0275670871638,-0.0912310419129,0.0976568891652,1.01702753585,0.0568585863168,-0.087921176263,0.289091614316,-0.018558194211,-0.127125023627,-0.0314549561067,-0.113975630719,0.094217053433,1.01383538169,0.0546118734882,-0.085331585202
