bax0,bay0,baz0,bgx0,bgy0,bgz0,gax0,gay0,gaz0,bax1,bay1,baz1,bgx1,bgy1,bgz1,gax1,gay1,gaz1,bax2,bay2,baz2,bgx2,bgy2,bgz2,gax2,gay2,gaz2,bax3,bay3,baz3,bgx3,bgy3,bgz3,gax3,gay3,gaz3,bax4,bay4,baz4,bgx4,bgy4,bgz4,gax4,gay4,gaz4
0.289662378748,-0.0216861665135,-0.103858632032,-0.0349082190377,-0.0954527655346,0.0500422713556,1.0086180704,0.0507173836355,-0.107817995855,0.284095941326,-0.0229497996147,-0.103677957063,-0.033498583726,-0.105075283566,0.0604271227697,1.00267989655,0.0653007243905,-0.0796999508047,0.277825261442,-0.034221527893,-0.0721417331628,-0.0374381024115,-0.0800397270201,0.100617409336,1.01051153188,0.0590071878606,-0.0781902133409,0.176294446139,0.093733230366,0.139465204064,-0.0521335076129,-0.336958862941,0.241177201029,0.977058281113,0.162739679869,0.169563477324,0.289525214494,-0.0220392762185,-0.116289374898,-0.0726182459867,-0.353160904162,0.24353691231,0.932718062725,0.209277479335,0.261029488495
