bax0,bay0,baz0,bgx0,bgy0,bgz0,gax0,gay0,gaz0,bax1,bay1,baz1,bgx1,bgy1,bgz1,gax1,gay1,gaz1,bax2,bay2,baz2,bgx2,bgy2,bgz2,gax2,gay2,gaz2,bax3,bay3,baz3,bgx3,bgy3,bgz3,gax3,gay3,gaz3,bax4,bay4,baz4,bgx4,bgy4,bgz4,gax4,gay4,gaz4
0.29958563706,-0.00704033917547,-0.107236030772,-0.0364165434539,-0.0798602257129,0.101881924855,0.998046818657,0.0682189319306,-0.0887496505702,0.290725795558,-0.0127939237621,-0.142503246582,-0.0367958533454,-0.0819392315084,0.0961616645602,1.01214130456,0.0582861848508,-0.1134115967,0.270395735663,-0.0261466232949,-0.118570371162,-0.0510577418924,-0.119136450449,0.101690825676,0.997838635371,0.068441794117,-0.126139328771,0.172928071901,0.0751397031438,0.132371257604,-0.0694460400012,-0.27999020653,0.276846572761,0.967105278685,0.153886966231,0.15432144988,0.302726490093,-0.0101773016689,-0.135146263417,-0.0796249620196,-0.316991479243,0.230627573474,0.928217442811,0.200486390661,0.299475154862
