bax0,bay0,baz0,bgx0,bgy0,bgz0,gax0,gay0,gaz0,bax1,bay1,baz1,bgx1,bgy1,bgz1,gax1,gay1,gaz1,bax2,bay2,baz2,bgx2,bgy2,bgz2,gax2,gay2,gaz2,bax3,bay3,baz3,bgx3,bgy3,bgz3,gax3,gay3,gaz3,bax4,bay4,baz4,bgx4,bgy4,bgz4,gax4,gay4,gaz4
0.295185186738,-0.0171839510575,-0.117135050133,-0.0509649650976,-0.231188305088,0.162657009964,0.926142163438,0.228464710966,0.277826378758,0.288621229882,-0.0195264790634,-0.119297774112,-0.0407208161815,-0.135625835349,0.109558982899,0.929782956907,0.227198705444,0.269753437765,0.291063378686,-0.0186830147852,-0.116877950123,-0.0310889173815,-0.101040498466,0.0956205758633,0.928501093142,0.228577308631,0.272862262589,0.287497491763,-0.0175053455625,-0.115776838291,-0.0268544848844,-0.0571903274337,0.0817307285313,0.928838667396,0.226147466817,0.267860530137,0.290379686977,-0.017336597884,-0.109486840712,-0.0237246661117,-0.0679729163065,0.0820077695633,0.929955978193,0.226729493599,0.271666966942
