bax0,bay0,baz0,bgx0,bgy0,bgz0,gax0,gay0,gaz0,bax1,bay1,baz1,bgx1,bgy1,bgz1,gax1,gay1,gaz1,bax2,bay2,baz2,bgx2,bgy2,bgz2,gax2,gay2,gaz2,bax3,bay3,baz3,bgx3,bgy3,bgz3,gax3,gay3,gaz3,bax4,bay4,baz4,bgx4,bgy4,bgz4,gax4,gay4,gaz4
0.293203157937,-0.015114299884,-0.120240132644,-0.0578796887123,-0.202895391025,0.156910993903,0.928643663319,0.228108217183,0.271178209426,0.289664350959,-0.0173319941706,-0.116452696196,-0.0510754414961,-0.133888307011,0.115039052384,0.929668226557,0.226870127518,0.271665768152,0.298327916172,-0.016485303088,-0.113408413595,-0.0304517760117,-0.0842688797089,0.094670866875,0.928257753368,0.22759359859,0.271640174067,0.295257260348,-0.0165841101877,-0.111375550647,-0.029158875715,-0.0530483836739,0.0865036023388,0.929336504655,0.227565767328,0.270268029702,0.289615695238,-0.0174575295079,-0.11218151152,-0.0223536626084,-0.0571969124744,0.0810038071938,0.929232241345,0.227537419526,0.275061714983
