bax0,bay0,baz0,bgx0,bgy0,bgz0,gax0,gay0,gaz0,bax1,bay1,baz1,bgx1,bgy1,bgz1,gax1,gay1,gaz1,bax2,bay2,baz2,bgx2,bgy2,bgz2,gax2,gay2,gaz2,bax3,bay3,baz3,bgx3,bgy3,bgz3,gax3,gay3,gaz3,bax4,bay4,baz4,bgx4,bgy4,bgz4,gax4,gay4,gaz4
0.291404343656,-0.013780799032,-0.118671577391,-0.0252608611902,-0.077705310903,0.081381233845,0.938676577091,0.241919024707,0.277258427583,0.288379091323,-0.0172278637176,-0.0962625087951,-0.0775634583967,-0.121686575026,0.161882566571,0.930929007757,0.238301207321,0.28857809133,0.226194235868,0.0381695785253,-0.238673512438,-0.376344342261,0.371625118478,-0.563301308284,1.02002537782,0.0322017868569,-0.0216820315335,0.272911371526,0.00607597683251,-0.0654927985302,-0.226874917136,0.263047328307,-0.278558753902,1.03326338323,0.0594885123075,-0.109121442417,0.290680165769,-0.023671306522,-0.0826585412856,-0.131026928249,0.0696141871748,-0.0874324295519,1.01541512125,0.0916328016023,-0.0711035545895
