bax0,bay0,baz0,bgx0,bgy0,bgz0,gax0,gay0,gaz0,bax1,bay1,baz1,bgx1,bgy1,bgz1,gax1,gay1,gaz1,bax2,bay2,baz2,bgx2,bgy2,bgz2,gax2,gay2,gaz2,bax3,bay3,baz3,bgx3,bgy3,bgz3,gax3,gay3,gaz3,bax4,bay4,baz4,bgx4,bgy4,bgz4,gax4,gay4,gaz4
0.286097957828,-0.00617357771418,-0.108736253712,-0.0681075871792,-0.0695390079753,0.0605876409014,1.01431805394,0.0651415132007,-0.0807532656646,0.285296517274,-0.00950672490315,-0.0687748783383,-0.0266705951542,-0.0715062869031,0.0994465742308,1.01462788376,0.0767031643697,-0.0723371212191,0.293047329754,-0.0194162337413,-0.098826947731,-0.00658665601576,-0.103729854876,0.129753879284,1.01427808616,0.0770369588523,-0.0647404332877,0.296647357804,-0.0156917327915,-0.110986058606,-0.0151831182443,-0.0941649026829,0.122643075921,1.01401321649,0.0817593019488,-0.0553429751927,0.292414453488,-0.0150219943031,-0.109586698747,-0.0274047861079,-0.104385686091,0.125640583167,1.01459945707,0.0895342497488,-0.0574198148916
