bax0,bay0,baz0,bgx0,bgy0,bgz0,gax0,gay0,gaz0,bax1,bay1,baz1,bgx1,bgy1,bgz1,gax1,gay1,gaz1,bax2,bay2,baz2,bgx2,bgy2,bgz2,gax2,gay2,gaz2,bax3,bay3,baz3,bgx3,bgy3,bgz3,gax3,gay3,gaz3,bax4,bay4,baz4,bgx4,bgy4,bgz4,gax4,gay4,gaz4
0.298521767091,-0.0109994124979,-0.0814517204495,-0.0364193145407,-0.102362288184,0.102628285057,1.01250751758,0.0795634288935,-0.0593075888773,0.29509892178,-0.124219138466,-0.163194853201,-0.0521366800679,-0.165348225973,0.195261964414,1.01106284414,0.0868332918797,-0.0624557941434,0.281577319184,-0.121243385567,-0.179939737869,-0.00590831107023,0.0320322906022,-0.0420162346677,1.01638543872,0.0188688297172,-0.0638628925415,0.272132438643,0.130767424553,0.133114402666,-0.016323803693,0.0469019594325,-0.102475349245,1.01495426397,-0.0235790466742,-0.0772287704625,0.313085589841,0.0580504222573,-0.0360003390475,-0.0444971297844,-0.232200466609,0.186254352757,1.00420139949,0.0576369629791,-0.00722586868091
