bax0,bay0,baz0,bgx0,bgy0,bgz0,gax0,gay0,gaz0,bax1,bay1,baz1,bgx1,bgy1,bgz1,gax1,gay1,gaz1,bax2,bay2,baz2,bgx2,bgy2,bgz2,gax2,gay2,gaz2,bax3,bay3,baz3,bgx3,bgy3,bgz3,gax3,gay3,gaz3,bax4,bay4,baz4,bgx4,bgy4,bgz4,gax4,gay4,gaz4
0.238220578692,0.00336919636556,-0.171478118888,-0.0698417363991,-0.183541215397,0.430457038777,0.676375814781,0.499176527664,0.425567252011,0.305442356172,-0.0272063496788,-0.117453275769,-0.0624068288681,-0.150798869049,0.335131528827,0.652248457274,0.529839238849,0.413349637867,0.298222394645,-0.0221790467262,-0.111242063203,-0.0485739035312,-0.101050361019,0.208360199656,0.66786621182,0.512312561951,0.414394513532,0.268206573422,-0.0243506629821,-0.112046179197,-0.0437681393039,-0.0847935293204,0.114858835613,0.664973938086,0.515892364015,0.404771432958,0.281678023509,-0.0145262103741,-0.111283459387,-0.047676653167,-0.0696009052138,0.0872424401339,0.660530986617,0.515186051009,0.405536947563
