bax0,bay0,baz0,bgx0,bgy0,bgz0,gax0,gay0,gaz0,bax1,bay1,baz1,bgx1,bgy1,bgz1,gax1,gay1,gaz1,bax2,bay2,baz2,bgx2,bgy2,bgz2,gax2,gay2,gaz2,bax3,bay3,baz3,bgx3,bgy3,bgz3,gax3,gay3,gaz3,bax4,bay4,baz4,bgx4,bgy4,bgz4,gax4,gay4,gaz4
0.238377269554,0.0110809390317,-0.175992342996,-0.0853016538955,-0.167009526507,0.446512969024,0.669916753546,0.49855690343,0.44050482345,0.292673120175,-0.0239532926564,-0.11339597581,-0.0560624204162,-0.151043091359,0.358434004414,0.656602168738,0.535053675565,0.410957261571,0.290620510865,-0.0265501999071,-0.112418050151,-0.042320123193,-0.114892215366,0.236771778145,0.670596131595,0.506794810508,0.407376351303,0.300056563974,-0.0254417678022,-0.1280906856,-0.0386561391734,-0.0840293575886,0.157190660372,0.658834170009,0.506329136679,0.407588272527,0.299727956721,-0.0141692002984,-0.111631338262,-0.0205880025021,-0.0684393425223,0.061924043088,0.663088721217,0.509733944365,0.409952056732
