bax0,bay0,baz0,bgx0,bgy0,bgz0,gax0,gay0,gaz0,bax1,bay1,baz1,bgx1,bgy1,bgz1,gax1,gay1,gaz1,bax2,bay2,baz2,bgx2,bgy2,bgz2,gax2,gay2,gaz2,bax3,bay3,baz3,bgx3,bgy3,bgz3,gax3,gay3,gaz3,bax4,bay4,baz4,bgx4,bgy4,bgz4,gax4,gay4,gaz4
0.298550768146,-0.0242784507507,-0.11161817355,-0.0265943286308,-0.0827316337487,0.0705791143484,0.661194535112,0.515392665436,0.403928997106,0.29339775155,-0.0227473440963,-0.122957278627,-0.0237155779761,-0.0765631430822,0.0812657247999,0.659972713446,0.516390963061,0.403837894117,0.295869808126,-0.0188013441357,-0.111485303051,-0.0279947099887,-0.0749359922944,0.0765033025551,0.667298482245,0.515977188351,0.405437871324,0.299934966033,-0.0138861155223,-0.121372287712,-0.0284533947666,-0.0780761051564,0.0914119708965,0.668125688633,0.514911335207,0.401136632781,0.291364984576,-0.0183423258226,-0.123837436824,-0.0292694974624,-0.0691792658715,0.0876330362534,0.672092779197,0.512228180727,0.404712634188
