bax0,bay0,baz0,bgx0,bgy0,bgz0,gax0,gay0,gaz0,bax1,bay1,baz1,bgx1,bgy1,bgz1,gax1,gay1,gaz1,bax2,bay2,baz2,bgx2,bgy2,bgz2,gax2,gay2,gaz2,bax3,bay3,baz3,bgx3,bgy3,bgz3,gax3,gay3,gaz3,bax4,bay4,baz4,bgx4,bgy4,bgz4,gax4,gay4,gaz4
0.303351660208,-0.0188321102064,-0.119669863227,-0.0281352770695,-0.0756545961756,0.0772395899049,0.666487383874,0.516279357742,0.40694466369,0.296611929504,-0.0209989307068,-0.120400512088,-0.026618042356,-0.0727658145465,0.0741580334951,0.665988944366,0.516050421528,0.408531137519,0.29903186339,-0.0194554442841,-0.111513808607,-0.0271450942532,-0.0769077236736,0.0840821488706,0.666545043864,0.511957882737,0.406274080043,0.299718470754,-0.0202348486588,-0.117421152158,-0.0296272358427,-0.0788483037827,0.0851753933392,0.671780726047,0.516524698404,0.407518019976,0.29486071858,-0.0205312532455,-0.114787569113,-0.0308816815624,-0.071473904635,0.085892985213,0.667943191816,0.511477827378,0.400919627901
