bax0,bay0,baz0,bgx0,bgy0,bgz0,gax0,gay0,gaz0,bax1,bay1,baz1,bgx1,bgy1,bgz1,gax1,gay1,gaz1,bax2,bay2,baz2,bgx2,bgy2,bgz2,gax2,gay2,gaz2,bax3,bay3,baz3,bgx3,bgy3,bgz3,gax3,gay3,gaz3,bax4,bay4,baz4,bgx4,bgy4,bgz4,gax4,gay4,gaz4
0.293365444019,-0.0186975754035,-0.110850782516,-0.0288692943266,-0.0759804929761,0.0888237030624,0.669453224289,0.513709469962,0.402823532245,0.292531318517,-0.0177481575649,-0.110699186592,-0.0311341545367,-0.0770454361805,0.0902178372069,0.671426722779,0.510408371415,0.402215642191,0.292786323489,-0.0195187634452,-0.111236483067,-0.0289963788872,-0.0781480979909,0.0921492639809,0.66936973941,0.512631015198,0.400945819296,0.295519021922,-0.0185396682643,-0.116431346101,-0.0284510487846,-0.0767299525112,0.0900339656718,0.67253037602,0.511857600417,0.40145288971,0.291338437083,-0.0196753735194,-0.109902450684,-0.0292002815006,-0.082240827268,0.0898924610699,0.675271141184,0.511884379108,0.401220898432
