bax0,bay0,baz0,bgx0,bgy0,bgz0,gax0,gay0,gaz0,bax1,bay1,baz1,bgx1,bgy1,bgz1,gax1,gay1,gaz1,bax2,bay2,baz2,bgx2,bgy2,bgz2,gax2,gay2,gaz2,bax3,bay3,baz3,bgx3,bgy3,bgz3,gax3,gay3,gaz3,bax4,bay4,baz4,bgx4,bgy4,bgz4,gax4,gay4,gaz4
0.29194452138,-0.019510343562,-0.11446096425,-0.027383244686,-0.077543146858,0.0911661892158,0.668927177147,0.51443798283,0.401958932875,0.288497378402,-0.0178664650148,-0.114095185691,-0.0293057428355,-0.081935715088,0.0897236569498,0.671430927801,0.512348045303,0.400806910839,0.293649677096,-0.0193906719144,-0.112762153225,-0.0289560718768,-0.0808618377882,0.091523099285,0.6688016261,0.512613951588,0.4025009979,0.296730979846,-0.0191925038904,-0.114118502084,-0.03001098739,-0.0754168923941,0.0907207416143,0.675250523676,0.512276895491,0.403391588596,0.291341633134,-0.0197973323944,-0.11264014867,-0.0279615300277,-0.0806039852074,0.0907422138217,0.673494445783,0.510359118794,0.398767422155
