bax0,bay0,baz0,bgx0,bgy0,bgz0,gax0,gay0,gaz0,bax1,bay1,baz1,bgx1,bgy1,bgz1,gax1,gay1,gaz1,bax2,bay2,baz2,bgx2,bgy2,bgz2,gax2,gay2,gaz2,bax3,bay3,baz3,bgx3,bgy3,bgz3,gax3,gay3,gaz3,bax4,bay4,baz4,bgx4,bgy4,bgz4,gax4,gay4,gaz4
0.296825319795,-0.0200017011076,-0.117551564291,-0.0259445946152,-0.0675691240994,0.122490720601,0.94046291037,0.219913445818,0.265941980632,0.285242476169,-0.0137002745422,-0.0983153285998,-0.0253573959779,-0.0670156572821,0.116440085084,0.941485409118,0.214041048271,0.268093875885,0.290705177895,-0.0165912623034,-0.101366356531,-0.0262961387,-0.0737972346822,0.108028992531,0.93745819692,0.220409021387,0.271492324069,0.300422548821,-0.0172235211979,-0.127585992479,-0.0306667524667,-0.102338569458,0.106004313315,0.935243850781,0.222580321564,0.269597018423,0.291504261574,-0.0174025493372,-0.113130894213,-0.0308769901171,-0.0886166714917,0.0916251498553,0.93236234423,0.221471907598,0.263174355548
