bax0,bay0,baz0,bgx0,bgy0,bgz0,gax0,gay0,gaz0,bax1,bay1,baz1,bgx1,bgy1,bgz1,gax1,gay1,gaz1,bax2,bay2,baz2,bgx2,bgy2,bgz2,gax2,gay2,gaz2,bax3,bay3,baz3,bgx3,bgy3,bgz3,gax3,gay3,gaz3,bax4,bay4,baz4,bgx4,bgy4,bgz4,gax4,gay4,gaz4
0.291367966052,-0.020931237955,-0.123363411192,-0.0237633424261,-0.0600841551182,0.124123460751,0.939790904986,0.219699378908,0.259853262274,0.281872226284,-0.012146617687,-0.0956751209878,-0.0231208342382,-0.058642264852,0.113159493861,0.937215103169,0.221829215383,0.270391729334,0.284884754393,-0.00901461389588,-0.0994157232387,-0.0246072630173,-0.0870022237005,0.111676542373,0.936093263708,0.223602940437,0.267534599624,0.293915694176,-0.0183655754726,-0.126843419598,-0.0275416884368,-0.0900485602308,0.100817165675,0.935741499566,0.223348067904,0.274352521628,0.296278212225,-0.0223515881034,-0.115638111031,-0.028192812409,-0.0900979977851,0.0940313707023,0.935270525364,0.228414639135,0.266685643489
