bax0,bay0,baz0,bgx0,bgy0,bgz0,gax0,gay0,gaz0,bax1,bay1,baz1,bgx1,bgy1,bgz1,gax1,gay1,gaz1,bax2,bay2,baz2,bgx2,bgy2,bgz2,gax2,gay2,gaz2,bax3,bay3,baz3,bgx3,bgy3,bgz3,gax3,gay3,gaz3,bax4,bay4,baz4,bgx4,bgy4,bgz4,gax4,gay4,gaz4
0.293826857575,-0.0195628637576,-0.114441830464,-0.0282475960017,-0.0794875729584,0.0893101479014,0.934806828363,0.224426902532,0.263412119931,0.291431423265,-0.0181614954095,-0.123257904261,-0.0291964477019,-0.079788241328,0.0858203574135,0.933330248278,0.220279524783,0.262963010235,0.290243149158,-0.014423724451,-0.112432311188,-0.0286089517259,-0.0709866112082,0.0863904418681,0.934933458709,0.22122634656,0.260813039307,0.28926338538,-0.0144553372967,-0.112439204583,-0.0295375110709,-0.0735785721573,0.0878210896528,0.934269963622,0.224718537612,0.262141815638,0.288087602832,-0.0169527682443,-0.114751351907,-0.0302219160628,-0.0791644518158,0.0904113220598,0.934117159993,0.223502875777,0.264948314016
