bax0,bay0,baz0,bgx0,bgy0,bgz0,gax0,gay0,gaz0,bax1,bay1,baz1,bgx1,bgy1,bgz1,gax1,gay1,gaz1,bax2,bay2,baz2,bgx2,bgy2,bgz2,gax2,gay2,gaz2,bax3,bay3,baz3,bgx3,bgy3,bgz3,gax3,gay3,gaz3,bax4,bay4,baz4,bgx4,bgy4,bgz4,gax4,gay4,gaz4
0.295777813823,-0.0879165432938,-0.103145737664,-0.0441514277837,-0.067805484956,0.288609959726,1.01962721473,0.0886359044974,0.00847547608072,0.299131722008,-0.0300387426867,-0.111412546083,-0.0379171128245,-0.120861055883,0.203072309704,1.01992611066,0.0461373505664,0.0126923776802,0.292214944558,-0.015278068953,-0.128189588849,-0.0319846482207,-0.105435838509,0.0920040732106,1.02495470142,0.0488704218709,0.0105488761742,0.291230836133,0.000285775025545,-0.114348625998,-0.0280857995465,-0.0812785882705,0.0994508566764,1.01960663717,0.0497839180047,0.00673003007444,0.290388630977,-0.0250123840002,-0.113360229123,-0.026019010314,-0.0842691895414,0.0682300299266,1.02306044922,0.0590037536306,0.00898710579967
