bax0,bay0,baz0,bgx0,bgy0,bgz0,gax0,gay0,gaz0,bax1,bay1,baz1,bgx1,bgy1,bgz1,gax1,gay1,gaz1,bax2,bay2,baz2,bgx2,bgy2,bgz2,gax2,gay2,gaz2,bax3,bay3,baz3,bgx3,bgy3,bgz3,gax3,gay3,gaz3,bax4,bay4,baz4,bgx4,bgy4,bgz4,gax4,gay4,gaz4
0.284628296866,-0.018824538936,-0.12319041052,-0.0272129157496,-0.0916041533415,0.0758342315553,1.0215779688,0.0548791420614,0.0125231822389,0.291869126512,-0.0192570734035,-0.117869250946,-0.0294459044209,-0.0720570920077,0.0907480562551,1.02058993787,0.0476674754646,0.00590420860384,0.292263152586,-0.0142995144795,-0.104557859323,-0.0275207897488,-0.0551384660532,0.0894945692678,1.02233318239,0.0524608003829,0.00539066989916,0.283635030302,-0.00788525811275,-0.103097475495,-0.029979910478,-0.0744589204469,0.0868187062899,1.02123133658,0.0554676958163,0.0130541425598,0.290793336447,-0.0159740696688,-0.102969567499,-0.0279992353206,-0.091578488003,0.0929340844705,1.01906248852,0.0618401877678,0.0177913576766
