bax0,bay0,baz0,bgx0,bgy0,bgz0,gax0,gay0,gaz0,bax1,bay1,baz1,bgx1,bgy1,bgz1,gax1,gay1,gaz1,bax2,bay2,baz2,bgx2,bgy2,bgz2,gax2,gay2,gaz2,bax3,bay3,baz3,bgx3,bgy3,bgz3,gax3,gay3,gaz3,bax4,bay4,baz4,bgx4,bgy4,bgz4,gax4,gay4,gaz4
0.288752702788,-0.0183699055651,-0.129919382367,-0.0285457049592,-0.0985479850863,0.103892983553,1.02015955091,0.0596828608131,0.0172957425543,0.292505258559,-0.0213800395024,-0.125688240414,-0.0315436080579,-0.07548212591,0.0933986871427,1.02000165385,0.0606198792668,0.00828041179598,0.290449195487,-0.0212954987773,-0.108877743691,-0.0253357985979,-0.0686756193975,0.0883371180959,1.01974813125,0.0542228605108,0.00941900566815,0.291779944828,-0.0186375244906,-0.102968014192,-0.0301736740582,-0.0691131246498,0.0945582969436,1.02030806001,0.0564879509766,0.00921177287859,0.286630429026,-0.0164836529884,-0.110124475917,-0.034726154446,-0.0646694094141,0.0901678906147,1.02132795013,0.0574058623168,0.0123250108068
