bax0,bay0,baz0,bgx0,bgy0,bgz0,gax0,gay0,gaz0,bax1,bay1,baz1,bgx1,bgy1,bgz1,gax1,gay1,gaz1,bax2,bay2,baz2,bgx2,bgy2,bgz2,gax2,gay2,gaz2,bax3,bay3,baz3,bgx3,bgy3,bgz3,gax3,gay3,gaz3,bax4,bay4,baz4,bgx4,bgy4,bgz4,gax4,gay4,gaz4
0.293397218767,-0.0189201360472,-0.1243034399,-0.0251505994534,-0.10464422768,0.0981461120852,1.02021384209,0.0572072697388,0.0159034345555,0.291843653068,-0.0158034287667,-0.121554628182,-0.0337040480206,-0.0773341368508,0.0959506040633,1.01783351595,0.061586635364,0.00829503583058,0.289674140715,-0.0220890280142,-0.10392358787,-0.0268591549573,-0.0663106940417,0.0873148521839,1.02222848269,0.0606319517068,0.00996114246597,0.293505735962,-0.0170180561881,-0.105402621023,-0.0233858129401,-0.0704900689602,0.0908206899102,1.01980364665,0.0555464414506,0.00707616876543,0.287894121999,-0.018642471874,-0.110748623256,-0.0319639098736,-0.0753425281538,0.0904925453024,1.02034375761,0.0557128779576,0.0154185594401
