bax0,bay0,baz0,bgx0,bgy0,bgz0,gax0,gay0,gaz0,bax1,bay1,baz1,bgx1,bgy1,bgz1,gax1,gay1,gaz1,bax2,bay2,baz2,bgx2,bgy2,bgz2,gax2,gay2,gaz2,bax3,bay3,baz3,bgx3,bgy3,bgz3,gax3,gay3,gaz3,bax4,bay4,baz4,bgx4,bgy4,bgz4,gax4,gay4,gaz4
0.290489405625,-0.0126326923071,-0.10979823868,-0.031259817879,-0.0804608683094,0.0934100152897,1.01592201818,0.0949451771415,0.00500485537743,0.288289392421,-0.0172819123743,-0.110730268307,-0.0281371229246,-0.0731118312727,0.087119908971,1.01550382748,0.0928408392599,-0.000762212829408,0.294324761274,-0.0128591449293,-0.113387905157,-0.0314594577598,-0.0831168052676,0.0874402804418,1.01636315247,0.0938636671125,0.00718434093988,0.290748157692,-0.0180516219993,-0.117126483934,-0.0282792327092,-0.0739529184502,0.0857719892182,1.0140385209,0.0922829633857,0.00646480010783,0.290922575056,-0.0144352869761,-0.106797766068,-0.0292969613761,-0.0810944184,0.0913754296103,1.01534769537,0.0994922879595,0.0127579473875
