bax0,bay0,baz0,bgx0,bgy0,bgz0,gax0,gay0,gaz0,bax1,bay1,baz1,bgx1,bgy1,bgz1,gax1,gay1,gaz1,bax2,bay2,baz2,bgx2,bgy2,bgz2,gax2,gay2,gaz2,bax3,bay3,baz3,bgx3,bgy3,bgz3,gax3,gay3,gaz3,bax4,bay4,baz4,bgx4,bgy4,bgz4,gax4,gay4,gaz4
0.287666995082,-0.0180786585817,-0.118688162327,-0.0467425683329,-0.172840727007,0.181741606226,0.419681984416,0.567873397516,0.601891833616,0.29178731349,-0.0197476689716,-0.117654245951,-0.0285225108997,-0.111357114801,0.110859056944,0.419323746279,0.570341531626,0.597973108891,0.294245276338,-0.0192858399295,-0.119964953492,-0.0329765412857,-0.067868485859,0.103989663587,0.418461708569,0.572504140136,0.601818511732,0.292652847814,-0.0186848611215,-0.114412428233,-0.0345678815406,-0.052051860785,0.081060644916,0.422489371643,0.571478856511,0.598044427872,0.290900798677,-0.0151599174126,-0.11140826911,-0.0296995580323,-0.067273900488,0.0822352306313,0.419122489653,0.571888633543,0.596997238512
