bax0,bay0,baz0,bgx0,bgy0,bgz0,gax0,gay0,gaz0,bax1,bay1,baz1,bgx1,bgy1,bgz1,gax1,gay1,gaz1,bax2,bay2,baz2,bgx2,bgy2,bgz2,gax2,gay2,gaz2,bax3,bay3,baz3,bgx3,bgy3,bgz3,gax3,gay3,gaz3,bax4,bay4,baz4,bgx4,bgy4,bgz4,gax4,gay4,gaz4
0.297326939989,-0.0167104077112,-0.107644688712,-0.0293940845071,-0.0691551440195,0.0881255991661,0.421503696983,0.573517352331,0.598051574227,0.291368148712,-0.0165896388957,-0.109154376207,-0.0303196730203,-0.0833401743579,0.087184665465,0.422458309917,0.572821573142,0.597484268333,0.291780798059,-0.0177172649368,-0.110049956614,-0.028578833806,-0.078813585441,0.0932383244862,0.417743457723,0.574701216865,0.596138123443,0.29236123383,-0.0183974498726,-0.121465884798,-0.0293106584959,-0.0748995013825,0.0889870420298,0.425127434138,0.571452940565,0.599607346628,0.298725673254,-0.0176566168719,-0.128683297125,-0.0274292063818,-0.0893306075107,0.0957524983119,0.426224283337,0.574263583904,0.593119041562
