bax0,bay0,baz0,bgx0,bgy0,bgz0,gax0,gay0,gaz0,bax1,bay1,baz1,bgx1,bgy1,bgz1,gax1,gay1,gaz1,bax2,bay2,baz2,bgx2,bgy2,bgz2,gax2,gay2,gaz2,bax3,bay3,baz3,bgx3,bgy3,bgz3,gax3,gay3,gaz3,bax4,bay4,baz4,bgx4,bgy4,bgz4,gax4,gay4,gaz4
0.286444260671,-0.0165999215919,-0.10324892728,-0.0381251397177,-0.0518322701287,0.100066932944,0.472248694367,0.546380789712,0.605190747353,0.272617815715,-0.0252807647728,-0.0637227992454,-0.239958381239,0.104723745977,-0.549082510731,0.968253464053,-0.00633281933162,0.170617367067,0.298612835758,-0.00221867865117,-0.0846959485511,-0.131088854341,0.0119937232096,-0.178568177118,1.0403804452,0.000905063246635,0.146049632826,0.290760810118,-0.00565176223758,-0.106539579831,-0.0628036557293,-0.0447412515782,0.00419953617762,1.01064241228,-0.0195959458554,0.156900720955,0.276050765944,-0.023979228312,-0.0813221953664,-0.0232585294942,-0.0643398160139,0.10164302147,0.974725207405,-0.0358753262811,0.187172981504
