bax0,bay0,baz0,bgx0,bgy0,bgz0,gax0,gay0,gaz0,bax1,bay1,baz1,bgx1,bgy1,bgz1,gax1,gay1,gaz1,bax2,bay2,baz2,bgx2,bgy2,bgz2,gax2,gay2,gaz2,bax3,bay3,baz3,bgx3,bgy3,bgz3,gax3,gay3,gaz3,bax4,bay4,baz4,bgx4,bgy4,bgz4,gax4,gay4,gaz4
0.297289224475,-0.0247301270767,-0.138495821164,-0.0276949021328,-0.105526762405,0.0919834473332,1.00047804044,-0.0363732342329,0.192549730696,0.297049999442,-0.0242708232726,-0.164677667847,-0.027955858065,-0.0697705305223,0.0867792500798,1.00709815159,-0.0349952725644,0.183859419794,0.300963200789,-0.0108456997196,-0.118433043625,-0.0295982328111,-0.0623563197859,0.0882155705932,1.00721829094,-0.0320043488807,0.175038764839,0.285691107356,-0.0114514110473,-0.111694540388,-0.0297025591777,-0.062953988398,0.0957300129496,1.00578134967,-0.0296119158638,0.168342651596,0.291549239556,-0.0148573513253,-0.0990387285254,-0.0299624968007,-0.0675123468378,0.0808637678969,1.0080863481,-0.0288297918788,0.162937196285
