bax0,bay0,baz0,bgx0,bgy0,bgz0,gax0,gay0,gaz0,bax1,bay1,baz1,bgx1,bgy1,bgz1,gax1,gay1,gaz1,bax2,bay2,baz2,bgx2,bgy2,bgz2,gax2,gay2,gaz2,bax3,bay3,baz3,bgx3,bgy3,bgz3,gax3,gay3,gaz3,bax4,bay4,baz4,bgx4,bgy4,bgz4,gax4,gay4,gaz4
0.291559511016,-0.0643960068304,-0.162559912808,-0.0199597814296,-0.267451725914,0.385887994038,0.811204646601,0.381544610029,0.384740762295,0.307296066978,-0.0213848366595,-0.129182300658,-0.0313315624969,-0.200454367858,0.281581214002,0.807505080623,0.368608781021,0.361369815528,0.295947620084,-0.0182245821208,-0.118873354552,-0.0406709467491,-0.124233094191,0.183486874557,0.818232013018,0.368340076644,0.351172877852,0.299045690836,-0.0186884694532,-0.118635158039,-0.0332046421256,-0.0841964127727,0.109757511016,0.817580228378,0.375494228147,0.344481883695,0.283703907934,-0.0205469156891,-0.108935881074,-0.0317515982752,-0.0864059961606,0.0929618192932,0.818531490634,0.373793586502,0.345671812681
