bax0,bay0,baz0,bgx0,bgy0,bgz0,gax0,gay0,gaz0,bax1,bay1,baz1,bgx1,bgy1,bgz1,gax1,gay1,gaz1,bax2,bay2,baz2,bgx2,bgy2,bgz2,gax2,gay2,gaz2,bax3,bay3,baz3,bgx3,bgy3,bgz3,gax3,gay3,gaz3,bax4,bay4,baz4,bgx4,bgy4,bgz4,gax4,gay4,gaz4
0.297966442189,-0.0536015322312,-0.172233486757,-0.0232977126079,-0.271326802744,0.359381798248,0.807194179569,0.381445416748,0.384319773384,0.303816929243,-0.0212734293806,-0.130509231473,-0.0273277397554,-0.193787025832,0.26246133356,0.807713446886,0.359578035586,0.363683684783,0.293707825969,-0.00902219576264,-0.127024060066,-0.0267925783523,-0.0942070961329,0.160137499051,0.813968919335,0.368335791862,0.361704239716,0.284064995797,-0.00536248793812,-0.127274663212,-0.0309568736409,-0.0951063499005,0.0955164040932,0.815287674862,0.370131799928,0.351884026259,0.285675414816,-0.0128459745749,-0.110345323107,-0.031804725044,-0.07216739812,0.0848914357924,0.81879919487,0.379958607952,0.353877135144
