bax0,bay0,baz0,bgx0,bgy0,bgz0,gax0,gay0,gaz0,bax1,bay1,baz1,bgx1,bgy1,bgz1,gax1,gay1,gaz1,bax2,bay2,baz2,bgx2,bgy2,bgz2,gax2,gay2,gaz2,bax3,bay3,baz3,bgx3,bgy3,bgz3,gax3,gay3,gaz3,bax4,bay4,baz4,bgx4,bgy4,bgz4,gax4,gay4,gaz4
0.291144464654,-0.0521958221768,-0.155039810349,-0.0164163505748,-0.289801961559,0.378627233659,0.809625912722,0.394305434877,0.387199549108,0.302432128852,-0.00948000166509,-0.127445029505,-0.0267121245882,-0.2093755813,0.247953716824,0.808935368415,0.366921829635,0.375233568156,0.296492946249,-0.012222302079,-0.133242554369,-0.0335005240081,-0.11789534087,0.176888979849,0.814484584528,0.366748326964,0.355925808497,0.286254377916,-0.014466893589,-0.12923862975,-0.033821013764,-0.125505753242,0.136540894705,0.81378160102,0.380773766958,0.345496872593,0.279341342247,-0.0220504248958,-0.120784727268,-0.0332718732779,-0.0978191809401,0.0660032699129,0.819740476378,0.377388690111,0.345595850127
