bax0,bay0,baz0,bgx0,bgy0,bgz0,gax0,gay0,gaz0,bax1,bay1,baz1,bgx1,bgy1,bgz1,gax1,gay1,gaz1,bax2,bay2,baz2,bgx2,bgy2,bgz2,gax2,gay2,gaz2,bax3,bay3,baz3,bgx3,bgy3,bgz3,gax3,gay3,gaz3,bax4,bay4,baz4,bgx4,bgy4,bgz4,gax4,gay4,gaz4
0.297483654166,-0.0195758536909,-0.116241124567,-0.0303463630457,-0.0663947370763,0.0899184848981,0.82045139957,0.376268858844,0.3424529623,0.289795280841,-0.0184356280764,-0.115068352112,-0.0291281728353,-0.0771343748097,0.0899700027362,0.821575545332,0.376571776277,0.346209865179,0.288608630442,-0.0172412937497,-0.110385515526,-0.0315304487704,-0.0709282647927,0.0904540579049,0.820369474317,0.377123678458,0.340375691896,0.288221081637,-0.0179938317511,-0.10577750814,-0.0298344235882,-0.0791539211587,0.0928272733671,0.819497326981,0.376114333861,0.343645666325,0.288487102209,-0.0182568199129,-0.115905718444,-0.0275627792387,-0.0855857813242,0.0926287554036,0.819404810923,0.376196456773,0.344209145995
