bax0,bay0,baz0,bgx0,bgy0,bgz0,gax0,gay0,gaz0,bax1,bay1,baz1,bgx1,bgy1,bgz1,gax1,gay1,gaz1,bax2,bay2,baz2,bgx2,bgy2,bgz2,gax2,gay2,gaz2,bax3,bay3,baz3,bgx3,bgy3,bgz3,gax3,gay3,gaz3,bax4,bay4,baz4,bgx4,bgy4,bgz4,gax4,gay4,gaz4
0.387425805225,-0.111726685392,-0.215463307137,-0.278863852098,-0.127736750428,-0.733704869311,0.957345605906,0.174673030682,0.265411776268,0.273314603672,-0.00129151064494,-0.119803390887,-0.213869813117,-0.0749505051496,-0.44034641247,0.979237311344,0.0965950335561,0.238642626823,0.288933565587,-0.00135139153302,-0.0883776120765,-0.0985093354468,-0.0779472695325,-0.124876153561,0.987322911861,0.111228910734,0.234159430268,0.289212132026,-0.0321813248737,-0.0897790828893,-0.0893798114095,-0.0820605007197,0.0228029449168,0.981164035704,0.124692580622,0.219352451139,0.298533710323,-0.00886006532692,-0.119275017774,-0.0109242339792,-0.0799799203875,0.0968732363826,0.976069560446,0.10166319917,0.217323392928
