bax0,bay0,baz0,bgx0,bgy0,bgz0,gax0,gay0,gaz0,bax1,bay1,baz1,bgx1,bgy1,bgz1,gax1,gay1,gaz1,bax2,bay2,baz2,bgx2,bgy2,bgz2,gax2,gay2,gaz2,bax3,bay3,baz3,bgx3,bgy3,bgz3,gax3,gay3,gaz3,bax4,bay4,baz4,bgx4,bgy4,bgz4,gax4,gay4,gaz4
0.384805351385,-0.127631129937,-0.215056657095,-0.230560550479,-0.123727336609,-0.766778191958,0.952629950114,0.174077177695,0.271760690991,0.28100747418,0.0241142800827,-0.104091848247,-0.1723413515,-0.0647382811478,-0.453406286152,0.989323893257,0.103963202192,0.231091964615,0.287516913055,-0.0189702761123,-0.102546511067,-0.115109701129,-0.0695765257759,-0.197690672388,0.972608310382,0.126804811593,0.234974234072,0.294379766421,-0.0287009734307,-0.104224468531,-0.063316094885,-0.0786503703938,0.0110076210763,0.967211860723,0.111239703147,0.230862888181,0.271092583627,-0.00514358980811,-0.104775544767,-0.0322751167361,-0.0785564748823,0.110352994502,0.975697972589,0.111730560315,0.245780596181
