bax0,bay0,baz0,bgx0,bgy0,bgz0,gax0,gay0,gaz0,bax1,bay1,baz1,bgx1,bgy1,bgz1,gax1,gay1,gaz1,bax2,bay2,baz2,bgx2,bgy2,bgz2,gax2,gay2,gaz2,bax3,bay3,baz3,bgx3,bgy3,bgz3,gax3,gay3,gaz3,bax4,bay4,baz4,bgx4,bgy4,bgz4,gax4,gay4,gaz4
0.293600467385,-0.0198443963524,-0.120703950309,-0.0325404862862,-0.0785766588307,0.0934216489123,0.980486320134,0.124520898789,0.229716269313,0.299247146279,-0.0207458061112,-0.138101509025,-0.0324188357595,-0.0952811775937,0.0975995413726,0.975265750535,0.120081837745,0.222772610827,0.30155782386,-0.0223174026927,-0.152428480907,-0.0296921603967,-0.104435589642,0.11500313546,0.983240871368,0.117591064282,0.233404740507,0.316310536371,-0.0436345298187,-0.152460102999,-0.0296578211773,-0.0620347227305,0.104297111305,0.98446860589,0.11106389018,0.217421060775,0.288112344309,-0.021374008194,-0.102588949199,-0.0301380588712,-0.0187543657994,0.0629362543793,0.982638075765,0.107103656974,0.205786277427
