bax0,bay0,baz0,bgx0,bgy0,bgz0,gax0,gay0,gaz0,bax1,bay1,baz1,bgx1,bgy1,bgz1,gax1,gay1,gaz1,bax2,bay2,baz2,bgx2,bgy2,bgz2,gax2,gay2,gaz2,bax3,bay3,baz3,bgx3,bgy3,bgz3,gax3,gay3,gaz3,bax4,bay4,baz4,bgx4,bgy4,bgz4,gax4,gay4,gaz4
0.294705831539,-0.0209728088126,-0.110011129746,-0.0310611422737,-0.0787389590477,0.0985666307572,0.974297063176,0.131424192726,0.234579700254,0.29699948294,-0.0248188007301,-0.1184569476,-0.0300593516518,-0.090788165859,0.10126198068,0.975745112054,0.123171748727,0.229273326534,0.301519893722,-0.0315305798216,-0.135594282087,-0.0273842707861,-0.113232614867,0.106707822959,0.975206994741,0.117706432,0.224086800019,0.30089922406,-0.0302114162319,-0.156787531071,-0.0300118431345,-0.07041278333,0.0970028805272,0.982687787186,0.104278018675,0.227125754546,0.295993003556,-0.0141800164917,-0.110829918418,-0.0306332927885,-0.0367286286642,0.0629375882416,0.994719591515,0.0991281655039,0.204326573914
