bax0,bay0,baz0,bgx0,bgy0,bgz0,gax0,gay0,gaz0,bax1,bay1,baz1,bgx1,bgy1,bgz1,gax1,gay1,gaz1,bax2,bay2,baz2,bgx2,bgy2,bgz2,gax2,gay2,gaz2,bax3,bay3,baz3,bgx3,bgy3,bgz3,gax3,gay3,gaz3,bax4,bay4,baz4,bgx4,bgy4,bgz4,gax4,gay4,gaz4
0.114106870773,0.0478020396543,-0.00116430248855,-0.0293872994792,-0.38173157927,0.412323470429,0.716089063591,0.379657412469,0.46339403083,0.308265907867,-0.0272465047906,-0.134175360517,-0.0282739852568,-0.30848937899,0.330273514402,0.672017702168,0.420013079908,0.517894233173,0.292907360201,-0.0189776740838,-0.0875751050776,-0.0284878518082,-0.211433170222,0.200433205579,0.670703847148,0.420604488443,0.503997033465,0.277328308878,-0.0100740657799,-0.0950754311613,-0.0279279153754,-0.140237884947,0.111853361427,0.663663991215,0.417328380768,0.522255648037,0.301443832256,-0.00292462699451,-0.131988600502,-0.0289466937604,-0.11398551041,0.0959971356462,0.677201290778,0.413539569737,0.504399553585
