bax0,bay0,baz0,bgx0,bgy0,bgz0,gax0,gay0,gaz0,bax1,bay1,baz1,bgx1,bgy1,bgz1,gax1,gay1,gaz1,bax2,bay2,baz2,bgx2,bgy2,bgz2,gax2,gay2,gaz2,bax3,bay3,baz3,bgx3,bgy3,bgz3,gax3,gay3,gaz3,bax4,bay4,baz4,bgx4,bgy4,bgz4,gax4,gay4,gaz4
0.29837353533,-0.0191806446449,-0.119094856511,-0.0283652751254,-0.0657623430164,0.082987938717,0.672559017921,0.420500739083,0.503220439178,0.29335894878,-0.016292510761,-0.111215157332,-0.0272717759287,-0.0617199208073,0.0761152632955,0.674221830039,0.417000432703,0.503781329148,0.290008336698,-0.0175887940679,-0.110040827917,-0.0279385284625,-0.0742445178443,0.0825883365124,0.674636212322,0.418176927668,0.507642062547,0.288734795418,-0.0171761587174,-0.117771905674,-0.0291302318653,-0.0766977959009,0.0888872832517,0.674154961909,0.420240412373,0.509019261458,0.289223964243,-0.0197525212238,-0.112531161387,-0.0285032615842,-0.0723114153525,0.0887424852233,0.673559166423,0.420207478772,0.505887923539
