bax0,bay0,baz0,bgx0,bgy0,bgz0,gax0,gay0,gaz0,bax1,bay1,baz1,bgx1,bgy1,bgz1,gax1,gay1,gaz1,bax2,bay2,baz2,bgx2,bgy2,bgz2,gax2,gay2,gaz2,bax3,bay3,baz3,bgx3,bgy3,bgz3,gax3,gay3,gaz3,bax4,bay4,baz4,bgx4,bgy4,bgz4,gax4,gay4,gaz4
0.298984568724,-0.0184439784448,-0.114801280612,-0.0299519294501,-0.0642992515182,0.0843973166098,0.674186910166,0.419956510639,0.505901051852,0.293866640729,-0.0175810570545,-0.112763207593,-0.0284237588746,-0.0697578673713,0.0841703325218,0.674845611167,0.417258112463,0.504881225305,0.288745632394,-0.0158489784742,-0.112861876434,-0.0288466181742,-0.0671789044839,0.0788051813569,0.674723479837,0.417216191864,0.503504226982,0.290171740977,-0.0182144749583,-0.116033077495,-0.0321340966506,-0.0758838671316,0.088016688874,0.674228927784,0.418678257075,0.506439825904,0.293033843567,-0.0217471303824,-0.118976225365,-0.0293131677571,-0.0700242913529,0.0890471239621,0.675351002885,0.41897649543,0.506271923662
