bax0,bay0,baz0,bgx0,bgy0,bgz0,gax0,gay0,gaz0,bax1,bay1,baz1,bgx1,bgy1,bgz1,gax1,gay1,gaz1,bax2,bay2,baz2,bgx2,bgy2,bgz2,gax2,gay2,gaz2,bax3,bay3,baz3,bgx3,bgy3,bgz3,gax3,gay3,gaz3,bax4,bay4,baz4,bgx4,bgy4,bgz4,gax4,gay4,gaz4
0.296818496598,-0.0192275409023,-0.114188757384,-0.0300203662326,-0.063041602196,0.0737097591058,0.673251022473,0.419928176799,0.503673004452,0.290168106303,-0.020137251885,-0.106640809729,-0.0281159351071,-0.0578110430227,0.0811730670271,0.673233432138,0.417801357731,0.504126080115,0.286136385443,-0.0187098760454,-0.10821294561,-0.0287130497791,-0.0701015878786,0.0771586604495,0.672993997168,0.417414839679,0.506292233852,0.290995957037,-0.0161874263678,-0.111347667381,-0.029379422259,-0.0693064579839,0.0869133836809,0.673928680492,0.417130752876,0.506790276146,0.293834350187,-0.0196024588834,-0.11559558817,-0.0287413431313,-0.0743656801424,0.0916515557937,0.674637749281,0.418926459418,0.504755421034
