bax0,bay0,baz0,bgx0,bgy0,bgz0,gax0,gay0,gaz0,bax1,bay1,baz1,bgx1,bgy1,bgz1,gax1,gay1,gaz1,bax2,bay2,baz2,bgx2,bgy2,bgz2,gax2,gay2,gaz2,bax3,bay3,baz3,bgx3,bgy3,bgz3,gax3,gay3,gaz3,bax4,bay4,baz4,bgx4,bgy4,bgz4,gax4,gay4,gaz4
0.285160576623,-0.0198556174638,-0.119572224356,-0.0252463572992,-0.0784538205886,0.105691194631,0.663944936777,0.405293370949,0.514251546861,0.30313791025,-0.0211487045601,-0.114321687167,-0.0455897354673,-0.04221691066,0.0618268889998,0.715618759405,0.429701582792,0.516286748035,0.284004164274,-0.0216416873023,-0.107158804584,-0.0236947786686,-0.0674111584021,0.0526895483867,0.636612182002,0.416918487269,0.477005610921,0.317940173114,-0.019686872035,-0.213997715179,-0.270007260982,0.204631614254,-0.503523363941,0.965104822486,0.0829522644259,0.227607019585,0.314403857107,-0.021258939863,-0.126818693954,-0.149515366481,0.100309597291,-0.254597499777,0.986381907077,0.140564571516,0.207023328081
