bax0,bay0,baz0,bgx0,bgy0,bgz0,gax0,gay0,gaz0,bax1,bay1,baz1,bgx1,bgy1,bgz1,gax1,gay1,gaz1,bax2,bay2,baz2,bgx2,bgy2,bgz2,gax2,gay2,gaz2,bax3,bay3,baz3,bgx3,bgy3,bgz3,gax3,gay3,gaz3,bax4,bay4,baz4,bgx4,bgy4,bgz4,gax4,gay4,gaz4
0.2850015803,-0.0118490690702,-0.104142876124,-0.0735966389067,-0.000225015015811,0.000220402223683,0.990240840486,0.0957726858403,0.195580595486,0.291951295159,-0.0126620769454,-0.111064630166,-0.0212317993089,-0.0751559797411,0.093222665104,0.985992075593,0.0981015894107,0.202824222153,0.293840097909,-0.018011014344,-0.111847245643,-0.0190685377971,-0.0908068451022,0.134111970494,0.984692902399,0.0988210414978,0.2009108951,0.293971543893,-0.0168573489392,-0.113484426769,-0.0166114719363,-0.0900247434237,0.120419063171,0.989810915461,0.0969989100889,0.20833724734,0.292039927118,-0.0177821976462,-0.106434951597,-0.0160877558364,-0.0968932185235,0.120178920955,0.988297674312,0.0981167594928,0.209776982056
