bax0,bay0,baz0,bgx0,bgy0,bgz0,gax0,gay0,gaz0,bax1,bay1,baz1,bgx1,bgy1,bgz1,gax1,gay1,gaz1,bax2,bay2,baz2,bgx2,bgy2,bgz2,gax2,gay2,gaz2,bax3,bay3,baz3,bgx3,bgy3,bgz3,gax3,gay3,gaz3,bax4,bay4,baz4,bgx4,bgy4,bgz4,gax4,gay4,gaz4
0.286742906755,-0.0120332294991,-0.103564439858,-0.0599187631361,-0.00430415210493,0.00568065070419,0.98735386198,0.0955004936506,0.20387767371,0.287240008852,-0.0165149636875,-0.105964498834,-0.0342390845033,-0.0739074914068,0.105144289575,0.987066690552,0.0978998864275,0.209304004239,0.292826575853,-0.0133553028902,-0.109027699022,-0.0210730094639,-0.100221864198,0.126438134025,0.987801215201,0.0973853850282,0.202808617471,0.288540636712,-0.017373029647,-0.11003845349,-0.0130169180786,-0.0813967159232,0.136761747748,0.985550203822,0.0980807772451,0.203722821795,0.289838047004,-0.0176266854893,-0.109451924243,-0.0222872603101,-0.0854326569989,0.115162367652,0.986979449973,0.098380788549,0.203175883548
