bax0,bay0,baz0,bgx0,bgy0,bgz0,gax0,gay0,gaz0,bax1,bay1,baz1,bgx1,bgy1,bgz1,gax1,gay1,gaz1,bax2,bay2,baz2,bgx2,bgy2,bgz2,gax2,gay2,gaz2,bax3,bay3,baz3,bgx3,bgy3,bgz3,gax3,gay3,gaz3,bax4,bay4,baz4,bgx4,bgy4,bgz4,gax4,gay4,gaz4
0.291207901942,-0.0125602263946,-0.103628768763,-0.0265119887955,-0.0913616468697,0.0909718447102,0.986428223842,0.102068962341,0.211501403673,0.292766758295,-0.018685036454,-0.114869153572,-0.0259435932569,-0.0864846856828,0.0903754529611,0.98352791501,0.102647108868,0.214983998245,0.290851982,-0.0177174703319,-0.115638017526,-0.0337067859667,-0.0814835591425,0.0915438935645,0.985310073331,0.1038968451,0.215721201332,0.290884125524,-0.0209780195217,-0.117526701617,-0.0265853856456,-0.0819978852694,0.0911593758863,0.983955594277,0.102635040597,0.218363208386,0.29077003146,-0.0195426977002,-0.11861749544,-0.0291842149064,-0.0789509979159,0.091863968518,0.984264789403,0.103246781327,0.212939024039
