bax0,bay0,baz0,bgx0,bgy0,bgz0,gax0,gay0,gaz0,bax1,bay1,baz1,bgx1,bgy1,bgz1,gax1,gay1,gaz1,bax2,bay2,baz2,bgx2,bgy2,bgz2,gax2,gay2,gaz2,bax3,bay3,baz3,bgx3,bgy3,bgz3,gax3,gay3,gaz3,bax4,bay4,baz4,bgx4,bgy4,bgz4,gax4,gay4,gaz4
0.297633503804,-0.0195368624836,-0.108758467477,-0.0289973242439,-0.0810714444705,0.0915024062076,0.985249576661,0.0988011061222,0.213672178065,0.296802738589,-0.0182599495535,-0.106954491159,-0.0267828290624,-0.0730858362135,0.0913297693038,0.984146647061,0.1017419286,0.217049870758,0.292023228927,-0.00981345807221,-0.108691614841,-0.0309106580527,-0.077951826023,0.0824900897344,0.985958866222,0.0994275931825,0.215083324197,0.292735915449,-0.0172152331786,-0.114425383822,-0.0283988181278,-0.0765682809056,0.0932019824949,0.983402919713,0.103054172818,0.214657360933,0.289355309865,-0.0202790375678,-0.120145793301,-0.0298025465004,-0.0782540968461,0.0898568334303,0.984472050138,0.104331494084,0.22010508953
