bax0,bay0,baz0,bgx0,bgy0,bgz0,gax0,gay0,gaz0,bax1,bay1,baz1,bgx1,bgy1,bgz1,gax1,gay1,gaz1,bax2,bay2,baz2,bgx2,bgy2,bgz2,gax2,gay2,gaz2,bax3,bay3,baz3,bgx3,bgy3,bgz3,gax3,gay3,gaz3,bax4,bay4,baz4,bgx4,bgy4,bgz4,gax4,gay4,gaz4
0.294111441764,-0.0179422870117,-0.10921918702,-0.0292880592624,-0.0780969460922,0.0935449501888,0.985082152614,0.0998714174189,0.212377586325,0.293754457761,-0.017816896905,-0.114853125952,-0.0286658539728,-0.0783624502634,0.0900266910125,0.982944009101,0.099528391096,0.220729652066,0.288466297123,-0.0174528861134,-0.108296662801,-0.0293308599573,-0.0744590668387,0.0815871879482,0.986509547147,0.104254503272,0.216629377693,0.293803708206,-0.0168079517386,-0.117956185076,-0.0291877248332,-0.0844821452287,0.095924925817,0.984187083828,0.104818096083,0.218327815987,0.293387216833,-0.017835515122,-0.118049842366,-0.029562693427,-0.0779771101874,0.0895118879025,0.984151210606,0.103099640765,0.21708440802
