bax0,bay0,baz0,bgx0,bgy0,bgz0,gax0,gay0,gaz0,bax1,bay1,baz1,bgx1,bgy1,bgz1,gax1,gay1,gaz1,bax2,bay2,baz2,bgx2,bgy2,bgz2,gax2,gay2,gaz2,bax3,bay3,baz3,bgx3,bgy3,bgz3,gax3,gay3,gaz3,bax4,bay4,baz4,bgx4,bgy4,bgz4,gax4,gay4,gaz4
0.293867464598,-0.0138462190657,-0.0873084813578,-0.0335026673883,-0.083258326949,0.0754333188582,0.988016431095,0.0803948414935,0.22375855891,0.274423660792,-0.0251623936459,-0.114738468048,-0.0289974358672,-0.0845954327846,0.0756792204423,1.00136714144,0.120954146365,0.256006528196,0.160597497887,0.0414470591517,0.0421504400677,-0.0260488126773,-0.286269824906,0.307054739513,0.903842091775,0.264289093082,0.297499995333,0.285197765681,-0.0238150302385,-0.129647177277,-0.0179085938455,-0.274545796216,0.249235464045,0.844325387279,0.282433911401,0.372303310256,0.291741958141,-0.0171572836893,-0.0844623908292,-0.0244628308611,-0.160718025358,0.209582782959,0.8718621479,0.283033681541,0.371778544506
