bax0,bay0,baz0,bgx0,bgy0,bgz0,gax0,gay0,gaz0,bax1,bay1,baz1,bgx1,bgy1,bgz1,gax1,gay1,gaz1,bax2,bay2,baz2,bgx2,bgy2,bgz2,gax2,gay2,gaz2,bax3,bay3,baz3,bgx3,bgy3,bgz3,gax3,gay3,gaz3,bax4,bay4,baz4,bgx4,bgy4,bgz4,gax4,gay4,gaz4
0.297085711194,-0.0134586226457,-0.111392346311,-0.0301053963964,-0.0576056094966,0.0981794318681,0.989997137538,0.105391060213,0.192932804349,0.288089854869,-0.012195402198,-0.102500053043,-0.0276240694104,-0.0903571039481,0.0874668061471,0.986593486685,0.1253486229,0.251059135244,0.142368356814,0.0261249106201,0.0398486306161,-0.0301188809605,-0.303851257961,0.304110761602,0.900701682207,0.256326628494,0.320884799039,0.310943097868,-0.0164207141387,-0.133224119795,-0.0213605358114,-0.297668414845,0.255114447101,0.839379599264,0.286332500364,0.348560524138,0.281845702763,-0.0248096956667,-0.0842295606146,-0.019674590477,-0.193076965397,0.190749874593,0.866466558343,0.294230506106,0.391327828798
