bax0,bay0,baz0,bgx0,bgy0,bgz0,gax0,gay0,gaz0,bax1,bay1,baz1,bgx1,bgy1,bgz1,gax1,gay1,gaz1,bax2,bay2,baz2,bgx2,bgy2,bgz2,gax2,gay2,gaz2,bax3,bay3,baz3,bgx3,bgy3,bgz3,gax3,gay3,gaz3,bax4,bay4,baz4,bgx4,bgy4,bgz4,gax4,gay4,gaz4
0.307740443204,-0.0222906181973,-0.135339842393,-0.0281266305571,-0.0777247593489,0.0948286689335,0.848796763457,0.291300836681,0.383955753812,0.296766327885,-0.0160968186517,-0.116081798165,-0.0300213731925,-0.0648879705193,0.0830486019151,0.85217511981,0.291447230144,0.370409423761,0.290165719409,-0.0185537330492,-0.120056999868,-0.0287023154358,-0.0727555249038,0.0869430205026,0.851410297474,0.29041888395,0.368332178637,0.283724025685,-0.0119216150655,-0.108210178601,-0.0301179292499,-0.0762176250011,0.0870876650672,0.852625141986,0.289402403895,0.37378348157,0.286340658575,-0.0150113382859,-0.106796209934,-0.0297276728532,-0.0764949082615,0.0877614758112,0.851603302408,0.29197484616,0.378526978006
