bax0,bay0,baz0,bgx0,bgy0,bgz0,gax0,gay0,gaz0,bax1,bay1,baz1,bgx1,bgy1,bgz1,gax1,gay1,gaz1,bax2,bay2,baz2,bgx2,bgy2,bgz2,gax2,gay2,gaz2,bax3,bay3,baz3,bgx3,bgy3,bgz3,gax3,gay3,gaz3,bax4,bay4,baz4,bgx4,bgy4,bgz4,gax4,gay4,gaz4
0.29597592783,-0.0144297634997,-0.119566524767,-0.0179314647484,-0.0906297139881,0.0848582918082,0.84636962167,0.304987821115,0.375012529199,0.293568743979,-0.0210612500259,-0.118700582018,-0.0291410420086,-0.0980241454237,0.0604357095564,0.830336246711,0.28708486866,0.376332389248,0.2893298135,-0.0218082185429,-0.12045430437,-0.0376965631754,-0.0729223754458,0.105418448269,0.845252606155,0.31741032868,0.372835565868,0.306606882765,-0.039476029696,-0.142417990007,-0.235355080394,0.169743709971,-0.285076964526,1.01619291962,0.0862548799865,0.0965209340816,0.29863390281,-0.0154793294154,-0.120919413696,-0.165831509433,0.0509974801708,-0.0910806938053,1.00859078333,0.0781426381619,0.0501586816562
