bax0,bay0,baz0,bgx0,bgy0,bgz0,gax0,gay0,gaz0,bax1,bay1,baz1,bgx1,bgy1,bgz1,gax1,gay1,gaz1,bax2,bay2,baz2,bgx2,bgy2,bgz2,gax2,gay2,gaz2,bax3,bay3,baz3,bgx3,bgy3,bgz3,gax3,gay3,gaz3,bax4,bay4,baz4,bgx4,bgy4,bgz4,gax4,gay4,gaz4
0.285852598824,-0.0128052632633,-0.0999078376179,-0.0577080280266,-0.0519808539594,0.0586075598016,1.01818758906,0.0872693071537,0.0559756284194,0.293254164266,-0.0192975770034,-0.117474037407,-0.0241452411611,-0.0961335398684,0.119080979764,1.01406824417,0.0876940971492,0.0581846869427,0.291366241508,-0.0190938214571,-0.1100272968,-0.0087734056926,-0.104534750002,0.124794694729,1.01380416863,0.0869297708051,0.0631989660476,0.29382015479,-0.0136466782707,-0.115075228473,-0.00611005628563,-0.0900415955464,0.0956305542674,1.01392454247,0.0909643460957,0.0665715543625,0.282262640972,-0.0121705104091,-0.110310614944,-0.0288800845065,-0.0797244837305,0.105472972089,1.00959407577,0.09200300029,0.0673377411072
