bax0,bay0,baz0,bgx0,bgy0,bgz0,gax0,gay0,gaz0,bax1,bay1,baz1,bgx1,bgy1,bgz1,gax1,gay1,gaz1,bax2,bay2,baz2,bgx2,bgy2,bgz2,gax2,gay2,gaz2,bax3,bay3,baz3,bgx3,bgy3,bgz3,gax3,gay3,gaz3,bax4,bay4,baz4,bgx4,bgy4,bgz4,gax4,gay4,gaz4
0.287877851662,-0.0147104129692,-0.102175210116,-0.0538202031162,-0.0462175725715,0.0418467850698,1.01336909549,0.0861583784163,0.0535916338511,0.290785569765,-0.0167110610799,-0.119997267525,-0.0120698452394,-0.0959220633956,0.113339262859,1.0142669107,0.0889105763191,0.0660216100001,0.294962868708,-0.0184882604867,-0.108960951547,-0.0078789465869,-0.0995066913431,0.11931189258,1.01127515568,0.091884742197,0.065522906431,0.291921357763,-0.0217968603732,-0.113876626428,-0.0251066612807,-0.0947036786838,0.11911686236,1.0161221822,0.0920408576592,0.0588418372382,0.288656532674,-0.0109526826387,-0.101977644332,-0.0135932052663,-0.067219884816,0.0938111478955,1.0094694633,0.093055270264,0.0614869104569
