bax0,bay0,baz0,bgx0,bgy0,bgz0,gax0,gay0,gaz0,bax1,bay1,baz1,bgx1,bgy1,bgz1,gax1,gay1,gaz1,bax2,bay2,baz2,bgx2,bgy2,bgz2,gax2,gay2,gaz2,bax3,bay3,baz3,bgx3,bgy3,bgz3,gax3,gay3,gaz3,bax4,bay4,baz4,bgx4,bgy4,bgz4,gax4,gay4,gaz4
0.288671775415,-0.0199952169272,-0.106189791866,-0.030458103673,-0.0749989301291,0.0920839633533,1.01252397353,0.0931728204388,0.0768875975544,0.287985473318,-0.0188325677742,-0.115602312536,-0.0307763033704,-0.0767216763864,0.0860447751496,1.01276215878,0.0936627281017,0.0760602729477,0.293780604905,-0.0194178540952,-0.112790696695,-0.0291400482364,-0.0773548220273,0.0898468102374,1.01177822436,0.0936133345693,0.0738751579608,0.291765792101,-0.0162189250346,-0.109331374851,-0.0313647631629,-0.0711678697623,0.0895663454961,1.01149349734,0.0915508992625,0.0749535537989,0.290809588407,-0.0200937581592,-0.0940926137225,-0.0287026416862,-0.0796271325307,0.0944627982803,1.01273435398,0.0931183969125,0.0802016940755
