bax0,bay0,baz0,bgx0,bgy0,bgz0,gax0,gay0,gaz0,bax1,bay1,baz1,bgx1,bgy1,bgz1,gax1,gay1,gaz1,bax2,bay2,baz2,bgx2,bgy2,bgz2,gax2,gay2,gaz2,bax3,bay3,baz3,bgx3,bgy3,bgz3,gax3,gay3,gaz3,bax4,bay4,baz4,bgx4,bgy4,bgz4,gax4,gay4,gaz4
0.291538730421,-0.0181825279182,-0.118044592384,-0.0284786149066,-0.0771101395641,0.0891514488976,1.01097219872,0.0929532878777,0.0730288765666,0.29359156336,-0.020110797851,-0.118209026824,-0.0321438885651,-0.0756393436511,0.086165704259,1.01215561485,0.0932756218335,0.0766902948885,0.293122865746,-0.0171597261883,-0.118639116547,-0.0278293395736,-0.0774456418532,0.0940488982148,1.01049868812,0.093465550676,0.0770124031644,0.292377917219,-0.0197721890125,-0.115134082154,-0.0317792855633,-0.0703656560832,0.086242911599,1.01113041574,0.0930565115071,0.0753448704383,0.284768736854,-0.0168363685601,-0.102090097045,-0.0283100129822,-0.0736463751569,0.0915507629969,1.01210264551,0.0918620040261,0.0758045242833
