bax0,bay0,baz0,bgx0,bgy0,bgz0,gax0,gay0,gaz0,bax1,bay1,baz1,bgx1,bgy1,bgz1,gax1,gay1,gaz1,bax2,bay2,baz2,bgx2,bgy2,bgz2,gax2,gay2,gaz2,bax3,bay3,baz3,bgx3,bgy3,bgz3,gax3,gay3,gaz3,bax4,bay4,baz4,bgx4,bgy4,bgz4,gax4,gay4,gaz4
0.17916909346,0.0747437735186,0.0591936129307,-0.0450320120554,-0.167376687129,0.156667650749,0.895860892707,0.0969341087682,0.410811401825,0.282906151238,0.00485728280858,-0.136936879565,-0.0257124026064,-0.0970199577312,0.160528561266,0.863152108298,0.120180331972,0.444957579044,0.29854234066,-0.0177394483038,-0.11810156504,-0.0291921057254,-0.067403645377,0.110640172012,0.866272868465,0.131811694305,0.469025986539,0.273261864184,-0.0149138691817,-0.0968310046859,-0.025305831415,-0.0628967986692,0.107083792983,0.877221134226,0.125302064766,0.463439574322,0.312581335078,-0.0158632198796,-0.106961609365,-0.027456073653,-0.0882625366297,0.100361762425,0.866931926352,0.110201049674,0.464094345031
