bax0,bay0,baz0,bgx0,bgy0,bgz0,gax0,gay0,gaz0,bax1,bay1,baz1,bgx1,bgy1,bgz1,gax1,gay1,gaz1,bax2,bay2,baz2,bgx2,bgy2,bgz2,gax2,gay2,gaz2,bax3,bay3,baz3,bgx3,bgy3,bgz3,gax3,gay3,gaz3,bax4,bay4,baz4,bgx4,bgy4,bgz4,gax4,gay4,gaz4
0.34247126246,-0.0393573213798,-0.158392580707,-0.0233837523748,-0.108770073772,0.109631067209,0.858980641853,0.119242128646,0.46612655681,0.324814988563,-0.0223476370859,-0.144670268953,-0.0274566768613,-0.0757058788265,0.0681507847411,0.882941359689,0.11324949295,0.459805022189,0.282126010982,-0.0199721346902,-0.108147574392,-0.0280545526088,-0.0653079916521,0.0691516989207,0.876018519718,0.106599821745,0.431984312669,0.291012431387,-0.014299301624,-0.127862040553,-0.026300914298,-0.0752018694727,0.0863158189148,0.884898517099,0.105482826811,0.433265720684,0.296160641679,-0.0237927128678,-0.120762847886,-0.0316552022798,-0.071656856619,0.0765581529508,0.891395163939,0.111834171318,0.433261022726
