bax0,bay0,baz0,bgx0,bgy0,bgz0,gax0,gay0,gaz0,bax1,bay1,baz1,bgx1,bgy1,bgz1,gax1,gay1,gaz1,bax2,bay2,baz2,bgx2,bgy2,bgz2,gax2,gay2,gaz2,bax3,bay3,baz3,bgx3,bgy3,bgz3,gax3,gay3,gaz3,bax4,bay4,baz4,bgx4,bgy4,bgz4,gax4,gay4,gaz4
0.285927731069,-0.00906375890116,-0.117875892681,-0.0338852572819,-0.0903161837243,0.0933577054899,0.889150425389,0.110221490779,0.427528353497,0.293198341222,-0.0170480178674,-0.130926835044,-0.0296990338922,-0.092287212149,0.103487585232,0.891157762993,0.10802652177,0.433866775184,0.309890303566,-0.0121419090966,-0.147676963779,-0.0307529802577,-0.0767188045548,0.0910446247809,0.892086250693,0.11089394771,0.415608506895,0.285546553192,-0.0124041523914,-0.120699101974,-0.0325082320414,-0.0637958833283,0.0916615463442,0.900410602345,0.114112007449,0.409849437086,0.280817179141,-0.0128272165687,-0.10341804235,-0.0300088167894,-0.0644984777983,0.101488546295,0.899654031905,0.115007772609,0.405504421106
