bax0,bay0,baz0,bgx0,bgy0,bgz0,gax0,gay0,gaz0,bax1,bay1,baz1,bgx1,bgy1,bgz1,gax1,gay1,gaz1,bax2,bay2,baz2,bgx2,bgy2,bgz2,gax2,gay2,gaz2,bax3,bay3,baz3,bgx3,bgy3,bgz3,gax3,gay3,gaz3,bax4,bay4,baz4,bgx4,bgy4,bgz4,gax4,gay4,gaz4
0.291108352131,-0.0187206923438,-0.109378860036,-0.0331440445421,-0.0694210775694,0.0864307961028,0.893283281904,0.122999824024,0.412343152501,0.272992196188,-0.0206517385037,-0.104298934587,-0.0291333749147,-0.0630859505027,0.0847365547883,0.897484715048,0.118888298283,0.411246214224,0.278343585208,-0.00375991859676,-0.0992024666546,-0.0228590315553,-0.0973097583966,0.0982185857643,0.899336468643,0.118769339633,0.419034629806,0.299276591802,-0.0360218986898,-0.112401713204,-0.0244747296347,-0.126284870447,0.120458063034,0.889207665196,0.125566462572,0.422805693758,0.344035106748,-0.0546486504161,-0.158798336092,-0.0247023393905,-0.0933302903809,0.0958069804141,0.892961241699,0.111291191031,0.412258684503
