bax0,bay0,baz0,bgx0,bgy0,bgz0,gax0,gay0,gaz0,bax1,bay1,baz1,bgx1,bgy1,bgz1,gax1,gay1,gaz1,bax2,bay2,baz2,bgx2,bgy2,bgz2,gax2,gay2,gaz2,bax3,bay3,baz3,bgx3,bgy3,bgz3,gax3,gay3,gaz3,bax4,bay4,baz4,bgx4,bgy4,bgz4,gax4,gay4,gaz4
0.287404740121,-0.0607126204322,-0.220843410953,-0.0637148633558,0.115990236672,-0.15033650412,1.01368076761,-0.199370143353,0.00836467966128,0.289057474645,0.00340686393835,-0.145303138704,-0.0676988017434,-0.0187318545476,-0.00121260178327,1.01081640645,-0.23478392254,-0.037476384426,0.27947326413,-0.0278509506921,-0.148170161854,-0.0318119838615,-0.0222109019339,0.084782075711,1.01158246537,-0.208427778954,-0.0564401639569,0.286116519268,-0.0338754703783,-0.13682646171,-0.0251892491392,-0.0448046564308,0.110088116295,1.01036392657,-0.223051836627,-0.0500246283996,0.290228097171,-0.0421371604049,-0.110143980189,-0.0284416500607,-0.074738986316,0.115821738585,1.00086896462,-0.226886249744,-0.0628500465202
