bax0,bay0,baz0,bgx0,bgy0,bgz0,gax0,gay0,gaz0,bax1,bay1,baz1,bgx1,bgy1,bgz1,gax1,gay1,gaz1,bax2,bay2,baz2,bgx2,bgy2,bgz2,gax2,gay2,gaz2,bax3,bay3,baz3,bgx3,bgy3,bgz3,gax3,gay3,gaz3,bax4,bay4,baz4,bgx4,bgy4,bgz4,gax4,gay4,gaz4
0.28629769328,-0.0470632788895,-0.224596048784,-0.0723857917153,0.106383074687,-0.151384285615,1.01272325281,-0.197893571871,0.00133855786592,0.294006149379,0.00768595137397,-0.146310694477,-0.0773360336943,-0.0433520559274,-0.00367607945243,1.00702127507,-0.22663063998,-0.0462862922499,0.282069488915,-0.0314016907322,-0.143269033361,-0.0483283594663,-0.00340380838539,0.0661528112342,1.00461392708,-0.207168406802,-0.0382417877501,0.285399039548,-0.0494112918514,-0.158344048596,-0.0216416426476,-0.0120446627107,0.0941416126825,1.00804527682,-0.212081595339,-0.0619656130131,0.293035605633,-0.0317036435792,-0.0976160777228,-0.0334648177935,-0.0849058120372,0.101130373808,1.007255832,-0.225460680036,-0.0606919408007
