bax0,bay0,baz0,bgx0,bgy0,bgz0,gax0,gay0,gaz0,bax1,bay1,baz1,bgx1,bgy1,bgz1,gax1,gay1,gaz1,bax2,bay2,baz2,bgx2,bgy2,bgz2,gax2,gay2,gaz2,bax3,bay3,baz3,bgx3,bgy3,bgz3,gax3,gay3,gaz3,bax4,bay4,baz4,bgx4,bgy4,bgz4,gax4,gay4,gaz4
0.281618401034,-0.0219831465479,-0.0953644390957,-0.0243217578709,-0.062142085198,0.0974645955175,1.00381743555,-0.224741991825,-0.0710230773111,0.286596834341,-0.0284703456874,-0.0991305710513,-0.023538007846,-0.0952574283385,0.113415790346,1.00442597986,-0.227480877605,-0.0624094897957,0.276612531659,-0.0423447538756,-0.126427671417,-0.0277595757384,-0.0832947295773,0.0967786266924,1.00203969605,-0.243921358551,-0.0680374822065,0.29411736093,-0.0255983004199,-0.112534579731,-0.0332606914712,-0.0600314531228,0.0560654753484,0.999259276759,-0.250030837875,-0.0726697003225,0.29669276038,-0.0124448882647,-0.102871155601,-0.0291003082796,-0.0778625117779,0.0902090237061,0.998064125572,-0.240079554179,-0.0717719908709
