bax0,bay0,baz0,bgx0,bgy0,bgz0,gax0,gay0,gaz0,bax1,bay1,baz1,bgx1,bgy1,bgz1,gax1,gay1,gaz1,bax2,bay2,baz2,bgx2,bgy2,bgz2,gax2,gay2,gaz2,bax3,bay3,baz3,bgx3,bgy3,bgz3,gax3,gay3,gaz3,bax4,bay4,baz4,bgx4,bgy4,bgz4,gax4,gay4,gaz4
0.287118947622,-0.0268911363083,-0.114609014519,-0.0275726924297,-0.0736021238836,0.10138146435,1.004569136,-0.239044243969,-0.0626200922161,0.291766591887,-0.0338280326058,-0.0838480213021,-0.0368139590395,-0.0557108478997,0.115537626512,0.994752276572,-0.229285453576,-0.0588160603303,0.292940841276,-0.00879577534414,-0.116512056453,-0.0294584291935,-0.070541941071,0.0715314303876,0.996508841614,-0.234323291062,-0.0626875742259,0.292694238615,-0.051447764084,-0.0953316739843,-0.0432034834741,-0.235611075383,0.237857387868,0.95432574049,-0.0230531858448,0.282423261152,0.288947087288,-0.00477682316394,-0.104821601779,-0.043059782035,-0.152305275459,0.151045303567,0.967192016027,-0.0663301517921,0.328167194965
