bax0,bay0,baz0,bgx0,bgy0,bgz0,gax0,gay0,gaz0,bax1,bay1,baz1,bgx1,bgy1,bgz1,gax1,gay1,gaz1,bax2,bay2,baz2,bgx2,bgy2,bgz2,gax2,gay2,gaz2,bax3,bay3,baz3,bgx3,bgy3,bgz3,gax3,gay3,gaz3,bax4,bay4,baz4,bgx4,bgy4,bgz4,gax4,gay4,gaz4
0.279458344489,-0.00517849241405,-0.11081378816,-0.0419285524845,-0.0795787391168,0.106188708986,0.954540549128,-0.0451467799262,0.33567773832,0.273037605111,-0.0180587099553,-0.0842462888489,-0.0387601087974,-0.0789934655208,0.0836520993493,0.951831563338,-0.0422919105671,0.342819522728,0.282115958057,-0.00329964003049,-0.0987593993519,-0.0307669181707,-0.0829884234633,0.0741786073749,0.94561509322,-0.0370294394683,0.348499101156,0.287574183847,-0.0282657238829,-0.115440158495,-0.0263781063171,-0.0543911197847,0.120100311721,0.947035809622,-0.0351986928682,0.354650615639,0.296297813384,-0.0460176054183,-0.105580470948,-0.029480574922,-0.0863680296755,0.110100623568,0.947097501467,-0.0420372371486,0.357688717017
