bax0,bay0,baz0,bgx0,bgy0,bgz0,gax0,gay0,gaz0,bax1,bay1,baz1,bgx1,bgy1,bgz1,gax1,gay1,gaz1,bax2,bay2,baz2,bgx2,bgy2,bgz2,gax2,gay2,gaz2,bax3,bay3,baz3,bgx3,bgy3,bgz3,gax3,gay3,gaz3,bax4,bay4,baz4,bgx4,bgy4,bgz4,gax4,gay4,gaz4
0.291757826668,-0.0156950171999,-0.0999248040529,-0.0395180662122,-0.0743548841391,0.116843609145,0.953343949841,-0.0410367704265,0.334615978413,0.263576158724,-0.0164343386766,-0.0826594610537,-0.0356884224528,-0.0725136043549,0.0788826890357,0.945048678832,-0.0383794427558,0.344065615056,0.288739144454,-0.00676578426709,-0.10246938017,-0.0336253034249,-0.0841868261422,0.0705298907344,0.94787620961,-0.0403067990174,0.349699813389,0.289416313929,-0.0175810254941,-0.117631868683,-0.0318888930994,-0.0508697522326,0.111673952936,0.947537543483,-0.0311863701185,0.352596860184,0.2894495378,-0.041658244787,-0.106533096962,-0.0191355573813,-0.0838676482088,0.108342408473,0.946817062986,-0.0351650352082,0.357398465367
