bax0,bay0,baz0,bgx0,bgy0,bgz0,gax0,gay0,gaz0,bax1,bay1,baz1,bgx1,bgy1,bgz1,gax1,gay1,gaz1,bax2,bay2,baz2,bgx2,bgy2,bgz2,gax2,gay2,gaz2,bax3,bay3,baz3,bgx3,bgy3,bgz3,gax3,gay3,gaz3,bax4,bay4,baz4,bgx4,bgy4,bgz4,gax4,gay4,gaz4
0.303152288743,-0.0187332440169,-0.127166522365,-0.0257196486798,-0.0954161328655,0.0803036120727,0.942191753167,-0.0559696342086,0.351758078119,0.299288828333,-0.0151272278128,-0.121077684304,-0.0284457204518,-0.0770239369896,0.0753056443679,0.947700771494,-0.0548932982933,0.355067085377,0.280720566758,-0.0253339427523,-0.107146369703,-0.0291763843183,-0.0605498325306,0.094663581059,0.952005125253,-0.0493911470374,0.344472279779,0.277473712976,-0.0339991821469,-0.102052877121,-0.0269398313177,-0.0747943690887,0.0961119407316,0.945133512143,-0.0538840511846,0.350750686096,0.294840041932,-0.0286171257252,-0.122721806734,-0.0315012356987,-0.093076961166,0.0814812464452,0.944373679889,-0.0598038770129,0.354585442884
