bax0,bay0,baz0,bgx0,bgy0,bgz0,gax0,gay0,gaz0,bax1,bay1,baz1,bgx1,bgy1,bgz1,gax1,gay1,gaz1,bax2,bay2,baz2,bgx2,bgy2,bgz2,gax2,gay2,gaz2,bax3,bay3,baz3,bgx3,bgy3,bgz3,gax3,gay3,gaz3,bax4,bay4,baz4,bgx4,bgy4,bgz4,gax4,gay4,gaz4
0.309227922857,-0.0185838306767,-0.127907818577,-0.019553181953,-0.0699184588566,0.0932362421794,0.93932428893,-0.0456081672642,0.345068836847,0.292253977616,-0.0273222448417,-0.128971849508,-0.0250674420531,-0.0595690516072,0.114016886486,0.948672982833,-0.0494104685625,0.363909557844,0.250089276668,-0.0778998328751,-0.248243051962,-0.34235359691,0.292654132865,0.264228668251,0.980129226985,-0.315327862055,-0.0623892508072,0.261152428825,-0.0329943263489,-0.127612940089,-0.112841088795,0.101415450153,0.0627865264228,0.966407410838,-0.305340962235,-0.169457240442,0.312806155818,-0.00136646067655,-0.119014761228,-0.0430319944469,-0.0275212073198,0.00248905108119,0.954620236198,-0.304325679323,-0.110281876252
