bax0,bay0,baz0,bgx0,bgy0,bgz0,gax0,gay0,gaz0,bax1,bay1,baz1,bgx1,bgy1,bgz1,gax1,gay1,gaz1,bax2,bay2,baz2,bgx2,bgy2,bgz2,gax2,gay2,gaz2,bax3,bay3,baz3,bgx3,bgy3,bgz3,gax3,gay3,gaz3,bax4,bay4,baz4,bgx4,bgy4,bgz4,gax4,gay4,gaz4
0.297823200158,-0.00920859427383,-0.135480804629,-0.0329771204646,-0.0617188988394,0.103859160264,0.942026361084,-0.0638029697098,0.348181153558,0.298925264772,-0.0304025842696,-0.123533416229,-0.0233365533034,-0.0818871052915,0.105407308162,0.953481095565,-0.0575231640551,0.316712325949,0.262752170907,-0.0671673964237,-0.254924731913,-0.33903439019,0.342126455477,0.288374887839,0.98036223187,-0.317780916333,-0.0368369860642,0.27735527722,-0.0202842918018,-0.141602298309,-0.138152842972,0.0713344325896,0.055622557363,0.970706840911,-0.321029917174,-0.105949253303,0.298465673779,-0.0310112028567,-0.106414435165,-0.0154314528203,-0.0508176761381,0.0116099268359,0.966860472831,-0.30056136805,-0.117905760888
