bax0,bay0,baz0,bgx0,bgy0,bgz0,gax0,gay0,gaz0,bax1,bay1,baz1,bgx1,bgy1,bgz1,gax1,gay1,gaz1,bax2,bay2,baz2,bgx2,bgy2,bgz2,gax2,gay2,gaz2,bax3,bay3,baz3,bgx3,bgy3,bgz3,gax3,gay3,gaz3,bax4,bay4,baz4,bgx4,bgy4,bgz4,gax4,gay4,gaz4
0.289008506684,-0.0181562120191,-0.113167742474,0.00160737677055,-0.105011650358,0.0468305321853,0.968815807431,-0.318901926293,-0.137724795435,0.297824352097,-0.0174448673887,-0.110385624638,0.0129055212776,-0.123849140266,0.0597193791252,0.967307413788,-0.320249608199,-0.133282356997,0.29584274792,-0.0170184221431,-0.106005258191,-0.00762200300554,-0.108247476182,0.0905327786172,0.966670048489,-0.31683875345,-0.133970716025,0.293657469874,-0.0159513028954,-0.108581382518,-0.0160545882924,-0.0847236692582,0.0896358023752,0.970941458504,-0.319262844236,-0.135225193398,0.291062603026,-0.0174619453762,-0.116205501352,-0.0292133148397,-0.0868497953816,0.0970048466243,0.972409308815,-0.315585019287,-0.131677176723
