bax0,bay0,baz0,bgx0,bgy0,bgz0,gax0,gay0,gaz0,bax1,bay1,baz1,bgx1,bgy1,bgz1,gax1,gay1,gaz1,bax2,bay2,baz2,bgx2,bgy2,bgz2,gax2,gay2,gaz2,bax3,bay3,baz3,bgx3,bgy3,bgz3,gax3,gay3,gaz3,bax4,bay4,baz4,bgx4,bgy4,bgz4,gax4,gay4,gaz4
0.295861197235,-0.0172277798613,-0.107572695778,-0.0311192465668,-0.0729312006198,0.09213463062,0.968600786348,-0.31150094846,-0.133173824199,0.286000204674,-0.0270844952397,-0.103974708495,-0.0283262230978,-0.0618844128558,0.111381745876,0.970204239209,-0.316185574363,-0.126733263641,0.285295059386,-0.026322559913,-0.104669762526,-0.0288858401142,-0.0806791643538,0.0857956860505,0.96826187963,-0.319096006881,-0.11790712857,0.292383709749,-0.0108932661443,-0.111947543109,-0.0371520484854,-0.0963049458459,0.0764707141865,0.970049105529,-0.326097367414,-0.113733868714,0.294373845042,-0.0056826420816,-0.118149822917,-0.0329383648469,-0.0724355175367,0.0888892146576,0.970026683984,-0.32256834915,-0.111078309406
