bax0,bay0,baz0,bgx0,bgy0,bgz0,gax0,gay0,gaz0,bax1,bay1,baz1,bgx1,bgy1,bgz1,gax1,gay1,gaz1,bax2,bay2,baz2,bgx2,bgy2,bgz2,gax2,gay2,gaz2,bax3,bay3,baz3,bgx3,bgy3,bgz3,gax3,gay3,gaz3,bax4,bay4,baz4,bgx4,bgy4,bgz4,gax4,gay4,gaz4
0.240190157411,0.0211519131026,-0.114300900427,-0.0928680885583,-0.25186448972,0.28048017607,0.88377062719,0.177497831207,0.410930377526,0.321063398577,-0.0610934650533,-0.136018096443,-0.0772488579784,-0.208541670598,0.188146117424,0.87501632578,0.219051248576,0.406753405945,0.282898413962,-0.0231243749072,-0.110138807934,-0.0493053479228,-0.11711373617,0.145323513827,0.877318965922,0.186277806991,0.398684033488,0.290433244301,-0.00738247652719,-0.11260651533,-0.0361281060285,-0.0932814000669,0.117825863237,0.885593046928,0.186729220134,0.40275205572,0.300156066566,-0.0372114169959,-0.120827336661,-0.0295033964987,-0.0951007036223,0.103373332212,0.883562882844,0.181021203998,0.398795207343
