bax0,bay0,baz0,bgx0,bgy0,bgz0,gax0,gay0,gaz0,bax1,bay1,baz1,bgx1,bgy1,bgz1,gax1,gay1,gaz1,bax2,bay2,baz2,bgx2,bgy2,bgz2,gax2,gay2,gaz2,bax3,bay3,baz3,bgx3,bgy3,bgz3,gax3,gay3,gaz3,bax4,bay4,baz4,bgx4,bgy4,bgz4,gax4,gay4,gaz4
0.289814545364,-0.0171822571119,-0.11363056319,-0.0264141609865,-0.0778355897227,0.0813504769205,0.883390185331,0.188595278038,0.402379045247,0.296397126601,-0.0196883300532,-0.113266076537,-0.0302690225048,-0.0676058526477,0.083505682079,0.881456733311,0.18538271599,0.403644763396,0.292315066001,-0.0199868696499,-0.109595437363,-0.027644753721,-0.077714522207,0.0842030569899,0.880624138724,0.183723078222,0.406302065947,0.290206117079,-0.02015379795,-0.115452820234,-0.0262725845539,-0.0750239402986,0.0847967994382,0.880664347435,0.186317242415,0.405297633729,0.292348057164,-0.0186471249816,-0.11494290256,-0.0273981748176,-0.0756497979826,0.0869063733154,0.880462432883,0.183629223279,0.402507355819
