bax0,bay0,baz0,bgx0,bgy0,bgz0,gax0,gay0,gaz0,bax1,bay1,baz1,bgx1,bgy1,bgz1,gax1,gay1,gaz1,bax2,bay2,baz2,bgx2,bgy2,bgz2,gax2,gay2,gaz2,bax3,bay3,baz3,bgx3,bgy3,bgz3,gax3,gay3,gaz3,bax4,bay4,baz4,bgx4,bgy4,bgz4,gax4,gay4,gaz4
0.287847190155,-0.0199574614524,-0.114177230776,-0.0268679403164,-0.0683713921754,0.0804282973485,0.881155486479,0.185499766483,0.403069312281,0.291305191869,-0.0193340395824,-0.112540134896,-0.0270095217972,-0.0654201756339,0.0850366721017,0.881015890285,0.186036107836,0.404199746451,0.294158502624,-0.0179211071667,-0.110813878334,-0.0268262195341,-0.0742783634566,0.0856407666153,0.882241056673,0.184990692442,0.40452811686,0.294807236214,-0.0170822470716,-0.115347046516,-0.0278463697882,-0.0806438183538,0.0835628604852,0.881893067739,0.184073937252,0.402586329761,0.291386337767,-0.0195295037435,-0.113166545803,-0.0289785368323,-0.0784770318345,0.0886995394231,0.881885933203,0.184738345953,0.402222304651
