bax0,bay0,baz0,bgx0,bgy0,bgz0,gax0,gay0,gaz0,bax1,bay1,baz1,bgx1,bgy1,bgz1,gax1,gay1,gaz1,bax2,bay2,baz2,bgx2,bgy2,bgz2,gax2,gay2,gaz2,bax3,bay3,baz3,bgx3,bgy3,bgz3,gax3,gay3,gaz3,bax4,bay4,baz4,bgx4,bgy4,bgz4,gax4,gay4,gaz4
0.288421541928,-0.0184562434101,-0.118266488542,-0.0314407811633,-0.0796780201681,0.0914082963967,0.879747346503,0.18187426673,0.404392989327,0.283885569845,-0.0219012972838,-0.112771230554,-0.0289856217531,-0.080380907731,0.087412212225,0.880839327545,0.180997181407,0.406403240802,0.282475683118,-0.0140724258012,-0.10679041899,-0.0318616442867,-0.0832949679018,0.087669357839,0.878777527202,0.180906859651,0.407044597825,0.298526895344,-0.0181060798195,-0.112363785359,-0.0267725238612,-0.0824043511685,0.0934531817944,0.878127356843,0.182574680644,0.408366025294,0.288645393195,-0.0168378588367,-0.112415122778,-0.0300336191082,-0.072840472143,0.0915767396917,0.8800890651,0.181483133456,0.406755461177
