bax0,bay0,baz0,bgx0,bgy0,bgz0,gax0,gay0,gaz0,bax1,bay1,baz1,bgx1,bgy1,bgz1,gax1,gay1,gaz1,bax2,bay2,baz2,bgx2,bgy2,bgz2,gax2,gay2,gaz2,bax3,bay3,baz3,bgx3,bgy3,bgz3,gax3,gay3,gaz3,bax4,bay4,baz4,bgx4,bgy4,bgz4,gax4,gay4,gaz4
0.298423351643,-0.0201426429729,-0.116606137052,-0.0291130262666,-0.0783670204094,0.0913624451846,0.880574071731,0.185228882094,0.40515554466,0.284026083623,-0.019286190689,-0.107120096679,-0.0277588263669,-0.0773791100086,0.090808292644,0.879721426051,0.182820026664,0.405964918818,0.283511363757,-0.0131464384572,-0.10539394706,-0.0293739902272,-0.0829836724818,0.0884397136083,0.880250412115,0.180631136259,0.406860531964,0.294239919581,-0.0208057581554,-0.1144122427,-0.0270322666219,-0.0790896422921,0.0989952062805,0.878561042704,0.184516356012,0.406917161325,0.294992461481,-0.0175642643701,-0.111897300021,-0.0282221996102,-0.0730895625822,0.0931123249026,0.882741419488,0.180837117904,0.407244234217
