bax0,bay0,baz0,bgx0,bgy0,bgz0,gax0,gay0,gaz0,bax1,bay1,baz1,bgx1,bgy1,bgz1,gax1,gay1,gaz1,bax2,bay2,baz2,bgx2,bgy2,bgz2,gax2,gay2,gaz2,bax3,bay3,baz3,bgx3,bgy3,bgz3,gax3,gay3,gaz3,bax4,bay4,baz4,bgx4,bgy4,bgz4,gax4,gay4,gaz4
0.291035785079,-0.0195987961172,-0.113004394688,-0.0330803586915,-0.0800291320302,0.0943913149219,0.883450784484,0.182825880011,0.40560135575,0.28534165883,-0.0164815762317,-0.108422356292,-0.030497486164,-0.0798083164926,0.079042589735,0.884971992727,0.182602825258,0.402450032375,0.292916375473,-0.0169163882586,-0.112633134532,-0.0282111407595,-0.0810287081858,0.0868473108955,0.880563293942,0.179506184754,0.405650030055,0.296379573224,-0.0205833327374,-0.11561982278,-0.0261733003405,-0.0858157336032,0.0930984222864,0.879738607818,0.184887572195,0.402665760828,0.286854024943,-0.0203992575227,-0.113555472083,-0.0288331328509,-0.0775379715721,0.0895288135596,0.88318257237,0.185035590338,0.407164020729
