bax0,bay0,baz0,bgx0,bgy0,bgz0,gax0,gay0,gaz0,bax1,bay1,baz1,bgx1,bgy1,bgz1,gax1,gay1,gaz1,bax2,bay2,baz2,bgx2,bgy2,bgz2,gax2,gay2,gaz2,bax3,bay3,baz3,bgx3,bgy3,bgz3,gax3,gay3,gaz3,bax4,bay4,baz4,bgx4,bgy4,bgz4,gax4,gay4,gaz4
0.353291782372,0.0308473639831,-0.20675028162,-0.188385978634,0.0383967311714,-0.5654368657,0.928010757355,0.165733303062,0.347976760327,0.259356754124,-0.0212612539959,-0.0700150212523,-0.137186753689,0.0137016447703,-0.270588187753,0.941976769176,0.190440424197,0.287390239714,0.290110848202,-0.00534581503017,-0.120750061425,-0.120363253084,-0.0132020490505,-0.0712082208304,0.931790941072,0.185961472867,0.282362356368,0.289387324892,-0.0180044789489,-0.108661222214,-0.0541696519444,-0.0621329703734,0.0161839070643,0.939112702149,0.183430983734,0.304609854655,0.291203260912,-0.00755372169162,-0.0919250551451,-0.0147523535323,-0.0755188415882,0.0826653046009,0.938735460681,0.174702611743,0.307083653565
