bax0,bay0,baz0,bgx0,bgy0,bgz0,gax0,gay0,gaz0,bax1,bay1,baz1,bgx1,bgy1,bgz1,gax1,gay1,gaz1,bax2,bay2,baz2,bgx2,bgy2,bgz2,gax2,gay2,gaz2,bax3,bay3,baz3,bgx3,bgy3,bgz3,gax3,gay3,gaz3,bax4,bay4,baz4,bgx4,bgy4,bgz4,gax4,gay4,gaz4
0.290149398044,-0.0177164611194,-0.12521038165,-0.0174423347384,-0.0863296255023,0.123388146396,0.932009539599,0.185767843861,0.302200221403,0.292569800568,-0.0180410804456,-0.125604114791,-0.0246518934901,-0.077190829832,0.106503959188,0.93153581272,0.189887028139,0.295046917254,0.290702802909,-0.018327089733,-0.115057760279,-0.0182949630229,-0.0838139546292,0.113830834785,0.933560815409,0.187684854585,0.295129111954,0.287525840281,-0.018443870668,-0.109130190683,-0.0278531855575,-0.0759291036553,0.09880585636,0.93193081351,0.188907178441,0.298422887165,0.29051580492,-0.0209607442582,-0.117171107251,-0.0260968128726,-0.0727970798627,0.0957432129114,0.933020388005,0.188182700469,0.294768267073
