bax0,bay0,baz0,bgx0,bgy0,bgz0,gax0,gay0,gaz0,bax1,bay1,baz1,bgx1,bgy1,bgz1,gax1,gay1,gaz1,bax2,bay2,baz2,bgx2,bgy2,bgz2,gax2,gay2,gaz2,bax3,bay3,baz3,bgx3,bgy3,bgz3,gax3,gay3,gaz3,bax4,bay4,baz4,bgx4,bgy4,bgz4,gax4,gay4,gaz4
0.285002664484,-0.00994060171603,-0.116977218209,-0.0136891280736,-0.0903535516099,0.13341093358,0.929805864179,0.187101896527,0.304153284106,0.295145362178,-0.0183912055702,-0.117937474223,-0.0224810795149,-0.0810113517425,0.113117779996,0.930717202067,0.189598478212,0.297611615523,0.294390673129,-0.0202161474333,-0.109086554852,-0.0262711186853,-0.0761730617288,0.112576377691,0.932472371932,0.188903387521,0.297472776328,0.294321538028,-0.0173056390122,-0.100608013457,-0.0333816884971,-0.0782174740088,0.102458692787,0.933024127567,0.188418462596,0.298910683071,0.293664626757,-0.0198065365501,-0.124390531955,-0.0337810789506,-0.0813177807213,0.0998433349063,0.93234037457,0.188103644162,0.300626221857
