bax0,bay0,baz0,bgx0,bgy0,bgz0,gax0,gay0,gaz0,bax1,bay1,baz1,bgx1,bgy1,bgz1,gax1,gay1,gaz1,bax2,bay2,baz2,bgx2,bgy2,bgz2,gax2,gay2,gaz2,bax3,bay3,baz3,bgx3,bgy3,bgz3,gax3,gay3,gaz3,bax4,bay4,baz4,bgx4,bgy4,bgz4,gax4,gay4,gaz4
0.285292975837,-0.0198894622496,-0.112594278066,-0.0305215643107,-0.0862974804874,0.0757618254374,0.931861085674,0.1914650084,0.2900385228,0.291807542336,-0.0219358757415,-0.101168965644,-0.0349363596061,-0.0697157326454,0.100860043988,0.938454390388,0.182833726926,0.304358907513,0.288423321208,-0.0103552797147,-0.11495307305,-0.0337637172061,-0.0442951877202,0.0906463187225,0.940593566962,0.193181883149,0.317700560718,0.297181980031,-0.0519191396752,-0.149218622675,-0.0248301219798,-0.225252609446,0.256275032373,0.976496702069,0.124399530202,0.259854120249,0.293052101742,-0.0427363159928,-0.120131168627,-0.0229885849285,-0.157660849646,0.187372290327,0.977859099182,0.122220650233,0.239139579166
