bax0,bay0,baz0,bgx0,bgy0,bgz0,gax0,gay0,gaz0,bax1,bay1,baz1,bgx1,bgy1,bgz1,gax1,gay1,gaz1,bax2,bay2,baz2,bgx2,bgy2,bgz2,gax2,gay2,gaz2,bax3,bay3,baz3,bgx3,bgy3,bgz3,gax3,gay3,gaz3,bax4,bay4,baz4,bgx4,bgy4,bgz4,gax4,gay4,gaz4
0.283405694943,-0.022431350344,-0.110954997049,-0.0264902719794,-0.0995362319876,0.0682514884396,0.931287781113,0.179929309795,0.293313472492,0.290143633338,-0.0216930985966,-0.109804562781,-0.0364802424615,-0.0881511821234,0.0854145924135,0.941119215483,0.194273883227,0.29787359497,0.288949391227,-0.0158781528309,-0.110539233539,-0.0326561167827,-0.0875595091501,0.0724765270511,0.927632393073,0.17480116486,0.301872559552,0.296350533805,-0.0344678108797,-0.141566055717,-0.0257366903033,-0.216167017022,0.275402043138,0.976984587254,0.115621360471,0.252314274273,0.291752978677,-0.0284949728876,-0.115423525838,-0.0295142112544,-0.135250366043,0.185740420662,0.974703938523,0.11056204525,0.249633123865
