bax0,bay0,baz0,bgx0,bgy0,bgz0,gax0,gay0,gaz0,bax1,bay1,baz1,bgx1,bgy1,bgz1,gax1,gay1,gaz1,bax2,bay2,baz2,bgx2,bgy2,bgz2,gax2,gay2,gaz2,bax3,bay3,baz3,bgx3,bgy3,bgz3,gax3,gay3,gaz3,bax4,bay4,baz4,bgx4,bgy4,bgz4,gax4,gay4,gaz4
0.289860488422,-0.0163709095543,-0.109084796499,-0.0270306048889,-0.105314281242,0.138711864871,0.975568428772,0.0988162250699,0.24224876911,0.288706928373,-0.012677795641,-0.11136896771,-0.0283154337886,-0.0790877811351,0.105041142224,0.974481594976,0.101341773495,0.249370411278,0.286781104889,-0.0153063532887,-0.114619681456,-0.0270212882315,-0.0698551533991,0.0877214050386,0.974711172648,0.100206463473,0.243511556999,0.287684528408,-0.0183117447815,-0.105792573438,-0.0274790476306,-0.074612447062,0.082868213792,0.977728052183,0.0986795484563,0.244287969775,0.293851537723,-0.0181104209908,-0.104536758242,-0.0294786153065,-0.0593010446532,0.0733533235794,0.974088740208,0.10239819178,0.243795286529
