bax0,bay0,baz0,bgx0,bgy0,bgz0,gax0,gay0,gaz0,bax1,bay1,baz1,bgx1,bgy1,bgz1,gax1,gay1,gaz1,bax2,bay2,baz2,bgx2,bgy2,bgz2,gax2,gay2,gaz2,bax3,bay3,baz3,bgx3,bgy3,bgz3,gax3,gay3,gaz3,bax4,bay4,baz4,bgx4,bgy4,bgz4,gax4,gay4,gaz4
0.291199744822,-0.01731270884,-0.108883908068,-0.0285953733676,-0.0821822012052,0.0842751766367,0.972826381933,0.100264925494,0.250074601961,0.285199455494,-0.0104721997391,-0.112065289568,-0.0335492186846,-0.0736487209066,0.0857480778547,0.9769227352,0.0998837304508,0.2535783769,0.289206827597,-0.014111146268,-0.110083742526,-0.0321060895462,-0.0820745915861,0.0895014670628,0.972412311168,0.108215238946,0.255176562984,0.293486042885,-0.0229263052783,-0.118231728942,-0.0234851767989,-0.0847691676448,0.0994874110727,0.972357491639,0.116202954222,0.258096552286,0.287966387601,-0.0202331974977,-0.119080986979,-0.0294093960484,-0.0825921901839,0.0948223123489,0.971562341624,0.108624661323,0.253085734418
