bax0,bay0,baz0,bgx0,bgy0,bgz0,gax0,gay0,gaz0,bax1,bay1,baz1,bgx1,bgy1,bgz1,gax1,gay1,gaz1,bax2,bay2,baz2,bgx2,bgy2,bgz2,gax2,gay2,gaz2,bax3,bay3,baz3,bgx3,bgy3,bgz3,gax3,gay3,gaz3,bax4,bay4,baz4,bgx4,bgy4,bgz4,gax4,gay4,gaz4
0.280616498256,-0.0133638102379,-0.0873327387487,-0.0671768043215,-0.0147012892579,-0.348819097463,0.95231527696,0.183393189134,0.248493378596,0.299532435391,-0.0178638170787,-0.117728411938,-0.0355510041446,-0.0391831407278,-0.0606114984187,0.943590296356,0.184097638761,0.258781405564,0.300586727827,-0.0179185094842,-0.111092934137,-0.0341523254629,-0.0494601812531,0.102950774663,0.94816728994,0.181243742523,0.253375141643,0.296997973708,-0.0161982009897,-0.106038786914,-0.0244535430398,-0.0680619605819,0.0936121655895,0.954681199456,0.185364350913,0.255938455035,0.296187263909,-0.0157364656086,-0.127377780218,-0.0241335777252,-0.0867279074603,0.157910053586,0.954272769095,0.182774093016,0.250398384137
