bax0,bay0,baz0,bgx0,bgy0,bgz0,gax0,gay0,gaz0,bax1,bay1,baz1,bgx1,bgy1,bgz1,gax1,gay1,gaz1,bax2,bay2,baz2,bgx2,bgy2,bgz2,gax2,gay2,gaz2,bax3,bay3,baz3,bgx3,bgy3,bgz3,gax3,gay3,gaz3,bax4,bay4,baz4,bgx4,bgy4,bgz4,gax4,gay4,gaz4
0.277555321103,-0.0152943266148,-0.0891214093216,-0.0693490096671,-0.022854932,-0.363664570475,0.954305325047,0.181694988847,0.24581473985,0.300343551386,-0.0179925883478,-0.121784685426,-0.0334857216508,-0.0271957543474,-0.0443854021635,0.94513184995,0.186429686062,0.26178503982,0.286851416896,-0.0210793642406,-0.120653017586,-0.0215828622075,-0.0591925790377,0.0800451603246,0.956212175093,0.18460195672,0.256104424619,0.29332274975,-0.0197130485139,-0.1099382114,-0.0227662495881,-0.0602701875871,0.117377386877,0.953800950495,0.180915086963,0.258298944972,0.301143523873,-0.0188603771003,-0.126846191374,-0.036615981526,-0.0960213371679,0.131245213568,0.952022460191,0.184679328717,0.259826687857
