bax0,bay0,baz0,bgx0,bgy0,bgz0,gax0,gay0,gaz0,bax1,bay1,baz1,bgx1,bgy1,bgz1,gax1,gay1,gaz1,bax2,bay2,baz2,bgx2,bgy2,bgz2,gax2,gay2,gaz2,bax3,bay3,baz3,bgx3,bgy3,bgz3,gax3,gay3,gaz3,bax4,bay4,baz4,bgx4,bgy4,bgz4,gax4,gay4,gaz4
0.279555504584,-0.0159183272687,-0.0783226351309,-0.0828952778226,-0.00734362130577,-0.370024307402,0.952636099751,0.182354524589,0.246676669497,0.306261669852,-0.0179825487641,-0.115618907672,-0.0541041767427,-0.0392141643842,-0.0951930699653,0.949387454695,0.185447840549,0.257979494443,0.289309266086,-0.0179100264498,-0.114814435295,-0.0315480331416,-0.0464874835537,0.0697973966453,0.950984295301,0.184366462812,0.256648684283,0.292408046846,-0.015561876699,-0.111117221348,-0.0274955589689,-0.080001500529,0.117412576709,0.945888360399,0.183302312616,0.255333306548,0.287839688673,-0.0196905622566,-0.122106750021,-0.0302947941887,-0.0807133076349,0.122866701856,0.954837085771,0.1830552605,0.250711439357
