bax0,bay0,baz0,bgx0,bgy0,bgz0,gax0,gay0,gaz0,bax1,bay1,baz1,bgx1,bgy1,bgz1,gax1,gay1,gaz1,bax2,bay2,baz2,bgx2,bgy2,bgz2,gax2,gay2,gaz2,bax3,bay3,baz3,bgx3,bgy3,bgz3,gax3,gay3,gaz3,bax4,bay4,baz4,bgx4,bgy4,bgz4,gax4,gay4,gaz4
0.291875620679,-0.0182088517689,-0.123389500236,-0.0275998786742,-0.0735095498288,0.115709408309,0.954089484659,0.180971302327,0.249200349474,0.291637892545,-0.0177463412831,-0.113029248872,-0.031081277654,-0.0711634718936,0.10020975576,0.953346047011,0.179309277237,0.2502348127,0.296788339007,-0.022769957694,-0.104655927968,-0.0272291305531,-0.081609113468,0.0939488933892,0.95335471559,0.183050855965,0.252258823275,0.28839133686,-0.0143068722849,-0.113690063939,-0.0307891712701,-0.0752182595148,0.0909430703165,0.953281744748,0.184539559752,0.250826317305,0.292272008385,-0.015540979893,-0.120357023779,-0.0297697173986,-0.0749323191493,0.0901824552005,0.951563430043,0.18444502475,0.251841842752
