bax0,bay0,baz0,bgx0,bgy0,bgz0,gax0,gay0,gaz0,bax1,bay1,baz1,bgx1,bgy1,bgz1,gax1,gay1,gaz1,bax2,bay2,baz2,bgx2,bgy2,bgz2,gax2,gay2,gaz2,bax3,bay3,baz3,bgx3,bgy3,bgz3,gax3,gay3,gaz3,bax4,bay4,baz4,bgx4,bgy4,bgz4,gax4,gay4,gaz4
0.293222287018,-0.0150063586265,-0.116800553255,-0.028650992891,-0.0788540174694,0.0942494018306,0.953476552099,0.183927654999,0.249588940623,0.289037380036,-0.015635824758,-0.113768463487,-0.0286135630738,-0.0775264300848,0.0923600961322,0.952016096633,0.184607718523,0.250987089703,0.293726021057,-0.0184230398533,-0.11555349982,-0.027090588553,-0.0791674593612,0.0901419509314,0.952474568543,0.18507581035,0.249831251258,0.291975131451,-0.0199390646673,-0.11230415121,-0.0290484020556,-0.077010065998,0.0889123474157,0.951967357747,0.184206732749,0.249222447581,0.288157997516,-0.0171784635072,-0.113968396355,-0.028527072242,-0.0780636272618,0.0890953479761,0.953003589915,0.183390474995,0.250057936431
