bax0,bay0,baz0,bgx0,bgy0,bgz0,gax0,gay0,gaz0,bax1,bay1,baz1,bgx1,bgy1,bgz1,gax1,gay1,gaz1,bax2,bay2,baz2,bgx2,bgy2,bgz2,gax2,gay2,gaz2,bax3,bay3,baz3,bgx3,bgy3,bgz3,gax3,gay3,gaz3,bax4,bay4,baz4,bgx4,bgy4,bgz4,gax4,gay4,gaz4
0.290199848657,-0.0120014764934,-0.118817850111,-0.0231731926083,-0.100656185772,0.0905505940996,0.985640819906,-0.0748050762599,0.25889358494,0.295275526909,-0.0170941586295,-0.117555929576,-0.0279614361603,-0.0862677660091,0.0996699538638,0.987282465218,-0.0688075311236,0.257928329151,0.294651957162,-0.0208084199001,-0.111476661395,-0.028979146481,-0.0835034399186,0.0945921608792,0.988624393654,-0.0676500422343,0.256054691751,0.290814592607,-0.0192861309822,-0.108373473982,-0.029446299357,-0.0798186493117,0.0879602438322,0.986686054144,-0.0722382479556,0.244751837858,0.291826629559,-0.0142602416118,-0.115705374557,-0.0270784504339,-0.0727632076102,0.0790794515495,0.985221454509,-0.0737562281074,0.255084481127
