bax0,bay0,baz0,bgx0,bgy0,bgz0,gax0,gay0,gaz0,bax1,bay1,baz1,bgx1,bgy1,bgz1,gax1,gay1,gaz1,bax2,bay2,baz2,bgx2,bgy2,bgz2,gax2,gay2,gaz2,bax3,bay3,baz3,bgx3,bgy3,bgz3,gax3,gay3,gaz3,bax4,bay4,baz4,bgx4,bgy4,bgz4,gax4,gay4,gaz4
0.28777347485,-0.0146399626455,-0.105085545692,-0.0260606405778,-0.0772725274223,0.093399042604,0.988580933651,-0.0738672194566,0.255144019657,0.292833625028,-0.0177768657103,-0.123282341323,-0.0290946212935,-0.0848209921482,0.0963483584839,0.985894591492,-0.064681013625,0.253559839503,0.292320050169,-0.0165939105892,-0.114035449534,-0.0358373277676,-0.0762155046834,0.098209337423,0.985554422693,-0.0676517555285,0.25502008495,0.291637391945,-0.0188959562054,-0.115542568711,-0.0286499705655,-0.07800407228,0.0933764070173,0.98943028325,-0.0694191833192,0.251516550658,0.295969975249,-0.0188771872083,-0.118505202873,-0.0266611548447,-0.0795109909568,0.0870797130403,0.99068808476,-0.0682706728107,0.254507991946
