bax0,bay0,baz0,bgx0,bgy0,bgz0,gax0,gay0,gaz0,bax1,bay1,baz1,bgx1,bgy1,bgz1,gax1,gay1,gaz1,bax2,bay2,baz2,bgx2,bgy2,bgz2,gax2,gay2,gaz2,bax3,bay3,baz3,bgx3,bgy3,bgz3,gax3,gay3,gaz3,bax4,bay4,baz4,bgx4,bgy4,bgz4,gax4,gay4,gaz4
0.3009427593,-0.0179346989278,-0.12104709843,-0.0310421776772,-0.0634517537925,0.0934593494701,0.578667971088,0.469099096847,0.564387431749,0.299466256992,-0.0219349668826,-0.116125345144,-0.029775515722,-0.0615677021673,0.0750597347114,0.579754416345,0.466368498019,0.568077185766,0.299317481742,-0.0192857977922,-0.121294129383,-0.0274515183517,-0.0676436517743,0.0797589818081,0.585689337768,0.467152195632,0.56539027164,0.304076214781,-0.0169433381456,-0.117188578521,-0.0281519825364,-0.0801665148778,0.0770310172932,0.59123943566,0.466780191792,0.564896756143,0.302525264649,-0.0201907115234,-0.116374323616,-0.029726053552,-0.0819658518382,0.0911176540729,0.593265501308,0.46762329893,0.559209493252
