bax0,bay0,baz0,bgx0,bgy0,bgz0,gax0,gay0,gaz0,bax1,bay1,baz1,bgx1,bgy1,bgz1,gax1,gay1,gaz1,bax2,bay2,baz2,bgx2,bgy2,bgz2,gax2,gay2,gaz2,bax3,bay3,baz3,bgx3,bgy3,bgz3,gax3,gay3,gaz3,bax4,bay4,baz4,bgx4,bgy4,bgz4,gax4,gay4,gaz4
0.291100947223,-0.0175974282148,-0.118654940304,-0.0291009938111,-0.0814233578718,0.114390181984,0.614182354213,0.452588774599,0.57472232603,0.296061200621,-0.017650526167,-0.108099960049,-0.0281573653639,-0.063654037949,0.0548030400514,0.634661407821,0.487971896188,0.534490457295,0.297298127506,-0.0139576756301,-0.119613931143,-0.0303704485668,-0.0770853536742,0.106564081416,0.575467778149,0.441225834152,0.55613017524,0.301295533101,-0.0152945771967,-0.117348813618,-0.0457548242558,-0.091553353277,0.0886284132427,0.606925707746,0.492031453255,0.542723061101,0.304301667548,-0.0296400287852,-0.110200008952,-0.154984565246,-0.017044621109,-0.45606159211,0.955699240683,0.0140894312306,0.272972837613
