bax0,bay0,baz0,bgx0,bgy0,bgz0,gax0,gay0,gaz0,bax1,bay1,baz1,bgx1,bgy1,bgz1,gax1,gay1,gaz1,bax2,bay2,baz2,bgx2,bgy2,bgz2,gax2,gay2,gaz2,bax3,bay3,baz3,bgx3,bgy3,bgz3,gax3,gay3,gaz3,bax4,bay4,baz4,bgx4,bgy4,bgz4,gax4,gay4,gaz4
0.277856302403,-0.00394380732175,-0.0815720323259,-0.089048663529,-0.0425914760514,-0.137194656757,0.979491311074,-0.0105667042077,0.276858608047,0.284929195237,-0.00950251009039,-0.109806127394,-0.0391079053731,-0.0480792162918,0.0544878306559,0.981183819853,-0.016697805184,0.285408914835,0.290434654385,-0.019529172832,-0.113106293073,-0.0371205014929,-0.0704048108681,0.114214506145,0.976107472504,-0.00958088543937,0.284577680155,0.29343507102,-0.0254850867791,-0.110015236965,-0.0167354645056,-0.0774680680528,0.131901915622,0.973980603256,-0.00375713528888,0.285209967023,0.294379153459,-0.0108663175026,-0.114442402988,-0.0201956548526,-0.0806054850648,0.0774051165875,0.979073081668,-0.00601407537992,0.281146536472
