bax0,bay0,baz0,bgx0,bgy0,bgz0,gax0,gay0,gaz0,bax1,bay1,baz1,bgx1,bgy1,bgz1,gax1,gay1,gaz1,bax2,bay2,baz2,bgx2,bgy2,bgz2,gax2,gay2,gaz2,bax3,bay3,baz3,bgx3,bgy3,bgz3,gax3,gay3,gaz3,bax4,bay4,baz4,bgx4,bgy4,bgz4,gax4,gay4,gaz4
0.288490412507,-0.0107131824501,-0.0864615692047,-0.0826381131706,-0.044704129694,-0.161098423266,0.978478587971,-0.0184296535452,0.278432927785,0.284665799938,-0.0138306661043,-0.109524275769,-0.0493040996007,-0.0570405893624,0.0629981650169,0.978940923693,-0.00594755099704,0.287285148262,0.28908255662,-0.019868049334,-0.122486321993,-0.0194543065523,-0.066122693164,0.111488370288,0.974485125314,-0.00686855012931,0.275773534472,0.293441861115,-0.0237637571195,-0.116969494102,-0.0295536555676,-0.070727186939,0.0961056960204,0.976207431945,-0.00525172224326,0.284963521,0.289017043821,-0.0162450067894,-0.11548391305,-0.0179065237452,-0.064608297182,0.100691959801,0.976958054463,-0.0047714787465,0.282399288289
