bax0,bay0,baz0,bgx0,bgy0,bgz0,gax0,gay0,gaz0,bax1,bay1,baz1,bgx1,bgy1,bgz1,gax1,gay1,gaz1,bax2,bay2,baz2,bgx2,bgy2,bgz2,gax2,gay2,gaz2,bax3,bay3,baz3,bgx3,bgy3,bgz3,gax3,gay3,gaz3,bax4,bay4,baz4,bgx4,bgy4,bgz4,gax4,gay4,gaz4
0.286651200646,-0.00726295915006,-0.0927136393059,-0.0835950933201,-0.0533688464815,-0.160918014024,0.983491768452,-0.0159224485843,0.270793932219,0.291780803569,-0.00902020456387,-0.112658474727,-0.0405916886188,-0.0556602038362,-0.000595261675756,0.976600998297,-0.00971200791289,0.284929495898,0.292797046968,-0.0170470342968,-0.121312902795,-0.0268635710032,-0.0665991882268,0.0886574156558,0.97792869514,-0.00621477186132,0.27834647099,0.291446155271,-0.018807615793,-0.106336516284,-0.0162007977883,-0.0896887960815,0.124141328624,0.976805876728,-0.00431181704613,0.281245722405,0.291982346368,-0.0182160493458,-0.106559069082,-0.0237781023141,-0.0756272992832,0.150769491135,0.976039994287,-0.00976983667035,0.280492850715
