bax0,bay0,baz0,bgx0,bgy0,bgz0,gax0,gay0,gaz0,bax1,bay1,baz1,bgx1,bgy1,bgz1,gax1,gay1,gaz1,bax2,bay2,baz2,bgx2,bgy2,bgz2,gax2,gay2,gaz2,bax3,bay3,baz3,bgx3,bgy3,bgz3,gax3,gay3,gaz3,bax4,bay4,baz4,bgx4,bgy4,bgz4,gax4,gay4,gaz4
0.2955137658,-0.0171653162763,-0.12243649763,-0.0241854832467,-0.083499141761,0.109375813433,0.976263420312,-0.00584298939037,0.283647542778,0.293599148647,-0.0162349509237,-0.11664508084,-0.0273944293812,-0.0777098279159,0.0987756203354,0.97674694313,-0.00450219124922,0.282193526989,0.289578077132,-0.0177085974514,-0.106226836805,-0.0268666659417,-0.0831118245918,0.103944106929,0.976082093427,0.00195066348278,0.287569689717,0.294442863672,-0.023276851955,-0.115269442868,-0.0249330368622,-0.0933394305467,0.0876494081454,0.977632631587,-0.00147830424254,0.286047688846,0.296273265697,-0.00162991560233,-0.128366904296,-0.0266231481285,-0.0737125433778,0.0676876538484,0.977156105335,0.000471339083874,0.282027820426
