bax0,bay0,baz0,bgx0,bgy0,bgz0,gax0,gay0,gaz0,bax1,bay1,baz1,bgx1,bgy1,bgz1,gax1,gay1,gaz1,bax2,bay2,baz2,bgx2,bgy2,bgz2,gax2,gay2,gaz2,bax3,bay3,baz3,bgx3,bgy3,bgz3,gax3,gay3,gaz3,bax4,bay4,baz4,bgx4,bgy4,bgz4,gax4,gay4,gaz4
0.293039093362,-0.00904893053404,-0.118075684607,-0.0265767908908,-0.075071765362,0.112549887072,0.977332148115,-0.00432489177937,0.281643358552,0.291316882155,-0.00741865892978,-0.107025206892,-0.0261876605447,-0.0747716247587,0.105695783653,0.978814254297,-0.00204593272301,0.28288789451,0.286907206624,-0.0222482208452,-0.107797805481,-0.0280924688145,-0.0845020707903,0.0981880736614,0.978588558471,0.000869362170632,0.284633146298,0.290676063676,-0.018725179119,-0.118807954449,-0.0280021912766,-0.0861106260457,0.0956110796193,0.97719563128,-0.000662474977123,0.285651122776,0.290902935059,0.000831311793866,-0.127387271322,-0.0268384954913,-0.0802175891026,0.0754066513147,0.976587680035,-0.00485546234758,0.279531297536
