bax0,bay0,baz0,bgx0,bgy0,bgz0,gax0,gay0,gaz0,bax1,bay1,baz1,bgx1,bgy1,bgz1,gax1,gay1,gaz1,bax2,bay2,baz2,bgx2,bgy2,bgz2,gax2,gay2,gaz2,bax3,bay3,baz3,bgx3,bgy3,bgz3,gax3,gay3,gaz3,bax4,bay4,baz4,bgx4,bgy4,bgz4,gax4,gay4,gaz4
0.289445765449,-0.00647848584001,-0.107900259611,-0.0363691509089,-0.0646712085972,0.0800907458281,0.978049185019,0.000296425146674,0.276861114357,0.289654899627,-0.0186995055531,-0.109142497726,-0.0334834773974,-0.0833633682923,0.0972722072949,0.974865809771,0.00857562570287,0.282878860403,0.288659037695,-0.0246441252779,-0.11068738839,-0.032956475062,-0.0832622172655,0.105422498521,0.978768765582,0.0134835138929,0.278152375,0.287975483975,-0.0258787440387,-0.107057313194,-0.0321366877046,-0.0715056909221,0.0864510259245,0.975831872508,0.00685636587947,0.285549175478,0.290942536945,-0.0218547111147,-0.104879642072,-0.0280812568837,-0.0882875253719,0.0864320883221,0.976474769563,0.00286802323827,0.293369580975
