bax0,bay0,baz0,bgx0,bgy0,bgz0,gax0,gay0,gaz0,bax1,bay1,baz1,bgx1,bgy1,bgz1,gax1,gay1,gaz1,bax2,bay2,baz2,bgx2,bgy2,bgz2,gax2,gay2,gaz2,bax3,bay3,baz3,bgx3,bgy3,bgz3,gax3,gay3,gaz3,bax4,bay4,baz4,bgx4,bgy4,bgz4,gax4,gay4,gaz4
0.415917857535,-0.0158546158931,-0.121124202387,0.0303413055573,-0.133042571219,0.526755460907,-0.253313313932,0.812690819342,0.620108038573,0.302856223318,-0.0221825913653,-0.105747667231,0.0119687625368,-0.0860436754797,0.303785222111,-0.203124642376,0.815515058148,0.613559620814,0.293885835315,-0.016926043572,-0.113993146642,-0.00802903574839,-0.0710263419399,0.0751391910551,-0.213463897413,0.812051519403,0.618386366052,0.299823461802,-0.0170703477563,-0.113570883695,-0.0312540920817,-0.0944555985429,0.0848092318833,-0.225760558982,0.808052841438,0.620544140113,0.289947773121,-0.0213228087667,-0.116412944734,-0.0365132061653,-0.06262800681,0.0548440213737,-0.21829345942,0.811949336854,0.622985810406
