bax0,bay0,baz0,bgx0,bgy0,bgz0,gax0,gay0,gaz0,bax1,bay1,baz1,bgx1,bgy1,bgz1,gax1,gay1,gaz1,bax2,bay2,baz2,bgx2,bgy2,bgz2,gax2,gay2,gaz2,bax3,bay3,baz3,bgx3,bgy3,bgz3,gax3,gay3,gaz3,bax4,bay4,baz4,bgx4,bgy4,bgz4,gax4,gay4,gaz4
0.29538939042,-0.0144157974612,-0.107222191168,-0.0408186318661,-0.0711480700451,0.0929698705491,-0.161632684539,0.805245899574,0.612789737054,0.30182005594,-0.0180565753954,-0.106757001353,-0.0396548147601,-0.0591356398574,0.116559938276,-0.19801398134,0.810107289569,0.622268522141,0.280206478556,-0.0301412010958,-0.0952997878369,-0.0217210069988,-0.0852596932364,0.159112498777,-0.203890940747,0.807365753664,0.621747565863,0.0282749792042,-0.00455811061238,-0.0372670367159,0.188115023218,0.038932850117,0.782123842277,0.0533163330085,0.793333130692,0.522558713642,0.358098176391,-0.0368978387273,-0.106565757782,0.122708481931,-0.04463306045,0.514524852715,-0.0566349864911,0.810807768957,0.581010774061
