bax0,bay0,baz0,bgx0,bgy0,bgz0,gax0,gay0,gaz0,bax1,bay1,baz1,bgx1,bgy1,bgz1,gax1,gay1,gaz1,bax2,bay2,baz2,bgx2,bgy2,bgz2,gax2,gay2,gaz2,bax3,bay3,baz3,bgx3,bgy3,bgz3,gax3,gay3,gaz3,bax4,bay4,baz4,bgx4,bgy4,bgz4,gax4,gay4,gaz4
0.318763384437,-0.0219652309802,-0.125241061604,-0.0564431420581,-0.0649440273448,0.0769075255071,-0.253841970115,0.804156866518,0.612309914155,0.284681460176,-0.0191188879016,-0.0986125526107,-0.0416028867491,-0.0824843264818,0.0938079657094,-0.193523549293,0.806069662878,0.61944930894,0.297129264499,-0.0233171201396,-0.113995793956,-0.0159062159224,-0.0773814969572,0.117326994749,-0.189516700514,0.811741443069,0.641876034659,0.00952201363783,-0.0110561996819,-0.0262582514572,0.206357657728,0.0465075701426,0.788487603881,0.0510329911133,0.798532992653,0.515672332904,0.344739757806,-0.040514613554,-0.0945332726325,0.128319897646,-0.00768444183575,0.532025497781,-0.0894313891523,0.808074117949,0.565653302343
