bax0,bay0,baz0,bgx0,bgy0,bgz0,gax0,gay0,gaz0,bax1,bay1,baz1,bgx1,bgy1,bgz1,gax1,gay1,gaz1,bax2,bay2,baz2,bgx2,bgy2,bgz2,gax2,gay2,gaz2,bax3,bay3,baz3,bgx3,bgy3,bgz3,gax3,gay3,gaz3,bax4,bay4,baz4,bgx4,bgy4,bgz4,gax4,gay4,gaz4
-0.267218465543,-0.673147820308,0.337730482526,-0.218421338422,-0.0823542075807,0.137839005093,-0.603293640636,0.514273661945,0.804051369975,0.225720639847,-0.390694293473,0.0183964559396,0.0210113387997,-0.129705399868,0.190924305496,-0.80430569017,0.194739691781,1.03971780388,0.293588357365,-0.0673107757169,-0.098180725069,0.183677770143,-0.141886348798,0.242186818059,-0.775124728013,-0.0379327298637,1.02027915831,0.253181723435,0.0173593797051,-0.0598508160015,0.0968104873603,-0.118588428855,0.156916640918,-0.786255754914,-0.0449119892804,1.07178020462,0.272539902662,0.0205064076175,-0.108789700315,0.0255683010767,-0.0916521067389,0.119857259732,-0.788441731224,-0.0671846927848,1.04091938551
