bax0,bay0,baz0,bgx0,bgy0,bgz0,gax0,gay0,gaz0,bax1,bay1,baz1,bgx1,bgy1,bgz1,gax1,gay1,gaz1,bax2,bay2,baz2,bgx2,bgy2,bgz2,gax2,gay2,gaz2,bax3,bay3,baz3,bgx3,bgy3,bgz3,gax3,gay3,gaz3,bax4,bay4,baz4,bgx4,bgy4,bgz4,gax4,gay4,gaz4
0.303857893695,-0.0108637433518,-0.1127487203,-0.0354867420094,-0.0775146400101,0.0556220709192,-0.732727127346,-0.0395882452924,1.02563410489,0.254835951483,-0.00962558704486,-0.111798842117,-0.0211082049327,-0.0592268738781,0.0662282166208,-0.765958480722,-0.00746600933504,1.07573632248,0.404234313443,-0.0223093164809,-0.13032016589,0.0946651943603,-0.127067683658,0.610916417182,-0.180371715577,0.778333945135,0.496744959548,0.319650575061,-0.019080053187,-0.115083664918,0.031182880945,-0.109769766323,0.340939591993,-0.0698478392866,0.849393377915,0.509043140334,0.306055646511,-0.0178788151096,-0.12039341878,-0.00458339257117,-0.0835865425072,0.131156888936,-0.094824760401,0.753816220217,0.528376513645
