bax0,bay0,baz0,bgx0,bgy0,bgz0,gax0,gay0,gaz0,bax1,bay1,baz1,bgx1,bgy1,bgz1,gax1,gay1,gaz1,bax2,bay2,baz2,bgx2,bgy2,bgz2,gax2,gay2,gaz2,bax3,bay3,baz3,bgx3,bgy3,bgz3,gax3,gay3,gaz3,bax4,bay4,baz4,bgx4,bgy4,bgz4,gax4,gay4,gaz4
0.292342028912,-0.00772747227476,-0.113172063231,-0.0288144955998,-0.0850939373546,0.0414989653172,-0.727419677541,0.0132687400074,1.06292086671,0.298466164191,-0.0111127879081,-0.122133870073,-0.0353180475714,-0.0861094693336,0.0469174111689,-0.767562608761,-0.0111908550605,1.03518721691,0.426743641214,-0.0185621765082,-0.134178370525,0.0776808048508,-0.117176682514,0.617266196918,-0.135340900862,0.850965601946,0.55752824434,0.336160900706,-0.0238084259353,-0.10260504694,0.0331874093758,-0.100663206357,0.293162598956,-0.047494460036,0.878966558333,0.531541176882,0.29017751665,-0.0147331147519,-0.115470906262,-0.0152644635999,-0.0726892239042,0.135148924927,-0.0604608200624,0.855242105531,0.516579045122
