bax0,bay0,baz0,bgx0,bgy0,bgz0,gax0,gay0,gaz0,bax1,bay1,baz1,bgx1,bgy1,bgz1,gax1,gay1,gaz1,bax2,bay2,baz2,bgx2,bgy2,bgz2,gax2,gay2,gaz2,bax3,bay3,baz3,bgx3,bgy3,bgz3,gax3,gay3,gaz3,bax4,bay4,baz4,bgx4,bgy4,bgz4,gax4,gay4,gaz4
0.292569493677,-0.0176739186276,-0.115313569647,-0.0300393081179,-0.08584670157,0.0596787087942,-0.0468821445659,0.835341143002,0.518251841362,0.290384717097,-0.0221108123755,-0.115389724131,-0.0381357685951,-0.070512814371,0.0530671918165,-0.0481151901315,0.833914819528,0.516094884293,0.295404569155,-0.0167014008038,-0.112994857702,-0.0367999601755,-0.0792829354484,0.0622325728049,-0.050121090505,0.833777990685,0.51619261941,0.293748186751,-0.0160317075349,-0.112551083849,-0.0360364958195,-0.0787364617845,0.0720699464832,-0.0456686348222,0.834074975623,0.517770368585,0.286190592221,-0.0187588105597,-0.113507443096,-0.0299088161164,-0.0781948783058,0.0862140029876,-0.0484173520991,0.836044111391,0.518770188151
