bax0,bay0,baz0,bgx0,bgy0,bgz0,gax0,gay0,gaz0,bax1,bay1,baz1,bgx1,bgy1,bgz1,gax1,gay1,gaz1,bax2,bay2,baz2,bgx2,bgy2,bgz2,gax2,gay2,gaz2,bax3,bay3,baz3,bgx3,bgy3,bgz3,gax3,gay3,gaz3,bax4,bay4,baz4,bgx4,bgy4,bgz4,gax4,gay4,gaz4
0.298248399555,-0.0179645939267,-0.118628550193,-0.0292945311607,-0.0813143996213,0.0592937060045,-0.0483167169504,0.835473908958,0.517024612229,0.289696939176,-0.0168455829097,-0.116162736759,-0.0402253222441,-0.073961663713,0.0498705882375,-0.0515434460263,0.834431388986,0.516968285957,0.293070885835,-0.0152377967484,-0.112379217664,-0.0361493368056,-0.0839150781561,0.061437293414,-0.0482555000674,0.834892901903,0.515306934126,0.29674423096,-0.0154639109811,-0.114821743146,-0.0334354502881,-0.0834843307601,0.0781574274192,-0.0483890525198,0.831399458177,0.51734629072,0.295677060632,-0.0184915508475,-0.115096614983,-0.0282359483086,-0.0710922534804,0.0939065151888,-0.0475983670844,0.836746574058,0.521269019615
