bax0,bay0,baz0,bgx0,bgy0,bgz0,gax0,gay0,gaz0,bax1,bay1,baz1,bgx1,bgy1,bgz1,gax1,gay1,gaz1,bax2,bay2,baz2,bgx2,bgy2,bgz2,gax2,gay2,gaz2,bax3,bay3,baz3,bgx3,bgy3,bgz3,gax3,gay3,gaz3,bax4,bay4,baz4,bgx4,bgy4,bgz4,gax4,gay4,gaz4
-0.065704398467,0.00749673426793,-0.532736758628,-0.120272025193,0.117656800107,0.31987246661,-0.185006046462,0.96922494798,-0.161839827628,0.269161569062,-0.0248896670114,-0.124310801962,-0.155700242604,-0.00559837186631,0.251060608737,-0.309862032672,0.969365930609,-0.306645629513,0.281601609801,-0.0129201508922,-0.07743085621,-0.132414644864,-0.0384847280774,0.17487825076,-0.292932566682,0.975845540945,-0.294313558302,0.312272147582,0.00463137295548,0.0252500156242,-0.0770515134208,-0.0860368956044,0.108459067161,-0.275671809771,0.978132965332,-0.269491007664,0.318911575778,-0.0170413444482,-0.111579068115,-0.0128964847082,-0.0966851650074,0.0616269076918,-0.288407637794,0.994878343484,-0.226916738031
