bax0,bay0,baz0,bgx0,bgy0,bgz0,gax0,gay0,gaz0,bax1,bay1,baz1,bgx1,bgy1,bgz1,gax1,gay1,gaz1,bax2,bay2,baz2,bgx2,bgy2,bgz2,gax2,gay2,gaz2,bax3,bay3,baz3,bgx3,bgy3,bgz3,gax3,gay3,gaz3,bax4,bay4,baz4,bgx4,bgy4,bgz4,gax4,gay4,gaz4
0.283389114581,-0.015697170029,-0.142849883912,-0.000394987258429,-0.0904417393957,0.0752922686301,-0.271685108719,0.993039146338,-0.241162391669,0.28329294422,-0.0172443014905,-0.128850414213,-0.0147012568037,-0.0826454777917,0.0846441076078,-0.269393781281,0.995273410275,-0.245136523172,0.242450362096,-0.0288206742125,-0.193230275627,0.01519413406,-0.0772040244919,0.0493825986541,-0.272114994028,0.989162031365,-0.230774805074,0.198048970707,-0.0484246936881,-0.270177164896,0.000747405264455,-0.0772304359698,0.0589693717696,-0.283911177746,0.978613660083,-0.282849124801,0.233702130182,-0.0252933070009,-0.168311895738,-0.0606439446826,-0.0907877003424,0.125927861341,-0.31405136652,0.970019460525,-0.35511680702
