bax0,bay0,baz0,bgx0,bgy0,bgz0,gax0,gay0,gaz0,bax1,bay1,baz1,bgx1,bgy1,bgz1,gax1,gay1,gaz1,bax2,bay2,baz2,bgx2,bgy2,bgz2,gax2,gay2,gaz2,bax3,bay3,baz3,bgx3,bgy3,bgz3,gax3,gay3,gaz3,bax4,bay4,baz4,bgx4,bgy4,bgz4,gax4,gay4,gaz4
0.274433781099,-0.0198040222566,-0.112194848084,-0.0280264505898,-0.201309643573,0.702576859689,-0.337711805743,0.810456951521,0.645828198967,0.263446947046,-0.00932893317345,-0.105178147069,-0.0149474322857,-0.0868305670042,0.501239948022,-0.340645076014,0.797957904241,0.654678312718,0.277490659306,-0.025364585358,-0.096560241769,-0.000834940738174,-0.0700840663882,0.260186646369,-0.347472612062,0.792857583362,0.651924383095,0.293576288621,-0.0161659169308,-0.11736699416,-0.00515604551281,-0.0612675345992,0.128664854043,-0.346135367257,0.797488013949,0.658650601248,0.309725553013,-0.0131280270708,-0.108142875545,-0.0160488207799,-0.0629082147981,0.0945860855481,-0.339098775033,0.792653725857,0.65610700079
