bax0,bay0,baz0,bgx0,bgy0,bgz0,gax0,gay0,gaz0,bax1,bay1,baz1,bgx1,bgy1,bgz1,gax1,gay1,gaz1,bax2,bay2,baz2,bgx2,bgy2,bgz2,gax2,gay2,gaz2,bax3,bay3,baz3,bgx3,bgy3,bgz3,gax3,gay3,gaz3,bax4,bay4,baz4,bgx4,bgy4,bgz4,gax4,gay4,gaz4
0.277398577644,-0.0228985737342,-0.109752470202,-0.0273086236879,-0.210529044679,0.741997827203,-0.332010699366,0.803082391315,0.641564023422,0.280307276952,-0.0104535012044,-0.105807135981,-0.00275413326116,-0.0814185585044,0.452308058394,-0.340256118258,0.798586495055,0.649692895886,0.284991829344,-0.0231371461583,-0.0942834749943,-0.00766812419154,-0.0556612008436,0.246846448328,-0.336316069942,0.7952022307,0.654886724074,0.290831283169,-0.0174403457215,-0.108106238822,-0.0126370571142,-0.0747710459452,0.110753860075,-0.34251934838,0.796404165132,0.660205197573,0.298581014254,-0.0189886966938,-0.113898601043,-0.0238362431759,-0.0641972531646,0.0702530467783,-0.34462775942,0.802494021753,0.666181804478
