bax0,bay0,baz0,bgx0,bgy0,bgz0,gax0,gay0,gaz0,bax1,bay1,baz1,bgx1,bgy1,bgz1,gax1,gay1,gaz1,bax2,bay2,baz2,bgx2,bgy2,bgz2,gax2,gay2,gaz2,bax3,bay3,baz3,bgx3,bgy3,bgz3,gax3,gay3,gaz3,bax4,bay4,baz4,bgx4,bgy4,bgz4,gax4,gay4,gaz4
0.308787204517,-0.0162205371488,-0.117620050254,-0.0241850205147,-0.0748467055982,0.0513449565022,-0.338358925604,0.795209132421,0.661777466651,0.291308331517,-0.0169452029942,-0.115624567564,-0.033586100684,-0.0857710839491,0.0711159301996,-0.332756017276,0.79305911291,0.657702333279,0.284644389869,-0.0192720674469,-0.111264803165,-0.0310698621354,-0.0796804252365,0.0725098678207,-0.335085581207,0.798543882969,0.657611034334,0.304169936399,-0.0191259358325,-0.104594092588,-0.0324238584961,-0.0733767950616,0.0899921956023,-0.332273440318,0.794554421799,0.662575401806,0.302276819221,-0.0126447255578,-0.119353908076,-0.0201200702897,-0.0940824605517,0.0873750818574,-0.331638100828,0.795287841894,0.66376092903
