bax0,bay0,baz0,bgx0,bgy0,bgz0,gax0,gay0,gaz0,bax1,bay1,baz1,bgx1,bgy1,bgz1,gax1,gay1,gaz1,bax2,bay2,baz2,bgx2,bgy2,bgz2,gax2,gay2,gaz2,bax3,bay3,baz3,bgx3,bgy3,bgz3,gax3,gay3,gaz3,bax4,bay4,baz4,bgx4,bgy4,bgz4,gax4,gay4,gaz4
0.300461237537,-0.0133306024887,-0.138153929899,-0.0423847765969,-0.0839779353073,0.104805877285,-0.32552782002,0.806129930402,0.650952036022,0.30800847703,-0.0127977653664,-0.121446707675,-0.0313331662681,-0.06698373915,0.0898432156949,-0.327404830806,0.794838062413,0.665431644691,0.267704057929,-0.0121408575884,-0.105421009173,-0.0292154946439,-0.0772322195592,0.101813200457,-0.310563468333,0.795185799999,0.628277623209,0.29545361171,-0.0101866425424,-0.129282052466,-0.0335906734899,-0.0592777526079,0.146723323643,-0.318424084387,0.783332752658,0.632778274411,0.292951543494,-0.0281080646282,-0.0980202733632,0.0311402012657,-0.06130946421,0.51901686196,-0.289817532174,0.90151397755,0.4697849615
