bax0,bay0,baz0,bgx0,bgy0,bgz0,gax0,gay0,gaz0,bax1,bay1,baz1,bgx1,bgy1,bgz1,gax1,gay1,gaz1,bax2,bay2,baz2,bgx2,bgy2,bgz2,gax2,gay2,gaz2,bax3,bay3,baz3,bgx3,bgy3,bgz3,gax3,gay3,gaz3,bax4,bay4,baz4,bgx4,bgy4,bgz4,gax4,gay4,gaz4
0.317413340226,-0.0122828354819,-0.141467673119,-0.0214480519647,-0.085185333912,0.102909109261,-0.329843750999,0.798101817671,0.63993005812,0.302410348726,-0.00689038226345,-0.113849275239,-0.0286886423236,-0.0595109111761,0.0713916846308,-0.329265943712,0.793447924081,0.637274547381,0.274955231132,-0.0158747093489,-0.112400503456,-0.0350713650578,-0.0771587737124,0.0740271777133,-0.324288620392,0.793460273336,0.647406680478,0.301995370649,-0.0205792511973,-0.128836171022,-0.0300393111414,-0.0672965068073,0.0776596541797,-0.325687555194,0.800762913716,0.610967983892,0.286620151735,-0.0330678358081,-0.101818143898,0.0175752672874,-0.0641796911305,0.498568921297,-0.282978210068,0.932145604223,0.474977024154
