bax0,bay0,baz0,bgx0,bgy0,bgz0,gax0,gay0,gaz0,bax1,bay1,baz1,bgx1,bgy1,bgz1,gax1,gay1,gaz1,bax2,bay2,baz2,bgx2,bgy2,bgz2,gax2,gay2,gaz2,bax3,bay3,baz3,bgx3,bgy3,bgz3,gax3,gay3,gaz3,bax4,bay4,baz4,bgx4,bgy4,bgz4,gax4,gay4,gaz4
0.291714785134,-0.0206701430501,-0.113016263203,-0.027188632842,-0.0649769005775,0.0878750674581,-0.296081874348,0.906595894538,0.483030777235,0.276345090914,-0.0205195842324,-0.105332461011,-0.0308295980687,-0.0683591011635,0.0961916685318,-0.295734978662,0.903772866268,0.480146819433,0.296209544415,-0.0186121335943,-0.108370505682,-0.0259750130342,-0.0869505553226,0.09199446001,-0.296050869518,0.905930272611,0.484523187382,0.301803460322,-0.0206781938427,-0.117074548886,-0.0247216167146,-0.0837127638505,0.0877664491155,-0.299910375499,0.903045210844,0.48493092926,0.28447275801,-0.0175504901771,-0.118496563725,-0.0289823597403,-0.0757868350286,0.0914033938778,-0.298440537538,0.905525197751,0.484374651675
