bax0,bay0,baz0,bgx0,bgy0,bgz0,gax0,gay0,gaz0,bax1,bay1,baz1,bgx1,bgy1,bgz1,gax1,gay1,gaz1,bax2,bay2,baz2,bgx2,bgy2,bgz2,gax2,gay2,gaz2,bax3,bay3,baz3,bgx3,bgy3,bgz3,gax3,gay3,gaz3,bax4,bay4,baz4,bgx4,bgy4,bgz4,gax4,gay4,gaz4
0.280400999131,-0.0172995143469,-0.11163053295,-0.0334555908848,-0.0624757417913,0.0886990775991,-0.290793558968,0.909707158339,0.478700790944,0.279616824844,-0.0191861722798,-0.110561502572,-0.029673938803,-0.0723506830925,0.0955953075187,-0.295140826648,0.906082543458,0.482987824531,0.289122576113,-0.0204689773337,-0.112304632446,-0.0329642557712,-0.0786333183732,0.093941153161,-0.29784739914,0.90385523582,0.485003209078,0.299575672315,-0.0174683914137,-0.114927327296,-0.0294065349992,-0.089519742925,0.0862014436475,-0.297049231511,0.905046287387,0.488728372812,0.290314522474,-0.0175304370931,-0.116436104449,-0.0291261548932,-0.0843797975556,0.0967058550678,-0.29539036095,0.905693745999,0.489602493749
