bax0,bay0,baz0,bgx0,bgy0,bgz0,gax0,gay0,gaz0,bax1,bay1,baz1,bgx1,bgy1,bgz1,gax1,gay1,gaz1,bax2,bay2,baz2,bgx2,bgy2,bgz2,gax2,gay2,gaz2,bax3,bay3,baz3,bgx3,bgy3,bgz3,gax3,gay3,gaz3,bax4,bay4,baz4,bgx4,bgy4,bgz4,gax4,gay4,gaz4
0.272864692408,-0.0274398009898,-0.10258378414,-0.0220514033234,-0.0833016513404,0.050889153606,-0.208566100377,0.896408663196,0.473358739663,0.290685705714,-0.0220758052415,-0.116032307575,-0.0271285483642,-0.0807402731592,0.0645561805711,-0.214454279025,0.897107768118,0.475540214343,0.287971856257,-0.0179117270481,-0.0971436824512,-0.027456501499,-0.0902055665276,0.0873686424164,-0.215265666713,0.898997454801,0.482667089213,0.301740334059,-0.0104324199361,-0.12982167259,-0.0293132720589,-0.0961850589757,0.0850417213325,-0.214484804846,0.895841277494,0.475650628651,0.301433814417,-0.0130296827238,-0.149925870417,-0.0292740071947,-0.0951399561714,0.0810376201916,-0.206721240366,0.901702974214,0.471293192621
