bax0,bay0,baz0,bgx0,bgy0,bgz0,gax0,gay0,gaz0,bax1,bay1,baz1,bgx1,bgy1,bgz1,gax1,gay1,gaz1,bax2,bay2,baz2,bgx2,bgy2,bgz2,gax2,gay2,gaz2,bax3,bay3,baz3,bgx3,bgy3,bgz3,gax3,gay3,gaz3,bax4,bay4,baz4,bgx4,bgy4,bgz4,gax4,gay4,gaz4
0.283660812498,-0.0187219023298,-0.104322516743,-0.0226148864611,-0.0807351271724,0.0540074871617,-0.209648307539,0.901907002168,0.470632727095,0.290236250195,-0.0142907288018,-0.102661134736,-0.0245132865414,-0.0802424753954,0.0694090142768,-0.212382675355,0.896380251556,0.475483014803,0.289868616876,-0.0241086493768,-0.103163217512,-0.0267716828239,-0.0805197994963,0.07506611912,-0.214011626965,0.896777931154,0.480851988568,0.292390876229,-0.0137819430475,-0.125970627602,-0.0243216704366,-0.0928602055664,0.074704129839,-0.210811884389,0.897633504823,0.484181790475,0.309261774791,-0.0164020364152,-0.135929381889,-0.025822874457,-0.0971754046574,0.070502729945,-0.210563150558,0.90147169897,0.476173951647
