bax0,bay0,baz0,bgx0,bgy0,bgz0,gax0,gay0,gaz0,bax1,bay1,baz1,bgx1,bgy1,bgz1,gax1,gay1,gaz1,bax2,bay2,baz2,bgx2,bgy2,bgz2,gax2,gay2,gaz2,bax3,bay3,baz3,bgx3,bgy3,bgz3,gax3,gay3,gaz3,bax4,bay4,baz4,bgx4,bgy4,bgz4,gax4,gay4,gaz4
0.272642433341,-0.0205621559246,-0.0926374792967,-0.0223709405553,-0.0811609870282,0.0581360619501,-0.206186010996,0.897968186401,0.475641069534,0.288968165856,-0.014394312514,-0.115554597586,-0.0221010305644,-0.0787381273427,0.0649163462311,-0.20949260155,0.901252140009,0.479634330507,0.288347104158,-0.0143630002592,-0.104144062023,-0.0227518531677,-0.0825353735423,0.0771442393881,-0.210920687008,0.89526299989,0.480901007056,0.294481528437,-0.0162159811306,-0.133853515526,-0.028474842197,-0.0905120496122,0.0784410110644,-0.211752318367,0.897559853199,0.482030555972,0.294713025371,-0.0148843034094,-0.138096395959,-0.0273448872757,-0.0924956461093,0.0885785967056,-0.207049181722,0.898768380816,0.478183305477
