bax0,bay0,baz0,bgx0,bgy0,bgz0,gax0,gay0,gaz0,bax1,bay1,baz1,bgx1,bgy1,bgz1,gax1,gay1,gaz1,bax2,bay2,baz2,bgx2,bgy2,bgz2,gax2,gay2,gaz2,bax3,bay3,baz3,bgx3,bgy3,bgz3,gax3,gay3,gaz3,bax4,bay4,baz4,bgx4,bgy4,bgz4,gax4,gay4,gaz4
0.285469745519,-0.0180588171325,-0.124930424648,-0.0179988501061,-0.103664467279,0.0774425731176,-0.203292325462,0.900021922902,0.45895825464,0.277473361218,-0.0174102199348,-0.117265013917,-0.0356070383957,-0.0518616087468,0.0803838242612,-0.206892082856,0.904543966357,0.467559769384,0.257689353747,-0.0184386543443,-0.0921607254505,-0.0420318285176,-0.026742553526,0.102300081139,-0.206374125555,0.905250515261,0.457325789122,0.253502051825,-0.0287477098664,-0.0698028980128,-0.0273204505629,-0.0533186567278,0.107845952201,-0.223135647344,0.901805331807,0.472577242475,0.293140678304,-0.0224471971526,-0.105049193908,-0.0239218436431,-0.108717319436,0.0799147139921,-0.230692998214,0.903761177963,0.491870132098
