bax0,bay0,baz0,bgx0,bgy0,bgz0,gax0,gay0,gaz0,bax1,bay1,baz1,bgx1,bgy1,bgz1,gax1,gay1,gaz1,bax2,bay2,baz2,bgx2,bgy2,bgz2,gax2,gay2,gaz2,bax3,bay3,baz3,bgx3,bgy3,bgz3,gax3,gay3,gaz3,bax4,bay4,baz4,bgx4,bgy4,bgz4,gax4,gay4,gaz4
0.294929384605,-0.0175497296953,-0.117394033701,-0.0242308290217,-0.0860548588407,0.0827397018322,-0.206435881654,0.89618156083,0.460824900577,0.274885679137,-0.0219148541128,-0.123596614086,-0.0359474533876,-0.0431204876518,0.0822459510375,-0.210696193228,0.902240051338,0.458975476297,0.262175927979,-0.0238398447992,-0.094510641743,-0.0447826313487,-0.0412120847404,0.101963840056,-0.220992011779,0.902541865809,0.462481103286,0.258160882356,-0.0249039562973,-0.0789162713424,-0.0296218263344,-0.046731990971,0.10619403049,-0.219890811544,0.902944740125,0.468927280009,0.288242799233,-0.019222122375,-0.080261762912,-0.020079739398,-0.100775855551,0.0912025951297,-0.233950922694,0.897605073239,0.476496902507
