bax0,bay0,baz0,bgx0,bgy0,bgz0,gax0,gay0,gaz0,bax1,bay1,baz1,bgx1,bgy1,bgz1,gax1,gay1,gaz1,bax2,bay2,baz2,bgx2,bgy2,bgz2,gax2,gay2,gaz2,bax3,bay3,baz3,bgx3,bgy3,bgz3,gax3,gay3,gaz3,bax4,bay4,baz4,bgx4,bgy4,bgz4,gax4,gay4,gaz4
0.325168677566,-0.00989478442406,-0.128713168784,0.0114919152774,-0.107228983531,0.10766215515,-0.227385446427,0.897119157084,0.485995444674,0.297360850135,-0.0678158255913,-0.00231152859406,0.137647138671,0.148324686411,0.488269134005,-0.195064339771,0.94542755153,0.36588397225,0.261241841433,-0.0432027097394,-0.0318052446428,0.0799348749073,0.0286881391356,0.283479919898,-0.174183572307,0.908032621515,0.413684107378,0.289687517881,-0.0358885270797,-0.0828603401364,0.0218188119563,-0.0519260856532,0.15871018119,-0.179751706143,0.91158121374,0.437414513432,0.268218932622,-0.0203499073387,-0.0958204286265,0.0170232124567,-0.0888079320964,0.0774023214364,-0.187314360731,0.902867069805,0.460490261971
