bax0,bay0,baz0,bgx0,bgy0,bgz0,gax0,gay0,gaz0,bax1,bay1,baz1,bgx1,bgy1,bgz1,gax1,gay1,gaz1,bax2,bay2,baz2,bgx2,bgy2,bgz2,gax2,gay2,gaz2,bax3,bay3,baz3,bgx3,bgy3,bgz3,gax3,gay3,gaz3,bax4,bay4,baz4,bgx4,bgy4,bgz4,gax4,gay4,gaz4
0.322085784889,-0.0177675952529,-0.146006810758,-0.0219725268731,-0.0837770989279,0.098966873846,-0.231888337419,0.903589040914,0.48544471591,0.30882983332,-0.0825493385835,0.0032446008086,0.12505113333,0.121023296026,0.496949311502,-0.166338906894,0.947515719226,0.377590727174,0.277111053182,-0.0471770346101,-0.0477961227427,0.0861275565833,0.00567443866085,0.312065516532,-0.182404058842,0.912354599921,0.43486605765,0.289050270581,-0.0321740489228,-0.0537510284767,0.0340051799211,-0.0374795179438,0.142776755244,-0.167910838731,0.893256329466,0.441982841061,0.268895616926,-0.0325051713081,-0.105950122817,-0.00646233268153,-0.0924781562146,0.111652540638,-0.176297355639,0.898253979347,0.470170548393
