bax0,bay0,baz0,bgx0,bgy0,bgz0,gax0,gay0,gaz0,bax1,bay1,baz1,bgx1,bgy1,bgz1,gax1,gay1,gaz1,bax2,bay2,baz2,bgx2,bgy2,bgz2,gax2,gay2,gaz2,bax3,bay3,baz3,bgx3,bgy3,bgz3,gax3,gay3,gaz3,bax4,bay4,baz4,bgx4,bgy4,bgz4,gax4,gay4,gaz4
0.277006182657,-0.0173722226445,-0.0972251230384,-0.0205898799981,-0.108976946309,0.0642586111748,-0.176889069848,0.896442982802,0.468354169551,0.290426977938,-0.0217022342124,-0.108367395083,-0.0367346859861,-0.0873930567102,0.0619004324398,-0.18998453355,0.896519139858,0.473142109254,0.290139498414,-0.0181992254512,-0.113374041767,-0.034501107953,-0.0924379515718,0.0797517359507,-0.186814524325,0.895655810161,0.475655454199,0.285242219173,-0.0189652942924,-0.118817678646,-0.0272499185561,-0.0762265332464,0.082268671461,-0.188106707415,0.893197968073,0.477403203117,0.288058285146,-0.0190162976321,-0.102074198398,-0.0304806059279,-0.0734030514262,0.0871789601506,-0.192071754556,0.896048513878,0.477156643789
