bax0,bay0,baz0,bgx0,bgy0,bgz0,gax0,gay0,gaz0,bax1,bay1,baz1,bgx1,bgy1,bgz1,gax1,gay1,gaz1,bax2,bay2,baz2,bgx2,bgy2,bgz2,gax2,gay2,gaz2,bax3,bay3,baz3,bgx3,bgy3,bgz3,gax3,gay3,gaz3,bax4,bay4,baz4,bgx4,bgy4,bgz4,gax4,gay4,gaz4
0.294604468931,-0.0175643976926,-0.107514098877,-0.032290882705,-0.0844291020246,0.0910278762075,-0.191610926509,0.894514356892,0.481804044383,0.289306591373,-0.0131905327878,-0.111627219402,-0.0226878917799,-0.0785523408318,0.0905501808845,-0.193407799448,0.892092808856,0.482343801972,0.287392755722,-0.0226141528063,-0.113923980439,-0.0293558458787,-0.072956924626,0.0940783610374,-0.191932747072,0.894324251251,0.481890331695,0.286528968128,-0.0206622367262,-0.0974882349479,-0.0299146946352,-0.0781158115657,0.0891863955935,-0.192877346094,0.894718473555,0.481274658455,0.297107621026,-0.0122081070268,-0.119356240849,-0.0277214273302,-0.0825853844017,0.0894947398818,-0.194169481843,0.89341589304,0.482664083455
