bax0,bay0,baz0,bgx0,bgy0,bgz0,gax0,gay0,gaz0,bax1,bay1,baz1,bgx1,bgy1,bgz1,gax1,gay1,gaz1,bax2,bay2,baz2,bgx2,bgy2,bgz2,gax2,gay2,gaz2,bax3,bay3,baz3,bgx3,bgy3,bgz3,gax3,gay3,gaz3,bax4,bay4,baz4,bgx4,bgy4,bgz4,gax4,gay4,gaz4
0.289583756267,-0.0183244092786,-0.112327837767,-0.0285305038251,-0.0775436866428,0.090856035335,-0.192947609723,0.893015671457,0.478568415426,0.290368747098,-0.0153680574929,-0.121303164959,-0.0268495823054,-0.0828854639986,0.0838736240989,-0.189014016599,0.893101003429,0.481356244747,0.287093102145,-0.0148815317372,-0.112507465553,-0.0339725161306,-0.0685035150415,0.0943003768495,-0.190054085424,0.89191472456,0.476836235368,0.286242723547,-0.0201310567903,-0.0938566772681,-0.0307437232814,-0.0744972906592,0.0928908361971,-0.194299912212,0.893742713917,0.480021043768,0.2980145776,-0.0175173410163,-0.127031337096,-0.0271878209987,-0.0807207865113,0.0899533415349,-0.198411295912,0.891587159972,0.485636558729
