bax0,bay0,baz0,bgx0,bgy0,bgz0,gax0,gay0,gaz0,bax1,bay1,baz1,bgx1,bgy1,bgz1,gax1,gay1,gaz1,bax2,bay2,baz2,bgx2,bgy2,bgz2,gax2,gay2,gaz2,bax3,bay3,baz3,bgx3,bgy3,bgz3,gax3,gay3,gaz3,bax4,bay4,baz4,bgx4,bgy4,bgz4,gax4,gay4,gaz4
0.251097626108,-0.0300495219071,-0.143386969403,-0.013890173445,-0.153071759359,0.724043133239,-0.564908354796,1.01358496169,0.258410013126,0.367325484033,-0.0133086848332,-0.129290516369,-0.032253383639,-0.129378228726,0.45704224555,-0.585717242729,1.00990271315,0.253754649541,0.327939737615,-0.0174119968116,-0.0775022494698,-0.0301524317309,-0.117349076519,0.257931293703,-0.55431589283,1.00589930315,0.250386478299,0.342131830247,-0.0151844729755,-0.133679992676,-0.0302045799791,-0.0835261059129,0.0685265318371,-0.546927241476,1.00859879457,0.258921575596,0.262390242197,-0.0204416451744,-0.152169920337,-0.0321965589219,-0.0613431411275,0.0376442172012,-0.544642022492,1.00830224306,0.251278965986
