bax0,bay0,baz0,bgx0,bgy0,bgz0,gax0,gay0,gaz0,bax1,bay1,baz1,bgx1,bgy1,bgz1,gax1,gay1,gaz1,bax2,bay2,baz2,bgx2,bgy2,bgz2,gax2,gay2,gaz2,bax3,bay3,baz3,bgx3,bgy3,bgz3,gax3,gay3,gaz3,bax4,bay4,baz4,bgx4,bgy4,bgz4,gax4,gay4,gaz4
0.239640128404,-0.0159358614852,-0.108891029062,-0.0355441055168,-0.0761356095469,0.0578649297772,-0.546887619446,1.01132189401,0.238925863887,0.286328406315,-0.0201011433129,-0.104249600693,-0.0336970995393,-0.0782787438298,0.0880460218533,-0.557365164664,1.01047954114,0.245712915338,0.285277292532,-0.0170304645957,-0.108155399365,-0.0319469964244,-0.0764847507301,0.0906299243847,-0.554577857666,1.01061181362,0.243019605208,0.301229138974,-0.0190429750672,-0.110721473265,-0.0261839739327,-0.0771975122129,0.0826488878958,-0.550295728563,1.00701935285,0.246340042196,0.290182150557,-0.0168574088474,-0.107338320529,-0.0309892677189,-0.07680722832,0.0904820060051,-0.553543782632,1.0110728511,0.249892610453
