bax0,bay0,baz0,bgx0,bgy0,bgz0,gax0,gay0,gaz0,bax1,bay1,baz1,bgx1,bgy1,bgz1,gax1,gay1,gaz1,bax2,bay2,baz2,bgx2,bgy2,bgz2,gax2,gay2,gaz2,bax3,bay3,baz3,bgx3,bgy3,bgz3,gax3,gay3,gaz3,bax4,bay4,baz4,bgx4,bgy4,bgz4,gax4,gay4,gaz4
0.246110378743,-0.0199915542448,-0.112109810085,-0.0327548002411,-0.0775015703898,0.0349311886632,-0.541100620426,1.01152122777,0.24060299592,0.284044317192,-0.0185281340259,-0.102680721829,-0.0314698246207,-0.0767186077844,0.0785770608023,-0.555184004119,1.01002199262,0.239236311484,0.291797305973,-0.0187042653926,-0.10933429709,-0.0245773424083,-0.0768939034336,0.0813367732761,-0.553204275162,1.00918580042,0.247039692628,0.289552294177,-0.0160675174514,-0.104127151298,-0.0284356472177,-0.076681858762,0.0960328893724,-0.556872371312,1.00920089312,0.245726919097,0.288039655053,-0.017302705046,-0.108211671175,-0.0278663888591,-0.0773910408817,0.0821970229087,-0.550325741698,1.01029413055,0.250956943408
