bax0,bay0,baz0,bgx0,bgy0,bgz0,gax0,gay0,gaz0,bax1,bay1,baz1,bgx1,bgy1,bgz1,gax1,gay1,gaz1,bax2,bay2,baz2,bgx2,bgy2,bgz2,gax2,gay2,gaz2,bax3,bay3,baz3,bgx3,bgy3,bgz3,gax3,gay3,gaz3,bax4,bay4,baz4,bgx4,bgy4,bgz4,gax4,gay4,gaz4
0.379689235318,-0.0199251492465,-0.11767880836,0.0335551962664,-0.0375386321548,0.472886603157,-0.535771245278,1.01885905459,0.233671954143,0.282339047341,-0.0146796965234,-0.108944762653,0.00746190658391,-0.0666127217498,0.271435913037,-0.518020706797,1.00945176826,0.235270415001,0.28464687205,-0.0115096252097,-0.109272889374,-0.051746974182,-0.097838567876,0.133977215952,-0.515591598095,1.01143575317,0.23509206941,0.299597034784,-0.0148999730771,-0.117363416896,-0.035187697259,-0.102940507062,0.0400804549994,-0.510192904324,1.01340240211,0.23443818368,0.29363345762,-0.022118326085,-0.113169306384,-0.0504786308058,-0.0845981009311,0.100508556664,-0.510269517944,1.01315577524,0.232619952665
