bax0,bay0,baz0,bgx0,bgy0,bgz0,gax0,gay0,gaz0,bax1,bay1,baz1,bgx1,bgy1,bgz1,gax1,gay1,gaz1,bax2,bay2,baz2,bgx2,bgy2,bgz2,gax2,gay2,gaz2,bax3,bay3,baz3,bgx3,bgy3,bgz3,gax3,gay3,gaz3,bax4,bay4,baz4,bgx4,bgy4,bgz4,gax4,gay4,gaz4
0.288519840725,-0.0198858200879,-0.105788436268,-0.035180824284,-0.079755266408,0.0532495067867,-0.51179774236,1.01277720147,0.234964400887,0.289321813195,-0.0195332005673,-0.12043216342,-0.0300398044223,-0.0797762991336,0.0800962729788,-0.51176502705,1.01223395105,0.235132283263,0.294074598503,-0.0161305703726,-0.114289912168,-0.0310829397107,-0.091952197479,0.0825090046726,-0.513205265857,1.01276130118,0.233179555958,0.29650698828,-0.0173242210958,-0.114281556081,-0.0299051341238,-0.0793408059305,0.0931426538826,-0.512810019589,1.01352885352,0.234123277255,0.298180191961,-0.0188189111542,-0.116611603047,-0.0324702577861,-0.0744694616062,0.0985168959686,-0.510096271745,1.01111996027,0.231846005323
