bax0,bay0,baz0,bgx0,bgy0,bgz0,gax0,gay0,gaz0,bax1,bay1,baz1,bgx1,bgy1,bgz1,gax1,gay1,gaz1,bax2,bay2,baz2,bgx2,bgy2,bgz2,gax2,gay2,gaz2,bax3,bay3,baz3,bgx3,bgy3,bgz3,gax3,gay3,gaz3,bax4,bay4,baz4,bgx4,bgy4,bgz4,gax4,gay4,gaz4
0.295929027128,-0.0121955185184,-0.115202823843,-0.0242441815316,-0.0682517950683,0.0745701268005,-0.520083283466,1.02177535743,0.23867889555,0.294687217104,-0.00672452848922,-0.122897371569,-0.0293781996014,-0.0649864564265,0.133338690126,-0.493619508785,1.011540484,0.234933225322,0.302548261026,-0.0200359414956,-0.115180954055,-0.0273665005817,-0.0922236606119,0.151195434737,-0.512067805757,1.01559231608,0.23072939605,0.343025916789,-0.0386861780366,-0.127893440688,-0.0132798267898,-0.138954067148,0.629251501794,-0.463228852049,0.997937889221,0.350291100458,0.332388544179,-0.026995082638,-0.0961227519929,-0.0285448747941,-0.114913888848,0.405201844285,-0.471708745286,0.983398523291,0.319572400851
