bax0,bay0,baz0,bgx0,bgy0,bgz0,gax0,gay0,gaz0,bax1,bay1,baz1,bgx1,bgy1,bgz1,gax1,gay1,gaz1,bax2,bay2,baz2,bgx2,bgy2,bgz2,gax2,gay2,gaz2,bax3,bay3,baz3,bgx3,bgy3,bgz3,gax3,gay3,gaz3,bax4,bay4,baz4,bgx4,bgy4,bgz4,gax4,gay4,gaz4
0.251177825782,-0.0118704423316,-0.111024147874,-0.0275375972288,-0.0932940931596,0.224523728635,-0.453964238596,0.981056008361,0.339697612538,0.277017253806,-0.0192022535699,-0.104927228125,-0.0324786073144,-0.0729642728153,0.101549521144,-0.46041663085,0.985565392057,0.341013173536,0.280560169158,-0.0145587188044,-0.116507644806,-0.0270375800319,-0.0783191660879,0.0503838750516,-0.46250749764,0.981976471258,0.340315637136,0.285189997785,-0.0226602796476,-0.107906817607,-0.0348399289871,-0.0645263073187,0.0874643397826,-0.465906617628,0.982986225104,0.342198334101,0.288770899573,-0.0198166943449,-0.0985544142542,-0.0278762128842,-0.0811681252063,0.0643333380752,-0.466156142577,0.984970109127,0.3454377069
