bax0,bay0,baz0,bgx0,bgy0,bgz0,gax0,gay0,gaz0,bax1,bay1,baz1,bgx1,bgy1,bgz1,gax1,gay1,gaz1,bax2,bay2,baz2,bgx2,bgy2,bgz2,gax2,gay2,gaz2,bax3,bay3,baz3,bgx3,bgy3,bgz3,gax3,gay3,gaz3,bax4,bay4,baz4,bgx4,bgy4,bgz4,gax4,gay4,gaz4
0.249709634452,-0.0146882756518,-0.108983834183,-0.0315205097103,-0.0904481898847,0.221922644677,-0.446019185088,0.983378013516,0.340064004361,0.294394635841,-0.0171318628764,-0.108270979689,-0.0354190783911,-0.0715767106941,0.126363585789,-0.466032614746,0.985306363426,0.338653055668,0.285756445255,-0.014814539507,-0.113608558047,-0.0281859493086,-0.0832083213174,0.0495365659979,-0.46436151899,0.980320334457,0.340989212303,0.292003779651,-0.0196717868967,-0.106969609776,-0.0335411494893,-0.0707096251552,0.0545007319284,-0.466564622428,0.982054074394,0.344489174887,0.296890482064,-0.0174780630797,-0.0960965686387,-0.0328885943006,-0.0718223705944,0.0936289903405,-0.460969394449,0.983273610001,0.343642083944
