bax0,bay0,baz0,bgx0,bgy0,bgz0,gax0,gay0,gaz0,bax1,bay1,baz1,bgx1,bgy1,bgz1,gax1,gay1,gaz1,bax2,bay2,baz2,bgx2,bgy2,bgz2,gax2,gay2,gaz2,bax3,bay3,baz3,bgx3,bgy3,bgz3,gax3,gay3,gaz3,bax4,bay4,baz4,bgx4,bgy4,bgz4,gax4,gay4,gaz4
0.253613238934,-0.0158636635495,-0.108136011523,-0.0341946949503,-0.0884818503719,0.210345707061,-0.45020349178,0.983083531525,0.338208973192,0.273806131235,-0.0170577140764,-0.111406566292,-0.0339873133814,-0.0664355593772,0.1155829391,-0.460728906367,0.984759461313,0.339071105475,0.283786464583,-0.0186410547487,-0.120094021063,-0.0284021785842,-0.0847424252261,0.0775031154852,-0.461824262182,0.981810143047,0.340147674926,0.289795501731,-0.0170271409738,-0.117089305092,-0.0300699698459,-0.0762905630242,0.0803017226799,-0.466284105943,0.982793464065,0.339310387884,0.297188262193,-0.0146737502676,-0.102158606415,-0.0247066844542,-0.0892138321765,0.073755805837,-0.462438931746,0.980889155984,0.341786685182
