bax0,bay0,baz0,bgx0,bgy0,bgz0,gax0,gay0,gaz0,bax1,bay1,baz1,bgx1,bgy1,bgz1,gax1,gay1,gaz1,bax2,bay2,baz2,bgx2,bgy2,bgz2,gax2,gay2,gaz2,bax3,bay3,baz3,bgx3,bgy3,bgz3,gax3,gay3,gaz3,bax4,bay4,baz4,bgx4,bgy4,bgz4,gax4,gay4,gaz4
0.357317846792,-0.0522566782754,-0.110627319689,0.0517854595773,-0.13881405982,0.612228396222,-0.514413424694,1.01107109682,0.295570459404,0.279389593397,-0.0276344281123,-0.11963530957,-0.0122920544308,-0.123526973051,0.401092918369,-0.501818348556,0.995647165777,0.298034139601,0.275994204288,-0.0214082457403,-0.116496720677,-0.0158957534837,-0.107320299698,0.186370182641,-0.489596579039,0.998361496399,0.296999095373,0.295114922224,-0.0338550602032,-0.116710582899,-0.0424281352638,-0.0846035527433,0.154043436354,-0.487700798848,1.00324698097,0.296068264515,0.297716955757,-0.0273726137539,-0.111191677495,-0.0296217781479,-0.0833941548607,0.0958941419216,-0.496249065071,1.00294563745,0.29312937492
