bax0,bay0,baz0,bgx0,bgy0,bgz0,gax0,gay0,gaz0,bax1,bay1,baz1,bgx1,bgy1,bgz1,gax1,gay1,gaz1,bax2,bay2,baz2,bgx2,bgy2,bgz2,gax2,gay2,gaz2,bax3,bay3,baz3,bgx3,bgy3,bgz3,gax3,gay3,gaz3,bax4,bay4,baz4,bgx4,bgy4,bgz4,gax4,gay4,gaz4
0.367453183674,-0.041394326299,-0.103849291553,0.0628782837733,-0.14383144749,0.588825444393,-0.510198374522,1.01229918401,0.295114102704,0.305550493722,-0.0215440136624,-0.113617386854,0.00267312116639,-0.154613602312,0.409983621971,-0.496161859917,0.99729935459,0.30016089695,0.273614254732,-0.0121428808845,-0.116440627535,-0.0287001232481,-0.105074750674,0.233478893912,-0.488501134821,0.99063836173,0.297608301157,0.296306402521,-0.0176961010235,-0.117611769215,-0.0539658104963,-0.107997640238,0.0938752194486,-0.491833934136,0.998298033469,0.298978946875,0.287588099919,-0.0111637490374,-0.108778143743,-0.0564294632243,-0.0778959785785,0.053358265875,-0.491026154699,1.00286268659,0.294655652147
