bax0,bay0,baz0,bgx0,bgy0,bgz0,gax0,gay0,gaz0,bax1,bay1,baz1,bgx1,bgy1,bgz1,gax1,gay1,gaz1,bax2,bay2,baz2,bgx2,bgy2,bgz2,gax2,gay2,gaz2,bax3,bay3,baz3,bgx3,bgy3,bgz3,gax3,gay3,gaz3,bax4,bay4,baz4,bgx4,bgy4,bgz4,gax4,gay4,gaz4
0.288527148637,-0.0176406196687,-0.111079920692,-0.0354199792396,-0.0807990246679,0.0714657480032,-0.491160021805,0.996248690616,0.293840857875,0.294922410483,-0.0167867125484,-0.118725170058,-0.0356401358612,-0.0740693674883,0.0699714278406,-0.490807489269,0.996695239262,0.300095185314,0.286852011339,-0.0162270915705,-0.115529594594,-0.0296444738392,-0.0760060418616,0.0779097521016,-0.49009221982,0.998985204628,0.293873474483,0.292959317934,-0.0181626392572,-0.112164521876,-0.027470990491,-0.075775607485,0.101941007936,-0.489713019959,0.999578527011,0.295733794161,0.300135225174,-0.0178441478502,-0.110999950263,-0.0228240041647,-0.0710698220988,0.0824798621407,-0.490983008551,0.999841880336,0.295196909123
