bax0,bay0,baz0,bgx0,bgy0,bgz0,gax0,gay0,gaz0,bax1,bay1,baz1,bgx1,bgy1,bgz1,gax1,gay1,gaz1,bax2,bay2,baz2,bgx2,bgy2,bgz2,gax2,gay2,gaz2,bax3,bay3,baz3,bgx3,bgy3,bgz3,gax3,gay3,gaz3,bax4,bay4,baz4,bgx4,bgy4,bgz4,gax4,gay4,gaz4
0.294648121694,-0.0192416814544,-0.112660574057,-0.034202345835,-0.0801069248738,0.0684083671166,-0.490902371521,0.997995753016,0.294481770884,0.29461002992,-0.0179568891,-0.116623638808,-0.0290742220838,-0.0788490764647,0.0736292213624,-0.491420967394,0.998081447435,0.296798399165,0.288397092913,-0.0159761743669,-0.117251383892,-0.0340718746911,-0.0762109701781,0.0796587125223,-0.489607683731,0.998051840787,0.298791063698,0.286373429213,-0.0171546028802,-0.112268101837,-0.026847008152,-0.0756244994775,0.0838846820248,-0.491527259879,0.996716471952,0.297529302413,0.290462665319,-0.0183492963648,-0.117241475826,-0.0279936693842,-0.0697834839589,0.0827271031061,-0.490488394231,0.998926727854,0.29493123258
