bax0,bay0,baz0,bgx0,bgy0,bgz0,gax0,gay0,gaz0,bax1,bay1,baz1,bgx1,bgy1,bgz1,gax1,gay1,gaz1,bax2,bay2,baz2,bgx2,bgy2,bgz2,gax2,gay2,gaz2,bax3,bay3,baz3,bgx3,bgy3,bgz3,gax3,gay3,gaz3,bax4,bay4,baz4,bgx4,bgy4,bgz4,gax4,gay4,gaz4
0.291163361499,-0.0203666155131,-0.111503269672,-0.0375576142412,-0.0762960046581,0.067700341784,-0.490628038787,0.997452699158,0.292887988124,0.290856900005,-0.0201317311027,-0.119697998493,-0.0261581805919,-0.075051718633,0.0644516806437,-0.491040434549,0.997083648028,0.299054998177,0.289570529201,-0.0155845771608,-0.120124598762,-0.0288503748775,-0.0695153517572,0.0780724031974,-0.490393694103,0.997677227653,0.296220284305,0.288581396324,-0.0156932519324,-0.113389025261,-0.0340019336505,-0.0801620748758,0.0936191306321,-0.490243107807,0.999233908211,0.295470474472,0.286549066175,-0.0169009048748,-0.112366597976,-0.0218561802004,-0.0738263297219,0.0851547432054,-0.491726670132,1.00025456326,0.294214748312
