bax0,bay0,baz0,bgx0,bgy0,bgz0,gax0,gay0,gaz0,bax1,bay1,baz1,bgx1,bgy1,bgz1,gax1,gay1,gaz1,bax2,bay2,baz2,bgx2,bgy2,bgz2,gax2,gay2,gaz2,bax3,bay3,baz3,bgx3,bgy3,bgz3,gax3,gay3,gaz3,bax4,bay4,baz4,bgx4,bgy4,bgz4,gax4,gay4,gaz4
0.300315716813,-0.0169797069449,-0.12641123521,-0.0480871626553,-0.100956955067,0.0918607550468,-0.481296639775,1.02218310796,0.181304062757,0.286931928816,-0.0170337153517,-0.127068879377,-0.0415119705859,-0.0884488460009,0.0889112783662,-0.47635280261,1.02222726413,0.17868334727,0.278119224755,-0.0147792675401,-0.118579079242,-0.0377187400049,-0.0831871329612,0.0796728584935,-0.478931202859,1.02356474288,0.177418996599,0.284460458593,-0.0171118262888,-0.114023931535,-0.0208840701897,-0.0751025122732,0.0778139855994,-0.492292020387,1.0243383161,0.170535036209,0.272537500203,-0.0163952514351,-0.158890973642,-0.0289480920842,-0.0576812422109,0.0834204430696,-0.492375418302,1.02337438767,0.169001778373
