bax0,bay0,baz0,bgx0,bgy0,bgz0,gax0,gay0,gaz0,bax1,bay1,baz1,bgx1,bgy1,bgz1,gax1,gay1,gaz1,bax2,bay2,baz2,bgx2,bgy2,bgz2,gax2,gay2,gaz2,bax3,bay3,baz3,bgx3,bgy3,bgz3,gax3,gay3,gaz3,bax4,bay4,baz4,bgx4,bgy4,bgz4,gax4,gay4,gaz4
0.295044778511,-0.0227203900111,-0.131107738934,-0.0338412162192,-0.0759960300111,0.0708722677947,-0.508720668449,1.0372390243,-0.0259838245357,0.293565374666,-0.0191810833888,-0.115656016512,-0.0308597133908,-0.0734429445445,0.0769797798479,-0.507158925218,1.03653247545,-0.0283577603746,0.293536196206,-0.0183747428287,-0.109978741239,-0.0335257794831,-0.0830151898945,0.0837872465181,-0.50898005373,1.03605890863,-0.0353474970584,0.288267849478,-0.0187793371052,-0.105896896564,-0.0328637732891,-0.0792789039665,0.0895313256564,-0.50778414658,1.03753469468,-0.0343236445047,0.28722852629,-0.017072089171,-0.106095234534,-0.0308932241563,-0.0827590258648,0.0947515540638,-0.508859017017,1.03710035243,-0.0258714799269
