bax0,bay0,baz0,bgx0,bgy0,bgz0,gax0,gay0,gaz0,bax1,bay1,baz1,bgx1,bgy1,bgz1,gax1,gay1,gaz1,bax2,bay2,baz2,bgx2,bgy2,bgz2,gax2,gay2,gaz2,bax3,bay3,baz3,bgx3,bgy3,bgz3,gax3,gay3,gaz3,bax4,bay4,baz4,bgx4,bgy4,bgz4,gax4,gay4,gaz4
0.193868638098,-0.00792855583124,-0.129862683001,-0.0322917271326,-0.0847581760626,0.0981830499309,-0.525860201594,1.05743613831,-0.0590605967147,0.209587309294,0.00356454752486,-0.125994236483,-0.00676898520743,-0.149412682532,0.104596053328,-0.504057259261,1.02870511591,-0.0353421898066,0.226329264239,-0.0120044090323,-0.165870316358,0.0107073037961,-0.0935231002868,0.0585197690378,-0.531600426221,1.02138859654,-0.00350521943213,-0.802320766734,0.205537005436,-0.109426805187,0.295155946928,-0.496491920816,0.909724520392,-0.217699652707,0.788163091853,0.520775545549,0.324033134033,-0.0240085205991,-0.25008991581,0.131254142069,-0.64067010363,0.604944726842,-0.568430915326,0.948534122938,0.461425551779
