bax0,bay0,baz0,bgx0,bgy0,bgz0,gax0,gay0,gaz0,bax1,bay1,baz1,bgx1,bgy1,bgz1,gax1,gay1,gaz1,bax2,bay2,baz2,bgx2,bgy2,bgz2,gax2,gay2,gaz2,bax3,bay3,baz3,bgx3,bgy3,bgz3,gax3,gay3,gaz3,bax4,bay4,baz4,bgx4,bgy4,bgz4,gax4,gay4,gaz4
0.253120936792,-0.0138148327282,-0.103221035269,-0.052500110701,-0.0296721190234,0.077129112533,-0.555967182735,0.958572358735,0.414334399345,0.259221480001,-0.0109968602875,-0.141105185743,-0.0240706379301,-0.104721063325,0.0966592300545,-0.580311759634,0.938956114257,0.408005496821,0.49975011506,-0.0209427390447,-0.338531450457,0.148641516904,-0.362150560438,0.782490457812,-0.5818249797,1.02835931507,0.231802890039,0.356739853351,-0.015324748878,-0.129989072833,0.0252915698845,-0.255203285925,0.48653126225,-0.528504220437,1.03099190899,0.139540236814,0.274099055201,-0.0179607425038,-0.161214654539,-0.0238772909272,-0.186199403952,0.227313009229,-0.516022469618,1.02870257211,0.0760638675605
