bax0,bay0,baz0,bgx0,bgy0,bgz0,gax0,gay0,gaz0,bax1,bay1,baz1,bgx1,bgy1,bgz1,gax1,gay1,gaz1,bax2,bay2,baz2,bgx2,bgy2,bgz2,gax2,gay2,gaz2,bax3,bay3,baz3,bgx3,bgy3,bgz3,gax3,gay3,gaz3,bax4,bay4,baz4,bgx4,bgy4,bgz4,gax4,gay4,gaz4
0.247151031891,-0.0145443252159,-0.12175018619,-0.0362293736308,-0.067506632211,0.0729472163155,-0.553298909568,0.961817762022,0.388152816692,0.266308035268,-0.0206797775829,-0.132805854942,-0.022667447998,-0.103875776381,0.0750296487289,-0.572989943153,0.962410333303,0.447912103124,0.475458077453,-0.0225573880476,-0.310055660915,0.151832610125,-0.358078508069,0.799018425986,-0.576849757007,1.04487715939,0.219340333976,0.345364108892,-0.0269079351013,-0.173543329003,0.0043008043608,-0.270694176903,0.478819182929,-0.535767774774,1.03839625534,0.147070321648,0.249732145767,-0.013075913933,-0.140550397621,-0.035699235623,-0.203883729858,0.258502611709,-0.529512542302,1.02549195761,0.116578203414
