bax0,bay0,baz0,bgx0,bgy0,bgz0,gax0,gay0,gaz0,bax1,bay1,baz1,bgx1,bgy1,bgz1,gax1,gay1,gaz1,bax2,bay2,baz2,bgx2,bgy2,bgz2,gax2,gay2,gaz2,bax3,bay3,baz3,bgx3,bgy3,bgz3,gax3,gay3,gaz3,bax4,bay4,baz4,bgx4,bgy4,bgz4,gax4,gay4,gaz4
0.239512965647,-0.0174715780415,-0.103598066962,-0.0448349854975,-0.0438227584677,0.0926962650098,-0.55553305954,0.952667470479,0.423784134664,0.238687581104,-0.0151010423511,-0.135511945498,-0.00396327769886,-0.0908391661697,0.103508229993,-0.588514897533,0.954409218837,0.422094339708,0.500090595617,-0.0229495318707,-0.304276289355,0.166997825766,-0.381300592865,0.846061748753,-0.588039910168,1.02686699878,0.187997453452,0.355858106362,-0.0147879390361,-0.130520694714,-0.000610396096936,-0.287004327192,0.479178358185,-0.516657055253,1.03154395284,0.152699618685,0.264446069567,-0.00961035032682,-0.126386264562,-0.0321476592866,-0.198568000246,0.16482399826,-0.520769119742,1.03133980285,0.124169770325
