bax0,bay0,baz0,bgx0,bgy0,bgz0,gax0,gay0,gaz0,bax1,bay1,baz1,bgx1,bgy1,bgz1,gax1,gay1,gaz1,bax2,bay2,baz2,bgx2,bgy2,bgz2,gax2,gay2,gaz2,bax3,bay3,baz3,bgx3,bgy3,bgz3,gax3,gay3,gaz3,bax4,bay4,baz4,bgx4,bgy4,bgz4,gax4,gay4,gaz4
0.294520185606,-0.0176003497297,-0.118340130197,-0.046059137186,-0.0985027693863,0.100102444248,-0.517192122502,1.03222184157,0.107406344007,0.308087674849,-0.0213045148753,-0.131663605341,-0.0502242039474,-0.0653525483662,0.0671102196613,-0.518043858557,1.03106869385,0.0981663551807,0.289717862594,-0.0169891510648,-0.0851041664016,-0.0486147212777,-0.0587294237571,0.0468469465833,-0.511080182012,1.03331675442,0.0911823192848,0.291695644403,-0.0187572969203,-0.107196171161,-0.0348642072449,-0.0763026139368,0.0623009150842,-0.512475787155,1.03179331005,0.103526179545,0.307484257161,-0.018243158386,-0.144281297668,-0.0237556257781,-0.0953360083103,0.0801617894606,-0.512496410845,1.03207450828,0.10197737342
