bax0,bay0,baz0,bgx0,bgy0,bgz0,gax0,gay0,gaz0,bax1,bay1,baz1,bgx1,bgy1,bgz1,gax1,gay1,gaz1,bax2,bay2,baz2,bgx2,bgy2,bgz2,gax2,gay2,gaz2,bax3,bay3,baz3,bgx3,bgy3,bgz3,gax3,gay3,gaz3,bax4,bay4,baz4,bgx4,bgy4,bgz4,gax4,gay4,gaz4
-0.381712197526,0.11897591525,-0.0768621673863,0.135715920412,-0.852957798097,0.47636395138,-0.262850012944,0.157350915342,1.01726552273,0.354194066656,-0.0444677957412,-0.115246963265,0.0528260252049,-0.593095079742,0.35757154494,-0.464593859952,0.23756505051,1.03869056468,0.275168707568,-0.0218737982789,-0.101179970406,0.0112342533283,-0.387981506781,0.175589578466,-0.481549112124,0.217596134867,1.04113154397,0.243336108547,-0.00617424786563,-0.114346206149,-0.0163134308428,-0.223588222722,0.0823599491728,-0.468082586745,0.210105687781,1.04808130941,0.296905011647,-0.0280047762377,-0.112071345486,-0.0314162544795,-0.0644590972104,0.0862043466571,-0.468020398081,0.227018677755,1.04694505428
