bax0,bay0,baz0,bgx0,bgy0,bgz0,gax0,gay0,gaz0,bax1,bay1,baz1,bgx1,bgy1,bgz1,gax1,gay1,gaz1,bax2,bay2,baz2,bgx2,bgy2,bgz2,gax2,gay2,gaz2,bax3,bay3,baz3,bgx3,bgy3,bgz3,gax3,gay3,gaz3,bax4,bay4,baz4,bgx4,bgy4,bgz4,gax4,gay4,gaz4
-0.418454590068,0.12644215485,-0.0871974463041,0.114393781232,-0.935959678903,0.493119621865,-0.270684087948,0.158246871221,1.02984982271,0.293747904897,-0.0341118624818,-0.10551548927,0.025723650148,-0.56838272258,0.337007390671,-0.487399345116,0.238587447585,1.04431032086,0.295871324976,-0.0294993126392,-0.108939522163,0.00103064650959,-0.343415733261,0.237065913261,-0.486226332586,0.239667857946,1.04378806516,0.309537362779,-0.0144500410478,-0.114195415825,-0.0118459471376,-0.193976586685,0.134315679257,-0.480862869035,0.21549193705,1.04198729253,0.281679556558,-0.0298056122925,-0.124720746702,-0.0255598051502,-0.0822149369111,0.0872781662746,-0.478549254666,0.223235050649,1.04214493622
