bax0,bay0,baz0,bgx0,bgy0,bgz0,gax0,gay0,gaz0,bax1,bay1,baz1,bgx1,bgy1,bgz1,gax1,gay1,gaz1,bax2,bay2,baz2,bgx2,bgy2,bgz2,gax2,gay2,gaz2,bax3,bay3,baz3,bgx3,bgy3,bgz3,gax3,gay3,gaz3,bax4,bay4,baz4,bgx4,bgy4,bgz4,gax4,gay4,gaz4
0.299537665739,-0.0189740441043,-0.114888349383,-0.0320820238062,-0.0504165722301,0.0682149878607,-0.476277365852,0.204945939169,1.04687975124,0.28444703683,-0.0203756002846,-0.105599389128,-0.03791172875,-0.0433462013132,0.0724406831845,-0.479757895509,0.212235990134,1.04369306527,0.263514657103,-0.022183966751,-0.108161302606,-0.0297224600028,-0.0534812079865,0.0870504736734,-0.481693409718,0.206521971913,1.0484570189,0.283544045442,-0.0177661018488,-0.114119451955,-0.0309159358185,-0.0732221952102,0.0881166722324,-0.493978260138,0.206055100563,1.04846442826,0.279894239963,-0.0181494700242,-0.115471925905,-0.0288048529467,-0.0878654687306,0.0883301929935,-0.4900134562,0.201172453982,1.04680536176
