bax0,bay0,baz0,bgx0,bgy0,bgz0,gax0,gay0,gaz0,bax1,bay1,baz1,bgx1,bgy1,bgz1,gax1,gay1,gaz1,bax2,bay2,baz2,bgx2,bgy2,bgz2,gax2,gay2,gaz2,bax3,bay3,baz3,bgx3,bgy3,bgz3,gax3,gay3,gaz3,bax4,bay4,baz4,bgx4,bgy4,bgz4,gax4,gay4,gaz4
0.256714340564,-0.003814853887,-0.124528110037,-0.00158979112756,-0.0906536820163,0.0831544110068,-0.498333456347,0.199189034436,1.04578183083,0.271006068633,-0.0201954764167,-0.1104066778,-0.0339912720942,-0.0545892705466,0.0971322350256,-0.4975755158,0.2029212444,1.03147455889,0.273825617561,-0.0176024145131,-0.104626635874,-0.0241430762084,-0.0689493608677,0.111193351331,-0.502679134255,0.211046252304,1.06136894482,0.321932698199,0.0283329659406,-0.129737601544,0.0033795689014,-0.153694391973,0.100687366152,-0.51374474609,0.185622854999,1.05106711297,0.188268307844,-0.086476182303,-0.0670579588196,0.169480367477,-0.421320908585,0.643910399303,-0.464710833609,0.332114869775,1.02305647811
