bax0,bay0,baz0,bgx0,bgy0,bgz0,gax0,gay0,gaz0,bax1,bay1,baz1,bgx1,bgy1,bgz1,gax1,gay1,gaz1,bax2,bay2,baz2,bgx2,bgy2,bgz2,gax2,gay2,gaz2,bax3,bay3,baz3,bgx3,bgy3,bgz3,gax3,gay3,gaz3,bax4,bay4,baz4,bgx4,bgy4,bgz4,gax4,gay4,gaz4
0.33323067088,-0.000509932295331,-0.11434820046,0.0968278112884,-0.229995079909,0.364673736711,-0.488298945625,0.273194923736,1.0266948109,0.297450908179,-0.0178971630946,-0.115046045879,0.0182827073286,-0.129876387759,0.179203119491,-0.478287425332,0.283943390542,1.02697992433,0.3045951205,-0.0280920004507,-0.113386494971,-0.0109531599247,-0.089614312695,0.10033219856,-0.474754205859,0.281611590085,1.02797129124,0.299913144336,-0.0181541632025,-0.115596114159,-0.0353410003372,-0.0824914685936,0.0626888830577,-0.478622707472,0.270490807545,1.02825502627,0.289728435671,-0.0173773193756,-0.116425172934,-0.0524567131171,-0.0579135815272,0.0603134892267,-0.470796769625,0.274489794416,1.02767171777
