bax0,bay0,baz0,bgx0,bgy0,bgz0,gax0,gay0,gaz0,bax1,bay1,baz1,bgx1,bgy1,bgz1,gax1,gay1,gaz1,bax2,bay2,baz2,bgx2,bgy2,bgz2,gax2,gay2,gaz2,bax3,bay3,baz3,bgx3,bgy3,bgz3,gax3,gay3,gaz3,bax4,bay4,baz4,bgx4,bgy4,bgz4,gax4,gay4,gaz4
0.296777851523,-0.0153821834745,-0.118457878367,-0.0347754777432,-0.0669438271964,0.0646415356012,-0.588008214519,0.67292191501,0.813479223458,0.265499307204,-0.0217045076071,-0.111240834789,-0.035513763052,-0.0612334165228,0.0687265150994,-0.584073678366,0.671482137983,0.811354240912,0.299175166952,-0.0188038391254,-0.106727288637,-0.0366594710159,-0.0792841625478,0.0789229164113,-0.590232374457,0.669016469401,0.813489485519,0.279151707234,-0.0181793580184,-0.123007217248,-0.032157136812,-0.0713544868261,0.0822530380322,-0.589855414891,0.672869517498,0.814177888588,0.29311813983,-0.0161897873787,-0.113730810348,-0.0300868454712,-0.0800213358542,0.0882207606832,-0.59132520537,0.671369924676,0.817643477058
