bax0,bay0,baz0,bgx0,bgy0,bgz0,gax0,gay0,gaz0,bax1,bay1,baz1,bgx1,bgy1,bgz1,gax1,gay1,gaz1,bax2,bay2,baz2,bgx2,bgy2,bgz2,gax2,gay2,gaz2,bax3,bay3,baz3,bgx3,bgy3,bgz3,gax3,gay3,gaz3,bax4,bay4,baz4,bgx4,bgy4,bgz4,gax4,gay4,gaz4
0.311868586286,-0.019301279121,-0.116076629304,-0.0356148275779,-0.0644474208987,0.0596752811324,-0.582994441314,0.671950306391,0.815170418161,0.257613127839,-0.0181944528573,-0.11389869542,-0.0323042676078,-0.0576575061685,0.086791151232,-0.585877504454,0.672886057048,0.815344275557,0.295005272229,-0.0178747623347,-0.10963054622,-0.0308797526825,-0.0649025167078,0.0832791820739,-0.588078068591,0.672328622017,0.811344685681,0.283427960086,-0.0191451929216,-0.115893151885,-0.0260958836755,-0.0762064258637,0.08180032472,-0.588265669035,0.671206458814,0.817980392799,0.290429798407,-0.0161468353784,-0.114019217958,-0.0252552447069,-0.0806637444632,0.0932938260793,-0.587586646175,0.673134226866,0.813925323822
