bax0,bay0,baz0,bgx0,bgy0,bgz0,gax0,gay0,gaz0,bax1,bay1,baz1,bgx1,bgy1,bgz1,gax1,gay1,gaz1,bax2,bay2,baz2,bgx2,bgy2,bgz2,gax2,gay2,gaz2,bax3,bay3,baz3,bgx3,bgy3,bgz3,gax3,gay3,gaz3,bax4,bay4,baz4,bgx4,bgy4,bgz4,gax4,gay4,gaz4
0.398492462076,-0.0215333169739,-0.17549825429,0.108761107034,0.160507019826,0.656344811258,-0.306671262766,0.874127109498,0.557038221982,0.260209213036,-0.00535322000266,-0.104343867303,0.0750090230664,0.00718606885641,0.364913996256,-0.287850916481,0.869910546791,0.540857840881,0.302234157146,-0.0236602522875,-0.10845540625,0.0216673058057,-0.0760386518136,0.177591352384,-0.283139139667,0.876046467689,0.545019023826,0.296149827218,-0.0224233244839,-0.117165278952,-0.0224374143825,-0.0827277654391,0.0452768539224,-0.270691866467,0.871068123459,0.549741609832,0.299796022166,-0.0240231428217,-0.103695225807,-0.0268573915519,-0.10044171517,0.0964623648654,-0.284117137538,0.876055144756,0.552086350207
