bax0,bay0,baz0,bgx0,bgy0,bgz0,gax0,gay0,gaz0,bax1,bay1,baz1,bgx1,bgy1,bgz1,gax1,gay1,gaz1,bax2,bay2,baz2,bgx2,bgy2,bgz2,gax2,gay2,gaz2,bax3,bay3,baz3,bgx3,bgy3,bgz3,gax3,gay3,gaz3,bax4,bay4,baz4,bgx4,bgy4,bgz4,gax4,gay4,gaz4
0.291690237249,-0.020282206449,-0.110895107772,-0.0371064275106,-0.0975756677323,0.0597530657174,-0.278199416958,0.873141260854,0.544574573958,0.296516444097,-0.0192904388088,-0.114288056086,-0.0335677362952,-0.0809540311353,0.0682900969239,-0.2821250494,0.872996133298,0.545587734921,0.290523408154,-0.0191662347231,-0.114097701547,-0.0277119255964,-0.0807698815529,0.0852151422385,-0.281904605816,0.870833265186,0.545700595328,0.287009328908,-0.0150636251628,-0.111280939942,-0.0292899489298,-0.0642837030535,0.0960356643187,-0.280998234711,0.869365401693,0.54619519411,0.286081600624,-0.0228678435522,-0.111320944585,-0.0288658976382,-0.0736162856647,0.0918287842566,-0.278773728362,0.873773534518,0.54749719715
