bax0,bay0,baz0,bgx0,bgy0,bgz0,gax0,gay0,gaz0,bax1,bay1,baz1,bgx1,bgy1,bgz1,gax1,gay1,gaz1,bax2,bay2,baz2,bgx2,bgy2,bgz2,gax2,gay2,gaz2,bax3,bay3,baz3,bgx3,bgy3,bgz3,gax3,gay3,gaz3,bax4,bay4,baz4,bgx4,bgy4,bgz4,gax4,gay4,gaz4
0.300263422141,-0.018832038868,-0.108336483638,-0.0157266428223,-0.107368986756,0.0929952296111,-0.273191391205,0.889433596932,0.52678022002,0.31071201818,-0.0193326804437,-0.104868967885,-0.050659893347,-0.0847586191626,0.104044507318,-0.303206148697,0.887176255113,0.551003580841,0.289313218884,-0.0192913214536,-0.115048143426,-0.0336090046853,-0.0822676088705,0.10672015831,-0.27066870389,0.879339314105,0.534126796892,0.39764303061,-0.00816830569841,-0.143098390581,0.119251563265,0.148870845908,0.363130599373,-0.384180506361,0.944286985896,0.427180838051,0.276886842718,-0.0199489282062,-0.115917068067,0.0496420318249,0.00789256406088,0.194531604747,-0.35760574147,0.938055567517,0.402962672962
