bax0,bay0,baz0,bgx0,bgy0,bgz0,gax0,gay0,gaz0,bax1,bay1,baz1,bgx1,bgy1,bgz1,gax1,gay1,gaz1,bax2,bay2,baz2,bgx2,bgy2,bgz2,gax2,gay2,gaz2,bax3,bay3,baz3,bgx3,bgy3,bgz3,gax3,gay3,gaz3,bax4,bay4,baz4,bgx4,bgy4,bgz4,gax4,gay4,gaz4
0.291995277102,-0.0144120058305,-0.104042364954,-0.0354441040076,-0.0504823074217,0.0902900207114,-0.294262005232,0.884841018794,0.52608218458,0.294862504384,-0.0237306713104,-0.105882550087,-0.0383687346518,-0.0844097230928,0.0806034998166,-0.281752611714,0.876865867554,0.534934153519,0.296300011104,-0.015169741721,-0.107872552133,-0.0185937345687,-0.0790086108852,0.076700213625,-0.263710459784,0.87399350261,0.55652336949,0.401621033401,-0.00971524117642,-0.144945967874,0.137385080536,0.178021082789,0.36684205823,-0.371732401386,0.936035032459,0.417516904886,0.273874181269,-0.0116181106864,-0.107540923562,0.0211845226808,0.00562448544377,0.188462237412,-0.34209802897,0.955993120292,0.391137551125
