bax0,bay0,baz0,bgx0,bgy0,bgz0,gax0,gay0,gaz0,bax1,bay1,baz1,bgx1,bgy1,bgz1,gax1,gay1,gaz1,bax2,bay2,baz2,bgx2,bgy2,bgz2,gax2,gay2,gaz2,bax3,bay3,baz3,bgx3,bgy3,bgz3,gax3,gay3,gaz3,bax4,bay4,baz4,bgx4,bgy4,bgz4,gax4,gay4,gaz4
0.277549065966,-0.0204586810972,-0.0955846458647,-0.00891717239172,-0.074214617931,0.0917993913803,-0.353644761649,0.954528196124,0.402603940926,0.293401401044,-0.0138603546792,-0.113564350272,-0.0337922835612,-0.11140586805,0.0573464240159,-0.354938389308,0.950023072589,0.400850510745,0.292027127297,-0.0160148940107,-0.119016519011,-0.0397317478599,-0.107929119622,0.0641320048121,-0.354728499922,0.951805923221,0.401172878588,0.289735674939,-0.0147098820216,-0.106340999909,-0.038056897002,-0.0807640635426,0.0788594938396,-0.353819706731,0.953887302798,0.397646277101,0.294650643201,-0.0178221233357,-0.111694619916,-0.0341249063691,-0.0962331627913,0.0851508884039,-0.354256598161,0.953477405165,0.401561342706
