bax0,bay0,baz0,bgx0,bgy0,bgz0,gax0,gay0,gaz0,bax1,bay1,baz1,bgx1,bgy1,bgz1,gax1,gay1,gaz1,bax2,bay2,baz2,bgx2,bgy2,bgz2,gax2,gay2,gaz2,bax3,bay3,baz3,bgx3,bgy3,bgz3,gax3,gay3,gaz3,bax4,bay4,baz4,bgx4,bgy4,bgz4,gax4,gay4,gaz4
0.298620630876,-0.016486210795,-0.120255102388,-0.0309439877489,-0.0791794793482,0.0877408821515,-0.349225362805,0.953720984441,0.401419054599,0.295457976553,-0.0179081309676,-0.11725732704,-0.029777705897,-0.0767726826286,0.093049934064,-0.350316013923,0.952248115618,0.396927492667,0.293845572012,-0.0182919269086,-0.115843780631,-0.0291575581465,-0.0797650436702,0.0914508070636,-0.348374639954,0.951349520387,0.397097685083,0.286536702413,-0.0187409632906,-0.11392072148,-0.0303369916851,-0.074172494883,0.0914105850255,-0.34896711549,0.953143948821,0.396857403033,0.29191469572,-0.0164137220606,-0.111164819975,-0.0233462377895,-0.0810334556601,0.0900527361973,-0.347852124244,0.95274244599,0.399100418046
