bax0,bay0,baz0,bgx0,bgy0,bgz0,gax0,gay0,gaz0,bax1,bay1,baz1,bgx1,bgy1,bgz1,gax1,gay1,gaz1,bax2,bay2,baz2,bgx2,bgy2,bgz2,gax2,gay2,gaz2,bax3,bay3,baz3,bgx3,bgy3,bgz3,gax3,gay3,gaz3,bax4,bay4,baz4,bgx4,bgy4,bgz4,gax4,gay4,gaz4
-0.382595508062,-0.114137456193,0.150762220719,0.193724222829,-0.312877205814,0.804083234024,-0.254881565767,0.370312665052,0.920884384909,0.301032734353,-0.00572221529426,-0.155757466209,0.203837893175,-0.325565259757,0.503019414203,-0.469172639835,0.326732513017,1.02545449014,0.263294270209,0.0163073390173,-0.121227138992,0.115668281364,-0.277079264267,0.225390682997,-0.476495752147,0.339652388591,0.999248367721,0.239495040653,0.00806220327673,-0.145377203631,0.0587568608719,-0.16730125092,0.138320599554,-0.464871392173,0.328001322209,1.00516312379,0.293251391973,-0.0272460051054,-0.128658555825,-0.0023675311532,-0.11808322989,0.0616954565402,-0.459843209301,0.378114326019,0.994525860948
