bax0,bay0,baz0,bgx0,bgy0,bgz0,gax0,gay0,gaz0,bax1,bay1,baz1,bgx1,bgy1,bgz1,gax1,gay1,gaz1,bax2,bay2,baz2,bgx2,bgy2,bgz2,gax2,gay2,gaz2,bax3,bay3,baz3,bgx3,bgy3,bgz3,gax3,gay3,gaz3,bax4,bay4,baz4,bgx4,bgy4,bgz4,gax4,gay4,gaz4
0.383525935196,-0.00880983146322,-0.119263263724,-0.0451433900698,-0.0891874079225,0.0509344547812,-0.451038884431,0.363161804944,0.99543092255,0.294394413132,-0.0123602477781,-0.115691918877,-0.0418609654167,-0.0150314989435,0.0749578013444,-0.429744338168,0.371358947924,0.998187526207,0.204796476033,-0.0218082629406,-0.103564571223,-0.0307794440049,-0.0588459552355,0.0715775029946,-0.4318142719,0.369011206883,0.99352850827,0.286014367139,-0.026385497654,-0.114974612481,-0.0369478160178,-0.0853527201442,0.087324664652,-0.453760084129,0.360361329228,0.993346235949,0.248317366499,-0.0316684694223,-0.0979432997139,-0.0356983306109,-0.0648939186391,0.090176295131,-0.451863890994,0.358816424787,0.996786003022
