bax0,bay0,baz0,bgx0,bgy0,bgz0,gax0,gay0,gaz0,bax1,bay1,baz1,bgx1,bgy1,bgz1,gax1,gay1,gaz1,bax2,bay2,baz2,bgx2,bgy2,bgz2,gax2,gay2,gaz2,bax3,bay3,baz3,bgx3,bgy3,bgz3,gax3,gay3,gaz3,bax4,bay4,baz4,bgx4,bgy4,bgz4,gax4,gay4,gaz4
0.239537900292,-0.0562882285403,-0.137208212503,-0.0384686083669,-0.0935905157967,0.116366885937,-0.465721661719,0.337201266013,0.992019681077,0.286864074166,-0.0249940419281,-0.131807086313,-0.0368139841129,-0.119351122303,0.0499855156787,-0.467559023334,0.36719505964,1.00922962006,0.279934977327,-0.0348107096839,-0.084159185819,-0.0362089510374,-0.0842212393891,0.0848613415323,-0.502770790131,0.347965737566,1.01346412374,-0.00774159419825,-0.169294478508,0.079362109099,0.378455735445,-0.405901422907,0.572003139896,-0.488223560566,0.488341455004,0.921247871417,0.483330098052,0.0315910703164,-0.185196467612,0.222336356969,-0.276039344598,0.313383005771,-0.591392710656,0.37724680252,1.01264742557
