bax0,bay0,baz0,bgx0,bgy0,bgz0,gax0,gay0,gaz0,bax1,bay1,baz1,bgx1,bgy1,bgz1,gax1,gay1,gaz1,bax2,bay2,baz2,bgx2,bgy2,bgz2,gax2,gay2,gaz2,bax3,bay3,baz3,bgx3,bgy3,bgz3,gax3,gay3,gaz3,bax4,bay4,baz4,bgx4,bgy4,bgz4,gax4,gay4,gaz4
0.247118362458,-0.0492248471761,-0.0916662916611,0.0609240561319,-0.127462772059,0.158578699606,-0.542041012399,0.409644997295,0.98224836042,0.212068137516,-0.0396591552949,-0.0871476442461,-0.00193623916906,-0.100896155563,0.0877004630407,-0.528899874554,0.400181987945,0.992647582767,0.23976709016,-0.0266619540998,-0.118415259109,-0.0344797714675,-0.0600865863706,0.069923596007,-0.559823860313,0.378568952324,0.997818499086,0.229091513989,-0.0143780496259,-0.109976387135,-0.023788559137,-0.0827069973857,0.0782397908089,-0.585878539274,0.375899151765,0.997483566325,0.286293484347,-0.0334865603085,-0.112274725335,-0.0395478519636,-0.0904902973521,0.0831466621118,-0.606677738068,0.385606565353,0.992963976766
