bax0,bay0,baz0,bgx0,bgy0,bgz0,gax0,gay0,gaz0,bax1,bay1,baz1,bgx1,bgy1,bgz1,gax1,gay1,gaz1,bax2,bay2,baz2,bgx2,bgy2,bgz2,gax2,gay2,gaz2,bax3,bay3,baz3,bgx3,bgy3,bgz3,gax3,gay3,gaz3,bax4,bay4,baz4,bgx4,bgy4,bgz4,gax4,gay4,gaz4
0.280237548298,-0.0187221230307,-0.107944785093,-0.0306829583406,-0.0970136208819,0.0908674980963,-0.607836779041,0.368159804888,0.998306494201,0.329485160027,-0.0121627260457,-0.113845515079,-0.0266357063964,-0.0851203614276,0.087524425004,-0.609916534958,0.368497355814,1.0039346378,0.272339454153,-0.0184945131932,-0.112385281236,-0.0359603773496,-0.064212687012,0.0872428841797,-0.601542003305,0.370564892373,1.00060807494,0.302243609238,-0.0171375747928,-0.106828069971,-0.0330853675182,-0.076588242332,0.0901930736558,-0.604224893015,0.367371203788,1.00257320978,0.284845731281,-0.0200936156086,-0.108879861435,-0.0324390776815,-0.0635295443737,0.0909014958514,-0.605795005523,0.367163877943,1.00300724174
