bax0,bay0,baz0,bgx0,bgy0,bgz0,gax0,gay0,gaz0,bax1,bay1,baz1,bgx1,bgy1,bgz1,gax1,gay1,gaz1,bax2,bay2,baz2,bgx2,bgy2,bgz2,gax2,gay2,gaz2,bax3,bay3,baz3,bgx3,bgy3,bgz3,gax3,gay3,gaz3,bax4,bay4,baz4,bgx4,bgy4,bgz4,gax4,gay4,gaz4
0.26388135318,-0.0220954779587,-0.110097731745,-0.034343031495,-0.108853291783,0.0873434147599,-0.610322820651,0.369342929014,0.997361045165,0.3227544514,-0.0118347630151,-0.113776119547,-0.0270167219641,-0.0863733677985,0.0926034699597,-0.613350124197,0.363890195909,1.00150301338,0.279676766321,-0.018082901127,-0.113361552665,-0.0351083926218,-0.0631030665603,0.0895217524342,-0.606335805012,0.37066159342,0.997982153959,0.290073454122,-0.0213629241004,-0.1088369694,-0.0313512577706,-0.0659648329363,0.0952177968382,-0.610693690161,0.370985385567,1.00259306313,0.282698874486,-0.0157501038329,-0.113420746811,-0.0292897213136,-0.0751622956743,0.0912539230423,-0.60604178982,0.364233254257,1.00101158145
