bax0,bay0,baz0,bgx0,bgy0,bgz0,gax0,gay0,gaz0,bax1,bay1,baz1,bgx1,bgy1,bgz1,gax1,gay1,gaz1,bax2,bay2,baz2,bgx2,bgy2,bgz2,gax2,gay2,gaz2,bax3,bay3,baz3,bgx3,bgy3,bgz3,gax3,gay3,gaz3,bax4,bay4,baz4,bgx4,bgy4,bgz4,gax4,gay4,gaz4
0.277474676232,-0.0176012088482,-0.110349537297,-0.0316509391191,-0.0974347504085,0.052881317301,-0.140229174926,0.979100821542,0.19334728016,0.286583418186,-0.0165990410735,-0.112502405956,-0.0278651570556,-0.0846849840941,0.0589506238201,-0.142203988702,0.980282533421,0.198690260514,0.293581845801,-0.017170581327,-0.120754016545,-0.0312219887175,-0.0892627291504,0.090737855198,-0.137546634796,0.979938394918,0.200776661553,0.286506435308,-0.0188181364333,-0.116602565595,-0.0285672392279,-0.0707031808384,0.0903092971379,-0.14130067899,0.981552561707,0.19682085975,0.288018474869,-0.0201820835506,-0.118052851406,-0.0299277729739,-0.084308647624,0.0989004646632,-0.144621473164,0.980019327093,0.199306787692
