bax0,bay0,baz0,bgx0,bgy0,bgz0,gax0,gay0,gaz0,bax1,bay1,baz1,bgx1,bgy1,bgz1,gax1,gay1,gaz1,bax2,bay2,baz2,bgx2,bgy2,bgz2,gax2,gay2,gaz2,bax3,bay3,baz3,bgx3,bgy3,bgz3,gax3,gay3,gaz3,bax4,bay4,baz4,bgx4,bgy4,bgz4,gax4,gay4,gaz4
0.303947840312,-0.0169130518473,-0.121814372599,-0.0113738848996,-0.0642333081482,0.0928895185395,-0.139311257146,0.983302498826,0.188053407934,0.275336186014,-0.0228929967118,-0.112502504562,-0.0152744477281,-0.0857261831783,0.108271896002,-0.136315552293,0.984995893266,0.203178331429,0.285779576727,-0.023053763615,-0.105111947647,-0.0232936278195,-0.0669300683352,0.0921818611376,-0.138525779679,0.981535881746,0.20727356403,0.296641642389,-0.0211272646883,-0.111581198301,-0.0302186073006,-0.0714483039329,0.0742804675073,-0.139642613692,0.976277917273,0.197278572982,0.354645350884,-0.027271469723,-0.0893522575472,0.0631275766215,0.188088324878,0.641791560284,-0.155240432104,0.995290049513,0.170567995062
