bax0,bay0,baz0,bgx0,bgy0,bgz0,gax0,gay0,gaz0,bax1,bay1,baz1,bgx1,bgy1,bgz1,gax1,gay1,gaz1,bax2,bay2,baz2,bgx2,bgy2,bgz2,gax2,gay2,gaz2,bax3,bay3,baz3,bgx3,bgy3,bgz3,gax3,gay3,gaz3,bax4,bay4,baz4,bgx4,bgy4,bgz4,gax4,gay4,gaz4
0.283071005897,-0.0133766487739,-0.103552733261,0.022758398919,0.0625546192732,0.37048485855,-0.128400686947,0.978095496017,0.174565709786,0.283603145437,-0.0154833300155,-0.120197174908,-0.0165490947972,-0.0430655264173,0.192082711175,-0.129837306381,0.98498061782,0.176484520407,0.291885354857,-0.018599167304,-0.112036016763,-0.0462838163811,-0.0863273511741,0.11112357882,-0.137790492568,0.982367348915,0.175186930744,0.291794846483,-0.0213576341643,-0.114142660725,-0.0446518312317,-0.105062038158,0.0250357814941,-0.131936214959,0.986251058967,0.174563045575,0.288781026464,-0.0191211419837,-0.113712107576,-0.0351422840597,-0.124117420122,0.112680059275,-0.138699205902,0.981190443775,0.176713334668
