bax0,bay0,baz0,bgx0,bgy0,bgz0,gax0,gay0,gaz0,bax1,bay1,baz1,bgx1,bgy1,bgz1,gax1,gay1,gaz1,bax2,bay2,baz2,bgx2,bgy2,bgz2,gax2,gay2,gaz2,bax3,bay3,baz3,bgx3,bgy3,bgz3,gax3,gay3,gaz3,bax4,bay4,baz4,bgx4,bgy4,bgz4,gax4,gay4,gaz4
0.282491010174,-0.0117263967929,-0.108403646472,0.0193732234978,0.0458000927222,0.363847479808,-0.131450387426,0.981412011686,0.172265803716,0.281229836388,-0.020622268904,-0.117098556024,-0.0296045562536,-0.0335541388983,0.166805558589,-0.12785369779,0.981467083766,0.174383670274,0.291433621342,-0.0201576848106,-0.108146672058,-0.0269143641869,-0.0789054444046,0.0927048873566,-0.1324996001,0.983337090978,0.173942965781,0.286437029737,-0.0140197628893,-0.116311451063,-0.0346913112531,-0.111778807148,0.0418329649782,-0.131023141389,0.983454906548,0.174754451206,0.291385273653,-0.0190024985803,-0.119005620427,-0.0354847810017,-0.0704771760707,0.0915613653799,-0.133494235772,0.982558260259,0.176201412358
