bax0,bay0,baz0,bgx0,bgy0,bgz0,gax0,gay0,gaz0,bax1,bay1,baz1,bgx1,bgy1,bgz1,gax1,gay1,gaz1,bax2,bay2,baz2,bgx2,bgy2,bgz2,gax2,gay2,gaz2,bax3,bay3,baz3,bgx3,bgy3,bgz3,gax3,gay3,gaz3,bax4,bay4,baz4,bgx4,bgy4,bgz4,gax4,gay4,gaz4
0.287812227541,-0.0214234807931,-0.113485188267,-0.0274661513008,-0.0673188994719,0.087220477379,-0.136743562392,0.984347012259,0.174538354989,0.29235858974,-0.0165478398487,-0.111484189333,-0.0220026127472,-0.0929040846115,0.0962125791218,-0.135152235834,0.98185696674,0.177150143087,0.288480849263,-0.0143803840762,-0.111515448322,-0.0312178153018,-0.0961327210425,0.0917592403411,-0.136077539369,0.984395133954,0.176901550681,0.292038189881,-0.0182521132777,-0.115156201403,-0.0305698094777,-0.0692362416899,0.0821777329929,-0.135620449645,0.982726969644,0.175362494164,0.289030248469,-0.0170177642635,-0.11518300561,-0.0368947285532,0.0495758944392,0.116587649533,-0.139066930455,0.983546002664,0.177730891622
