bax0,bay0,baz0,bgx0,bgy0,bgz0,gax0,gay0,gaz0,bax1,bay1,baz1,bgx1,bgy1,bgz1,gax1,gay1,gaz1,bax2,bay2,baz2,bgx2,bgy2,bgz2,gax2,gay2,gaz2,bax3,bay3,baz3,bgx3,bgy3,bgz3,gax3,gay3,gaz3,bax4,bay4,baz4,bgx4,bgy4,bgz4,gax4,gay4,gaz4
0.293255471098,-0.0215575739453,-0.097110782747,-0.0317769145698,-0.0740103649152,0.0950054936859,-0.169515853726,1.002432138,0.0352285387562,0.298919110845,-0.0161974767221,-0.126240288795,-0.0243162968545,-0.0811717880859,0.0912034271507,-0.171929609138,1.00365652056,0.0411698125382,0.285626832859,-0.0166493916323,-0.116223091013,-0.0371087444678,-0.0743437328543,0.095501658369,-0.170018355997,1.00437351146,0.0397482549985,0.301610035532,-0.022112369308,-0.111538524854,-0.0336884941121,-0.0711514820446,0.0896107782254,-0.169240386281,1.00640950003,0.040417710868,0.297464124194,-0.0178550924578,-0.109743511524,-0.0282484899761,-0.0740326251341,0.0882090867775,-0.169526408344,1.00202009956,0.0372461714403
