bax0,bay0,baz0,bgx0,bgy0,bgz0,gax0,gay0,gaz0,bax1,bay1,baz1,bgx1,bgy1,bgz1,gax1,gay1,gaz1,bax2,bay2,baz2,bgx2,bgy2,bgz2,gax2,gay2,gaz2,bax3,bay3,baz3,bgx3,bgy3,bgz3,gax3,gay3,gaz3,bax4,bay4,baz4,bgx4,bgy4,bgz4,gax4,gay4,gaz4
0.294626192446,-0.0220520950545,-0.094155879475,-0.0283521267827,-0.0768875921327,0.0923237154385,-0.169845303451,1.00260295063,0.0368343887558,0.292421629229,-0.0233171585509,-0.119459263264,-0.029445604543,-0.0831633255911,0.0938453458866,-0.168578097021,1.00183849749,0.0435529818926,0.289801061331,-0.0164168197853,-0.121129195421,-0.0316969724569,-0.0798204567315,0.0929076773386,-0.166351804586,1.00487648516,0.0390609161558,0.296366883932,-0.0223196183586,-0.100728925506,-0.0386316735249,-0.0726153702576,0.0890307739036,-0.166613918794,1.00142060925,0.0368121200091,0.294895510381,-0.0232543714492,-0.105840162244,-0.0273636445891,-0.0740329058536,0.0899273711605,-0.167387740617,1.00281163688,0.0393186789733
