bax0,bay0,baz0,bgx0,bgy0,bgz0,gax0,gay0,gaz0,bax1,bay1,baz1,bgx1,bgy1,bgz1,gax1,gay1,gaz1,bax2,bay2,baz2,bgx2,bgy2,bgz2,gax2,gay2,gaz2,bax3,bay3,baz3,bgx3,bgy3,bgz3,gax3,gay3,gaz3,bax4,bay4,baz4,bgx4,bgy4,bgz4,gax4,gay4,gaz4
0.371170541705,-0.0435125642439,-0.122343715432,0.128295442699,0.290493726599,0.712668832425,-0.127680464,0.996035025508,0.0486848413684,0.293678604463,-0.00420013969391,-0.0926497135419,0.0384468278412,0.10841435508,0.444833343025,-0.115080339129,0.988325245651,0.0356563493549,0.281563594543,-0.0186393960614,-0.115847563352,-0.00751456888145,-0.0271109827666,0.258289041821,-0.10835384873,0.988048320232,0.0456828894768,0.303076397032,-0.031598911023,-0.107357465058,-0.0405569442101,-0.0773179416001,0.142203011256,-0.123068710962,0.99131429389,0.0495280091213,0.312079855508,-0.0302082574752,-0.113388828311,-0.046510749293,-0.0744224334078,0.0797833994131,-0.117104955687,0.992525152266,0.0528654782269
