bax0,bay0,baz0,bgx0,bgy0,bgz0,gax0,gay0,gaz0,bax1,bay1,baz1,bgx1,bgy1,bgz1,gax1,gay1,gaz1,bax2,bay2,baz2,bgx2,bgy2,bgz2,gax2,gay2,gaz2,bax3,bay3,baz3,bgx3,bgy3,bgz3,gax3,gay3,gaz3,bax4,bay4,baz4,bgx4,bgy4,bgz4,gax4,gay4,gaz4
-0.304602767052,0.0390166180454,-0.00453772521891,0.214818225977,-0.472611516309,0.569174135338,-0.0611888557475,0.5426970867,0.813352292259,0.366135872568,-0.0472084792642,-0.115009044749,0.119469946558,-0.416560650094,0.424857758953,-0.250866781593,0.578557270726,0.870474454462,0.262116997124,-0.0271422805892,-0.0954367420195,-0.0042048785554,-0.255904639339,0.252473010923,-0.232209822229,0.564707203987,0.865890025399,0.244219636539,-0.0268230297938,-0.0929431909342,-0.0318174074054,-0.139871464716,0.112997740475,-0.220650825589,0.556109803946,0.86894496508,0.293135127649,-0.0146843248904,-0.115004080932,-0.0405323528336,-0.0796685413629,0.0964744939972,-0.225380394479,0.551072925237,0.878846846875
