bax0,bay0,baz0,bgx0,bgy0,bgz0,gax0,gay0,gaz0,bax1,bay1,baz1,bgx1,bgy1,bgz1,gax1,gay1,gaz1,bax2,bay2,baz2,bgx2,bgy2,bgz2,gax2,gay2,gaz2,bax3,bay3,baz3,bgx3,bgy3,bgz3,gax3,gay3,gaz3,bax4,bay4,baz4,bgx4,bgy4,bgz4,gax4,gay4,gaz4
-0.268131935489,0.0451442437859,0.00286610479667,0.220017551196,-0.481399287401,0.55160935753,-0.0502417280723,0.529523077621,0.823264064639,0.374234026483,-0.0401623698671,-0.121805575304,0.113898525908,-0.379424893955,0.397515760779,-0.290475296605,0.57076830628,0.878408516212,0.284139357639,-0.0266672768336,-0.0973068040314,-0.00725591938267,-0.240101531751,0.203549802764,-0.26710381485,0.548262152148,0.860508261378,0.295234764991,-0.0142951257371,-0.0854308477657,-0.0393719768722,-0.168024716035,0.13517004901,-0.255445763033,0.546479663746,0.871069745604,0.293563977828,-0.0227618923916,-0.11463264755,-0.000435757008605,-0.0911547337895,0.0880543336682,-0.249911331648,0.54131415526,0.879015501188
