bax0,bay0,baz0,bgx0,bgy0,bgz0,gax0,gay0,gaz0,bax1,bay1,baz1,bgx1,bgy1,bgz1,gax1,gay1,gaz1,bax2,bay2,baz2,bgx2,bgy2,bgz2,gax2,gay2,gaz2,bax3,bay3,baz3,bgx3,bgy3,bgz3,gax3,gay3,gaz3,bax4,bay4,baz4,bgx4,bgy4,bgz4,gax4,gay4,gaz4
0.276606806514,-0.0101087655631,-0.121810107808,-0.0431577265418,-0.0548018236713,0.0620577797223,-0.239087877037,0.547891343864,0.875275693976,0.264301124819,-0.0144086308219,-0.111566204666,-0.0361684609627,-0.0672916811168,0.0778516637947,-0.243341586343,0.55301680347,0.879455120791,0.285671031724,-0.00753364312951,-0.105264191686,-0.0356310797865,-0.0602261431663,0.0852835690701,-0.247537233261,0.553176397223,0.879274259271,0.296196469675,-0.0232979517154,-0.111424598971,-0.0316785524235,-0.0809385252429,0.0801100788316,-0.2513949764,0.54394924307,0.879486615174,0.299694368391,-0.00483624921569,-0.115608384293,-0.018889820485,-0.0814875242618,0.0858419356942,-0.252155755457,0.54179418837,0.880854302183
