bax0,bay0,baz0,bgx0,bgy0,bgz0,gax0,gay0,gaz0,bax1,bay1,baz1,bgx1,bgy1,bgz1,gax1,gay1,gaz1,bax2,bay2,baz2,bgx2,bgy2,bgz2,gax2,gay2,gaz2,bax3,bay3,baz3,bgx3,bgy3,bgz3,gax3,gay3,gaz3,bax4,bay4,baz4,bgx4,bgy4,bgz4,gax4,gay4,gaz4
0.307307733704,-0.0182396593274,-0.108057286584,-0.0177785070964,-0.0956258834121,0.112767745585,-0.229804905666,0.551265425954,0.886669884663,0.290731271384,-0.015297877712,-0.115927575092,-0.0086845481077,-0.0976695836526,0.0649280167111,-0.244149271255,0.542457049904,0.882609986086,0.47694020987,-0.0364640608055,-0.148582458004,0.137796460767,-0.385983922843,0.409228618084,-0.308873939503,0.542590870118,0.899923350931,0.251046937312,-0.0291918071154,-0.0979596622702,0.0351005565858,-0.237161131681,0.256690177494,-0.244626629941,0.515644942087,0.907984509316,0.284360627846,-0.0263561292908,-0.118626525696,-0.0297688787876,-0.128793807291,0.125821235185,-0.252411168811,0.527331100944,0.901744073814
