bax0,bay0,baz0,bgx0,bgy0,bgz0,gax0,gay0,gaz0,bax1,bay1,baz1,bgx1,bgy1,bgz1,gax1,gay1,gaz1,bax2,bay2,baz2,bgx2,bgy2,bgz2,gax2,gay2,gaz2,bax3,bay3,baz3,bgx3,bgy3,bgz3,gax3,gay3,gaz3,bax4,bay4,baz4,bgx4,bgy4,bgz4,gax4,gay4,gaz4
0.292075787898,-0.0185743929263,-0.113806307719,-0.0365582907996,-0.066522689392,0.0691754617813,-0.250112106619,0.508781470674,0.902730032162,0.287929397971,-0.0178254744465,-0.115430525645,-0.0397512249522,-0.0514909927303,0.0702344639559,-0.246403984404,0.509186121381,0.903540116181,0.311326931107,-0.0126556857959,-0.116439110549,-0.0362283666369,-0.0566738193957,0.0656437453485,-0.239203503554,0.509668095277,0.901362329404,0.296169415356,-0.0202445253175,-0.112444663434,-0.0369281117733,-0.0585176199148,0.0763414004305,-0.242525996015,0.510978195684,0.903862611989,0.283201924328,-0.022651624736,-0.109247454314,-0.0231985966184,-0.0925889463558,0.0933993235291,-0.238401261746,0.510586162293,0.904063152348
