bax0,bay0,baz0,bgx0,bgy0,bgz0,gax0,gay0,gaz0,bax1,bay1,baz1,bgx1,bgy1,bgz1,gax1,gay1,gaz1,bax2,bay2,baz2,bgx2,bgy2,bgz2,gax2,gay2,gaz2,bax3,bay3,baz3,bgx3,bgy3,bgz3,gax3,gay3,gaz3,bax4,bay4,baz4,bgx4,bgy4,bgz4,gax4,gay4,gaz4
0.314065557887,-0.013562145214,-0.115714328362,-0.0344749557453,-0.0889058996462,0.094516399556,-0.237802285797,0.509215473114,0.895290776486,0.289909959128,-0.0117954766402,-0.119878829914,-0.0235983703322,-0.0676256843961,0.095889069054,-0.224562921807,0.510269755817,0.900414286203,0.301715144926,-0.00939531485988,-0.128989678996,-0.0230252366311,-0.0932831998694,0.0836451521581,-0.236114998929,0.512967820155,0.900119398505,0.332218087346,-0.0111119095288,-0.128002004168,-0.0388845374211,-0.112210447766,0.0853614887102,-0.224583011145,0.519721317595,0.893268341137,0.379948602565,-0.0189016365507,-0.127139761663,-0.0113515616965,-0.094298373744,0.112756297737,-0.217194297583,0.524325206853,0.895374205075
