bax0,bay0,baz0,bgx0,bgy0,bgz0,gax0,gay0,gaz0,bax1,bay1,baz1,bgx1,bgy1,bgz1,gax1,gay1,gaz1,bax2,bay2,baz2,bgx2,bgy2,bgz2,gax2,gay2,gaz2,bax3,bay3,baz3,bgx3,bgy3,bgz3,gax3,gay3,gaz3,bax4,bay4,baz4,bgx4,bgy4,bgz4,gax4,gay4,gaz4
-0.875820350134,0.165173614985,0.385051549379,0.262016405772,-0.635806349535,0.623855475206,0.207151354324,0.411112842356,0.740284954789,0.382806262316,-0.0280954161264,-0.151422168255,0.18718090477,-0.572213258032,0.495557272807,-0.160416997941,0.533905506314,0.898332221583,0.303534857908,-0.0105877017121,-0.133300526915,0.0546920900688,-0.367360708326,0.29748696659,-0.172113721246,0.51159590616,0.891109308215,0.254359610718,-0.00289390037756,-0.111914010592,0.0117994899887,-0.197253127429,0.134564766094,-0.145632961903,0.497973881861,0.87939104757,0.330185225349,-0.0163665591708,-0.104664521703,-0.0233585566949,-0.0648948721587,0.0955895941078,-0.13945447887,0.503240488236,0.888023429133
