bax0,bay0,baz0,bgx0,bgy0,bgz0,gax0,gay0,gaz0,bax1,bay1,baz1,bgx1,bgy1,bgz1,gax1,gay1,gaz1,bax2,bay2,baz2,bgx2,bgy2,bgz2,gax2,gay2,gaz2,bax3,bay3,baz3,bgx3,bgy3,bgz3,gax3,gay3,gaz3,bax4,bay4,baz4,bgx4,bgy4,bgz4,gax4,gay4,gaz4
0.294138642357,-0.0170111467423,-0.114814291873,-0.0438597168824,-0.0429941216932,0.062158201836,-0.12184477418,0.507909498013,0.886107632127,0.290617281665,-0.0105964910761,-0.118592450778,-0.0343132106492,-0.0573740759515,0.0655462779375,-0.113559169374,0.504280629333,0.88803865653,0.326438676269,-0.00442719881365,-0.13976500601,-0.0326021919801,-0.0598527718606,0.0705136657107,-0.116092693561,0.501662590485,0.87742553522,0.278187245318,-0.0188824652292,-0.112533614302,-0.0502110145481,-0.0490742454633,0.0803875157196,-0.110481304374,0.516242580924,0.874465740835,0.250251458321,-0.0392731982596,-0.0996257090814,-0.0321767518242,-0.0686758927969,0.0971010514466,-0.11821109039,0.521239517618,0.876908887818
