bax0,bay0,baz0,bgx0,bgy0,bgz0,gax0,gay0,gaz0,bax1,bay1,baz1,bgx1,bgy1,bgz1,gax1,gay1,gaz1,bax2,bay2,baz2,bgx2,bgy2,bgz2,gax2,gay2,gaz2,bax3,bay3,baz3,bgx3,bgy3,bgz3,gax3,gay3,gaz3,bax4,bay4,baz4,bgx4,bgy4,bgz4,gax4,gay4,gaz4
0.297329210543,-0.0162444549512,-0.116159547642,-0.0470118212122,-0.0436868073306,0.0543953214783,-0.122145102531,0.510690688144,0.889201066828,0.302021155677,-0.0179790861943,-0.113626438764,-0.0310689080197,-0.0546515305214,0.052522144359,-0.124776988089,0.502708797789,0.879469500516,0.312577558693,-0.00631052718048,-0.13906259911,-0.0319647446425,-0.0616476085967,0.0875569626756,-0.110708115994,0.50821061326,0.881674125695,0.28033819375,-0.020466588643,-0.116697603934,-0.0494842295082,-0.045199980829,0.0917035823362,-0.111892225193,0.510380900489,0.872563979676,0.241535927732,-0.041968586403,-0.0725674080521,-0.0221766681784,-0.0752216236655,0.0920504652906,-0.117438109757,0.508927537186,0.875267667205
