bax0,bay0,baz0,bgx0,bgy0,bgz0,gax0,gay0,gaz0,bax1,bay1,baz1,bgx1,bgy1,bgz1,gax1,gay1,gaz1,bax2,bay2,baz2,bgx2,bgy2,bgz2,gax2,gay2,gaz2,bax3,bay3,baz3,bgx3,bgy3,bgz3,gax3,gay3,gaz3,bax4,bay4,baz4,bgx4,bgy4,bgz4,gax4,gay4,gaz4
0.269476678315,-0.00601995838377,-0.0891424708706,0.0040804513305,-0.0922176744314,0.1002273264,-0.11518541458,0.504810147095,0.871412000539,-0.995291479286,0.193607054174,0.543831207028,0.266573256319,-0.507942697,0.396416317227,0.256474025735,0.402679511303,0.642126923199,0.387129852293,-0.0213585847744,-0.127154201173,0.194531900775,-0.618650557628,0.43139037304,-0.111991597213,0.492860559906,0.878843251964,0.33567084032,-0.0101026346629,-0.119369822336,0.0484091877522,-0.382382593732,0.287124434492,-0.105583560554,0.463756607179,0.866121978147,0.312808017138,-0.0135730596972,-0.135369669605,0.0276016050749,-0.225475965033,0.165947416411,-0.097116562991,0.481242536064,0.890663322137
