bax0,bay0,baz0,bgx0,bgy0,bgz0,gax0,gay0,gaz0,bax1,bay1,baz1,bgx1,bgy1,bgz1,gax1,gay1,gaz1,bax2,bay2,baz2,bgx2,bgy2,bgz2,gax2,gay2,gaz2,bax3,bay3,baz3,bgx3,bgy3,bgz3,gax3,gay3,gaz3,bax4,bay4,baz4,bgx4,bgy4,bgz4,gax4,gay4,gaz4
0.301749607097,-0.0189446832275,-0.0539997158808,-0.0440609376694,-0.122103089533,0.0676713211858,-0.126225797556,0.505862302575,0.876745549818,-1.01435652814,0.186546969539,0.529625057373,0.270404857319,-0.525226957793,0.396334869987,0.2759091691,0.402487219978,0.670956544315,0.351609335725,-0.0479709185986,-0.15345226463,0.164946594565,-0.660280895173,0.41431775127,-0.10190070079,0.489413601212,0.911065276054,0.314507887306,-0.0197329517235,-0.135003021967,0.0246301850428,-0.407130156213,0.298867467229,-0.119982838894,0.498901505077,0.874221213635,0.322025704143,0.00842513948955,-0.128438851703,-0.0107997999759,-0.258938404651,0.212501990884,-0.0909911947096,0.481580006774,0.90996066955
