bax0,bay0,baz0,bgx0,bgy0,bgz0,gax0,gay0,gaz0,bax1,bay1,baz1,bgx1,bgy1,bgz1,gax1,gay1,gaz1,bax2,bay2,baz2,bgx2,bgy2,bgz2,gax2,gay2,gaz2,bax3,bay3,baz3,bgx3,bgy3,bgz3,gax3,gay3,gaz3,bax4,bay4,baz4,bgx4,bgy4,bgz4,gax4,gay4,gaz4
0.254487828084,-0.00221597640233,-0.0438103223713,-0.0288904757719,-0.0947823849917,0.122503979536,-0.13134473522,0.523874682483,0.859805872425,-1.03548720212,0.194394029751,0.514555478377,0.28873812154,-0.576328517252,0.375840072055,0.268958613064,0.380258038345,0.66742843573,0.30498531606,-0.015873661692,-0.137257278128,0.147233683252,-0.593262125102,0.425503069276,-0.108365683101,0.494247514682,0.909135359209,0.350911944894,-0.0349335815369,-0.11243269472,0.0563486677605,-0.44332221721,0.291383939251,-0.142629925069,0.469590624742,0.903918384625,0.270937865298,-0.0166368344687,-0.126926023703,0.0117841749278,-0.215630407858,0.149294302029,-0.0796721880187,0.483725842023,0.899151422664
