bax0,bay0,baz0,bgx0,bgy0,bgz0,gax0,gay0,gaz0,bax1,bay1,baz1,bgx1,bgy1,bgz1,gax1,gay1,gaz1,bax2,bay2,baz2,bgx2,bgy2,bgz2,gax2,gay2,gaz2,bax3,bay3,baz3,bgx3,bgy3,bgz3,gax3,gay3,gaz3,bax4,bay4,baz4,bgx4,bgy4,bgz4,gax4,gay4,gaz4
0.321602414867,-0.0143794891991,-0.128683714252,-0.0305687544159,-0.116745118368,0.0917920653091,-0.0688446755007,0.480104866421,0.881903133782,0.346038312512,-0.00330560938972,-0.133093147741,-0.0554534328578,-0.0563475570667,0.0778702651339,-0.0555425101524,0.488681705885,0.884525347775,0.301882577837,-0.0119491105395,-0.130620041676,-0.0575465007945,-0.013076180543,0.0635547067581,-0.0541280046979,0.49046435404,0.868773262192,0.265482882069,-0.0347506408843,-0.08969307106,-0.0471900696321,-0.031103602634,0.0770262315457,-0.0336147898148,0.497885269946,0.873428616021,0.285557602101,-0.0249980119461,-0.110195999234,-0.0324597915083,-0.0450127232039,0.0905508604398,-0.0625825771414,0.489520217449,0.878617944148
