bax0,bay0,baz0,bgx0,bgy0,bgz0,gax0,gay0,gaz0,bax1,bay1,baz1,bgx1,bgy1,bgz1,gax1,gay1,gaz1,bax2,bay2,baz2,bgx2,bgy2,bgz2,gax2,gay2,gaz2,bax3,bay3,baz3,bgx3,bgy3,bgz3,gax3,gay3,gaz3,bax4,bay4,baz4,bgx4,bgy4,bgz4,gax4,gay4,gaz4
0.292074652104,-0.0211771904027,-0.105662859032,-0.0161041176786,-0.114846419684,0.0945281616015,-0.0682973685507,0.48334812681,0.879043556021,0.313743830335,-0.0189266714983,-0.111648911817,-0.0259509933554,-0.0860436039842,0.0917570930616,-0.0669033054009,0.481854991723,0.884320787137,0.276599686357,-0.0194756768304,-0.101521004584,-0.034144125269,-0.0485199558154,0.0855516037479,-0.055816168906,0.48274960891,0.877465810615,0.24715547887,-0.0196032066041,-0.104630739836,-0.0283667834449,-0.0858329437488,0.0861761017642,-0.0666942369592,0.476630378847,0.885353572272,0.306003154696,-0.0207198643582,-0.113255113578,-0.0260059023085,-0.07675627097,0.098951577805,-0.0792556626299,0.484688331522,0.890145792544
