bax0,bay0,baz0,bgx0,bgy0,bgz0,gax0,gay0,gaz0,bax1,bay1,baz1,bgx1,bgy1,bgz1,gax1,gay1,gaz1,bax2,bay2,baz2,bgx2,bgy2,bgz2,gax2,gay2,gaz2,bax3,bay3,baz3,bgx3,bgy3,bgz3,gax3,gay3,gaz3,bax4,bay4,baz4,bgx4,bgy4,bgz4,gax4,gay4,gaz4
0.287908709162,-0.0210348695045,-0.12040548673,-0.0248003371884,-0.0984459324344,0.089133010862,-0.0678180056458,0.483645528863,0.875040594632,0.315248776316,-0.0166864801611,-0.118918024628,-0.0214556642018,-0.0924906218555,0.0934335424465,-0.0593986019192,0.480518611483,0.87856781358,0.264555419684,-0.023903049657,-0.0990963596869,-0.0358775013694,-0.0540430822664,0.0869571392887,-0.0518848583912,0.484288321957,0.880558397061,0.24771568279,-0.021226134048,-0.106147583818,-0.0264939242441,-0.078821781774,0.0830441120452,-0.0789064148104,0.48089769975,0.882011241121,0.287197790625,-0.0192400498773,-0.123806999819,-0.0223755038229,-0.0890047172036,0.0915724966561,-0.0791332656799,0.481535105499,0.889424247341
