bax0,bay0,baz0,bgx0,bgy0,bgz0,gax0,gay0,gaz0,bax1,bay1,baz1,bgx1,bgy1,bgz1,gax1,gay1,gaz1,bax2,bay2,baz2,bgx2,bgy2,bgz2,gax2,gay2,gaz2,bax3,bay3,baz3,bgx3,bgy3,bgz3,gax3,gay3,gaz3,bax4,bay4,baz4,bgx4,bgy4,bgz4,gax4,gay4,gaz4
0.295056210941,-0.0179305277002,-0.120216801642,-0.0318468004208,-0.0669479986914,0.0539734036021,-0.277184986922,0.934924243027,0.424820712032,0.28216129481,-0.0226748033868,-0.103957169209,-0.0350299817875,-0.0526672642195,0.0719673856382,-0.279257569583,0.93499011349,0.420235717741,0.272618615569,-0.0182867647622,-0.104066392373,-0.0306478509529,-0.0680068237094,0.0719624207733,-0.285436196147,0.934352814313,0.427994843195,0.283884185145,-0.0195581133834,-0.106625553466,-0.0336332216507,-0.0905472865247,0.0713339960487,-0.279797297564,0.934194172057,0.428355967201,0.285570330942,-0.0206822106574,-0.111945171709,-0.0252701061887,-0.079473062568,0.0903146852745,-0.295018250537,0.933911658482,0.432324149752
