bax0,bay0,baz0,bgx0,bgy0,bgz0,gax0,gay0,gaz0,bax1,bay1,baz1,bgx1,bgy1,bgz1,gax1,gay1,gaz1,bax2,bay2,baz2,bgx2,bgy2,bgz2,gax2,gay2,gaz2,bax3,bay3,baz3,bgx3,bgy3,bgz3,gax3,gay3,gaz3,bax4,bay4,baz4,bgx4,bgy4,bgz4,gax4,gay4,gaz4
0.282274527018,-0.0172124891562,-0.110892160942,-0.00720331452267,-0.0878841983581,0.0957604662964,-0.291963167172,0.932932865689,0.428186957399,0.290035659704,-0.0241658516705,-0.106993740725,-0.0314059435247,-0.0772426774051,0.0809555933694,-0.287108321313,0.932062029768,0.442310054321,0.304273295807,-0.0181295196303,-0.115485403414,-0.0391304418176,-0.0771392800196,0.0794289923253,-0.293022664915,0.933137699737,0.431099636741,0.363249009239,-0.00410783381326,-0.134340315522,0.0900728385406,-0.112058101087,0.299822924708,-0.270560023213,0.929318346963,0.425840801224,0.412877193941,0.00754706773633,-0.276600597848,0.116273994824,-0.0734844430375,0.112430983587,-0.24734581843,0.939771866755,0.398914985415
