bax0,bay0,baz0,bgx0,bgy0,bgz0,gax0,gay0,gaz0,bax1,bay1,baz1,bgx1,bgy1,bgz1,gax1,gay1,gaz1,bax2,bay2,baz2,bgx2,bgy2,bgz2,gax2,gay2,gaz2,bax3,bay3,baz3,bgx3,bgy3,bgz3,gax3,gay3,gaz3,bax4,bay4,baz4,bgx4,bgy4,bgz4,gax4,gay4,gaz4
0.434415739327,-0.00207789948869,-0.318379623358,-0.0201347390422,-0.0880702420828,0.0912517867806,-0.209075717972,0.960870825519,0.323936892829,0.428347865556,-0.0033901935316,-0.222841504494,-0.167154649273,-0.113928376244,0.130964521062,-0.165951115089,0.966743389652,0.227998573974,0.324339872493,-0.0240663711868,-0.0748139489079,-0.0664879154854,-0.0503158853371,0.0273457530839,-0.126106748627,0.971777031182,0.222287521291,0.282301681955,-0.0239527008876,-0.109955363739,-0.0416225803519,-0.0135287564269,0.0544098702971,-0.0903337050749,0.969661288462,0.234820326315,0.295621355747,-0.0233257434548,-0.120934384505,-0.0213172968253,-0.0395602462383,0.0868309108434,-0.120930872468,0.966516191562,0.241756560864
