bax0,bay0,baz0,bgx0,bgy0,bgz0,gax0,gay0,gaz0,bax1,bay1,baz1,bgx1,bgy1,bgz1,gax1,gay1,gaz1,bax2,bay2,baz2,bgx2,bgy2,bgz2,gax2,gay2,gaz2,bax3,bay3,baz3,bgx3,bgy3,bgz3,gax3,gay3,gaz3,bax4,bay4,baz4,bgx4,bgy4,bgz4,gax4,gay4,gaz4
0.425842434609,-0.00838775136128,-0.312392800276,-0.0285659254781,-0.0631005973326,0.0867280994028,-0.206966455725,0.955736199103,0.313754975945,0.435590232073,-0.00307018075582,-0.225768322332,-0.155903786882,-0.12041166963,0.120782808917,-0.168918117798,0.967655996599,0.245001197352,0.286612407629,-0.0208525731967,-0.0625349893707,-0.0595628912109,-0.0654340589195,0.0150206059272,-0.130796540031,0.969014046581,0.219241286485,0.266718719331,-0.0249876834846,-0.106318656379,-0.0372348227937,-0.0212888411397,0.0627737535578,-0.102544736135,0.962070060825,0.237439007764,0.265646435315,-0.0243771042248,-0.0966474731124,-0.050194346366,-0.0216274817799,0.0995877101114,-0.114934272318,0.969638506673,0.252380944356
