bax0,bay0,baz0,bgx0,bgy0,bgz0,gax0,gay0,gaz0,bax1,bay1,baz1,bgx1,bgy1,bgz1,gax1,gay1,gaz1,bax2,bay2,baz2,bgx2,bgy2,bgz2,gax2,gay2,gaz2,bax3,bay3,baz3,bgx3,bgy3,bgz3,gax3,gay3,gaz3,bax4,bay4,baz4,bgx4,bgy4,bgz4,gax4,gay4,gaz4
0.288670405788,-0.0213353644823,-0.100100535269,-0.031988859857,-0.0860401022543,0.0940265026809,-0.106711251383,0.966692540368,0.242032166804,0.258305002904,-0.00938800719319,-0.122280531748,-0.00863379831481,-0.02518211497,0.0699915446421,-0.109069530072,0.968671066134,0.239635987592,0.242354153825,-0.0120029635658,-0.130861233317,-0.00855933895339,-0.0403989938876,0.0872887683046,-0.121569137197,0.968180169502,0.238651322454,0.285450223352,-0.0191221264172,-0.12450189508,-0.0345531114699,-0.113615376965,0.0931959679137,-0.13411983096,0.970948152478,0.232299328955,0.287952524513,-0.0210125648018,-0.0997250930687,-0.0468077578913,-0.109040632465,0.0896993891538,-0.15466252398,0.981916920945,0.226370905173
