bax0,bay0,baz0,bgx0,bgy0,bgz0,gax0,gay0,gaz0,bax1,bay1,baz1,bgx1,bgy1,bgz1,gax1,gay1,gaz1,bax2,bay2,baz2,bgx2,bgy2,bgz2,gax2,gay2,gaz2,bax3,bay3,baz3,bgx3,bgy3,bgz3,gax3,gay3,gaz3,bax4,bay4,baz4,bgx4,bgy4,bgz4,gax4,gay4,gaz4
0.289197043137,-0.0182668218641,-0.103935217043,-0.0296402625533,-0.0661160784769,0.0963908718157,-0.110026006705,0.966452314768,0.243219837179,0.24084278157,-0.00835771423049,-0.124686121745,-0.0180883018719,-0.0205675989544,0.0765691875608,-0.118813215677,0.96550036509,0.240119912161,0.247830738525,-0.00890974259013,-0.134066955883,-0.0144358828012,-0.0418090684378,0.0971513170897,-0.12389150201,0.969746565583,0.236579193416,0.283665905484,-0.00926092030863,-0.118020659196,-0.037018720487,-0.121511379746,0.108629281294,-0.141479893993,0.972541514422,0.23192567852,0.282970891679,-0.0297014896663,-0.109440615147,-0.0431324134069,-0.0862786508285,0.0892510188844,-0.150483714969,0.973900229207,0.232162013636
