bax0,bay0,baz0,bgx0,bgy0,bgz0,gax0,gay0,gaz0,bax1,bay1,baz1,bgx1,bgy1,bgz1,gax1,gay1,gaz1,bax2,bay2,baz2,bgx2,bgy2,bgz2,gax2,gay2,gaz2,bax3,bay3,baz3,bgx3,bgy3,bgz3,gax3,gay3,gaz3,bax4,bay4,baz4,bgx4,bgy4,bgz4,gax4,gay4,gaz4
0.288697544839,-0.0235012745983,-0.107130969298,-0.0230009170167,-0.0721670884378,0.0885899849654,-0.107599757229,0.970485421912,0.244697394815,0.252814071452,-0.0107156121412,-0.119766864083,-0.016625943637,-0.012133337878,0.0775853834068,-0.117023690438,0.965499310696,0.236520881317,0.234442575804,-0.0116143285869,-0.134107454993,-0.0102507332758,-0.0322698793556,0.0836689436778,-0.122858176896,0.973811971079,0.241059035681,0.271936278404,-0.0173350936065,-0.123086553391,-0.0269245064697,-0.126914981077,0.0923239058073,-0.133545068306,0.976395230868,0.236409393963,0.300171645932,-0.0238150803725,-0.0912360596983,-0.0354274051929,-0.0984444633719,0.0962655769503,-0.145229967529,0.977419785858,0.23112222912
