bax0,bay0,baz0,bgx0,bgy0,bgz0,gax0,gay0,gaz0,bax1,bay1,baz1,bgx1,bgy1,bgz1,gax1,gay1,gaz1,bax2,bay2,baz2,bgx2,bgy2,bgz2,gax2,gay2,gaz2,bax3,bay3,baz3,bgx3,bgy3,bgz3,gax3,gay3,gaz3,bax4,bay4,baz4,bgx4,bgy4,bgz4,gax4,gay4,gaz4
0.270475569131,-0.01936577446,-0.0900727864762,-0.0338086487362,-0.0966703893641,0.0875427286845,-0.146476528357,0.973109791271,0.23725132363,0.292321135443,-0.0160391795478,-0.10205473584,-0.0258773137376,-0.0986786526969,0.0971547038267,-0.149113764147,0.975082442835,0.248766041776,0.318200546766,-0.0214274610539,-0.117124878414,-0.0219413452355,-0.110914891607,0.0969756982601,-0.147640200016,0.973171839833,0.251541376387,0.306044605201,-0.0209179480167,-0.127156279399,-0.0272628766517,-0.0702296167993,0.0937453042479,-0.144025923419,0.97021549745,0.251876952971,0.276042387501,-0.0148899866023,-0.109649210938,-0.0287348452122,-0.0490247079393,0.0873377293067,-0.145920234831,0.972244013714,0.24745343057
