bax0,bay0,baz0,bgx0,bgy0,bgz0,gax0,gay0,gaz0,bax1,bay1,baz1,bgx1,bgy1,bgz1,gax1,gay1,gaz1,bax2,bay2,baz2,bgx2,bgy2,bgz2,gax2,gay2,gaz2,bax3,bay3,baz3,bgx3,bgy3,bgz3,gax3,gay3,gaz3,bax4,bay4,baz4,bgx4,bgy4,bgz4,gax4,gay4,gaz4
0.269061925963,-0.0210405761336,-0.106107836393,-0.0310260302193,-0.100523410778,0.0876449747175,-0.148028987346,0.977030408207,0.236546366181,0.29506200183,-0.0147182226339,-0.0985585272916,-0.0322570286219,-0.112691345875,0.0991759179606,-0.147001157875,0.975426490822,0.240549947978,0.31237710397,-0.0195018910837,-0.115907331059,-0.0275206598152,-0.116993799774,0.0951137202333,-0.148770793622,0.975254887935,0.248701471116,0.303502458286,-0.0177344266057,-0.110291571333,-0.0247833412992,-0.0671470527431,0.0939600712431,-0.147019343531,0.972032700498,0.25041809535,0.272512810507,-0.0171924251008,-0.0984275911615,-0.0263711936802,-0.0459820938502,0.0914382051918,-0.143049117729,0.971936911353,0.244769637474
