bax0,bay0,baz0,bgx0,bgy0,bgz0,gax0,gay0,gaz0,bax1,bay1,baz1,bgx1,bgy1,bgz1,gax1,gay1,gaz1,bax2,bay2,baz2,bgx2,bgy2,bgz2,gax2,gay2,gaz2,bax3,bay3,baz3,bgx3,bgy3,bgz3,gax3,gay3,gaz3,bax4,bay4,baz4,bgx4,bgy4,bgz4,gax4,gay4,gaz4
0.284094632189,-0.0130031143322,-0.115079493582,-0.0349829675651,-0.0641200295388,0.0617994684883,-0.149892298492,0.973149270232,0.248549483247,0.31124394901,-0.0172920114494,-0.129144341596,-0.00702638107333,-0.0391250910031,0.0692166036558,-0.140424739575,0.973243413823,0.265070024011,0.247710557372,-0.0261688504599,-0.114473754179,-0.0353228429202,-0.101438987046,0.119630678034,-0.151688545855,0.974283774932,0.260717140633,0.317862729832,-0.023345412122,-0.11956686195,-0.0188264493488,-0.0829125984256,0.109531350033,-0.148030972014,0.974283772284,0.228720406224,0.573193298875,-0.0466353863641,-0.126902640426,0.140623852389,0.323416934161,0.348683331025,-0.265156366977,0.977870643992,-0.273523606022
