bax0,bay0,baz0,bgx0,bgy0,bgz0,gax0,gay0,gaz0,bax1,bay1,baz1,bgx1,bgy1,bgz1,gax1,gay1,gaz1,bax2,bay2,baz2,bgx2,bgy2,bgz2,gax2,gay2,gaz2,bax3,bay3,baz3,bgx3,bgy3,bgz3,gax3,gay3,gaz3,bax4,bay4,baz4,bgx4,bgy4,bgz4,gax4,gay4,gaz4
0.261285746453,-0.00369723615743,-0.12033653383,-0.052124316539,-0.06049772177,0.0834516799974,-0.132524224418,0.973589522037,0.241908350253,0.267143309745,-0.0230278385379,-0.123110074233,-0.0358236673388,-0.0879238480571,0.0967943058208,-0.137317390332,0.974284778272,0.244224849231,0.309075668937,-0.018689408462,-0.113317809844,-0.0197830619724,-0.100581545708,0.111991245684,-0.146111241854,0.97436566467,0.267490148013,0.304180823203,-0.0261964846102,-0.107257923542,-0.0432464308653,-0.0800396469172,0.104664317664,-0.157533862008,0.974818256808,0.257440486809,0.556028385831,-0.0376199143218,-0.125349124467,0.109009707424,0.389962414759,0.374934045553,-0.288886531362,0.97940331993,-0.279495303572
