bax0,bay0,baz0,bgx0,bgy0,bgz0,gax0,gay0,gaz0,bax1,bay1,baz1,bgx1,bgy1,bgz1,gax1,gay1,gaz1,bax2,bay2,baz2,bgx2,bgy2,bgz2,gax2,gay2,gaz2,bax3,bay3,baz3,bgx3,bgy3,bgz3,gax3,gay3,gaz3,bax4,bay4,baz4,bgx4,bgy4,bgz4,gax4,gay4,gaz4
0.295819645222,-0.030184132307,-0.178199683431,0.0969429140591,0.0556174870647,0.176735642557,-0.19784253712,0.954292847021,-0.321816881073,0.247323440376,-0.0104669698811,-0.108225866797,-0.00300109455272,-0.00618283026956,0.083704125738,-0.197581208199,0.952679687234,-0.348622253469,0.277638270335,-0.0126036015324,-0.135385442678,-0.0401586007171,-0.0950301754172,0.0661933427749,-0.208729574249,0.948754220804,-0.343763648363,0.289265528327,-0.0221733813385,-0.10283145286,-0.0426124969184,-0.116314344525,0.0804152384452,-0.217457914158,0.950287679263,-0.354493152432,0.304447742281,-0.0237066995936,-0.0967263486478,-0.0344832734146,-0.0997773657475,0.0889496478535,-0.212793771122,0.958002131824,-0.344459703555
