bax0,bay0,baz0,bgx0,bgy0,bgz0,gax0,gay0,gaz0,bax1,bay1,baz1,bgx1,bgy1,bgz1,gax1,gay1,gaz1,bax2,bay2,baz2,bgx2,bgy2,bgz2,gax2,gay2,gaz2,bax3,bay3,baz3,bgx3,bgy3,bgz3,gax3,gay3,gaz3,bax4,bay4,baz4,bgx4,bgy4,bgz4,gax4,gay4,gaz4
0.296822467646,-0.0176630212552,-0.117788875969,-0.0337308027014,-0.110162002279,0.0847436950239,-0.210044656425,0.952495682993,-0.348144123418,0.286194812181,-0.0158090834442,-0.120282296364,-0.0337960075349,-0.0844652695627,0.0857953172001,-0.206871352041,0.953218431696,-0.347318427459,0.288169099167,-0.0178073665863,-0.107801888597,-0.0238406124412,-0.0790036467301,0.0860147067861,-0.209721525426,0.95318649147,-0.349958707706,0.294828033345,-0.0177234419083,-0.117470508287,-0.0263204755854,-0.0848869034129,0.09486826691,-0.210648607396,0.953030872323,-0.346314504968,0.290402380179,-0.0195628960246,-0.11071618212,-0.0344424391423,-0.0740582778665,0.0849850167311,-0.215246439596,0.953092107412,-0.348761687102
