bax0,bay0,baz0,bgx0,bgy0,bgz0,gax0,gay0,gaz0,bax1,bay1,baz1,bgx1,bgy1,bgz1,gax1,gay1,gaz1,bax2,bay2,baz2,bgx2,bgy2,bgz2,gax2,gay2,gaz2,bax3,bay3,baz3,bgx3,bgy3,bgz3,gax3,gay3,gaz3,bax4,bay4,baz4,bgx4,bgy4,bgz4,gax4,gay4,gaz4
0.278764900329,-0.0107946758912,-0.109146131089,-0.0297666733852,-0.0837905977778,0.092217679212,-0.213895095784,0.953265723967,-0.351016980953,0.277635988453,-0.0149520410123,-0.118479844882,-0.0277706403556,-0.0821018792107,0.0926089805455,-0.215217653656,0.956277321997,-0.343795398526,0.281657421244,-0.019414317214,-0.12954315644,-0.0275895439201,-0.0822543360259,0.0875745184831,-0.221554826602,0.954005639016,-0.344523017968,0.282609859404,-0.0174045013652,-0.132711884946,-0.0230288549832,-0.0879626999587,0.0894728117695,-0.227379050615,0.951798756592,-0.350813814696,0.28450603815,-0.0157266560267,-0.13056688648,-0.0310665211851,-0.0780158239199,0.0926695125585,-0.226864593182,0.951611998819,-0.355440303635
