bax0,bay0,baz0,bgx0,bgy0,bgz0,gax0,gay0,gaz0,bax1,bay1,baz1,bgx1,bgy1,bgz1,gax1,gay1,gaz1,bax2,bay2,baz2,bgx2,bgy2,bgz2,gax2,gay2,gaz2,bax3,bay3,baz3,bgx3,bgy3,bgz3,gax3,gay3,gaz3,bax4,bay4,baz4,bgx4,bgy4,bgz4,gax4,gay4,gaz4
0.282712935743,-0.015476880639,-0.0994040794987,-0.0293341547903,-0.0798375759559,0.0935171805703,-0.214709099566,0.954700005333,-0.347022612326,0.275631920573,-0.0152017571526,-0.106653607013,-0.0205101226036,-0.0898408797827,0.0952561415496,-0.208809635347,0.955171851612,-0.347144849692,0.28270162976,-0.0231356952493,-0.133430857017,-0.0259214137259,-0.0869140383385,0.089535106707,-0.22130166118,0.956909902404,-0.338943116603,0.279511870949,-0.0184537099716,-0.13923067073,-0.0263754890979,-0.0860265441518,0.0938851854191,-0.232313257984,0.956348380819,-0.347206363555,0.285541059532,-0.0209882403645,-0.127209975942,-0.0337334478926,-0.0723104301746,0.0969649749699,-0.233200215762,0.953410035508,-0.34768571578
