bax0,bay0,baz0,bgx0,bgy0,bgz0,gax0,gay0,gaz0,bax1,bay1,baz1,bgx1,bgy1,bgz1,gax1,gay1,gaz1,bax2,bay2,baz2,bgx2,bgy2,bgz2,gax2,gay2,gaz2,bax3,bay3,baz3,bgx3,bgy3,bgz3,gax3,gay3,gaz3,bax4,bay4,baz4,bgx4,bgy4,bgz4,gax4,gay4,gaz4
0.305982318191,-0.0141080045988,-0.121709169622,-0.0461082973542,-0.0642894519198,0.10023091272,-0.226160869022,0.951329062718,-0.360459077967,0.362753083123,-0.0303249821428,-0.108393516301,0.140335976345,0.244040013249,0.361875523688,-0.158270477725,0.934952854609,-0.359341868094,0.307225669857,-0.0365958639986,-0.163944911096,0.0399627336576,0.0779546243746,0.22494803923,-0.153768157427,0.941490363456,-0.361326999809,0.273717783616,-0.0160797117586,-0.126930645769,-0.0197829853449,-0.0228051449998,0.151939750512,-0.132072859541,0.927676405023,-0.382469238475,0.29155782061,-0.0204854553041,-0.121361312554,-0.0270823006632,-0.0679402912681,0.0983452467742,-0.142032321974,0.929423529913,-0.374824283647
