bax0,bay0,baz0,bgx0,bgy0,bgz0,gax0,gay0,gaz0,bax1,bay1,baz1,bgx1,bgy1,bgz1,gax1,gay1,gaz1,bax2,bay2,baz2,bgx2,bgy2,bgz2,gax2,gay2,gaz2,bax3,bay3,baz3,bgx3,bgy3,bgz3,gax3,gay3,gaz3,bax4,bay4,baz4,bgx4,bgy4,bgz4,gax4,gay4,gaz4
0.278464274726,-0.0252947266074,-0.114351556927,-0.0400604165023,-0.0396330152211,0.116195474632,-0.212457042274,0.947958794442,-0.353454076311,0.381777257137,-0.0295690712557,-0.110168310232,0.121552634477,0.274907648481,0.346914612245,-0.178835120886,0.951974501094,-0.355270179278,0.284558637539,-0.0276278017276,-0.15755857355,0.0324515130765,0.0641423363383,0.256500789921,-0.135999109732,0.928487814863,-0.367294908337,0.273298501968,-0.0168531224997,-0.144317130395,-0.0206969453516,0.0120851445562,0.148781203592,-0.14478770772,0.931213222134,-0.385296672721,0.288557228452,-0.0185272846799,-0.121272608286,-0.0401704230236,-0.0763756075427,0.106683741538,-0.148848057835,0.928866641991,-0.389032133151
