bax0,bay0,baz0,bgx0,bgy0,bgz0,gax0,gay0,gaz0,bax1,bay1,baz1,bgx1,bgy1,bgz1,gax1,gay1,gaz1,bax2,bay2,baz2,bgx2,bgy2,bgz2,gax2,gay2,gaz2,bax3,bay3,baz3,bgx3,bgy3,bgz3,gax3,gay3,gaz3,bax4,bay4,baz4,bgx4,bgy4,bgz4,gax4,gay4,gaz4
0.290503749317,-0.0133876958963,-0.113299806248,-0.0468775613831,-0.0924290001114,0.0942673754617,-0.149001931636,0.928111805082,-0.388823643375,0.306868655483,-0.0171583371424,-0.121329567025,-0.0451404194136,-0.0920133848514,0.0704835681595,-0.147222657307,0.924111381897,-0.391675172102,0.278744919513,-0.016928480803,-0.108736319341,-0.0359461094599,-0.102851824232,0.0919415160481,-0.155350423576,0.928487445072,-0.391830692951,0.350706290165,-0.0093019458212,-0.0427541948239,-0.0319498122614,-0.0675630393878,0.140731453459,-0.151661965782,0.928194874627,-0.38433542692,0.398382485289,-0.030284993199,-0.103184869101,-0.0120872892658,-0.0701524779151,0.108223948201,-0.11924008439,0.929872872394,-0.371470546579
