bax0,bay0,baz0,bgx0,bgy0,bgz0,gax0,gay0,gaz0,bax1,bay1,baz1,bgx1,bgy1,bgz1,gax1,gay1,gaz1,bax2,bay2,baz2,bgx2,bgy2,bgz2,gax2,gay2,gaz2,bax3,bay3,baz3,bgx3,bgy3,bgz3,gax3,gay3,gaz3,bax4,bay4,baz4,bgx4,bgy4,bgz4,gax4,gay4,gaz4
0.28668694119,-0.0188724312902,-0.11229405569,-0.044554538877,-0.087350852538,0.0871465792572,-0.147732335968,0.92577484238,-0.396302766493,0.300900782944,-0.0219608651712,-0.113197375299,-0.0437828936233,-0.0983590766804,0.0682412103801,-0.13909128529,0.927603692865,-0.387619500311,0.308911332531,-0.0242262056932,-0.0919551287232,-0.0374356174587,-0.0907572930065,0.0886417646862,-0.145398789769,0.928768029813,-0.393022739958,0.36010595251,-0.00941232136547,-0.0386323049209,-0.0301378566339,-0.0788482418121,0.143512466342,-0.14901697984,0.927460869427,-0.3802535518,0.416453287736,-0.0259136949646,-0.112968111937,-0.0185692541183,-0.066837357052,0.103103933121,-0.125352199029,0.928073960332,-0.36328202067
