bax0,bay0,baz0,bgx0,bgy0,bgz0,gax0,gay0,gaz0,bax1,bay1,baz1,bgx1,bgy1,bgz1,gax1,gay1,gaz1,bax2,bay2,baz2,bgx2,bgy2,bgz2,gax2,gay2,gaz2,bax3,bay3,baz3,bgx3,bgy3,bgz3,gax3,gay3,gaz3,bax4,bay4,baz4,bgx4,bgy4,bgz4,gax4,gay4,gaz4
0.309924268683,-0.0340654891652,-0.167143487089,-0.0347732550922,-0.0774914857507,0.0443291898394,-0.080855007058,0.917783519305,-0.365822526413,0.279450335973,-0.0267342044873,-0.122729853296,-0.0318384884838,-0.105851938265,0.0765773684549,-0.0758147813276,0.914761125353,-0.379082517626,0.294794871408,-0.0194549719689,-0.125630421235,-0.0265907983662,-0.0991434071822,0.0988883101209,-0.082942385162,0.912280715647,-0.370302971173,0.277648941389,-0.0149636387003,-0.122387242348,-0.0257631602165,-0.0747089987264,0.0792001659048,-0.0784991935188,0.914058024373,-0.387798374016,0.288854967114,-0.0218315845512,-0.124878118264,-0.0289350989354,-0.0710581854074,0.0913496522196,-0.0778589282797,0.912408269927,-0.38877010132
