bax0,bay0,baz0,bgx0,bgy0,bgz0,gax0,gay0,gaz0,bax1,bay1,baz1,bgx1,bgy1,bgz1,gax1,gay1,gaz1,bax2,bay2,baz2,bgx2,bgy2,bgz2,gax2,gay2,gaz2,bax3,bay3,baz3,bgx3,bgy3,bgz3,gax3,gay3,gaz3,bax4,bay4,baz4,bgx4,bgy4,bgz4,gax4,gay4,gaz4
0.320531516586,-0.0344726984213,-0.172624890115,-0.0309727688552,-0.0909175333232,0.0368297979057,-0.0854821519296,0.922065881291,-0.358103633895,0.279668895302,-0.0167568742701,-0.107607704151,-0.0375366077822,-0.100622947236,0.0751473554244,-0.0770335750114,0.911845140001,-0.372614789829,0.286591804795,-0.0142337858879,-0.111964924009,-0.0256346100256,-0.0827105274108,0.0841270766138,-0.0850814549806,0.916478799939,-0.382131982536,0.285599468197,-0.0205675960648,-0.12098554675,-0.0338053392412,-0.0691159628816,0.0888333352536,-0.0882713772742,0.911100856227,-0.381388159247,0.293077967438,-0.0166614788854,-0.115294936321,-0.0293174581154,-0.0712848289387,0.0830205655226,-0.0877443012733,0.911843051384,-0.386665638432
