bax0,bay0,baz0,bgx0,bgy0,bgz0,gax0,gay0,gaz0,bax1,bay1,baz1,bgx1,bgy1,bgz1,gax1,gay1,gaz1,bax2,bay2,baz2,bgx2,bgy2,bgz2,gax2,gay2,gaz2,bax3,bay3,baz3,bgx3,bgy3,bgz3,gax3,gay3,gaz3,bax4,bay4,baz4,bgx4,bgy4,bgz4,gax4,gay4,gaz4
0.361392151417,-0.0222256806753,-0.132227908748,-0.115770192724,-0.573619861532,0.441373415297,-0.106856784851,0.443407181109,0.917965607592,0.27023370669,-0.0451983862997,-0.0869729115217,-0.0777156085606,-0.278127946228,0.238663988478,-0.083306853078,0.455810616444,0.903609008381,0.285730454859,-0.0164994462011,-0.109077824393,-0.0513284133748,-0.151171797943,0.151344787957,-0.0839212062658,0.437921329444,0.922793725979,0.301292790268,-0.0230287801401,-0.121662232455,-0.0295462671141,-0.0269384604391,0.0817917934296,-0.0706984953695,0.444869591488,0.918076477789,0.274680296996,-0.0199359433226,-0.120897824304,-0.0179955529859,-0.0252475338973,0.0635891846022,-0.0884103266002,0.447204119687,0.919317727381
