bax0,bay0,baz0,bgx0,bgy0,bgz0,gax0,gay0,gaz0,bax1,bay1,baz1,bgx1,bgy1,bgz1,gax1,gay1,gaz1,bax2,bay2,baz2,bgx2,bgy2,bgz2,gax2,gay2,gaz2,bax3,bay3,baz3,bgx3,bgy3,bgz3,gax3,gay3,gaz3,bax4,bay4,baz4,bgx4,bgy4,bgz4,gax4,gay4,gaz4
0.379767074317,-0.015941992066,-0.130344723193,-0.122993606359,-0.574193823562,0.428154045852,-0.104651184514,0.450221371648,0.922526991091,0.280801846063,-0.0479746945773,-0.0791726727914,-0.0869347559056,-0.335302492461,0.286469494997,-0.0693741606114,0.455312264268,0.910343362451,0.2926506772,-0.0144134530478,-0.114663704487,-0.0371935267163,-0.135531129974,0.142442071783,-0.08427625847,0.444437969958,0.917486750875,0.301605328562,-0.0120306967667,-0.127116151656,-0.0225220205697,-0.0999386293066,0.105447239813,-0.0835981726411,0.447616403,0.921305878305,0.289528031075,-0.0143982473478,-0.136996133941,-0.0302072507873,-0.0157254904261,0.0740244479898,-0.0702950100555,0.448761774636,0.914636989124
