bax0,bay0,baz0,bgx0,bgy0,bgz0,gax0,gay0,gaz0,bax1,bay1,baz1,bgx1,bgy1,bgz1,gax1,gay1,gaz1,bax2,bay2,baz2,bgx2,bgy2,bgz2,gax2,gay2,gaz2,bax3,bay3,baz3,bgx3,bgy3,bgz3,gax3,gay3,gaz3,bax4,bay4,baz4,bgx4,bgy4,bgz4,gax4,gay4,gaz4
0.374046966115,-0.0174013992991,-0.138453504798,-0.104862267491,-0.562546163226,0.404112799967,-0.113843427715,0.447509951516,0.923925621111,0.290588490607,-0.0337963159493,-0.0790881640811,-0.0795655751044,-0.33015385622,0.223528646358,-0.0660545822439,0.458882554057,0.905989611957,0.282723305305,-0.0149286745331,-0.127291462581,-0.0548444148265,-0.126443473991,0.172256704812,-0.0801455575089,0.440425869439,0.920864508231,0.314163582443,-0.0210640969041,-0.12634102411,-0.024212290381,-0.0641689603261,0.092559401211,-0.080157884716,0.441620799005,0.920688830745,0.29628214462,-0.0190953008351,-0.108671261014,-0.0233123698717,-0.0270414927688,0.0858200346837,-0.0820110875209,0.443101863204,0.916383528201
