bax0,bay0,baz0,bgx0,bgy0,bgz0,gax0,gay0,gaz0,bax1,bay1,baz1,bgx1,bgy1,bgz1,gax1,gay1,gaz1,bax2,bay2,baz2,bgx2,bgy2,bgz2,gax2,gay2,gaz2,bax3,bay3,baz3,bgx3,bgy3,bgz3,gax3,gay3,gaz3,bax4,bay4,baz4,bgx4,bgy4,bgz4,gax4,gay4,gaz4
0.293509547686,-0.026499417893,-0.105369298436,-0.0263479854403,-0.0432632899224,0.0667694740524,-0.0806655368296,0.446846755725,0.914844831357,0.286315511896,-0.0126317468317,-0.110100023311,-0.0178021385333,-0.0741952188644,0.0690994924151,-0.078390176175,0.445550767081,0.915714897785,0.29746975013,-0.0078263097764,-0.122426882413,-0.0374268040907,-0.0749663489942,0.0884425196826,-0.0817741368119,0.449999731566,0.916948296851,0.291731762104,-0.0252690868938,-0.115677614538,-0.0316064625914,-0.0740041988498,0.0888641877375,-0.0803308189226,0.451632735677,0.911200810713,0.289649041336,-0.0110572122502,-0.116967054399,-0.0260447237725,-0.0697164924618,0.0782228330551,-0.0821375837805,0.448055496583,0.916360791011
