bax0,bay0,baz0,bgx0,bgy0,bgz0,gax0,gay0,gaz0,bax1,bay1,baz1,bgx1,bgy1,bgz1,gax1,gay1,gaz1,bax2,bay2,baz2,bgx2,bgy2,bgz2,gax2,gay2,gaz2,bax3,bay3,baz3,bgx3,bgy3,bgz3,gax3,gay3,gaz3,bax4,bay4,baz4,bgx4,bgy4,bgz4,gax4,gay4,gaz4
0.294182628,-0.0153351872206,-0.116280406227,-0.0292096651529,-0.0852370297968,0.0860200308185,-0.0920311746056,0.438724984793,0.924385840042,0.29112160155,-0.0153400531386,-0.119210995323,-0.0359718216417,-0.073272694715,0.088773539677,-0.0910977731315,0.436946496328,0.923528464764,0.294672268944,-0.0231986635036,-0.110113882543,-0.0318118987115,-0.0828168186039,0.0927055418849,-0.0914684243857,0.438064691104,0.922324746146,0.29537077547,-0.0121003050638,-0.115882012171,-0.0329719375041,-0.0739675700036,0.0949209562164,-0.0866384362318,0.435637854727,0.924196653849,0.291256388354,-0.0197043094578,-0.119824745507,-0.0226078555201,-0.0908559002263,0.0953283003834,-0.0911472033991,0.43768833187,0.923664945912
