bax0,bay0,baz0,bgx0,bgy0,bgz0,gax0,gay0,gaz0,bax1,bay1,baz1,bgx1,bgy1,bgz1,gax1,gay1,gaz1,bax2,bay2,baz2,bgx2,bgy2,bgz2,gax2,gay2,gaz2,bax3,bay3,baz3,bgx3,bgy3,bgz3,gax3,gay3,gaz3,bax4,bay4,baz4,bgx4,bgy4,bgz4,gax4,gay4,gaz4
0.28978489367,-0.0168407034466,-0.116750023946,-0.0223024302827,-0.0814810108575,0.0883914161471,-0.0891603630796,0.436352126217,0.924267457711,0.286377634436,-0.0145013205539,-0.11609750419,-0.0334572438696,-0.0694925971643,0.0923294559212,-0.092110892281,0.439048386536,0.924399427356,0.295931526627,-0.0201275081484,-0.106273054149,-0.0269967850191,-0.0923542635449,0.0926494719624,-0.0918754261176,0.435710320042,0.924862343447,0.293512096747,-0.0135559166639,-0.116168160716,-0.0282038301225,-0.0745415182815,0.0914722920451,-0.0921560529697,0.439479504732,0.924698054778,0.292236404028,-0.0193125298268,-0.118255812378,-0.0236671949431,-0.0864616725147,0.0954389812493,-0.087391624569,0.438885107977,0.922374864718
