bax0,bay0,baz0,bgx0,bgy0,bgz0,gax0,gay0,gaz0,bax1,bay1,baz1,bgx1,bgy1,bgz1,gax1,gay1,gaz1,bax2,bay2,baz2,bgx2,bgy2,bgz2,gax2,gay2,gaz2,bax3,bay3,baz3,bgx3,bgy3,bgz3,gax3,gay3,gaz3,bax4,bay4,baz4,bgx4,bgy4,bgz4,gax4,gay4,gaz4
0.285463848692,-0.00451854820519,-0.0990141440787,-0.0168065356444,-0.595120817068,-0.110605933139,-0.308798310894,-0.516638881874,0.93440577945,0.221529057551,-0.00102608324528,-0.0949988586007,-0.0341411700806,-0.280803430375,0.00394912556983,-0.325188349764,-0.513519340583,0.944419260148,0.232607760157,-0.016966607658,-0.0975404047535,-0.0438040844405,-0.12615836227,0.0545112499875,-0.327905779397,-0.504182697055,0.947900634469,0.247609760207,-0.00800079066302,-0.101822227746,-0.0394920847246,-0.108196657408,0.0924805452163,-0.35607976373,-0.493767174895,0.956378869827,0.298512025696,-0.0261231636983,-0.111757801948,-0.026885769706,-0.0332351171203,0.112297057007,-0.363486725765,-0.489901949046,0.949522780512
