bax0,bay0,baz0,bgx0,bgy0,bgz0,gax0,gay0,gaz0,bax1,bay1,baz1,bgx1,bgy1,bgz1,gax1,gay1,gaz1,bax2,bay2,baz2,bgx2,bgy2,bgz2,gax2,gay2,gaz2,bax3,bay3,baz3,bgx3,bgy3,bgz3,gax3,gay3,gaz3,bax4,bay4,baz4,bgx4,bgy4,bgz4,gax4,gay4,gaz4
0.275895706864,-0.015791095243,-0.120537065488,-0.0329780821366,-0.0512200462063,0.10353223069,-0.373451475469,-0.488503859789,0.953333803849,0.253521286231,-0.00841899448144,-0.109642520934,-0.0239293029925,-0.0538139299951,0.097207393237,-0.379830967652,-0.486425034251,0.954847882484,0.300724096811,-0.0249646284152,-0.125102613483,-0.0304308035776,-0.0805641664695,0.0916573609743,-0.386118622923,-0.483201005482,0.958134971644,0.273063837519,-0.016278127748,-0.116542272038,-0.0260153512975,-0.0692989956286,0.0857931743218,-0.388129783097,-0.485528338359,0.952161165761,0.270530512011,-0.0116295511172,-0.112421357582,-0.0302707699565,-0.0958900477393,0.0908590165581,-0.392761987581,-0.486950446947,0.953901506141
