bax0,bay0,baz0,bgx0,bgy0,bgz0,gax0,gay0,gaz0,bax1,bay1,baz1,bgx1,bgy1,bgz1,gax1,gay1,gaz1,bax2,bay2,baz2,bgx2,bgy2,bgz2,gax2,gay2,gaz2,bax3,bay3,baz3,bgx3,bgy3,bgz3,gax3,gay3,gaz3,bax4,bay4,baz4,bgx4,bgy4,bgz4,gax4,gay4,gaz4
0.326891966292,-0.0237476220932,-0.119777748183,-0.0324772421176,-0.0890759912049,0.0884341799487,-0.392946002697,-0.486382037093,0.954820198047,0.28472613892,-0.0126470886842,-0.109294413868,-0.0314038707497,-0.0748209041756,0.0904012775918,-0.385922809603,-0.491379082463,0.955814307837,0.31213559392,-0.0234933862903,-0.11728689271,-0.0362322241907,-0.0866974873876,0.0886550867638,-0.392625111419,-0.48776527254,0.957792654346,0.278540701027,-0.0186858640152,-0.122938492602,-0.0273467906595,-0.0581236225639,0.0949024645534,-0.377221813958,-0.492338366851,0.955301532618,0.250223119956,-0.00745738948218,-0.105362815745,-0.0275246830527,-0.073549505091,0.091547077341,-0.380007149625,-0.4892020456,0.95342544013
