bax0,bay0,baz0,bgx0,bgy0,bgz0,gax0,gay0,gaz0,bax1,bay1,baz1,bgx1,bgy1,bgz1,gax1,gay1,gaz1,bax2,bay2,baz2,bgx2,bgy2,bgz2,gax2,gay2,gaz2,bax3,bay3,baz3,bgx3,bgy3,bgz3,gax3,gay3,gaz3,bax4,bay4,baz4,bgx4,bgy4,bgz4,gax4,gay4,gaz4
0.319330816824,-0.0231222183598,-0.121451311197,-0.0240183080618,-0.093000450838,0.0897543885934,-0.396714843478,-0.485956830618,0.957570878693,0.2791458325,-0.0126184721462,-0.109353718492,-0.0332845980878,-0.0681701603846,0.091410095064,-0.385400488683,-0.485651770034,0.956729254741,0.306789405622,-0.0235124095787,-0.115131662139,-0.034005475416,-0.087818023993,0.087685992833,-0.389928404325,-0.484233955659,0.959997248166,0.294606300433,-0.016502429586,-0.117633551065,-0.0258499054853,-0.0582213719152,0.0906245781995,-0.385408815923,-0.493093176159,0.955312644112,0.250426877268,-0.0208228351279,-0.103245142249,-0.0300783544426,-0.0821364612142,0.0937120893459,-0.385529392907,-0.48858941575,0.95426084198
