bax0,bay0,baz0,bgx0,bgy0,bgz0,gax0,gay0,gaz0,bax1,bay1,baz1,bgx1,bgy1,bgz1,gax1,gay1,gaz1,bax2,bay2,baz2,bgx2,bgy2,bgz2,gax2,gay2,gaz2,bax3,bay3,baz3,bgx3,bgy3,bgz3,gax3,gay3,gaz3,bax4,bay4,baz4,bgx4,bgy4,bgz4,gax4,gay4,gaz4
0.308286407437,-0.0181043476318,-0.131594706978,-0.0235582989727,-0.0703320597793,0.103503691317,-0.401280401627,-0.493843552933,0.956167383532,0.301197920961,-0.0230396491987,-0.11227806071,-0.0200373298391,-0.0863916378289,0.0803209253464,-0.385788002193,-0.484175858927,0.95534030986,0.311793958671,-0.0225251596455,-0.115777869313,-0.0230289333038,-0.0939182255513,0.0928497414114,-0.386727042613,-0.49047568837,0.94741744076,0.297462052375,-0.0227541410626,-0.12703029452,-0.0267087486071,-0.109378930146,0.0840348670493,-0.372902807282,-0.494398341767,0.948630982191,0.320222429695,-0.0551727075094,-0.156969919082,0.239334775696,-0.553099092859,0.229140353455,-0.318938131403,-0.481894904391,0.962767438993
