bax0,bay0,baz0,bgx0,bgy0,bgz0,gax0,gay0,gaz0,bax1,bay1,baz1,bgx1,bgy1,bgz1,gax1,gay1,gaz1,bax2,bay2,baz2,bgx2,bgy2,bgz2,gax2,gay2,gaz2,bax3,bay3,baz3,bgx3,bgy3,bgz3,gax3,gay3,gaz3,bax4,bay4,baz4,bgx4,bgy4,bgz4,gax4,gay4,gaz4
0.235150966481,0.00114744033398,-0.0912807501749,-0.0232358476324,-0.070393585875,0.0888882448917,-0.299061853143,-0.472742931412,0.958709705912,0.294221858367,-0.0124291981824,-0.107522954126,-0.0321459800065,-0.0823204555015,0.0843631825207,-0.324925673258,-0.458472557458,0.962253908155,0.273216381599,-0.0171136498167,-0.112200111938,-0.0299427222382,-0.0763999196002,0.0880419559622,-0.325779523227,-0.456026753506,0.96632750412,0.242672172156,-0.0135048178547,-0.104767508246,-0.0251032492761,-0.0565626173497,0.0901991618996,-0.326704530919,-0.461704302397,0.96905959477,0.314327227831,-0.019927915431,-0.110771649637,-0.0338352338132,-0.0903229906882,0.0872400318937,-0.336752546156,-0.4498576415,0.970956653297
