bax0,bay0,baz0,bgx0,bgy0,bgz0,gax0,gay0,gaz0,bax1,bay1,baz1,bgx1,bgy1,bgz1,gax1,gay1,gaz1,bax2,bay2,baz2,bgx2,bgy2,bgz2,gax2,gay2,gaz2,bax3,bay3,baz3,bgx3,bgy3,bgz3,gax3,gay3,gaz3,bax4,bay4,baz4,bgx4,bgy4,bgz4,gax4,gay4,gaz4
0.223258246369,-0.0005849754078,-0.0887878192096,-0.026385555797,-0.0765302411145,0.0921455327873,-0.301356016588,-0.469878801557,0.952883064611,0.26854769529,-0.0182915613835,-0.100306071168,-0.0264736937127,-0.08018505121,0.0891152755179,-0.324470055914,-0.458390341245,0.970918694052,0.286371725994,-0.0204755248486,-0.109254830249,-0.0286193378841,-0.0753329950211,0.088110515641,-0.334372406842,-0.459911732159,0.967373466194,0.268198660429,-0.0141610232996,-0.0997803745209,-0.0262312812102,-0.0726299414037,0.089540740437,-0.330373238938,-0.457694932968,0.966883158607,0.303926266897,-0.0256445499899,-0.126214935328,-0.0351983604734,-0.103412732907,0.0928803079706,-0.339760244054,-0.451881731599,0.970565414855
