bax0,bay0,baz0,bgx0,bgy0,bgz0,gax0,gay0,gaz0,bax1,bay1,baz1,bgx1,bgy1,bgz1,gax1,gay1,gaz1,bax2,bay2,baz2,bgx2,bgy2,bgz2,gax2,gay2,gaz2,bax3,bay3,baz3,bgx3,bgy3,bgz3,gax3,gay3,gaz3,bax4,bay4,baz4,bgx4,bgy4,bgz4,gax4,gay4,gaz4
0.350401443805,-0.0284751831677,-0.0936196361357,-0.0146013252251,-0.274672435283,0.458300900236,-0.188125316323,0.579228200903,0.856115782321,0.17795706897,-0.0594400742157,-0.0480931474727,0.0142862924,-0.15652613029,0.262113082164,-0.184050798797,0.550175050371,0.861781170034,0.288986466957,-0.0147437022396,-0.121922624281,0.00269131238922,-0.085573829927,0.11967015516,-0.223102494197,0.532135410996,0.894559116011,0.274658867207,-0.0297799094127,-0.103704125155,-0.0268727732686,-0.0378755090349,0.0913281088485,-0.216284182163,0.53886990842,0.900264155569,0.274894938598,-0.0293447479949,-0.102467442968,-0.0298950183577,-0.0630344413877,0.0668500307406,-0.21901868976,0.52948958061,0.90665277064
