bax0,bay0,baz0,bgx0,bgy0,bgz0,gax0,gay0,gaz0,bax1,bay1,baz1,bgx1,bgy1,bgz1,gax1,gay1,gaz1,bax2,bay2,baz2,bgx2,bgy2,bgz2,gax2,gay2,gaz2,bax3,bay3,baz3,bgx3,bgy3,bgz3,gax3,gay3,gaz3,bax4,bay4,baz4,bgx4,bgy4,bgz4,gax4,gay4,gaz4
0.277551357082,-0.0468069892422,-0.0859757464498,-0.0506865661642,-0.0678832010322,0.116808730696,-0.203908760277,0.589033749366,0.877348023578,0.269976587171,-0.0459154028492,-0.0899644083906,-0.0233121086419,-0.0761445750132,0.088110551683,-0.216728617648,0.557803285714,0.898487385567,0.268800916437,-0.0289902435261,-0.0786851241872,-0.0144288819391,-0.0877786470814,0.0974074249249,-0.230586084217,0.538153550326,0.90575643225,0.313066133914,-0.0133783422581,-0.136423195695,-0.0103831115719,-0.121454963255,0.0785738597773,-0.2446772885,0.522710661584,0.914725834234,0.239882609843,-0.0350931642733,-0.0755806428771,0.0813224886046,-0.203920304999,0.130250802801,-0.186372765878,0.593165074929,0.84734441138
