bax0,bay0,baz0,bgx0,bgy0,bgz0,gax0,gay0,gaz0,bax1,bay1,baz1,bgx1,bgy1,bgz1,gax1,gay1,gaz1,bax2,bay2,baz2,bgx2,bgy2,bgz2,gax2,gay2,gaz2,bax3,bay3,baz3,bgx3,bgy3,bgz3,gax3,gay3,gaz3,bax4,bay4,baz4,bgx4,bgy4,bgz4,gax4,gay4,gaz4
0.283499773066,-0.0464986721668,-0.0944568692451,-0.0746958882328,-0.0779829446771,0.0928697707606,-0.22672332221,0.580397035757,0.870543289145,0.284750111797,-0.0574738059546,-0.0888268785655,-0.0169808377314,-0.0495113171817,0.0851816924772,-0.217151969917,0.551180438226,0.880368890291,0.259548393732,-0.052561525175,-0.0901987626939,-0.0321137691972,-0.0671539124799,0.0903653928222,-0.223644944306,0.52865083969,0.901646075532,0.302223468034,-0.00901034480322,-0.130541558257,-0.00560863232404,-0.109409367577,0.0899191679929,-0.242058405244,0.530561192445,0.909398927951,0.212326870421,-0.0345060424078,-0.0777243500104,0.0982929451444,-0.195085077693,0.168127637996,-0.182569117074,0.582300969968,0.847218600319
