bax0,bay0,baz0,bgx0,bgy0,bgz0,gax0,gay0,gaz0,bax1,bay1,baz1,bgx1,bgy1,bgz1,gax1,gay1,gaz1,bax2,bay2,baz2,bgx2,bgy2,bgz2,gax2,gay2,gaz2,bax3,bay3,baz3,bgx3,bgy3,bgz3,gax3,gay3,gaz3,bax4,bay4,baz4,bgx4,bgy4,bgz4,gax4,gay4,gaz4
0.281530685221,0.00431473322408,-0.14014970619,-0.0133317218638,-0.0723297349038,0.0741060576404,-0.223119150477,0.570490090774,0.873023236773,0.275619306024,-0.00566324915246,-0.117787961036,-0.0441387578246,-0.0703216785868,0.0922062244594,-0.227336982072,0.591980051487,0.868066315272,0.297766072614,-0.0458429672363,-0.0877883064594,-0.0405820662834,-0.0774020446119,0.107570583737,-0.231558312372,0.597823238307,0.862055992876,0.306057713452,-0.0313566118145,-0.0647435752734,-0.0443050824815,-0.0712243839165,0.098896140166,-0.22610173947,0.580783807855,0.875804346087,0.296034762049,-0.0218836404675,-0.108095954301,-0.0208130982445,-0.0853106632596,0.0870717771231,-0.223039553001,0.569977539997,0.879713754957
