bax0,bay0,baz0,bgx0,bgy0,bgz0,gax0,gay0,gaz0,bax1,bay1,baz1,bgx1,bgy1,bgz1,gax1,gay1,gaz1,bax2,bay2,baz2,bgx2,bgy2,bgz2,gax2,gay2,gaz2,bax3,bay3,baz3,bgx3,bgy3,bgz3,gax3,gay3,gaz3,bax4,bay4,baz4,bgx4,bgy4,bgz4,gax4,gay4,gaz4
0.289855973666,0.0111353947809,-0.140627853095,-0.00865286127947,-0.0727813545969,0.0765472503212,-0.224658766797,0.570267671702,0.878448890121,0.275089123211,-0.00152058721912,-0.129411555085,-0.0406627352503,-0.0760967009432,0.0962452076208,-0.231115763142,0.598350074104,0.863568570108,0.302694298532,-0.0424492861996,-0.0942272084391,-0.0609216535232,-0.0747519517701,0.107290163179,-0.226337699525,0.597393148448,0.868617626178,0.292399363618,-0.0479258480259,-0.0802572266948,-0.040524291489,-0.0774222324115,0.103328832011,-0.231519934725,0.591265796572,0.860118829388,0.292491556064,-0.0315697330728,-0.106811656656,-0.013894496647,-0.0849676573422,0.087769702987,-0.230571081776,0.574024611682,0.876209363978
