bax0,bay0,baz0,bgx0,bgy0,bgz0,gax0,gay0,gaz0,bax1,bay1,baz1,bgx1,bgy1,bgz1,gax1,gay1,gaz1,bax2,bay2,baz2,bgx2,bgy2,bgz2,gax2,gay2,gaz2,bax3,bay3,baz3,bgx3,bgy3,bgz3,gax3,gay3,gaz3,bax4,bay4,baz4,bgx4,bgy4,bgz4,gax4,gay4,gaz4
0.287034082606,-0.00153251400437,-0.131936374928,-0.0134729732508,-0.0812563178267,0.0768576313411,-0.224693289992,0.566418213292,0.876079778374,0.268891608221,0.00673590610852,-0.135591876486,-0.0201291639389,-0.0758502772905,0.0867134907576,-0.225976112219,0.591567888196,0.871292330899,0.291931942272,-0.0453920303484,-0.106528524569,-0.0406279556392,-0.075208270517,0.107518613814,-0.231501507324,0.59728146297,0.873706995235,0.295368579402,-0.0447642254956,-0.0895940382128,-0.0410106153817,-0.0774541693996,0.101785796753,-0.233822088817,0.586769411312,0.86737819575,0.288489345412,-0.0162212937963,-0.10491751976,-0.0277693783609,-0.0815541012131,0.0751349546906,-0.229296146891,0.568338581003,0.883492332611
