bax0,bay0,baz0,bgx0,bgy0,bgz0,gax0,gay0,gaz0,bax1,bay1,baz1,bgx1,bgy1,bgz1,gax1,gay1,gaz1,bax2,bay2,baz2,bgx2,bgy2,bgz2,gax2,gay2,gaz2,bax3,bay3,baz3,bgx3,bgy3,bgz3,gax3,gay3,gaz3,bax4,bay4,baz4,bgx4,bgy4,bgz4,gax4,gay4,gaz4
0.296163905997,0.00158202982547,-0.13881357963,-0.00830437876891,-0.0874943297744,0.0799326757513,-0.225731367028,0.566099021843,0.880381246438,0.289309875852,-0.0106460449024,-0.121422666966,-0.0331910635586,-0.0755153254893,0.0955899261115,-0.227350118796,0.576661867622,0.882820250455,0.294613284763,-0.0264844092661,-0.0966616959758,-0.0438142349979,-0.0764220192853,0.0950433859443,-0.229953911388,0.593217970079,0.860275655266,0.297422692881,-0.0323999904961,-0.0803106413835,-0.0415957493164,-0.0780810570243,0.0925051201198,-0.230895458342,0.587490799739,0.869104553416,0.282545502008,-0.00979890863376,-0.139151016076,-0.000749061095694,-0.0921947073883,0.0879897906785,-0.228809096944,0.569452678849,0.876651774199
