bax0,bay0,baz0,bgx0,bgy0,bgz0,gax0,gay0,gaz0,bax1,bay1,baz1,bgx1,bgy1,bgz1,gax1,gay1,gaz1,bax2,bay2,baz2,bgx2,bgy2,bgz2,gax2,gay2,gaz2,bax3,bay3,baz3,bgx3,bgy3,bgz3,gax3,gay3,gaz3,bax4,bay4,baz4,bgx4,bgy4,bgz4,gax4,gay4,gaz4
0.29702659448,-0.00484311785984,-0.134978490605,-0.0139491995915,-0.0759650178834,0.0765498427184,-0.228141697724,0.559390021187,0.879427584607,0.278797375376,0.0125350943953,-0.118497792608,-0.0141129190669,-0.0680689872057,0.0884092196363,-0.229774708954,0.574300276504,0.868893315255,0.293179334225,-0.0352542389201,-0.0959166034963,-0.0433847039945,-0.0774958648061,0.100556554852,-0.230617453049,0.5871663435,0.87215974377,0.296160427151,-0.04262132961,-0.0866530694298,-0.0391100850365,-0.0812953129318,0.0942456601166,-0.229317690142,0.579576353551,0.873038010513,0.286183946237,-0.0138336920868,-0.126819521813,-0.00067859744189,-0.0883636154735,0.093227798405,-0.229778752241,0.560662943674,0.877890421054
