bax0,bay0,baz0,bgx0,bgy0,bgz0,gax0,gay0,gaz0,bax1,bay1,baz1,bgx1,bgy1,bgz1,gax1,gay1,gaz1,bax2,bay2,baz2,bgx2,bgy2,bgz2,gax2,gay2,gaz2,bax3,bay3,baz3,bgx3,bgy3,bgz3,gax3,gay3,gaz3,bax4,bay4,baz4,bgx4,bgy4,bgz4,gax4,gay4,gaz4
0.293955994397,0.00741668564703,-0.140470273903,-0.0214691694216,-0.0860594201479,0.0757923197157,-0.226649158794,0.56750558788,0.881911201158,0.281848435153,-0.00256503810877,-0.144571006128,-0.0419115129982,-0.0747991451256,0.0935330730351,-0.228632599244,0.572535000964,0.86567974429,0.296854017555,-0.0337167992435,-0.0933695296576,-0.040636215827,-0.0876086456152,0.102333563248,-0.229916887378,0.593744668937,0.868946829274,0.294107031243,-0.0276636132941,-0.0929536673394,-0.0428346328733,-0.0725771488771,0.0939865500528,-0.23289200045,0.583085776022,0.874572165919,0.285264131613,-0.00381166574426,-0.134217133353,-0.00750690856031,-0.0957439507518,0.0826124883142,-0.228511605954,0.569626774647,0.876667135449
