bax0,bay0,baz0,bgx0,bgy0,bgz0,gax0,gay0,gaz0,bax1,bay1,baz1,bgx1,bgy1,bgz1,gax1,gay1,gaz1,bax2,bay2,baz2,bgx2,bgy2,bgz2,gax2,gay2,gaz2,bax3,bay3,baz3,bgx3,bgy3,bgz3,gax3,gay3,gaz3,bax4,bay4,baz4,bgx4,bgy4,bgz4,gax4,gay4,gaz4
0.29120358334,-0.0118069181334,-0.130262274201,-0.0266245459133,-0.0703096025853,0.0522897697232,-0.17147090582,0.803783620519,0.64382184758,0.28698838685,-0.0172062551902,-0.108538982918,-0.0337230180568,-0.0556024812709,0.0729002457485,-0.175181579156,0.813747110732,0.64200595955,0.282017202212,-0.0280775329274,-0.0813447733,-0.0307925005678,-0.0606038993167,0.083163651133,-0.178360063979,0.81130620098,0.641191947591,0.288566976446,-0.0172547519145,-0.108723407541,-0.024873625839,-0.101809067252,0.0812520082557,-0.1814638392,0.807241219226,0.649210022183,0.295701495211,-0.0119773979165,-0.135088746267,-0.0167410798814,-0.111060698596,0.0776293992054,-0.189753680664,0.805700562117,0.653657943594
