bax0,bay0,baz0,bgx0,bgy0,bgz0,gax0,gay0,gaz0,bax1,bay1,baz1,bgx1,bgy1,bgz1,gax1,gay1,gaz1,bax2,bay2,baz2,bgx2,bgy2,bgz2,gax2,gay2,gaz2,bax3,bay3,baz3,bgx3,bgy3,bgz3,gax3,gay3,gaz3,bax4,bay4,baz4,bgx4,bgy4,bgz4,gax4,gay4,gaz4
0.289151325536,-0.0157463967259,-0.116817963386,-0.0302116007591,-0.0848862988731,0.0498699513262,-0.177076015732,0.800356499837,0.645979880083,0.296205256791,-0.0210820407066,-0.113726201262,-0.0312809296846,-0.0339215482099,0.0741994748532,-0.176051903189,0.80598316448,0.647241496614,0.273070280726,-0.0251272456823,-0.0875610759798,-0.0346897524181,-0.0696280771938,0.0885352735076,-0.177267138149,0.809051155619,0.648591898902,0.286667976606,-0.0179824519307,-0.101573802981,-0.0273126557644,-0.097021620586,0.0849723901116,-0.183135045032,0.806128165541,0.650054738384,0.30392897001,-0.014612056377,-0.129889721617,-0.015947751795,-0.112152017539,0.0813108475723,-0.189151160064,0.804532504453,0.653730345645
