bax0,bay0,baz0,bgx0,bgy0,bgz0,gax0,gay0,gaz0,bax1,bay1,baz1,bgx1,bgy1,bgz1,gax1,gay1,gaz1,bax2,bay2,baz2,bgx2,bgy2,bgz2,gax2,gay2,gaz2,bax3,bay3,baz3,bgx3,bgy3,bgz3,gax3,gay3,gaz3,bax4,bay4,baz4,bgx4,bgy4,bgz4,gax4,gay4,gaz4
0.298858086164,-0.0117175315172,-0.129593616402,-0.0281437920223,-0.0637833731099,0.0947255228812,-0.181649217008,0.811603001556,0.643664143966,0.270774053642,-0.0201613598519,-0.0995985613102,-0.0378118213829,-0.0515498777545,0.0983824072743,-0.179699964137,0.811591597919,0.633112855757,0.284638334094,-0.0177281777273,-0.102799741304,-0.0283155722486,-0.0910418033937,0.0906986129972,-0.185131753353,0.812787395827,0.640659105739,0.310282418753,-0.00558210028901,-0.125891414173,-0.0209600848172,-0.0967973300683,0.0842171609438,-0.188970603564,0.804699707449,0.653911585263,0.284541933518,-0.0229377098212,-0.117209175877,-0.0254563385962,-0.0722521708729,0.093013877151,-0.188628105241,0.809140497234,0.644699057781
