bax0,bay0,baz0,bgx0,bgy0,bgz0,gax0,gay0,gaz0,bax1,bay1,baz1,bgx1,bgy1,bgz1,gax1,gay1,gaz1,bax2,bay2,baz2,bgx2,bgy2,bgz2,gax2,gay2,gaz2,bax3,bay3,baz3,bgx3,bgy3,bgz3,gax3,gay3,gaz3,bax4,bay4,baz4,bgx4,bgy4,bgz4,gax4,gay4,gaz4
0.309414293502,-0.00749095036816,-0.124076847964,-0.0301828774089,-0.0819144440559,0.097490457617,-0.180563226059,0.808988482068,0.640794819763,0.276532322226,-0.0240695478068,-0.113856075305,-0.0341210842888,-0.0418732304046,0.100687487467,-0.183586741464,0.811710720971,0.635533063981,0.276100282323,-0.0187945718932,-0.0974834085901,-0.0278949218528,-0.0810986795424,0.0891417539162,-0.182728858097,0.810324045764,0.643342819114,0.30826574908,-0.0155812946329,-0.139251038622,-0.0219103703911,-0.102374082999,0.0853712478843,-0.188096246284,0.808608004742,0.647014661054,0.299122763716,-0.0146190929838,-0.125583514095,-0.0305370676709,-0.0671690238177,0.0926125120607,-0.179702854138,0.810671957797,0.643243622177
