bax0,bay0,baz0,bgx0,bgy0,bgz0,gax0,gay0,gaz0,bax1,bay1,baz1,bgx1,bgy1,bgz1,gax1,gay1,gaz1,bax2,bay2,baz2,bgx2,bgy2,bgz2,gax2,gay2,gaz2,bax3,bay3,baz3,bgx3,bgy3,bgz3,gax3,gay3,gaz3,bax4,bay4,baz4,bgx4,bgy4,bgz4,gax4,gay4,gaz4
0.377697402304,-0.0159276474821,-0.118757941915,0.0819721829104,-0.150377391517,0.234697938507,-0.186841407659,0.824937890791,0.616956893083,0.158373599366,-0.0373628504959,-0.0489695725406,-0.0119567622427,-0.123377319606,0.138485040202,-0.169521648496,0.821094670443,0.615699067985,0.245382246098,-0.0320465833973,-0.0864770524751,-0.0250115265502,-0.114627960671,0.105912827396,-0.188356036815,0.814354971709,0.628163703222,0.295741004379,-0.00919312492246,-0.112804023492,-0.0180080429754,-0.109741986966,0.0712732633518,-0.202946918883,0.814307043752,0.649184585189,0.286956372618,-0.0164154727669,-0.120845775888,-0.0338694262562,-0.10605276051,0.0876169041284,-0.216869946045,0.811786673042,0.647322104948
