bax0,bay0,baz0,bgx0,bgy0,bgz0,gax0,gay0,gaz0,bax1,bay1,baz1,bgx1,bgy1,bgz1,gax1,gay1,gaz1,bax2,bay2,baz2,bgx2,bgy2,bgz2,gax2,gay2,gaz2,bax3,bay3,baz3,bgx3,bgy3,bgz3,gax3,gay3,gaz3,bax4,bay4,baz4,bgx4,bgy4,bgz4,gax4,gay4,gaz4
0.287194514622,-0.0139724813233,-0.113099657824,-0.0254460441774,-0.0971583039734,0.0861761717439,-0.22027071953,0.816299554443,0.642494169362,0.298364269233,-0.0145323453805,-0.14448027763,-0.0305669524694,-0.0782807984684,0.0946825837726,-0.222086692659,0.815413194949,0.636160534033,0.285734128867,-0.0175024125098,-0.11638532131,-0.0353045765011,-0.0597077053835,0.103559921243,-0.216148824873,0.823531524803,0.628222242532,0.277332554836,-0.0236895548983,-0.0889916343316,-0.0264551038277,-0.0742807823705,0.100815921081,-0.21697581548,0.819577238905,0.635358661331,0.295222304085,-0.0156419168185,-0.113338298464,-0.0263423685953,-0.111746547455,0.080303210205,-0.223352099409,0.817205912516,0.642833460079
