bax0,bay0,baz0,bgx0,bgy0,bgz0,gax0,gay0,gaz0,bax1,bay1,baz1,bgx1,bgy1,bgz1,gax1,gay1,gaz1,bax2,bay2,baz2,bgx2,bgy2,bgz2,gax2,gay2,gaz2,bax3,bay3,baz3,bgx3,bgy3,bgz3,gax3,gay3,gaz3,bax4,bay4,baz4,bgx4,bgy4,bgz4,gax4,gay4,gaz4
0.272274517456,-0.0271959721623,-0.0644533066375,-0.329395665347,-0.52329390369,0.19021209834,-0.491493422574,0.861694820135,0.609253425767,0.286847030956,-0.0115256124688,-0.116211172198,-0.0793168607704,-0.306961218854,0.16286725812,-0.493800621272,0.860494212945,0.626787417308,0.286887556536,-0.0161616257117,-0.119078349605,-0.0232186170286,-0.15222580924,0.119030435373,-0.498826278535,0.85740804545,0.629486205811,0.285044759783,-0.0178067242525,-0.113766940813,0.00758730994122,-0.0911185831333,0.111294780837,-0.494899322794,0.859229774556,0.635114891609,0.291289669306,-0.00839638211929,-0.127669878407,-0.0247256425716,-0.0849751684694,0.0696105311815,-0.496040000046,0.853332634431,0.628075844369
