bax0,bay0,baz0,bgx0,bgy0,bgz0,gax0,gay0,gaz0,bax1,bay1,baz1,bgx1,bgy1,bgz1,gax1,gay1,gaz1,bax2,bay2,baz2,bgx2,bgy2,bgz2,gax2,gay2,gaz2,bax3,bay3,baz3,bgx3,bgy3,bgz3,gax3,gay3,gaz3,bax4,bay4,baz4,bgx4,bgy4,bgz4,gax4,gay4,gaz4
0.29693545918,-0.0218735842714,-0.108301519323,-0.0377073023421,-0.0648504611081,0.091919925854,-0.504854038363,0.847329421572,0.657945856633,0.297865744568,-0.0241203645253,-0.0959325685877,-0.0121161383516,0.0172090263444,0.721210907634,-0.529150222977,0.716640389072,0.809524389483,0.28631498759,-0.0252165545947,-0.101691119984,-0.00336251442872,-0.0368917205319,0.391529078681,-0.529788956575,0.744223951073,0.791095822078,0.305183197984,-0.0129387480812,-0.116493672872,-0.0350938564096,-0.04481122319,0.16941771641,-0.523241128005,0.722245162318,0.793892129513,0.275258548074,-0.019648984767,-0.0993665439604,-0.0482544980259,-0.0687433314855,0.0792454806414,-0.527537779371,0.732682945373,0.789958311276
