bax0,bay0,baz0,bgx0,bgy0,bgz0,gax0,gay0,gaz0,bax1,bay1,baz1,bgx1,bgy1,bgz1,gax1,gay1,gaz1,bax2,bay2,baz2,bgx2,bgy2,bgz2,gax2,gay2,gaz2,bax3,bay3,baz3,bgx3,bgy3,bgz3,gax3,gay3,gaz3,bax4,bay4,baz4,bgx4,bgy4,bgz4,gax4,gay4,gaz4
0.276316807044,-0.0179376927905,-0.108914920445,-0.0344122428082,-0.0789481030015,0.0227641694643,-0.534232310991,0.719110615994,0.792469660651,0.283216273481,-0.0193608050965,-0.113698679165,-0.0308813946539,-0.0856601993523,0.0559591775337,-0.538927219045,0.7196494694,0.796191463327,0.280343827734,-0.0182976039908,-0.118002170189,-0.0310287368932,-0.0815166626117,0.0519251364185,-0.539028131079,0.717822742335,0.790289514647,0.280637810134,-0.0198062467512,-0.114713489371,-0.0326834180625,-0.0831524118477,0.0791984205066,-0.547065851166,0.718158856728,0.794038789678,0.292386801304,-0.0202431880916,-0.111658704715,-0.0239594160329,-0.0858755754629,0.0860271785052,-0.545097956238,0.717433737758,0.793673421567
