bax0,bay0,baz0,bgx0,bgy0,bgz0,gax0,gay0,gaz0,bax1,bay1,baz1,bgx1,bgy1,bgz1,gax1,gay1,gaz1,bax2,bay2,baz2,bgx2,bgy2,bgz2,gax2,gay2,gaz2,bax3,bay3,baz3,bgx3,bgy3,bgz3,gax3,gay3,gaz3,bax4,bay4,baz4,bgx4,bgy4,bgz4,gax4,gay4,gaz4
0.295944569929,-0.0174643916093,-0.110978347243,-0.0285542305345,-0.0793294764986,0.0878881398512,-0.546517091086,0.720110773597,0.790298219661,0.289433280367,-0.0170711910422,-0.113191890899,-0.0299764750987,-0.0771558901093,0.0906948326344,-0.544909404795,0.720236957481,0.791695321326,0.289922093364,-0.0190600291405,-0.112745176288,-0.0274518217033,-0.0792924455601,0.0944242514912,-0.546403809394,0.719992042916,0.791119729909,0.292819191599,-0.0160105495941,-0.112701126712,-0.0258919357637,-0.0779657203338,0.0883429519555,-0.546217082695,0.720020382484,0.792100896439,0.291470851917,-0.0177628369341,-0.117191540359,-0.0293120040906,-0.0795932658128,0.088923391295,-0.545866057023,0.720267383731,0.792086284793
