bax0,bay0,baz0,bgx0,bgy0,bgz0,gax0,gay0,gaz0,bax1,bay1,baz1,bgx1,bgy1,bgz1,gax1,gay1,gaz1,bax2,bay2,baz2,bgx2,bgy2,bgz2,gax2,gay2,gaz2,bax3,bay3,baz3,bgx3,bgy3,bgz3,gax3,gay3,gaz3,bax4,bay4,baz4,bgx4,bgy4,bgz4,gax4,gay4,gaz4
0.281566785117,-0.0197346840015,-0.113037341869,-0.0461310098119,-0.0985671313715,0.0904860916247,-0.592511459093,0.726597840038,0.795855095821,0.243981931103,-0.00256788384431,-0.141373973962,-0.172830444306,-0.519300913156,0.172268116751,-0.861454440475,0.744322276619,0.754251231388,0.289802104261,-0.0184665195072,-0.118766080775,-0.0551324960545,-0.278410346278,0.16986618323,-0.870858238906,0.740104660053,0.744083231,0.177168160288,-0.0282355750228,-0.129914660048,-0.0217593910945,-0.0130104473508,0.116926139874,-0.894567267639,0.739570424248,0.733164992489,0.168267366816,-0.0290800844694,-0.114344245688,0.00849953928584,-0.049414163846,0.110509671813,-0.91102703484,0.734458898749,0.725765995304
