bax0,bay0,baz0,bgx0,bgy0,bgz0,gax0,gay0,gaz0,bax1,bay1,baz1,bgx1,bgy1,bgz1,gax1,gay1,gaz1,bax2,bay2,baz2,bgx2,bgy2,bgz2,gax2,gay2,gaz2,bax3,bay3,baz3,bgx3,bgy3,bgz3,gax3,gay3,gaz3,bax4,bay4,baz4,bgx4,bgy4,bgz4,gax4,gay4,gaz4
0.276054796169,-0.0211818080639,-0.114557584672,-0.030773892682,-0.065683880889,0.0831072520864,-0.954116204671,0.72847464662,0.731263891985,0.223641884962,-0.0267756443656,-0.117037211726,-0.0285737091518,-0.0867580456578,0.0840784672748,-0.964767843181,0.72535951601,0.728867982825,0.296933168594,-0.0222361054897,-0.111094986879,-0.029683662014,-0.0663637658404,0.088291490997,-0.981771856149,0.727649241876,0.729583590197,0.292738622403,-0.0119760227275,-0.113285722892,-0.0247552138742,-0.076593153767,0.091801298138,-0.974451634728,0.722635806857,0.729872344535,0.338160616537,-0.00396461713291,-0.111071259802,-0.0251733790794,-0.0910479937453,0.096194747464,-0.979807961277,0.722730158999,0.72818226661
