bax0,bay0,baz0,bgx0,bgy0,bgz0,gax0,gay0,gaz0,bax1,bay1,baz1,bgx1,bgy1,bgz1,gax1,gay1,gaz1,bax2,bay2,baz2,bgx2,bgy2,bgz2,gax2,gay2,gaz2,bax3,bay3,baz3,bgx3,bgy3,bgz3,gax3,gay3,gaz3,bax4,bay4,baz4,bgx4,bgy4,bgz4,gax4,gay4,gaz4
0.37309998876,-0.00599820955844,-0.109481699295,-0.0166669925868,-0.114365813986,0.0960207904565,-0.964229678379,0.725785107717,0.726885464507,0.300372005238,-0.0150798274525,-0.113486564159,-0.0296544142265,-0.0374296141354,0.0785448063998,-0.938370109324,0.735369574556,0.726167453519,0.238757553325,-0.0285078804105,-0.113930178454,-0.0382603865707,-0.032891591758,0.0755897471018,-0.92735906508,0.736762048813,0.729766962928,0.289411906772,-0.0216874626811,-0.117870716016,-0.0317700188828,-0.0835465923221,0.0910369759567,-0.955775879565,0.72844008265,0.726107309259,0.277270658331,-0.0128614597387,-0.11483981841,-0.0274443928895,-0.0891337609876,0.0906253383478,-0.959953092877,0.722537905827,0.729405946173
