bax0,bay0,baz0,bgx0,bgy0,bgz0,gax0,gay0,gaz0,bax1,bay1,baz1,bgx1,bgy1,bgz1,gax1,gay1,gaz1,bax2,bay2,baz2,bgx2,bgy2,bgz2,gax2,gay2,gaz2,bax3,bay3,baz3,bgx3,bgy3,bgz3,gax3,gay3,gaz3,bax4,bay4,baz4,bgx4,bgy4,bgz4,gax4,gay4,gaz4
0.352126132969,-0.00200014176515,-0.114096441799,-0.0264592857202,-0.0945524136633,0.102257569701,-0.962456519019,0.727490062734,0.726164117486,0.314415214447,-0.0134376245369,-0.112250696118,-0.0387807884967,-0.0400625541664,0.0824094579185,-0.938435975755,0.735612852437,0.729684852041,0.237366687822,-0.0292358396857,-0.115233193041,-0.0347235586822,-0.0322313271685,0.0807346186755,-0.93015726143,0.730182045142,0.728733723066,0.275306471273,-0.0237903622053,-0.113678757984,-0.0273914731003,-0.0682614568787,0.0990755217673,-0.949266591493,0.727724176507,0.72872510493,0.296699299772,-0.022598105846,-0.115545366552,-0.0307002600272,-0.0735963206852,0.085191908788,-0.951777472067,0.724065217376,0.727506295355
