bax0,bay0,baz0,bgx0,bgy0,bgz0,gax0,gay0,gaz0,bax1,bay1,baz1,bgx1,bgy1,bgz1,gax1,gay1,gaz1,bax2,bay2,baz2,bgx2,bgy2,bgz2,gax2,gay2,gaz2,bax3,bay3,baz3,bgx3,bgy3,bgz3,gax3,gay3,gaz3,bax4,bay4,baz4,bgx4,bgy4,bgz4,gax4,gay4,gaz4
0.268708901938,-0.0281032039106,-0.109113664073,-0.0406615177171,-0.0627728455423,0.106941487599,-0.966179187712,0.726436817974,0.725381688007,0.283857259776,-0.0155286738842,-0.116662453215,-0.0321011584191,-0.0460461177602,0.0599082871209,-0.974013940234,0.724937927047,0.729329252547,0.271649465944,-0.0209053370248,-0.110433945465,-0.035682278903,-0.0877358669781,0.101096181123,-0.985367335606,0.730926719927,0.731134444838,0.286441174098,-0.0191917892237,-0.11714842493,-0.0239172284479,-0.103955306288,0.112801584044,-0.97316439117,0.725235283571,0.736467854428,0.209131707186,-0.0553275157738,-0.114286518133,0.0357309972966,-0.392602355924,0.538808813705,-0.840006013985,0.741022190913,0.750968448651
