bax0,bay0,baz0,bgx0,bgy0,bgz0,gax0,gay0,gaz0,bax1,bay1,baz1,bgx1,bgy1,bgz1,gax1,gay1,gaz1,bax2,bay2,baz2,bgx2,bgy2,bgz2,gax2,gay2,gaz2,bax3,bay3,baz3,bgx3,bgy3,bgz3,gax3,gay3,gaz3,bax4,bay4,baz4,bgx4,bgy4,bgz4,gax4,gay4,gaz4
0.286301740411,-0.0182258869921,-0.117154936504,0.00213818151635,-0.27379275608,0.303803178864,-0.884165676588,0.723302234642,0.753853415604,0.251608280026,-0.0184452271308,-0.115393043127,-0.0449228678489,-0.172282176872,0.138333297721,-0.875575850451,0.724191277748,0.753016143747,0.277947592653,-0.0167182735001,-0.111798463091,-0.0420173708253,-0.0717837208456,0.0829159577059,-0.896975465636,0.723480006509,0.751304402265,0.286362509466,-0.0194131945283,-0.111897169414,-0.0404763118356,-0.071745027224,0.0748605768116,-0.901894991388,0.724354666299,0.751825583194,0.261078800184,-0.0180885754417,-0.125970245887,-0.0385955991788,-0.076914774357,0.0856707562055,-0.889360873016,0.721690381901,0.754916160005
