bax0,bay0,baz0,bgx0,bgy0,bgz0,gax0,gay0,gaz0,bax1,bay1,baz1,bgx1,bgy1,bgz1,gax1,gay1,gaz1,bax2,bay2,baz2,bgx2,bgy2,bgz2,gax2,gay2,gaz2,bax3,bay3,baz3,bgx3,bgy3,bgz3,gax3,gay3,gaz3,bax4,bay4,baz4,bgx4,bgy4,bgz4,gax4,gay4,gaz4
0.274823299789,-0.0150622387722,-0.114527683583,-0.0104565195697,-0.29545175829,0.293732672017,-0.877233738432,0.724039884452,0.756160527347,0.249109520868,-0.0176135953692,-0.118820031942,-0.0332035068693,-0.171376706814,0.154243865342,-0.874307376331,0.723497123054,0.753806705408,0.268404265401,-0.0182730574259,-0.113850724804,-0.0452205867586,-0.069076836871,0.0607284364729,-0.894401251393,0.723688407177,0.752445191202,0.288573665411,-0.0176892610309,-0.11167562338,-0.0375810313242,-0.0849274054407,0.0639657608804,-0.904006133964,0.724066846921,0.751804493443,0.25857726368,-0.0206124538797,-0.1210429559,-0.032785687883,-0.0507365943574,0.0822971126846,-0.910472603496,0.721538729355,0.751643863206
