bax0,bay0,baz0,bgx0,bgy0,bgz0,gax0,gay0,gaz0,bax1,bay1,baz1,bgx1,bgy1,bgz1,gax1,gay1,gaz1,bax2,bay2,baz2,bgx2,bgy2,bgz2,gax2,gay2,gaz2,bax3,bay3,baz3,bgx3,bgy3,bgz3,gax3,gay3,gaz3,bax4,bay4,baz4,bgx4,bgy4,bgz4,gax4,gay4,gaz4
0.310753432266,-0.0186559789571,-0.117064885581,-0.0317987092554,-0.0658146206389,0.0813787804241,-0.902940861869,0.722930229631,0.750365717541,0.325732684034,-0.0162369630318,-0.115545778118,-0.0253707574913,-0.0779586949579,0.0847654755614,-0.894785736083,0.720400092151,0.75116833768,0.279426729719,-0.016422579525,-0.117739801583,-0.022717998901,-0.0964961510129,0.0978231951058,-0.894048911689,0.722220598711,0.750646590179,0.332584922058,-0.0185246827953,-0.10852620478,-0.0214958918156,-0.134615542279,0.105671484948,-0.89229844825,0.723272660849,0.751052089276,0.528425165553,0.00400525209468,-0.121232483129,-0.015191676058,-0.244144749888,0.11863393441,-0.872502876005,0.730122188388,0.752269882658
