bax0,bay0,baz0,bgx0,bgy0,bgz0,gax0,gay0,gaz0,bax1,bay1,baz1,bgx1,bgy1,bgz1,gax1,gay1,gaz1,bax2,bay2,baz2,bgx2,bgy2,bgz2,gax2,gay2,gaz2,bax3,bay3,baz3,bgx3,bgy3,bgz3,gax3,gay3,gaz3,bax4,bay4,baz4,bgx4,bgy4,bgz4,gax4,gay4,gaz4
0.544635349769,0.0110386495359,-0.13181601357,-0.0321390816814,-0.0537318665041,0.0933126248264,-0.78119959436,0.744857493425,0.755350905914,0.30510985229,-0.00422478767287,-0.137694721839,-0.0450723989584,0.0813654783021,0.0745570664254,-0.693009797965,0.757357264274,0.749328275208,0.239607834291,-0.0314150852896,-0.113714932646,-0.0390734928553,-0.00509223252173,0.0647304874586,-0.724563003755,0.755779281541,0.726315906823,0.205758645866,-0.0153077418728,-0.114124038195,-0.032804814691,-0.0416702186503,0.0730587660022,-0.763877079845,0.768770144353,0.723039574821,0.187877265395,-0.0258128721123,-0.133277600197,-0.0335677857276,-0.0574717290166,0.0856378897308,-0.76708007248,0.752126866288,0.720516529438
