bax0,bay0,baz0,bgx0,bgy0,bgz0,gax0,gay0,gaz0,bax1,bay1,baz1,bgx1,bgy1,bgz1,gax1,gay1,gaz1,bax2,bay2,baz2,bgx2,bgy2,bgz2,gax2,gay2,gaz2,bax3,bay3,baz3,bgx3,bgy3,bgz3,gax3,gay3,gaz3,bax4,bay4,baz4,bgx4,bgy4,bgz4,gax4,gay4,gaz4
0.113000449992,-0.0490509811661,0.0884096565499,-0.0874634227089,-0.57202386063,0.319222265057,-0.00687083842529,0.67358101613,0.708171709695,0.286100532787,-0.0257517223053,-0.128744125164,-0.0130073623068,-0.394378940414,0.203269265633,-0.0967760119429,0.67219933462,0.772560458596,0.271298034288,-0.0288566328,-0.0908456374425,0.00570284209175,-0.245890732396,0.127772600658,-0.0925079367779,0.665231395251,0.771071287242,0.264351340046,-0.0230322406308,-0.0951937001014,-0.000555510497284,-0.186647470939,0.0717589308239,-0.11959643388,0.66182702679,0.792432798024,0.283569499576,-0.017263659107,-0.130535202542,0.00227876601412,-0.0700166656149,0.0653885215146,-0.120571308854,0.649690163853,0.816293156572
