bax0,bay0,baz0,bgx0,bgy0,bgz0,gax0,gay0,gaz0,bax1,bay1,baz1,bgx1,bgy1,bgz1,gax1,gay1,gaz1,bax2,bay2,baz2,bgx2,bgy2,bgz2,gax2,gay2,gaz2,bax3,bay3,baz3,bgx3,bgy3,bgz3,gax3,gay3,gaz3,bax4,bay4,baz4,bgx4,bgy4,bgz4,gax4,gay4,gaz4
0.28185083433,-0.0192495386707,-0.116635922099,-0.0262372119768,-0.0794068063748,0.0756341612015,-0.12233588862,0.655502458559,0.787176192642,0.30475826801,-0.0200974855873,-0.115693612048,-0.0216530011379,-0.0842686226829,0.0871737051991,-0.121245568067,0.658619155166,0.791364210226,0.285159968253,-0.0236438211436,-0.104590145687,-0.029175994521,-0.0506943466354,0.0924568499078,-0.120348541176,0.656559648361,0.787127514898,0.295375069469,-0.0183106906238,-0.107942295549,-0.0340360949764,-0.0761441350108,0.0951408577637,-0.122835900316,0.653778861298,0.788539177737,0.29500981319,-0.0177620352878,-0.111994668622,-0.0352054916596,-0.0608683140971,0.0977056169026,-0.118959537131,0.657340943527,0.791163326832
