bax0,bay0,baz0,bgx0,bgy0,bgz0,gax0,gay0,gaz0,bax1,bay1,baz1,bgx1,bgy1,bgz1,gax1,gay1,gaz1,bax2,bay2,baz2,bgx2,bgy2,bgz2,gax2,gay2,gaz2,bax3,bay3,baz3,bgx3,bgy3,bgz3,gax3,gay3,gaz3,bax4,bay4,baz4,bgx4,bgy4,bgz4,gax4,gay4,gaz4
0.285238827699,-0.0233143879886,-0.112009079981,-0.0206407671904,-0.0784690745426,0.0747586169066,-0.123318254405,0.656533314888,0.788978806287,0.300574933499,-0.0166689793531,-0.121350219392,-0.0204345180106,-0.0846081275715,0.0870914879013,-0.122213412491,0.656845773497,0.787515558889,0.289694352735,-0.0179346329432,-0.109780182606,-0.0410815831005,-0.0576377159406,0.0937842634547,-0.119787402622,0.657680663634,0.792184964451,0.296294236251,-0.015671518707,-0.114967491756,-0.0235727267213,-0.079052243538,0.0826582155407,-0.119201459448,0.657455780615,0.789934502492,0.294481904185,-0.0187363499761,-0.116138671285,-0.0257994064926,-0.0538704330478,0.0921175943602,-0.123390663271,0.653897377864,0.790386631984
