bax0,bay0,baz0,bgx0,bgy0,bgz0,gax0,gay0,gaz0,bax1,bay1,baz1,bgx1,bgy1,bgz1,gax1,gay1,gaz1,bax2,bay2,baz2,bgx2,bgy2,bgz2,gax2,gay2,gaz2,bax3,bay3,baz3,bgx3,bgy3,bgz3,gax3,gay3,gaz3,bax4,bay4,baz4,bgx4,bgy4,bgz4,gax4,gay4,gaz4
0.280567498355,-0.0174671444992,-0.102824785903,-0.0218707934517,-0.0680743242203,0.0768217967671,-0.121766810535,0.658421274185,0.790850618142,0.304647615528,-0.016123370922,-0.117014265159,-0.0279380683041,-0.0808239138221,0.0929347200495,-0.122802469392,0.659743008293,0.787381397774,0.278956639084,-0.0201698640336,-0.10971284799,-0.0285461979507,-0.0600073386325,0.0927845049196,-0.119148796796,0.660043673665,0.79091766717,0.289632723679,-0.0215128445141,-0.112298038715,-0.0339835956693,-0.0760480040795,0.0889921975119,-0.12047051482,0.65743561755,0.790869057904,0.308997571495,-0.0199589012416,-0.116199849906,-0.0294729041126,-0.0550326518765,0.0914183410634,-0.121570523565,0.656377433167,0.791676069229
