bax0,bay0,baz0,bgx0,bgy0,bgz0,gax0,gay0,gaz0,bax1,bay1,baz1,bgx1,bgy1,bgz1,gax1,gay1,gaz1,bax2,bay2,baz2,bgx2,bgy2,bgz2,gax2,gay2,gaz2,bax3,bay3,baz3,bgx3,bgy3,bgz3,gax3,gay3,gaz3,bax4,bay4,baz4,bgx4,bgy4,bgz4,gax4,gay4,gaz4
0.264136060958,-0.0236002297515,-0.0908036172259,-0.0325091606376,-0.0827320548449,0.0960542809083,-0.124623446857,0.657630744879,0.793371452602,0.303010756548,-0.0172854975179,-0.119873518165,-0.0258215731639,-0.0972968756771,0.0877918795214,-0.133962120784,0.650663042369,0.795410447381,0.282403544739,-0.0225906519435,-0.10203392408,-0.0287474232544,-0.0636010835689,0.0917034138618,-0.128289585806,0.656229987158,0.79031584889,0.288529972475,-0.0194765681214,-0.0988952584603,-0.0267973519471,-0.0867274055159,0.0836092573652,-0.12496511368,0.654952367535,0.798028648457,0.315416567851,-0.0142719053825,-0.125736030039,-0.0271447042113,-0.0819089492243,0.0884815155289,-0.122717020088,0.653639463335,0.797970662749
