bax0,bay0,baz0,bgx0,bgy0,bgz0,gax0,gay0,gaz0,bax1,bay1,baz1,bgx1,bgy1,bgz1,gax1,gay1,gaz1,bax2,bay2,baz2,bgx2,bgy2,bgz2,gax2,gay2,gaz2,bax3,bay3,baz3,bgx3,bgy3,bgz3,gax3,gay3,gaz3,bax4,bay4,baz4,bgx4,bgy4,bgz4,gax4,gay4,gaz4
0.248601556554,-0.0157016199838,-0.0961525856755,-0.0469121472424,-0.0946034440247,0.0824072967479,-0.123344211785,0.650149057148,0.792909464615,0.282764116249,-0.0180374314148,-0.100421112219,-0.0240034510243,-0.114726426679,0.100735384712,-0.124635791197,0.653940747289,0.792689855931,0.286783149084,-0.0303140794104,-0.1268130849,-0.0469394179297,-0.0824106638248,0.095688506628,-0.128396571279,0.653557954605,0.796128447991,0.274790879127,-0.0157401057936,-0.093445083968,-0.025178608346,-0.0950437144569,0.101892867144,-0.129657546404,0.653811577359,0.79824559771,0.0343283355366,-0.0456342144589,0.0523198080736,-0.228950291506,-0.671939153902,0.396576300475,-0.127466100819,0.632548813235,0.794353691797
