bax0,bay0,baz0,bgx0,bgy0,bgz0,gax0,gay0,gaz0,bax1,bay1,baz1,bgx1,bgy1,bgz1,gax1,gay1,gaz1,bax2,bay2,baz2,bgx2,bgy2,bgz2,gax2,gay2,gaz2,bax3,bay3,baz3,bgx3,bgy3,bgz3,gax3,gay3,gaz3,bax4,bay4,baz4,bgx4,bgy4,bgz4,gax4,gay4,gaz4
0.275142683719,-0.0216700192513,-0.110816068507,-0.0222597926951,-0.0708975266323,0.123632570356,-0.122767509109,0.646795359102,0.791619467597,0.227207624021,-0.0152783387821,-0.11294200006,-0.0124739124556,-0.106582562608,0.119986861684,-0.122999979725,0.655291367202,0.796490811191,0.297378988003,-0.0173136218377,-0.110798255699,-0.0430902069747,-0.0826275307991,0.0889423772475,-0.127581503927,0.648226363742,0.797512199514,0.297597943703,-0.0136145049766,-0.122546568798,-0.0531773773515,-0.0859337651277,0.0826880047724,-0.12931168311,0.65840835005,0.790949624913,0.0636760575449,-0.062943381542,0.0620703821796,-0.205201626847,-0.697114572299,0.406480018203,-0.12635801118,0.632133240643,0.792092795302
