bax0,bay0,baz0,bgx0,bgy0,bgz0,gax0,gay0,gaz0,bax1,bay1,baz1,bgx1,bgy1,bgz1,gax1,gay1,gaz1,bax2,bay2,baz2,bgx2,bgy2,bgz2,gax2,gay2,gaz2,bax3,bay3,baz3,bgx3,bgy3,bgz3,gax3,gay3,gaz3,bax4,bay4,baz4,bgx4,bgy4,bgz4,gax4,gay4,gaz4
0.349633860497,-0.0239673354147,-0.12795468548,-0.101224609061,-0.408921831715,0.306566587443,-0.234572250522,0.607414336213,0.867081383153,0.264639192754,-0.0137807671981,-0.0987434226249,-0.03607254657,-0.219846298251,0.185017745094,-0.207392666971,0.596879633619,0.850599234932,0.280869429796,-0.0251134531097,-0.10474539984,-0.010712485292,-0.161325272916,0.113512320761,-0.221365449724,0.607394198361,0.860346220359,0.273424735198,-0.0184967483299,-0.103537388886,-0.0165658282937,-0.0846861914109,0.0928659885545,-0.21428538623,0.595763065125,0.854842265445,0.313279517505,-0.00614330860124,-0.113774962696,-0.0140929567436,-0.0579239555134,0.0776150989739,-0.221446159509,0.597870756445,0.859606391636
