bax0,bay0,baz0,bgx0,bgy0,bgz0,gax0,gay0,gaz0,bax1,bay1,baz1,bgx1,bgy1,bgz1,gax1,gay1,gaz1,bax2,bay2,baz2,bgx2,bgy2,bgz2,gax2,gay2,gaz2,bax3,bay3,baz3,bgx3,bgy3,bgz3,gax3,gay3,gaz3,bax4,bay4,baz4,bgx4,bgy4,bgz4,gax4,gay4,gaz4
0.297052274028,-0.0163925016423,-0.11469480914,-0.0276271206107,-0.071040903772,0.0924853388615,-0.230781120701,0.600963949358,0.861433817041,0.301264214867,-0.0130522087618,-0.117191070402,-0.0280195334894,-0.0876932895377,0.089559480851,-0.232179224829,0.601262720044,0.859935493023,0.288118108034,-0.01624940821,-0.112032255054,-0.0291955176624,-0.052327940673,0.0934467233415,-0.224317553589,0.602990877854,0.853228583305,0.254540657911,-0.0201533583869,-0.110748705599,-0.0261002723559,-0.0886488884208,0.0886988897166,-0.225587178032,0.601390692117,0.858692658614,0.307366617215,-0.0177082291756,-0.113693068996,-0.029578051925,-0.080377084688,0.0873669426846,-0.236982373516,0.599057178772,0.861554249334
