bax0,bay0,baz0,bgx0,bgy0,bgz0,gax0,gay0,gaz0,bax1,bay1,baz1,bgx1,bgy1,bgz1,gax1,gay1,gaz1,bax2,bay2,baz2,bgx2,bgy2,bgz2,gax2,gay2,gaz2,bax3,bay3,baz3,bgx3,bgy3,bgz3,gax3,gay3,gaz3,bax4,bay4,baz4,bgx4,bgy4,bgz4,gax4,gay4,gaz4
0.297792295731,-0.0174728619629,-0.119919799374,-0.0279764125752,-0.0765312166627,0.0918787678226,-0.225479718575,0.59995060448,0.858901939951,0.304153702411,-0.0149057862412,-0.122625950675,-0.026813149866,-0.0878575944828,0.0889088310032,-0.222864251302,0.60020179884,0.857969809302,0.275736255191,-0.0199160939357,-0.114493800229,-0.0304664771552,-0.0559985063666,0.0933373129134,-0.222261632916,0.603568678143,0.858382963363,0.25233497823,-0.0193389641635,-0.0980706000376,-0.0284498316267,-0.0841674049942,0.0898711267952,-0.226960293561,0.60241608656,0.858309859544,0.306168114443,-0.015912140296,-0.118473215199,-0.0276048245768,-0.0785779496929,0.0890473749371,-0.232035595483,0.599043445179,0.858653345781
