bax0,bay0,baz0,bgx0,bgy0,bgz0,gax0,gay0,gaz0,bax1,bay1,baz1,bgx1,bgy1,bgz1,gax1,gay1,gaz1,bax2,bay2,baz2,bgx2,bgy2,bgz2,gax2,gay2,gaz2,bax3,bay3,baz3,bgx3,bgy3,bgz3,gax3,gay3,gaz3,bax4,bay4,baz4,bgx4,bgy4,bgz4,gax4,gay4,gaz4
0.288537246043,-0.0175277474285,-0.124223747826,-0.0274692052946,-0.0901941827665,0.0867466304292,-0.227490448944,0.601222177453,0.858672205167,0.286481625162,-0.015974054964,-0.112302345272,-0.0281443440397,-0.0819260548375,0.0841853792753,-0.228511137602,0.600287174998,0.861117470628,0.280915714413,-0.0138109494746,-0.111643511643,-0.0326326128876,-0.0607486144269,0.097317222993,-0.22431459342,0.603182013617,0.859191729526,0.26490009076,-0.0220804173444,-0.108230371801,-0.0277824265462,-0.0859523888357,0.0915755922368,-0.235764226198,0.601555320091,0.863155038806,0.301205888167,-0.0129347087658,-0.119531234771,-0.0264997406234,-0.0871890544318,0.0868989282792,-0.232936502704,0.600512645129,0.862115554607
