bax0,bay0,baz0,bgx0,bgy0,bgz0,gax0,gay0,gaz0,bax1,bay1,baz1,bgx1,bgy1,bgz1,gax1,gay1,gaz1,bax2,bay2,baz2,bgx2,bgy2,bgz2,gax2,gay2,gaz2,bax3,bay3,baz3,bgx3,bgy3,bgz3,gax3,gay3,gaz3,bax4,bay4,baz4,bgx4,bgy4,bgz4,gax4,gay4,gaz4
0.309750775604,-0.0165721966459,-0.117718739357,-0.0296765834777,-0.081128148096,0.0856473013481,-0.227350779809,0.600768268921,0.860534982258,0.287004339487,-0.0177811918452,-0.112377919666,-0.0288623314426,-0.0851011758717,0.094961518568,-0.225667076264,0.601231675061,0.860707188925,0.295570902626,-0.0194302681735,-0.112116706879,-0.0269401310609,-0.0530131916336,0.0924910439332,-0.223823842501,0.602305854378,0.860687734506,0.265465975738,-0.0192252502393,-0.113128738155,-0.030065485705,-0.0801977028699,0.091731124668,-0.229985208939,0.602900930008,0.862146568208,0.312046760708,-0.0193580382806,-0.124070532699,-0.026489735187,-0.0873712384924,0.0891113779711,-0.233445111542,0.599189089534,0.861637969587
