bax0,bay0,baz0,bgx0,bgy0,bgz0,gax0,gay0,gaz0,bax1,bay1,baz1,bgx1,bgy1,bgz1,gax1,gay1,gaz1,bax2,bay2,baz2,bgx2,bgy2,bgz2,gax2,gay2,gaz2,bax3,bay3,baz3,bgx3,bgy3,bgz3,gax3,gay3,gaz3,bax4,bay4,baz4,bgx4,bgy4,bgz4,gax4,gay4,gaz4
0.263269443683,-0.0172506285847,-0.107250218007,-0.0247660401923,-0.0353756565421,0.105533524995,-0.226555587084,0.596624189832,0.857850564506,0.285745389871,-0.0227391860297,-0.109576953799,-0.0454989628544,-0.0814386466125,0.0811304682903,-0.230057787075,0.604795561271,0.86191445023,0.292843797623,-0.0197913022499,-0.118479024863,-0.0404082006689,-0.104346729913,0.0817618507553,-0.234014877639,0.611001359179,0.855241512169,0.315197609374,-0.01658481707,-0.118387234068,-0.0215153191391,-0.100348197007,0.0934861035674,-0.230612079311,0.608887866111,0.866503827716,0.49707762821,-0.0105360427018,-0.136982051789,-0.0879312512854,-0.584541548166,0.403073022934,-0.194584803187,0.64744826918,0.802918760539
