bax0,bay0,baz0,bgx0,bgy0,bgz0,gax0,gay0,gaz0,bax1,bay1,baz1,bgx1,bgy1,bgz1,gax1,gay1,gaz1,bax2,bay2,baz2,bgx2,bgy2,bgz2,gax2,gay2,gaz2,bax3,bay3,baz3,bgx3,bgy3,bgz3,gax3,gay3,gaz3,bax4,bay4,baz4,bgx4,bgy4,bgz4,gax4,gay4,gaz4
0.353306155722,-0.0350014558634,-0.11949660099,0.0106808489558,-0.319256109889,0.132797144438,-0.157489603897,0.645006751651,0.81710223626,0.226769419056,-0.0139720218114,-0.085793525642,0.0374042540771,-0.221053129422,0.0416411211426,-0.123926403766,0.635882348099,0.807746720847,0.325282612881,-0.00565590607685,-0.132104795287,0.0195157160229,-0.175698699636,0.0265599770525,-0.156832192798,0.629526256475,0.823000825074,0.309732303548,-0.0223168323218,-0.116086761956,-0.0121527566415,-0.0384218905526,0.053163624764,-0.150284803143,0.641697729745,0.815911138399,0.252621273821,-0.0343821794717,-0.100834200175,-0.027978339022,-0.0666652164527,0.0688560508707,-0.147280238254,0.642706558784,0.817638480949
