bax0,bay0,baz0,bgx0,bgy0,bgz0,gax0,gay0,gaz0,bax1,bay1,baz1,bgx1,bgy1,bgz1,gax1,gay1,gaz1,bax2,bay2,baz2,bgx2,bgy2,bgz2,gax2,gay2,gaz2,bax3,bay3,baz3,bgx3,bgy3,bgz3,gax3,gay3,gaz3,bax4,bay4,baz4,bgx4,bgy4,bgz4,gax4,gay4,gaz4
0.283300890375,-0.0211490749973,-0.108588222421,-0.0293035252737,-0.0904021995511,0.0949924631545,-0.153213981118,0.634434428463,0.824098252683,0.299763237596,-0.0163200032685,-0.118405419708,-0.0250569445208,-0.0900626003884,0.0993381220637,-0.159461581968,0.630466526105,0.828186128416,0.322946927039,-0.0154729250637,-0.115811809528,-0.0232612585142,-0.0994443546427,0.0919929417539,-0.159466769782,0.635172250987,0.821358902227,0.304457656784,-0.0184646575889,-0.130649128832,-0.0299356440037,-0.0638812158488,0.091894212478,-0.150359841368,0.632049698596,0.819456871341,0.268026735263,-0.0181231424732,-0.104127422131,-0.0294952494208,-0.073902327693,0.0910664304303,-0.146417236182,0.637967891736,0.817905961799
