bax0,bay0,baz0,bgx0,bgy0,bgz0,gax0,gay0,gaz0,bax1,bay1,baz1,bgx1,bgy1,bgz1,gax1,gay1,gaz1,bax2,bay2,baz2,bgx2,bgy2,bgz2,gax2,gay2,gaz2,bax3,bay3,baz3,bgx3,bgy3,bgz3,gax3,gay3,gaz3,bax4,bay4,baz4,bgx4,bgy4,bgz4,gax4,gay4,gaz4
0.300057167603,-0.0198382653373,-0.124264763881,-0.0292277632201,-0.0715402410948,0.0904671267818,-0.143409264406,0.635487291199,0.818726519641,0.272777472188,-0.0159094079957,-0.106019968282,-0.0267396023867,-0.0748613186848,0.0869878064985,-0.148424292062,0.638080352331,0.821344461197,0.271964146589,-0.0212911998492,-0.108627833864,-0.0258009840018,-0.0802591789592,0.0931586989784,-0.150023917457,0.63444758829,0.821685957449,0.314970190468,-0.0127170390229,-0.130098995545,-0.0267766544624,-0.0874700896446,0.0884862300032,-0.160674129155,0.633944967963,0.822812069005,0.266761061494,-0.0197396356853,-0.104450501535,-0.028782949992,-0.0730273735296,0.0939965680126,-0.152287119892,0.635118556561,0.820721165501
