bax0,bay0,baz0,bgx0,bgy0,bgz0,gax0,gay0,gaz0,bax1,bay1,baz1,bgx1,bgy1,bgz1,gax1,gay1,gaz1,bax2,bay2,baz2,bgx2,bgy2,bgz2,gax2,gay2,gaz2,bax3,bay3,baz3,bgx3,bgy3,bgz3,gax3,gay3,gaz3,bax4,bay4,baz4,bgx4,bgy4,bgz4,gax4,gay4,gaz4
0.297598832446,-0.0147849469834,-0.0993132164595,-0.0317002377317,-0.0833466726641,0.0994687531215,-0.156679124685,0.632709477397,0.820794093607,0.325668727141,-0.0326872775304,-0.106397989896,-0.0226721771329,-0.0761212155803,0.0831694158544,-0.149643597811,0.636166070457,0.828357724638,0.26568328809,-0.0111774197805,-0.115435705659,0.00415746151927,-0.0882266123727,-0.0254523946461,-0.159440955145,0.624970529529,0.821572026251,0.196790353636,-0.0545249026293,-0.0177518730819,-0.186389460319,-0.508752654018,0.192567144694,-0.161101164348,0.649875877543,0.80196383691,0.262124315298,-0.00413919190197,-0.124777001624,-0.126840928983,-0.292526854976,0.141883970599,-0.213588168019,0.635862621813,0.839721438412
