bax0,bay0,baz0,bgx0,bgy0,bgz0,gax0,gay0,gaz0,bax1,bay1,baz1,bgx1,bgy1,bgz1,gax1,gay1,gaz1,bax2,bay2,baz2,bgx2,bgy2,bgz2,gax2,gay2,gaz2,bax3,bay3,baz3,bgx3,bgy3,bgz3,gax3,gay3,gaz3,bax4,bay4,baz4,bgx4,bgy4,bgz4,gax4,gay4,gaz4
0.301256740075,-0.0176542349259,-0.101098755926,-0.0260979942955,-0.0829605527938,0.0823938447248,-0.165767983027,0.634698949359,0.824448367423,0.318390688705,-0.0261483781518,-0.135625529108,-0.023956445695,-0.105634507988,0.0869229557335,-0.142708078322,0.632085867168,0.825669878081,0.264522480483,-0.00255237765634,-0.115425246762,-0.00127084058675,-0.105637069592,-0.0356629437879,-0.158917951138,0.625805746605,0.820036716164,0.163369717472,-0.0557910872204,-0.00530387552259,-0.162358793905,-0.489205339422,0.157737926416,-0.174519104351,0.659504875358,0.787335197132,0.267986134452,-0.00956223563979,-0.122645671841,-0.12576517825,-0.257204959393,0.132221056938,-0.219088751166,0.63356316345,0.84892881472
