bax0,bay0,baz0,bgx0,bgy0,bgz0,gax0,gay0,gaz0,bax1,bay1,baz1,bgx1,bgy1,bgz1,gax1,gay1,gaz1,bax2,bay2,baz2,bgx2,bgy2,bgz2,gax2,gay2,gaz2,bax3,bay3,baz3,bgx3,bgy3,bgz3,gax3,gay3,gaz3,bax4,bay4,baz4,bgx4,bgy4,bgz4,gax4,gay4,gaz4
0.261770414767,-0.0174603967649,-0.113650457775,-0.0459409063139,-0.181066101873,0.109931067522,-0.215583653481,0.626120867524,0.840226882131,0.321200469853,-0.0172733642117,-0.124016670972,-0.0132877381475,-0.0988552444172,0.10450132217,-0.227802671016,0.629826528165,0.837442306809,0.266284820434,-0.0210810261606,-0.0990730757581,-0.0154459080646,-0.0575105935159,0.0967414906878,-0.225148641674,0.630610410801,0.839957812364,0.267865592874,-0.027500530829,-0.102012415117,-0.0306766142175,-0.0909825084666,0.0966242077071,-0.233788451663,0.631884369397,0.84208601872,0.342798485025,-0.017306991419,-0.126007661519,-0.020517330418,-0.0819469623019,0.0866569947585,-0.241839170381,0.63202552514,0.843046692387
