bax0,bay0,baz0,bgx0,bgy0,bgz0,gax0,gay0,gaz0,bax1,bay1,baz1,bgx1,bgy1,bgz1,gax1,gay1,gaz1,bax2,bay2,baz2,bgx2,bgy2,bgz2,gax2,gay2,gaz2,bax3,bay3,baz3,bgx3,bgy3,bgz3,gax3,gay3,gaz3,bax4,bay4,baz4,bgx4,bgy4,bgz4,gax4,gay4,gaz4
0.280326624506,-0.0199736323086,-0.116446689514,-0.032194046122,-0.0262831399966,0.0915455803877,-0.217785282762,0.629442917033,0.837693286772,0.253333685758,-0.0229957958791,-0.106789259462,-0.0263817567025,-0.0902864543756,0.0882027577009,-0.224369111829,0.63086936814,0.837543877911,0.347833973554,-0.0154342991727,-0.136044481957,-0.0330805870203,-0.0971243869733,0.0926120908937,-0.236076564657,0.629483904753,0.843942979302,0.278288227512,-0.0234835131382,-0.100546895259,-0.030996747846,-0.0254004508239,0.0912321287072,-0.224929883095,0.630741031973,0.836894272766,0.279551530467,-0.018346632159,-0.107677401668,-0.0277264689841,-0.0999559767465,0.092757192151,-0.22999654566,0.629120095495,0.840954462388
