bax0,bay0,baz0,bgx0,bgy0,bgz0,gax0,gay0,gaz0,bax1,bay1,baz1,bgx1,bgy1,bgz1,gax1,gay1,gaz1,bax2,bay2,baz2,bgx2,bgy2,bgz2,gax2,gay2,gaz2,bax3,bay3,baz3,bgx3,bgy3,bgz3,gax3,gay3,gaz3,bax4,bay4,baz4,bgx4,bgy4,bgz4,gax4,gay4,gaz4
0.277589382552,-0.0191885290034,-0.110701286647,-0.0360311155114,-0.0274437002164,0.089816896519,-0.222571986209,0.62983455567,0.835354230296,0.263553832441,-0.0175456210331,-0.103496203658,-0.0257516249506,-0.103192253271,0.0861602630157,-0.231945681318,0.630113152224,0.844520988358,0.358835466554,-0.011808230922,-0.123829164672,-0.0290681213504,-0.101596836338,0.0895801072873,-0.235435820749,0.624465653225,0.842142455648,0.264464893835,-0.0169856845788,-0.102462355958,-0.0368539462927,-0.0216652884813,0.0915859228053,-0.221365418319,0.631609166886,0.838663466972,0.284898598117,-0.0202013605423,-0.109043481425,-0.0258788746326,-0.102181571321,0.0907046782667,-0.22613307417,0.630689869555,0.840770675923
