bax0,bay0,baz0,bgx0,bgy0,bgz0,gax0,gay0,gaz0,bax1,bay1,baz1,bgx1,bgy1,bgz1,gax1,gay1,gaz1,bax2,bay2,baz2,bgx2,bgy2,bgz2,gax2,gay2,gaz2,bax3,bay3,baz3,bgx3,bgy3,bgz3,gax3,gay3,gaz3,bax4,bay4,baz4,bgx4,bgy4,bgz4,gax4,gay4,gaz4
0.671539148985,0.0160151948362,-0.212162949298,-0.105242998767,-0.449106411263,0.669613067472,-0.563241201805,0.647506270805,0.863228697804,0.273708682274,-0.00608364963624,-0.119055731426,-0.0783109277137,-0.196710530805,0.331972286037,-0.433942413161,0.670212159644,0.816100507274,0.279839083989,-0.017563565504,-0.127366900813,-0.0552212634029,-0.0722184536877,0.142813754089,-0.395584544953,0.677395084972,0.824599327096,0.296487884646,-0.0106947868203,-0.104540218592,-0.02702052481,-0.0527975812192,0.0714268750923,-0.423252916732,0.686047777423,0.814095553571,0.278624732921,-0.018131702552,-0.104478071079,-0.0235147512933,-0.0450684027381,0.0636356519326,-0.436335151882,0.683474761292,0.827007819663
