bax0,bay0,baz0,bgx0,bgy0,bgz0,gax0,gay0,gaz0,bax1,bay1,baz1,bgx1,bgy1,bgz1,gax1,gay1,gaz1,bax2,bay2,baz2,bgx2,bgy2,bgz2,gax2,gay2,gaz2,bax3,bay3,baz3,bgx3,bgy3,bgz3,gax3,gay3,gaz3,bax4,bay4,baz4,bgx4,bgy4,bgz4,gax4,gay4,gaz4
0.654020449509,0.0260086746439,-0.209462130518,-0.101801601339,-0.474337782413,0.681309836802,-0.526990856574,0.63785246313,0.863720895565,0.29308463909,-0.00954511042537,-0.0910646296973,-0.0784320562639,-0.173892138984,0.346047051024,-0.399870860715,0.67595712505,0.828279023587,0.295535840399,-0.0274837571419,-0.104899011281,-0.0490215089636,-0.0777361283959,0.15153583687,-0.409797083878,0.683226167703,0.816568676605,0.330305943639,-0.0099042980789,-0.133694985277,-0.0333295580882,-0.0328230782465,0.0361989969174,-0.43460847232,0.673742996102,0.822349996561,0.313454888838,-0.0118779635536,-0.109109696611,-0.0322514811277,-0.0424833494864,0.0590216778842,-0.407300198645,0.685761228008,0.826322447665
