bax0,bay0,baz0,bgx0,bgy0,bgz0,gax0,gay0,gaz0,bax1,bay1,baz1,bgx1,bgy1,bgz1,gax1,gay1,gaz1,bax2,bay2,baz2,bgx2,bgy2,bgz2,gax2,gay2,gaz2,bax3,bay3,baz3,bgx3,bgy3,bgz3,gax3,gay3,gaz3,bax4,bay4,baz4,bgx4,bgy4,bgz4,gax4,gay4,gaz4
0.291245248099,-0.0144315068557,-0.119217053943,-0.0266195699463,-0.060013797022,0.063833432072,-0.413295222103,0.680578750155,0.819299481184,0.294915660736,-0.016744796768,-0.115475786451,-0.0225762719565,-0.0702705302055,0.0695036625048,-0.421048207324,0.680828526055,0.818286297385,0.288324217941,-0.0148564613327,-0.119040372972,-0.030621485736,-0.0728751862402,0.074407701293,-0.416318970451,0.685981505049,0.816258426289,0.29149302936,-0.0171698113613,-0.116664527317,-0.0348609284098,-0.0699031365032,0.0901841095882,-0.417832825112,0.686484854857,0.813730109663,0.294166772276,-0.0165821298866,-0.112863881029,-0.0289264235507,-0.0738448884483,0.0968726749846,-0.415366597751,0.685232386661,0.810297734932
