bax0,bay0,baz0,bgx0,bgy0,bgz0,gax0,gay0,gaz0,bax1,bay1,baz1,bgx1,bgy1,bgz1,gax1,gay1,gaz1,bax2,bay2,baz2,bgx2,bgy2,bgz2,gax2,gay2,gaz2,bax3,bay3,baz3,bgx3,bgy3,bgz3,gax3,gay3,gaz3,bax4,bay4,baz4,bgx4,bgy4,bgz4,gax4,gay4,gaz4
0.29344479882,-0.019343422948,-0.111645768421,-0.0283591899206,-0.0802565707401,0.0967845851188,-0.415828443681,0.68389031529,0.811317254479,0.292643468881,-0.0191357745199,-0.115961610601,-0.0288884371168,-0.0777000282667,0.0941635584159,-0.416587392778,0.685903507003,0.813347320039,0.285987713577,-0.0196046971672,-0.11376151947,-0.0284576392547,-0.079149715827,0.0887777171697,-0.415230184064,0.68437590356,0.814892089026,0.296898119639,-0.0164904363037,-0.115516252009,-0.0287583955264,-0.0778376388746,0.0925029491886,-0.41764240321,0.685501853758,0.817010545063,0.28965334967,-0.0165551611944,-0.115930957098,-0.0309812841293,-0.0767328362756,0.0878305956109,-0.414878007991,0.686068604251,0.815016209707
