bax0,bay0,baz0,bgx0,bgy0,bgz0,gax0,gay0,gaz0,bax1,bay1,baz1,bgx1,bgy1,bgz1,gax1,gay1,gaz1,bax2,bay2,baz2,bgx2,bgy2,bgz2,gax2,gay2,gaz2,bax3,bay3,baz3,bgx3,bgy3,bgz3,gax3,gay3,gaz3,bax4,bay4,baz4,bgx4,bgy4,bgz4,gax4,gay4,gaz4
0.295740768257,-0.021169427315,-0.112026653118,-0.0274546717209,-0.0753434430446,0.0897076216086,-0.310633509268,0.751105865516,0.741455444742,0.290502216933,-0.0191984297608,-0.109128592864,-0.0276132907085,-0.0821282182723,0.0934266250028,-0.314142663142,0.746216090325,0.746670570127,0.286928513885,-0.0130822217739,-0.117740812553,-0.025094774834,-0.0827622228423,0.0941321398461,-0.315094587236,0.7496598896,0.743413133113,0.294340434013,-0.0147279767328,-0.120198948636,-0.0321096610825,-0.0770063151261,0.0979474381704,-0.312885356037,0.750658571151,0.742445527469,0.289748908172,-0.0188477619623,-0.110584399514,-0.0266541992042,-0.0818050266977,0.0905615108326,-0.312205406095,0.755801952221,0.737808140573
