bax0,bay0,baz0,bgx0,bgy0,bgz0,gax0,gay0,gaz0,bax1,bay1,baz1,bgx1,bgy1,bgz1,gax1,gay1,gaz1,bax2,bay2,baz2,bgx2,bgy2,bgz2,gax2,gay2,gaz2,bax3,bay3,baz3,bgx3,bgy3,bgz3,gax3,gay3,gaz3,bax4,bay4,baz4,bgx4,bgy4,bgz4,gax4,gay4,gaz4
0.291784998796,-0.0192490423882,-0.118521754509,-0.0284531475822,-0.0796720018585,0.0909347364781,-0.312675671586,0.749788997454,0.743503183127,0.285977942841,-0.0151468473404,-0.110763543058,-0.0276209765524,-0.0840145364412,0.0908347494689,-0.313427539776,0.747381907202,0.743737075389,0.293347137206,-0.012535254854,-0.119007224535,-0.0273539252067,-0.0838108329007,0.092922429716,-0.31429762997,0.748214414842,0.739969671683,0.296234422878,-0.014594893379,-0.116141580612,-0.0327192333651,-0.0746083120815,0.0900223465602,-0.314235999337,0.748050915657,0.738269677529,0.29307591939,-0.0147470590454,-0.11943518064,-0.0314472569421,-0.0811527995461,0.0896838118248,-0.312781742335,0.75320043499,0.738618383622
