bax0,bay0,baz0,bgx0,bgy0,bgz0,gax0,gay0,gaz0,bax1,bay1,baz1,bgx1,bgy1,bgz1,gax1,gay1,gaz1,bax2,bay2,baz2,bgx2,bgy2,bgz2,gax2,gay2,gaz2,bax3,bay3,baz3,bgx3,bgy3,bgz3,gax3,gay3,gaz3,bax4,bay4,baz4,bgx4,bgy4,bgz4,gax4,gay4,gaz4
0.294541727032,-0.0147306377575,-0.115099164043,-0.0346511842381,-0.0740690007413,0.090066622666,-0.313272565838,0.747674615104,0.740502085296,0.281514854146,-0.0173500054203,-0.112159445872,-0.0281355842237,-0.0809558808166,0.0913916622189,-0.313212323803,0.745297410186,0.741231277407,0.285140963237,-0.0131630724629,-0.113476659636,-0.0260867777707,-0.0845589435561,0.0962031427782,-0.312018408857,0.750261505148,0.741960816298,0.291770872719,-0.0157914629668,-0.122384021922,-0.0291817201613,-0.0766765288216,0.0898677838958,-0.315332282283,0.751645605695,0.740742161561,0.29699626504,-0.0171257774308,-0.114820542029,-0.0291226556473,-0.0785928983023,0.092899465459,-0.312739927347,0.755245509488,0.736674486961
