bax0,bay0,baz0,bgx0,bgy0,bgz0,gax0,gay0,gaz0,bax1,bay1,baz1,bgx1,bgy1,bgz1,gax1,gay1,gaz1,bax2,bay2,baz2,bgx2,bgy2,bgz2,gax2,gay2,gaz2,bax3,bay3,baz3,bgx3,bgy3,bgz3,gax3,gay3,gaz3,bax4,bay4,baz4,bgx4,bgy4,bgz4,gax4,gay4,gaz4
0.336516020471,-0.00540061645807,-0.112994684623,-0.0315022978811,-0.0630525074968,0.135781040769,-0.286312227865,0.742506901343,0.758642157614,0.296266840075,-0.0204175698139,-0.126394339418,-0.0387795821392,-0.0601860144106,0.132636175472,-0.294361954889,0.714115966252,0.725531858252,0.48101834644,0.302127615355,-0.249661298078,-0.103003876985,-0.389560761029,0.961106173885,-0.627224781118,0.450668904643,0.931071453548,0.0848250333631,-0.0450381787972,-0.0791734435838,-0.114163600867,-0.239461607615,0.527166430447,-0.515721358928,0.590041637873,0.867983400661,0.265683587182,-0.0882871806641,-0.0730912413098,-0.105171200713,-0.211652356014,0.174134288301,-0.543773152439,0.604505010995,0.88086743296
