bax0,bay0,baz0,bgx0,bgy0,bgz0,gax0,gay0,gaz0,bax1,bay1,baz1,bgx1,bgy1,bgz1,gax1,gay1,gaz1,bax2,bay2,baz2,bgx2,bgy2,bgz2,gax2,gay2,gaz2,bax3,bay3,baz3,bgx3,bgy3,bgz3,gax3,gay3,gaz3,bax4,bay4,baz4,bgx4,bgy4,bgz4,gax4,gay4,gaz4
0.267381060365,-0.018065583246,-0.114620908756,-0.0349961057264,-0.108612152375,0.144027940019,-0.317376257213,0.735535794252,0.744643616205,0.278470095475,-0.0306902652054,-0.102395257818,-0.0181554961715,-0.0792142137474,0.0928554068792,-0.295220738207,0.75413835068,0.737682216699,0.487183114397,0.257060377712,-0.254651072126,-0.092792508736,-0.378707420742,0.981048125232,-0.578039200259,0.424792108947,0.940315568219,0.0737999906317,-0.0644962242038,-0.0649166723095,-0.109840022557,-0.213222770528,0.543312711431,-0.531596764749,0.579701369546,0.886657498679,0.231349521519,-0.0798323695949,-0.0659755007853,-0.112172042139,-0.235242587557,0.260377606392,-0.588901379438,0.605406178367,0.885761250824
