bax0,bay0,baz0,bgx0,bgy0,bgz0,gax0,gay0,gaz0,bax1,bay1,baz1,bgx1,bgy1,bgz1,gax1,gay1,gaz1,bax2,bay2,baz2,bgx2,bgy2,bgz2,gax2,gay2,gaz2,bax3,bay3,baz3,bgx3,bgy3,bgz3,gax3,gay3,gaz3,bax4,bay4,baz4,bgx4,bgy4,bgz4,gax4,gay4,gaz4
0.291611158384,-0.11358254896,-0.0392153263385,-0.0895372912556,-0.126281855429,0.0342582740265,-0.597778573454,0.536324720531,0.912364642683,0.192204207357,-0.0857875912008,-0.0402124428934,-0.0161225492066,-0.0530334743763,0.0285770706368,-0.612497910899,0.502346490373,0.9475830158,0.21310993009,-0.0456971485652,-0.107095589592,0.0118225867055,-0.0301780635266,0.0971969040061,-0.626585352829,0.472302038172,0.954327875704,0.261580719326,-0.0309582977202,-0.123088325582,0.00494428976656,-0.0942634921992,0.128437087346,-0.669862670287,0.465955408011,0.979068861609,0.293319156805,-0.0130982247944,-0.118402241492,0.00182418273826,-0.0898825111491,0.0877540601663,-0.676826322201,0.437090524084,0.973920406779
