bax0,bay0,baz0,bgx0,bgy0,bgz0,gax0,gay0,gaz0,bax1,bay1,baz1,bgx1,bgy1,bgz1,gax1,gay1,gaz1,bax2,bay2,baz2,bgx2,bgy2,bgz2,gax2,gay2,gaz2,bax3,bay3,baz3,bgx3,bgy3,bgz3,gax3,gay3,gaz3,bax4,bay4,baz4,bgx4,bgy4,bgz4,gax4,gay4,gaz4
0.306727673885,-0.0238026069762,-0.117383569204,-0.0323727050155,-0.0751710302338,0.104553780539,-0.707496179919,0.447074387723,0.968818069253,0.315045405059,-0.00653128992418,-0.117298726557,-0.0275511838714,-0.0743998158135,0.0867615822027,-0.697961913372,0.445204498887,0.973729943289,0.284910936757,-0.0230882166881,-0.113902788212,-0.0240624372113,-0.0966904921557,0.0991390140347,-0.704636122267,0.442461657796,0.972034797469,0.569422852708,0.0505564121393,-0.155744174873,-0.00339502975039,-0.0687523762009,0.301124473472,-0.705885956283,0.441006249021,0.974013576517,0.336931092662,0.0316021441283,-0.153163888701,0.00260564949465,-0.0502149501925,0.0442349081522,-0.629197110867,0.483735617599,0.952108787279
