bax0,bay0,baz0,bgx0,bgy0,bgz0,gax0,gay0,gaz0,bax1,bay1,baz1,bgx1,bgy1,bgz1,gax1,gay1,gaz1,bax2,bay2,baz2,bgx2,bgy2,bgz2,gax2,gay2,gaz2,bax3,bay3,baz3,bgx3,bgy3,bgz3,gax3,gay3,gaz3,bax4,bay4,baz4,bgx4,bgy4,bgz4,gax4,gay4,gaz4
0.0713251215187,-0.0212072297396,-0.0951552925742,-0.0425385211347,-0.0874095476324,-0.147213269644,-0.609357864365,0.529516648863,0.910703781645,0.257807687167,-0.00661562326338,-0.122237321179,-0.0523685907499,-0.113829092658,0.0715327731364,-0.634052167759,0.509077803341,0.947877249853,0.240108013224,0.0339227084054,-0.184183490118,0.219141983632,-0.371668189067,0.735896758943,-0.343816403757,0.717838794885,0.757059475498,0.420546481294,-0.0146372702539,-0.194243695824,0.105988816472,-0.313080366358,0.447823516051,-0.38036629727,0.76569433013,0.723587677697,0.220994683589,-0.0258695982541,-0.075380110439,0.0144810428976,-0.192075249259,0.228711981994,-0.283932618836,0.77950626267,0.707253474618
