bax0,bay0,baz0,bgx0,bgy0,bgz0,gax0,gay0,gaz0,bax1,bay1,baz1,bgx1,bgy1,bgz1,gax1,gay1,gaz1,bax2,bay2,baz2,bgx2,bgy2,bgz2,gax2,gay2,gaz2,bax3,bay3,baz3,bgx3,bgy3,bgz3,gax3,gay3,gaz3,bax4,bay4,baz4,bgx4,bgy4,bgz4,gax4,gay4,gaz4
0.287732645288,-0.0129940836139,-0.115481434173,-0.0275845354069,-0.141794913018,0.110713390359,-0.345001126596,0.773788517233,0.716293073597,0.298530005904,-0.0109598444628,-0.126827646592,-0.0483898892279,-0.0816090630583,0.0849342406326,-0.347496090007,0.776712661406,0.725498999694,0.305975192303,-0.0177160051906,-0.121222598889,-0.0345645692278,-0.0975520238377,0.0872932483132,-0.338465744619,0.776268929721,0.707435626533,0.366893047729,-0.0126136921567,-0.128401618636,-0.0325700898987,-0.0897431929391,0.0770302991177,-0.327838011587,0.782259393386,0.716906247865,0.302052665077,-0.0179212883116,-0.12000245088,-0.0362895964519,-0.0503093729299,0.0591972169813,-0.311253585078,0.782229498292,0.702761832164
