bax0,bay0,baz0,bgx0,bgy0,bgz0,gax0,gay0,gaz0,bax1,bay1,baz1,bgx1,bgy1,bgz1,gax1,gay1,gaz1,bax2,bay2,baz2,bgx2,bgy2,bgz2,gax2,gay2,gaz2,bax3,bay3,baz3,bgx3,bgy3,bgz3,gax3,gay3,gaz3,bax4,bay4,baz4,bgx4,bgy4,bgz4,gax4,gay4,gaz4
0.281093637885,-0.0145281588138,-0.12375473853,-0.0340670407678,-0.119942607887,0.109722089904,-0.349871298973,0.775766070614,0.715523737475,0.307482506903,-0.0123998724979,-0.134864270478,-0.0501733352081,-0.0869001707396,0.0760657624813,-0.343962313084,0.77441050768,0.711705070584,0.321712561488,-0.0154888185055,-0.115145741805,-0.0347788070318,-0.0938127854201,0.0837331368684,-0.338316297718,0.777302916991,0.716132936687,0.341717678056,-0.0110476102206,-0.136903891267,-0.0352031412149,-0.0733362397725,0.0715855722528,-0.337735173796,0.774710092009,0.709988011266,0.300034763479,-0.0146617926636,-0.127083845666,-0.0381103551497,-0.0575094366681,0.0657505209813,-0.312327380519,0.781817967749,0.699338851301
