bax0,bay0,baz0,bgx0,bgy0,bgz0,gax0,gay0,gaz0,bax1,bay1,baz1,bgx1,bgy1,bgz1,gax1,gay1,gaz1,bax2,bay2,baz2,bgx2,bgy2,bgz2,gax2,gay2,gaz2,bax3,bay3,baz3,bgx3,bgy3,bgz3,gax3,gay3,gaz3,bax4,bay4,baz4,bgx4,bgy4,bgz4,gax4,gay4,gaz4
0.269399431488,-0.0263177032354,-0.11283326728,-0.0289205137387,-0.0472752237564,0.0741504127376,-0.308008527084,0.784247866716,0.711515869075,0.245303345024,-0.0198137436453,-0.103256551699,-0.0332487656831,-0.0438357218386,0.0774388908687,-0.322517377963,0.78332633452,0.696624533438,0.218717465249,-0.0215178199476,-0.0893699421084,-0.0352748650109,-0.0808868177267,0.0847069816174,-0.337669319707,0.778597067455,0.71491175811,0.249303632204,-0.0215446986679,-0.0998206857728,-0.0182771093015,-0.0914937476924,0.0935627563414,-0.363986525672,0.777652615797,0.721475993586,0.284649121339,-0.0187835462085,-0.11603128007,-0.0283406808367,-0.0939899349833,0.101608049375,-0.362427277235,0.763830330303,0.723500573568
