bax0,bay0,baz0,bgx0,bgy0,bgz0,gax0,gay0,gaz0,bax1,bay1,baz1,bgx1,bgy1,bgz1,gax1,gay1,gaz1,bax2,bay2,baz2,bgx2,bgy2,bgz2,gax2,gay2,gaz2,bax3,bay3,baz3,bgx3,bgy3,bgz3,gax3,gay3,gaz3,bax4,bay4,baz4,bgx4,bgy4,bgz4,gax4,gay4,gaz4
0.266852960524,-0.0255884940098,-0.110339105598,-0.0320578348084,-0.0556606812925,0.0765654358513,-0.307269557333,0.781609905858,0.701457553708,0.249588890286,-0.0205355211737,-0.111668824331,-0.0359829902856,-0.0586134190956,0.0762381879302,-0.318286285188,0.78114074347,0.69956313422,0.233801496334,-0.016592435688,-0.0844844289468,-0.0349591059737,-0.0671537817492,0.0958410577939,-0.333816906068,0.774554552531,0.700247892047,0.253421186697,-0.0262159034389,-0.0980875208696,-0.0204538731058,-0.0860431267623,0.0988685311352,-0.345056643545,0.774056626771,0.718129853916,0.300872935714,-0.0178955180643,-0.114940893679,-0.0280934787034,-0.0915064313935,0.100211054136,-0.37129997801,0.770480818176,0.722172342705
