bax0,bay0,baz0,bgx0,bgy0,bgz0,gax0,gay0,gaz0,bax1,bay1,baz1,bgx1,bgy1,bgz1,gax1,gay1,gaz1,bax2,bay2,baz2,bgx2,bgy2,bgz2,gax2,gay2,gaz2,bax3,bay3,baz3,bgx3,bgy3,bgz3,gax3,gay3,gaz3,bax4,bay4,baz4,bgx4,bgy4,bgz4,gax4,gay4,gaz4
0.255051792427,-0.022487682747,-0.10256060306,-0.0323441019899,-0.0532648373476,0.0818130551652,-0.317183056167,0.783514031862,0.699619474918,0.260100344071,-0.0224896081192,-0.0979362359254,-0.0333365602278,-0.0547160794132,0.0698581606637,-0.321073166554,0.780646300241,0.708065092438,0.235524533331,-0.0270080639319,-0.0864658772857,-0.0350275751687,-0.0685703671644,0.0896772359461,-0.342742929662,0.780531120238,0.708333601858,0.253636998727,-0.0253628453073,-0.102492482462,-0.0225904112187,-0.0948403266003,0.0962702671816,-0.359455568535,0.778044251763,0.717876578486,0.285718378168,-0.0137749249987,-0.116628853855,-0.0280018265062,-0.0909258490581,0.0941683207168,-0.369676152477,0.774703883078,0.71596036776
