bax0,bay0,baz0,bgx0,bgy0,bgz0,gax0,gay0,gaz0,bax1,bay1,baz1,bgx1,bgy1,bgz1,gax1,gay1,gaz1,bax2,bay2,baz2,bgx2,bgy2,bgz2,gax2,gay2,gaz2,bax3,bay3,baz3,bgx3,bgy3,bgz3,gax3,gay3,gaz3,bax4,bay4,baz4,bgx4,bgy4,bgz4,gax4,gay4,gaz4
0.273308824709,-0.0771142301749,-0.0526139254359,0.0351014041273,-0.489760462547,0.456812396608,-0.385224546273,0.495536402028,0.944227774916,0.369330423523,-0.0229294309677,-0.120292614019,0.0227961840625,-0.283950232125,0.273746247914,-0.413107809103,0.4564005545,0.970523077329,0.242856122567,-0.0227361904391,-0.10300902431,0.00307661998358,-0.156479079633,0.140924614163,-0.38052959091,0.427456589123,0.979412217593,0.27318720869,-0.0359355080385,-0.0988356153145,-0.0218428299494,-0.0576430700832,0.104133477986,-0.381123080147,0.42678199871,0.963708818917,0.288706462195,-0.0209011150699,-0.11862146741,-0.0412941353019,-0.0795282852448,0.062464155562,-0.391565614807,0.423365348755,0.969980067251
