bax0,bay0,baz0,bgx0,bgy0,bgz0,gax0,gay0,gaz0,bax1,bay1,baz1,bgx1,bgy1,bgz1,gax1,gay1,gaz1,bax2,bay2,baz2,bgx2,bgy2,bgz2,gax2,gay2,gaz2,bax3,bay3,baz3,bgx3,bgy3,bgz3,gax3,gay3,gaz3,bax4,bay4,baz4,bgx4,bgy4,bgz4,gax4,gay4,gaz4
0.277267659458,-0.0826537242528,-0.0411407373305,0.0418512930228,-0.501391610419,0.447498874632,-0.392966912211,0.472980190218,0.943036466919,0.357052217037,-0.0460158009081,-0.116860906327,0.0343871389299,-0.342533501767,0.293099213341,-0.399476894762,0.462835407297,0.972185024837,0.243112985978,-0.0193317522419,-0.114598277969,-0.00682826027543,-0.16166715597,0.141143147563,-0.370677495658,0.444166108644,0.971734461818,0.274634226611,-0.0223034988234,-0.105390878285,-0.0218758305023,-0.119594348743,0.100883071155,-0.391680355147,0.434392966487,0.981386431562,0.287862967043,-0.0321596082084,-0.117316987502,-0.0538340206582,-0.0523449151794,0.0653427608183,-0.404249669524,0.423559928596,0.982515734968
