bax0,bay0,baz0,bgx0,bgy0,bgz0,gax0,gay0,gaz0,bax1,bay1,baz1,bgx1,bgy1,bgz1,gax1,gay1,gaz1,bax2,bay2,baz2,bgx2,bgy2,bgz2,gax2,gay2,gaz2,bax3,bay3,baz3,bgx3,bgy3,bgz3,gax3,gay3,gaz3,bax4,bay4,baz4,bgx4,bgy4,bgz4,gax4,gay4,gaz4
0.303840073861,-0.0172771331214,-0.119923945763,-0.0280401175397,-0.0741401532762,0.0901298088936,-0.400326318243,0.407196618358,0.991323048558,0.287473988559,-0.0165366510809,-0.114959345435,-0.0296116306852,-0.0685992401468,0.0907370220141,-0.39291848456,0.405363093784,0.990852289691,0.278075081519,-0.0168075735268,-0.116449689371,-0.0273444059936,-0.0839908578557,0.0918910679488,-0.398218667352,0.405769141408,0.990374960817,0.277760261993,-0.0190178028476,-0.105316180006,-0.0338994699063,-0.0740587847681,0.0874449131425,-0.397274584224,0.404081984141,0.989728193124,0.312174289098,-0.017128926762,-0.111705512114,-0.0258548742861,-0.103957631043,0.0831014061541,-0.401459825201,0.402660410881,0.990503235153
