bax0,bay0,baz0,bgx0,bgy0,bgz0,gax0,gay0,gaz0,bax1,bay1,baz1,bgx1,bgy1,bgz1,gax1,gay1,gaz1,bax2,bay2,baz2,bgx2,bgy2,bgz2,gax2,gay2,gaz2,bax3,bay3,baz3,bgx3,bgy3,bgz3,gax3,gay3,gaz3,bax4,bay4,baz4,bgx4,bgy4,bgz4,gax4,gay4,gaz4
0.288408883209,-0.0266670946606,-0.111903522396,0.197943622909,-0.243473200219,0.379582416251,-0.380756293433,0.525628647001,0.936261007791,0.324897161244,-0.02701916299,-0.0958001308805,0.0859282520968,-0.223769872093,0.225347514076,-0.394516623085,0.507186756402,0.935740561922,0.28214646648,-0.0232806102603,-0.105162087719,0.000717364243555,-0.156324945451,0.119872264276,-0.378677480801,0.499397696424,0.939269193719,0.303085979002,-0.0209143258137,-0.11548422657,-0.0551162032628,-0.109692409211,0.07725037212,-0.376681109865,0.503939220679,0.945032744031,0.300955134371,-0.0160058110879,-0.108578193575,-0.0261337688509,-0.0950087801805,0.0800472174147,-0.378485888575,0.505826675981,0.941840686724
