bax0,bay0,baz0,bgx0,bgy0,bgz0,gax0,gay0,gaz0,bax1,bay1,baz1,bgx1,bgy1,bgz1,gax1,gay1,gaz1,bax2,bay2,baz2,bgx2,bgy2,bgz2,gax2,gay2,gaz2,bax3,bay3,baz3,bgx3,bgy3,bgz3,gax3,gay3,gaz3,bax4,bay4,baz4,bgx4,bgy4,bgz4,gax4,gay4,gaz4
0.272829517314,-0.0201677282318,-0.102748315668,-0.0367142014423,-0.0768235980301,0.0813110620272,-0.377095403523,0.494105599292,0.939517204407,0.299645788909,-0.00629776850654,-0.130568847931,-0.0344484987681,-0.0606816160745,0.0830880299999,-0.373413510206,0.498604561619,0.945494742706,0.268349400127,-0.0142124101867,-0.112365548964,-0.0389928868439,-0.0506322642578,0.0805571282743,-0.377754858853,0.500575263841,0.941284126561,0.279790299541,-0.0222020411808,-0.10984560638,-0.0350108321222,-0.0747139977178,0.0874214827637,-0.383755801463,0.497752552365,0.941326267668,0.290703801373,-0.0219914805866,-0.110034067104,-0.0312348367873,-0.0781203606459,0.0917806797896,-0.390063835104,0.497798654725,0.944631300644
