bax0,bay0,baz0,bgx0,bgy0,bgz0,gax0,gay0,gaz0,bax1,bay1,baz1,bgx1,bgy1,bgz1,gax1,gay1,gaz1,bax2,bay2,baz2,bgx2,bgy2,bgz2,gax2,gay2,gaz2,bax3,bay3,baz3,bgx3,bgy3,bgz3,gax3,gay3,gaz3,bax4,bay4,baz4,bgx4,bgy4,bgz4,gax4,gay4,gaz4
0.274459231246,-0.0214225079825,-0.111133821572,-0.035791939826,-0.0829174401104,0.0678300503392,-0.383519417065,0.497523700142,0.945536342122,0.293031447667,-0.00910049375354,-0.121483623068,-0.0373240026001,-0.0622465439772,0.0860203007623,-0.37866852028,0.496333454631,0.943295530419,0.269432323879,-0.0122662424425,-0.107136191277,-0.0372297300237,-0.0555657949218,0.0872709486534,-0.377279695378,0.501130624596,0.945549189101,0.277954998384,-0.0230286013545,-0.1078194954,-0.0348658179817,-0.0719686844097,0.0918247710454,-0.380000143569,0.499504782614,0.942480034972,0.287033436111,-0.01845561679,-0.114216897449,-0.0319666962682,-0.0752892216923,0.0987212286846,-0.386904631645,0.490105040677,0.943681699069
