bax0,bay0,baz0,bgx0,bgy0,bgz0,gax0,gay0,gaz0,bax1,bay1,baz1,bgx1,bgy1,bgz1,gax1,gay1,gaz1,bax2,bay2,baz2,bgx2,bgy2,bgz2,gax2,gay2,gaz2,bax3,bay3,baz3,bgx3,bgy3,bgz3,gax3,gay3,gaz3,bax4,bay4,baz4,bgx4,bgy4,bgz4,gax4,gay4,gaz4
0.294319503045,-0.0208430516235,-0.113804916058,-0.0297651234474,-0.0849903627487,0.0886447370319,-0.390025138408,0.492735103147,0.945979455372,0.298853136069,-0.0166210645647,-0.113765622181,-0.0260402019963,-0.0823390472288,0.0913223676156,-0.390552666371,0.493310168508,0.947918484823,0.304271805136,-0.018896047467,-0.112743671445,-0.0223801957425,-0.0872880580808,0.093360847094,-0.393187203049,0.492300445412,0.948943223526,0.309888298006,-0.0163774829628,-0.111189646603,-0.0265760542429,-0.0823548626387,0.0897225039504,-0.392701880886,0.492472623422,0.945152827622,0.284791240096,-0.0191788820291,-0.112331199991,-0.0321151713926,-0.07449559126,0.0893330639907,-0.385005733399,0.491094050745,0.946420736381
