bax0,bay0,baz0,bgx0,bgy0,bgz0,gax0,gay0,gaz0,bax1,bay1,baz1,bgx1,bgy1,bgz1,gax1,gay1,gaz1,bax2,bay2,baz2,bgx2,bgy2,bgz2,gax2,gay2,gaz2,bax3,bay3,baz3,bgx3,bgy3,bgz3,gax3,gay3,gaz3,bax4,bay4,baz4,bgx4,bgy4,bgz4,gax4,gay4,gaz4
0.290852279037,-0.0189974941987,-0.111749418608,-0.0278588554523,-0.0818870209831,0.0908281457062,-0.389900400371,0.494234015856,0.943151570362,0.29952871677,-0.0174444696065,-0.117867703672,-0.0293363940234,-0.0841409903604,0.0913545579184,-0.391027249833,0.494616110821,0.947075857453,0.308700863428,-0.0172243202964,-0.114056383056,-0.0287612524426,-0.0994644648715,0.0961949739646,-0.391761494161,0.488808950788,0.946605267089,0.316604190541,-0.015045360964,-0.113572389803,-0.0306627463129,-0.0800170887836,0.0889695861726,-0.386629098799,0.493688486556,0.946227279003,0.289361732791,-0.0216065742165,-0.112801654502,-0.0328868860306,-0.0697673796092,0.0882442731861,-0.382445794667,0.491515255426,0.946049957018
