bax0,bay0,baz0,bgx0,bgy0,bgz0,gax0,gay0,gaz0,bax1,bay1,baz1,bgx1,bgy1,bgz1,gax1,gay1,gaz1,bax2,bay2,baz2,bgx2,bgy2,bgz2,gax2,gay2,gaz2,bax3,bay3,baz3,bgx3,bgy3,bgz3,gax3,gay3,gaz3,bax4,bay4,baz4,bgx4,bgy4,bgz4,gax4,gay4,gaz4
0.291913361535,-0.0205441308411,-0.111035797987,-0.0258908546807,-0.074482096747,0.0926209126615,-0.389654112597,0.493394513467,0.946184493095,0.291018264637,-0.0203603846586,-0.113956009842,-0.0301585812905,-0.0702999197171,0.0922769481334,-0.391222757995,0.491385987029,0.949240621649,0.291207364676,-0.0198272537653,-0.111212475254,-0.0249141343091,-0.0857490497623,0.0921274519951,-0.391549171748,0.490472032261,0.948536107559,0.313827724013,-0.0156787556788,-0.114847447534,-0.025566173161,-0.0771229396697,0.0911261439568,-0.384106329098,0.489916565307,0.945683192865,0.29367642018,-0.0181933386657,-0.116812857042,-0.0305144324033,-0.0769498990389,0.0871665181064,-0.384417144308,0.492194090508,0.947101548333
