bax0,bay0,baz0,bgx0,bgy0,bgz0,gax0,gay0,gaz0,bax1,bay1,baz1,bgx1,bgy1,bgz1,gax1,gay1,gaz1,bax2,bay2,baz2,bgx2,bgy2,bgz2,gax2,gay2,gaz2,bax3,bay3,baz3,bgx3,bgy3,bgz3,gax3,gay3,gaz3,bax4,bay4,baz4,bgx4,bgy4,bgz4,gax4,gay4,gaz4
0.306579867648,-0.0295854033076,-0.103687869533,0.0274576150986,-0.142116816401,0.122593982181,-0.432583490438,0.485444839917,0.945407756274,0.259678370064,-0.0292076095657,-0.0973007507802,-0.0163692049586,-0.084012519726,0.0622967802569,-0.433629025685,0.47948069054,0.960244129701,0.282706781761,-0.0230570218823,-0.107343427153,-0.0248793812488,-0.0884609371918,0.0488623628377,-0.448888235741,0.470496472839,0.963026735694,0.304583899865,-0.0229911676036,-0.115567038122,-0.0372152909332,-0.0771422347708,0.0576455675493,-0.447717828286,0.470247475876,0.964911734161,0.3231484652,-0.0169592021279,-0.114304192918,-0.0281773291186,-0.0653265329244,0.0708305424771,-0.449136876971,0.467125374504,0.966368954808
