bax0,bay0,baz0,bgx0,bgy0,bgz0,gax0,gay0,gaz0,bax1,bay1,baz1,bgx1,bgy1,bgz1,gax1,gay1,gaz1,bax2,bay2,baz2,bgx2,bgy2,bgz2,gax2,gay2,gaz2,bax3,bay3,baz3,bgx3,bgy3,bgz3,gax3,gay3,gaz3,bax4,bay4,baz4,bgx4,bgy4,bgz4,gax4,gay4,gaz4
0.294585219461,-0.0203278639465,-0.111363591938,-0.0333784883304,-0.0837518732656,0.0929410208548,-0.430318018069,0.46766704396,0.962866077525,0.309607501215,-0.0171339689086,-0.107304681365,-0.0274860864529,-0.0759837051588,0.0860632088161,-0.418927177278,0.463912118661,0.961961559961,0.305769539779,-0.0213999975548,-0.110823056907,-0.0302150819603,-0.0841457813133,0.0920742623622,-0.422961204928,0.463582478161,0.964227015409,0.309643713587,-0.01748554563,-0.122527525121,-0.0289932979637,-0.0691561582219,0.091889643892,-0.415641066004,0.464638418889,0.963678138088,0.300108097092,-0.0174392205282,-0.114002957305,-0.0282163656155,-0.0667911695003,0.0845799894036,-0.403701138299,0.465089423446,0.961772988005
