bax0,bay0,baz0,bgx0,bgy0,bgz0,gax0,gay0,gaz0,bax1,bay1,baz1,bgx1,bgy1,bgz1,gax1,gay1,gaz1,bax2,bay2,baz2,bgx2,bgy2,bgz2,gax2,gay2,gaz2,bax3,bay3,baz3,bgx3,bgy3,bgz3,gax3,gay3,gaz3,bax4,bay4,baz4,bgx4,bgy4,bgz4,gax4,gay4,gaz4
0.303293046103,-0.0208360622713,-0.109431417264,-0.0313373433124,-0.0865834317183,0.0796644152822,-0.438992344296,0.46566548021,0.962215065868,0.313256081112,-0.021277470398,-0.109610659362,-0.030004596345,-0.0838659903071,0.0873493341821,-0.433309473405,0.465260458626,0.965604393571,0.304574912825,-0.0196226070896,-0.112383153405,-0.0294628830067,-0.0794592966782,0.0879229158753,-0.428603380685,0.462678914332,0.965636548186,0.308229415698,-0.0138214976044,-0.115511558284,-0.0286645319888,-0.0671101043221,0.0975790692589,-0.422157379952,0.464371863993,0.963754740658,0.305117146838,-0.016111217904,-0.114935388872,-0.0250293999482,-0.064052390791,0.0932106674977,-0.409243663197,0.466835616989,0.962266853227
