bax0,bay0,baz0,bgx0,bgy0,bgz0,gax0,gay0,gaz0,bax1,bay1,baz1,bgx1,bgy1,bgz1,gax1,gay1,gaz1,bax2,bay2,baz2,bgx2,bgy2,bgz2,gax2,gay2,gaz2,bax3,bay3,baz3,bgx3,bgy3,bgz3,gax3,gay3,gaz3,bax4,bay4,baz4,bgx4,bgy4,bgz4,gax4,gay4,gaz4
0.314139065673,-0.0182149803495,-0.113495191606,-0.0270324595606,-0.135159329576,0.0920251156324,-0.4344141376,0.460407585998,0.965723147998,0.27546301711,-0.01868089037,-0.112925737425,-0.0289821019151,-0.0556874212357,0.0916633115161,-0.43079289715,0.459593787395,0.967031793651,0.307994096215,-0.0176447903379,-0.115434625937,-0.024790471878,-0.0734939074638,0.09173512184,-0.429547301823,0.460193732497,0.965402340221,0.292553811755,-0.0179908252161,-0.117507501773,-0.0271635136044,-0.0730714388614,0.0910661368319,-0.430471790237,0.462639501087,0.965803759243,0.310500736614,-0.0206114742197,-0.112337813714,-0.0313674582608,-0.0794058472651,0.0928856785742,-0.43297069011,0.460481279493,0.96695708108
