bax0,bay0,baz0,bgx0,bgy0,bgz0,gax0,gay0,gaz0,bax1,bay1,baz1,bgx1,bgy1,bgz1,gax1,gay1,gaz1,bax2,bay2,baz2,bgx2,bgy2,bgz2,gax2,gay2,gaz2,bax3,bay3,baz3,bgx3,bgy3,bgz3,gax3,gay3,gaz3,bax4,bay4,baz4,bgx4,bgy4,bgz4,gax4,gay4,gaz4
0.312801335915,-0.0211457507503,-0.114480345452,-0.027454135264,-0.130012493934,0.0913628476622,-0.437841564335,0.463267197594,0.966843522329,0.287456698227,-0.0179987000195,-0.111405443859,-0.0363969110996,-0.0834463431805,0.0921342602614,-0.432701172122,0.462043490478,0.964476518225,0.294026957495,-0.0180899800682,-0.118473108415,-0.0283076236955,-0.0600941289127,0.0935494687487,-0.429735212267,0.46040713938,0.965796799219,0.295127060551,-0.0137857062737,-0.111819326069,-0.0318452653196,-0.0747955822383,0.0934526331911,-0.428100899337,0.462777497762,0.966510402669,0.302289974544,-0.0183801252122,-0.104071215378,-0.0343036707416,-0.0881183071212,0.0897265634956,-0.430325120549,0.461660104626,0.966500861769
