bax0,bay0,baz0,bgx0,bgy0,bgz0,gax0,gay0,gaz0,bax1,bay1,baz1,bgx1,bgy1,bgz1,gax1,gay1,gaz1,bax2,bay2,baz2,bgx2,bgy2,bgz2,gax2,gay2,gaz2,bax3,bay3,baz3,bgx3,bgy3,bgz3,gax3,gay3,gaz3,bax4,bay4,baz4,bgx4,bgy4,bgz4,gax4,gay4,gaz4
0.303563731265,-0.0241523352918,-0.113174113199,-0.0427706629405,-0.0767932073154,0.0657374324746,-0.448729554432,0.442568838898,0.977331469406,0.303753525986,-0.0171638717537,-0.109594308259,-0.0375821534076,-0.0628786124099,0.0775044706881,-0.450646459396,0.44051352118,0.979721460948,0.306540952894,-0.0158050469302,-0.113724725596,-0.035335453421,-0.0740474020814,0.0823763067107,-0.4416711976,0.433751702962,0.980418854756,0.315063331451,-0.0174182313106,-0.115290378697,-0.0311932916656,-0.0633213434992,0.0844258919531,-0.434061632138,0.43462992212,0.978030746478,0.294163177144,-0.0131072845262,-0.110661452585,-0.0294323873161,-0.0638992467026,0.0836067460691,-0.422519218447,0.434203053454,0.978335282675
