bax0,bay0,baz0,bgx0,bgy0,bgz0,gax0,gay0,gaz0,bax1,bay1,baz1,bgx1,bgy1,bgz1,gax1,gay1,gaz1,bax2,bay2,baz2,bgx2,bgy2,bgz2,gax2,gay2,gaz2,bax3,bay3,baz3,bgx3,bgy3,bgz3,gax3,gay3,gaz3,bax4,bay4,baz4,bgx4,bgy4,bgz4,gax4,gay4,gaz4
0.297700436942,-0.0137869791727,-0.115669604605,-0.0253236860757,-0.0724967498683,0.0906228707289,-0.422357779509,0.435911424263,0.979490158156,0.292864860946,-0.0168602598515,-0.113463437994,-0.0273596656804,-0.0779582859986,0.0908478912583,-0.426239333995,0.433650975717,0.977765397489,0.286366504124,-0.0155044099245,-0.114177154235,-0.0358137146115,-0.071660898024,0.0838250229808,-0.423388963021,0.433451140235,0.978788295521,0.276810647486,-0.0189082671483,-0.112265674027,-0.0315147546967,-0.0713796999141,0.0911732807285,-0.433346659645,0.436051006195,0.979520322574,0.269978299292,-0.020676093567,-0.114229456979,-0.0293380280823,-0.0759829090523,0.0954499249407,-0.434345288368,0.436435363635,0.981720002064
