bax0,bay0,baz0,bgx0,bgy0,bgz0,gax0,gay0,gaz0,bax1,bay1,baz1,bgx1,bgy1,bgz1,gax1,gay1,gaz1,bax2,bay2,baz2,bgx2,bgy2,bgz2,gax2,gay2,gaz2,bax3,bay3,baz3,bgx3,bgy3,bgz3,gax3,gay3,gaz3,bax4,bay4,baz4,bgx4,bgy4,bgz4,gax4,gay4,gaz4
0.287179963546,-0.0186520577622,-0.114767327864,-0.025761739235,-0.0710297393809,0.0922509722024,-0.426001967625,0.435622730213,0.980518264806,0.289758968691,-0.017198005462,-0.116851338392,-0.0275685072043,-0.0813543099059,0.0903770259091,-0.424120758962,0.435872171456,0.979135232031,0.283146401301,-0.0149350729253,-0.106956951212,-0.0272446022988,-0.0658374263538,0.0873585900259,-0.42206511156,0.435954483986,0.978549892559,0.279745078251,-0.0172687264195,-0.108783037333,-0.0295609001851,-0.0672234284501,0.0889861786812,-0.429841438667,0.437405887108,0.982287678614,0.279288267523,-0.0193695105967,-0.112017790942,-0.0324170763871,-0.0804221157991,0.092340698813,-0.434292369976,0.435245751498,0.978493247327
