bax0,bay0,baz0,bgx0,bgy0,bgz0,gax0,gay0,gaz0,bax1,bay1,baz1,bgx1,bgy1,bgz1,gax1,gay1,gaz1,bax2,bay2,baz2,bgx2,bgy2,bgz2,gax2,gay2,gaz2,bax3,bay3,baz3,bgx3,bgy3,bgz3,gax3,gay3,gaz3,bax4,bay4,baz4,bgx4,bgy4,bgz4,gax4,gay4,gaz4
0.307903963738,0.140234848019,-0.113633651379,0.315959740528,-0.106647913632,0.366290157528,-1.00230343963,-0.0541227354781,1.01240148893,0.453444451179,0.511121820319,-0.291268474062,0.351174293591,-0.160440584219,0.378926737409,-0.978126554115,0.0433053057379,0.98685693164,0.713472513034,0.643949022683,-0.597563161953,0.117767165914,-0.132166754437,0.306208738128,-0.922813405224,0.336510714915,0.950069253836,0.177100072245,-0.048240379731,0.0872631795583,0.144418135801,0.0905714906127,0.539659683241,-0.333946734241,0.90305845081,0.330545209596,0.44726614814,-0.0311527708062,-0.118704745825,0.0985485660562,-0.000460839089343,0.34034974289,-0.329970011912,0.884756203481,0.448455524021
