bax0,bay0,baz0,bgx0,bgy0,bgz0,gax0,gay0,gaz0,bax1,bay1,baz1,bgx1,bgy1,bgz1,gax1,gay1,gaz1,bax2,bay2,baz2,bgx2,bgy2,bgz2,gax2,gay2,gaz2,bax3,bay3,baz3,bgx3,bgy3,bgz3,gax3,gay3,gaz3,bax4,bay4,baz4,bgx4,bgy4,bgz4,gax4,gay4,gaz4
0.283633812694,0.100499165846,-0.156494252523,0.339911607146,-0.138633993114,0.338563689848,-0.989473081379,-0.0672114539354,0.94359716011,0.493319848515,0.489718562942,-0.249278909606,0.355318267104,-0.131793692787,0.369475672954,-0.98263397563,0.0581240592901,0.992253805716,0.681630255161,0.570218055225,-0.599806133465,0.15969755473,-0.127039266663,0.311902202995,-0.917918606312,0.309647302401,0.950942676123,0.189299202644,-0.0418130249407,0.0734816153283,0.1671910794,0.102550661951,0.546731053935,-0.320743210604,0.9288465593,0.324312975531,0.357035644741,-0.00222330324675,-0.104215573028,0.134043959779,0.018255422934,0.346570483986,-0.340102371348,0.944570353297,0.420229006423
