bax0,bay0,baz0,bgx0,bgy0,bgz0,gax0,gay0,gaz0,bax1,bay1,baz1,bgx1,bgy1,bgz1,gax1,gay1,gaz1,bax2,bay2,baz2,bgx2,bgy2,bgz2,gax2,gay2,gaz2,bax3,bay3,baz3,bgx3,bgy3,bgz3,gax3,gay3,gaz3,bax4,bay4,baz4,bgx4,bgy4,bgz4,gax4,gay4,gaz4
0.272329677131,-0.0188558778493,-0.100101151661,0.0506324805199,-0.0721235473238,0.169507458429,-0.291723495848,0.954145041431,0.42893297907,0.285135089438,-0.0179928004581,-0.103880744377,-0.000382250612417,-0.0857616622748,0.055620282556,-0.294177659836,0.952115597515,0.429167921549,0.27901745359,-0.0215697074254,-0.111984873659,-0.0289351915096,-0.119641185145,0.0641315689235,-0.290611243812,0.953227156953,0.42596822062,0.295625023555,-0.0210479881959,-0.105935059163,-0.0267265875346,-0.104119034358,0.0596019422784,-0.294776134859,0.954173767589,0.426780058917,0.290856705408,-0.0191020903451,-0.106775307369,-0.0525652166274,-0.0860037925834,0.0845313030536,-0.299362684474,0.954272315023,0.430454208346
