bax0,bay0,baz0,bgx0,bgy0,bgz0,gax0,gay0,gaz0,bax1,bay1,baz1,bgx1,bgy1,bgz1,gax1,gay1,gaz1,bax2,bay2,baz2,bgx2,bgy2,bgz2,gax2,gay2,gaz2,bax3,bay3,baz3,bgx3,bgy3,bgz3,gax3,gay3,gaz3,bax4,bay4,baz4,bgx4,bgy4,bgz4,gax4,gay4,gaz4
0.257030892415,-0.0159864832229,-0.0937732581964,0.0292498807012,-0.0647819608435,0.235892581582,-0.236186805478,0.846998812682,0.608023442018,0.243498163268,-0.0297165824206,-0.0806588585349,-0.0152524593642,-0.0962070384912,0.098410702294,-0.257973560268,0.841737137274,0.604501792808,0.276341714282,-0.0337842039467,-0.0957457704937,-0.0127397503385,-0.115933503432,0.0664477023415,-0.272037681046,0.835796676555,0.629447749913,0.314455629988,-0.0197442936692,-0.121796197967,-0.0240614889696,-0.0850537372442,0.0394494035332,-0.260696742923,0.831500938989,0.632591605154,0.207902193407,-0.0279742514901,-0.0851740410724,-0.0811204397892,0.00754386411323,0.00251467990275,-0.256246827175,0.82993571943,0.62590043703
