bax0,bay0,baz0,bgx0,bgy0,bgz0,gax0,gay0,gaz0,bax1,bay1,baz1,bgx1,bgy1,bgz1,gax1,gay1,gaz1,bax2,bay2,baz2,bgx2,bgy2,bgz2,gax2,gay2,gaz2,bax3,bay3,baz3,bgx3,bgy3,bgz3,gax3,gay3,gaz3,bax4,bay4,baz4,bgx4,bgy4,bgz4,gax4,gay4,gaz4
-0.179974604761,-0.218284041509,0.164246618705,-0.21606006161,0.0609857154923,-0.088951995131,-0.292124169299,0.781150429035,0.664635279564,-0.303743439316,-0.530345270582,0.366875502667,-0.234991271772,-0.0302442477405,0.00977879630589,-0.503539230633,0.650874089899,0.802781690357,0.145853063888,-0.568467669042,0.0623498520755,-0.0840071158467,-0.171033507584,0.222520344456,-0.700522295716,0.355092129722,0.988399543696,0.272067612572,-0.453076075465,-0.180015385066,-0.0126099927274,-0.123635648495,0.173117517032,-0.731583509548,-0.0129473285071,1.06512229124,0.198722668827,-0.393209782123,-0.286904439313,0.0817028661686,-0.0682379367738,0.128497781916,-0.736239183802,-0.228015343925,1.04193544896
