bax0,bay0,baz0,bgx0,bgy0,bgz0,gax0,gay0,gaz0,bax1,bay1,baz1,bgx1,bgy1,bgz1,gax1,gay1,gaz1,bax2,bay2,baz2,bgx2,bgy2,bgz2,gax2,gay2,gaz2,bax3,bay3,baz3,bgx3,bgy3,bgz3,gax3,gay3,gaz3,bax4,bay4,baz4,bgx4,bgy4,bgz4,gax4,gay4,gaz4
0.217201985313,-0.0495274582099,-0.189162965649,0.220042615898,-0.133303657056,0.156216346357,-0.768244160171,-0.464976565248,0.908692144451,0.221793253292,0.212331910852,0.0375872308898,0.205269903038,-0.114700203119,0.110071338768,-0.779443693361,-0.486238420441,0.899618451126,0.25909745578,0.387060758977,-0.0092671629,0.124752584882,-0.117332024366,0.0737386779359,-0.811019080993,-0.354331766166,0.969977118474,0.314121270259,0.332442743244,-0.113973632836,0.0634834567191,-0.131176078166,0.109263391831,-0.814073983692,-0.0638763300783,1.03124135389,0.485674108041,0.387564515947,-0.274033788874,-0.0123180764611,-0.109218417008,0.159740559301,-0.800085775062,0.165373110861,1.04239524904
