bax0,bay0,baz0,bgx0,bgy0,bgz0,gax0,gay0,gaz0,bax1,bay1,baz1,bgx1,bgy1,bgz1,gax1,gay1,gaz1,bax2,bay2,baz2,bgx2,bgy2,bgz2,gax2,gay2,gaz2,bax3,bay3,baz3,bgx3,bgy3,bgz3,gax3,gay3,gaz3,bax4,bay4,baz4,bgx4,bgy4,bgz4,gax4,gay4,gaz4
0.208597228995,-0.0825350191032,-0.177414499622,0.219884444918,-0.120564448168,0.151934937345,-0.758470444303,-0.484950161552,0.934361308372,0.266248437553,0.236408023363,0.052153402797,0.20967585632,-0.103963356195,0.14350766953,-0.789344333332,-0.514954576211,0.917240144392,0.225569928579,0.407662459116,0.0427836345299,0.125550762383,-0.125386327772,0.0665429311696,-0.80663530243,-0.311157362983,0.997811311695,0.32984733217,0.372438159245,-0.119580156334,0.0253283364357,-0.150710859386,0.113022417898,-0.80672039948,-0.054758995535,1.02763017232,0.488702599742,0.40727100802,-0.266530833922,0.00357366520278,-0.117239615757,0.166237459745,-0.789933161074,0.107756094544,1.04371288157
