bax0,bay0,baz0,bgx0,bgy0,bgz0,gax0,gay0,gaz0,bax1,bay1,baz1,bgx1,bgy1,bgz1,gax1,gay1,gaz1,bax2,bay2,baz2,bgx2,bgy2,bgz2,gax2,gay2,gaz2,bax3,bay3,baz3,bgx3,bgy3,bgz3,gax3,gay3,gaz3,bax4,bay4,baz4,bgx4,bgy4,bgz4,gax4,gay4,gaz4
0.347355305725,0.0390087992142,-0.324548204754,0.185646436197,-0.00631690027118,0.483408966575,-0.233964786659,0.910309488552,0.504841596612,0.396370951733,0.0611357944837,-0.482766316702,0.14544362967,-0.0998236722724,0.278848069902,-0.222442181726,0.92164065713,0.406716581804,0.448967428072,0.0415747116196,-0.811526900061,0.176205437202,-0.189018148969,0.123733354832,-0.185445197358,0.970421677453,0.307334865219,0.356839117398,-0.0883918987895,-0.98885985849,0.0303552304816,-0.104664944235,0.0384233792397,-0.117790709422,0.985976044509,-0.0525003379301,0.257340390337,-0.100814170201,-0.467523708439,-0.14786214208,0.00459048190398,0.0208961988551,-0.119832942221,0.944187520448,-0.314204823099
