bax0,bay0,baz0,bgx0,bgy0,bgz0,gax0,gay0,gaz0,bax1,bay1,baz1,bgx1,bgy1,bgz1,gax1,gay1,gaz1,bax2,bay2,baz2,bgx2,bgy2,bgz2,gax2,gay2,gaz2,bax3,bay3,baz3,bgx3,bgy3,bgz3,gax3,gay3,gaz3,bax4,bay4,baz4,bgx4,bgy4,bgz4,gax4,gay4,gaz4
0.35124454038,0.0179448953029,-0.297136566319,0.195601817699,0.00640650407264,0.422289104583,-0.246141015919,0.892122400731,0.555557782871,0.412263711218,0.0710002458812,-0.453413875742,0.170730495247,-0.121854009197,0.294506549431,-0.236506475718,0.925707338621,0.490420284999,0.468468561955,0.0153592568204,-0.860691980765,0.20867120506,-0.179410280917,0.144852213686,-0.179793662121,0.970300503291,0.3180280413,0.347626724824,-0.0834964170991,-0.972560145508,0.0273470272489,-0.100349999714,0.0453473943784,-0.145615151217,0.997475437545,-0.0205288057341,0.26364221728,-0.0958262442633,-0.528223604764,-0.121174763671,0.0201339100186,0.00419751991429,-0.126645448139,0.934135155249,-0.367321218411
