bax0,bay0,baz0,bgx0,bgy0,bgz0,gax0,gay0,gaz0,bax1,bay1,baz1,bgx1,bgy1,bgz1,gax1,gay1,gaz1,bax2,bay2,baz2,bgx2,bgy2,bgz2,gax2,gay2,gaz2,bax3,bay3,baz3,bgx3,bgy3,bgz3,gax3,gay3,gaz3,bax4,bay4,baz4,bgx4,bgy4,bgz4,gax4,gay4,gaz4
0.279123711276,-0.0151121370738,-0.0713329045313,-0.199695180411,-0.0292154013782,0.0573163428827,-0.130444469929,0.894618198642,-0.461229028957,0.282731583974,-0.00945470020322,-0.10310753666,-0.153715602106,-0.0559736673157,0.0743345120305,-0.13429045324,0.887423949486,-0.4683662759,0.192795570673,0.0633708396696,0.407478598747,-0.290453447033,0.0277404703306,0.0227939371041,-0.117252577462,0.907542214631,-0.417278724205,-0.120723354714,0.0148855598391,1.00556154549,-0.255105891544,0.0944753877174,-0.023673939917,-0.13973547579,0.957946200709,-0.164367004902,-0.104300866658,-0.136058758966,0.752369725347,0.00692656335085,-0.112493790951,0.0767067411188,-0.309601980245,0.951627096794,0.236818070434
