bax0,bay0,baz0,bgx0,bgy0,bgz0,gax0,gay0,gaz0,bax1,bay1,baz1,bgx1,bgy1,bgz1,gax1,gay1,gaz1,bax2,bay2,baz2,bgx2,bgy2,bgz2,gax2,gay2,gaz2,bax3,bay3,baz3,bgx3,bgy3,bgz3,gax3,gay3,gaz3,bax4,bay4,baz4,bgx4,bgy4,bgz4,gax4,gay4,gaz4
0.22578337422,-0.104747694419,0.0741974214748,0.164938470617,-0.204150859064,0.174429029265,-0.427870427892,0.893362899653,0.563970583383,0.29280451403,-0.00865264928868,-0.135207964218,0.129539954363,-0.183469118121,0.179762775472,-0.457517737353,0.852769932178,0.655702117984,0.280424667427,0.0197710876527,-0.149883355915,0.0453848314549,-0.107879928148,0.12155994583,-0.464005238136,0.840408372238,0.65665706753,0.206534298862,-0.0559893088523,-0.0208100534924,-0.0126808843251,-0.0328915340741,0.0861472271063,-0.464641684253,0.851364899039,0.661462127606,0.211940022512,-0.0695554149221,0.0138588009365,-0.0222313950797,-0.0863293985453,0.113700035646,-0.491663725525,0.823754450781,0.673603349009
