bax0,bay0,baz0,bgx0,bgy0,bgz0,gax0,gay0,gaz0,bax1,bay1,baz1,bgx1,bgy1,bgz1,gax1,gay1,gaz1,bax2,bay2,baz2,bgx2,bgy2,bgz2,gax2,gay2,gaz2,bax3,bay3,baz3,bgx3,bgy3,bgz3,gax3,gay3,gaz3,bax4,bay4,baz4,bgx4,bgy4,bgz4,gax4,gay4,gaz4
-0.00175061279864,-0.0540106801841,-0.0743470353063,-0.0106796901543,-0.0993425431206,0.922953860386,-0.578272162646,0.819703150494,0.683859521392,0.313613114851,-0.0180101899718,-0.113994662456,0.0365265923297,-0.152566780851,0.582215593294,-0.699372813098,0.793562083877,0.703251903895,0.289502063274,-0.0164023655363,-0.118411265585,0.0156811722964,-0.120130721115,0.261568810141,-0.675472762376,0.785549102985,0.707837096072,0.257823611482,-0.023505332483,-0.11680329495,-0.000585181452976,-0.135333067232,0.137575907131,-0.672443788871,0.796088021388,0.710693551975,0.308704773564,-0.0215529447583,-0.110102783802,-0.0195213124814,-0.116898409182,0.0895198620248,-0.672108826839,0.79591040147,0.716467743239
