bax0,bay0,baz0,bgx0,bgy0,bgz0,gax0,gay0,gaz0,bax1,bay1,baz1,bgx1,bgy1,bgz1,gax1,gay1,gaz1,bax2,bay2,baz2,bgx2,bgy2,bgz2,gax2,gay2,gaz2,bax3,bay3,baz3,bgx3,bgy3,bgz3,gax3,gay3,gaz3,bax4,bay4,baz4,bgx4,bgy4,bgz4,gax4,gay4,gaz4
0.0316971978879,-0.053222912154,-0.0612058772775,0.0142402530936,-0.0971112596509,0.935226925007,-0.581859848775,0.809148179458,0.68871323117,0.330515288493,-0.0119624203936,-0.109159670454,0.0352340200884,-0.164506380541,0.573941162439,-0.676359501177,0.787437087296,0.716362410172,0.221469350273,-0.0228760070431,-0.108342164397,0.0179526647263,-0.129799365993,0.338306032977,-0.656524835342,0.788086591992,0.699037976745,0.275124642875,-0.0203929281994,-0.122163014358,-0.0176177820689,-0.134235999616,0.126366930469,-0.671140256076,0.782057768613,0.711695402428,0.324117921631,-0.0166532595626,-0.11058898468,-0.00965394362146,-0.115845349131,0.11392068403,-0.686334558973,0.79097148192,0.707966689168
