bax0,bay0,baz0,bgx0,bgy0,bgz0,gax0,gay0,gaz0,bax1,bay1,baz1,bgx1,bgy1,bgz1,gax1,gay1,gaz1,bax2,bay2,baz2,bgx2,bgy2,bgz2,gax2,gay2,gaz2,bax3,bay3,baz3,bgx3,bgy3,bgz3,gax3,gay3,gaz3,bax4,bay4,baz4,bgx4,bgy4,bgz4,gax4,gay4,gaz4
0.292005119244,-0.0197299685361,-0.114143301397,-0.0502190508756,-0.0693217106673,0.0634190489072,-0.743490644278,0.855092853544,0.624485846415,0.318294572936,-0.0154349900294,-0.117350731326,-0.0350518075989,-0.0737813440324,0.0708633375767,-0.75682894157,0.854353431555,0.614634875849,0.259150486915,-0.0278801242048,-0.112364530511,-0.0234155565395,-0.0612914787073,0.114504582143,-0.752601941595,0.850484491997,0.617444798729,0.283506904896,-0.0102404415075,-0.108786250774,-0.0231049983939,-0.0692767647458,0.116226755482,-0.747517961498,0.848710459458,0.618865946901,0.107930040359,-0.0571930539011,-0.0583843244023,0.0353889176466,-0.0136449140083,0.971765779149,-0.563649198716,0.868156979807,0.623145383751
