bax0,bay0,baz0,bgx0,bgy0,bgz0,gax0,gay0,gaz0,bax1,bay1,baz1,bgx1,bgy1,bgz1,gax1,gay1,gaz1,bax2,bay2,baz2,bgx2,bgy2,bgz2,gax2,gay2,gaz2,bax3,bay3,baz3,bgx3,bgy3,bgz3,gax3,gay3,gaz3,bax4,bay4,baz4,bgx4,bgy4,bgz4,gax4,gay4,gaz4
0.347588380997,-0.0158497600208,-0.113319391659,0.0520197575463,-0.133721231266,0.574689358091,-0.623210865748,0.841485719264,0.649910540313,0.279391987753,-0.0202473999081,-0.110296190152,0.0398315291595,-0.132392022866,0.295599429097,-0.600714751921,0.845273652844,0.649130782911,0.289567805452,-0.0236456105696,-0.112331418215,0.00525250424847,-0.134133830076,0.118822313399,-0.592701909591,0.847551172857,0.649560562852,0.296241888194,-0.01637993991,-0.113266227265,-0.0199567014983,-0.0954613943087,0.0488826397919,-0.591533309538,0.841923089019,0.64976672984,0.280446090341,-0.0140880738539,-0.113231070717,-0.0317335764108,-0.0871457301539,0.0202113724438,-0.596317606901,0.844578510618,0.65213661573
