bax0,bay0,baz0,bgx0,bgy0,bgz0,gax0,gay0,gaz0,bax1,bay1,baz1,bgx1,bgy1,bgz1,gax1,gay1,gaz1,bax2,bay2,baz2,bgx2,bgy2,bgz2,gax2,gay2,gaz2,bax3,bay3,baz3,bgx3,bgy3,bgz3,gax3,gay3,gaz3,bax4,bay4,baz4,bgx4,bgy4,bgz4,gax4,gay4,gaz4
0.285201619648,-0.0170053844066,-0.112802567969,-0.0305259851396,-0.0775538388384,0.0909944098559,-0.595057306881,0.84703981052,0.650454778241,0.283364890338,-0.01797276287,-0.113857474661,-0.0294502962325,-0.0723608053491,0.0932917557054,-0.593241201155,0.84487607628,0.652052359,0.296735642492,-0.0159652411288,-0.116638787984,-0.0290687897922,-0.0924179067131,0.090202968474,-0.596825329544,0.84304471513,0.650444406943,0.306970161631,-0.0189691828389,-0.111081834176,-0.0287768092121,-0.0829871125986,0.0915428903365,-0.597109736712,0.843942093716,0.65071708525,0.288085026253,-0.0173439740651,-0.116772765116,-0.0304795972746,-0.0734747418419,0.092242772412,-0.591287039347,0.843935460755,0.649938366154
