bax0,bay0,baz0,bgx0,bgy0,bgz0,gax0,gay0,gaz0,bax1,bay1,baz1,bgx1,bgy1,bgz1,gax1,gay1,gaz1,bax2,bay2,baz2,bgx2,bgy2,bgz2,gax2,gay2,gaz2,bax3,bay3,baz3,bgx3,bgy3,bgz3,gax3,gay3,gaz3,bax4,bay4,baz4,bgx4,bgy4,bgz4,gax4,gay4,gaz4
0.272424404076,-0.0145557438215,-0.114462853899,-0.0226895664408,-0.162070287642,0.178128752171,-0.630202247455,0.867903957967,0.617843070108,0.296261140723,-0.0183917449499,-0.112407055507,-0.0382798635817,-0.0992675886062,0.0697660705186,-0.627585718898,0.869050839526,0.615636791195,0.302740331473,-0.0171603022041,-0.113907006181,-0.0421774892804,-0.0980911842099,0.0331788787169,-0.624816329464,0.870731565433,0.613625299666,0.310120312306,-0.0201823562938,-0.112474178529,-0.0344059256487,-0.0664013211227,0.0609064800994,-0.629777207433,0.869335050055,0.617876054958,0.28811140674,-0.0165119901044,-0.115604532464,-0.0369956377619,-0.0635803572538,0.0878633730113,-0.625499517719,0.867958449642,0.617912925567
