bax0,bay0,baz0,bgx0,bgy0,bgz0,gax0,gay0,gaz0,bax1,bay1,baz1,bgx1,bgy1,bgz1,gax1,gay1,gaz1,bax2,bay2,baz2,bgx2,bgy2,bgz2,gax2,gay2,gaz2,bax3,bay3,baz3,bgx3,bgy3,bgz3,gax3,gay3,gaz3,bax4,bay4,baz4,bgx4,bgy4,bgz4,gax4,gay4,gaz4
0.25835049255,-0.017322771189,-0.110757982792,-0.0118399098252,-0.155455284309,0.197632830207,-0.623032783375,0.867278386542,0.615521103886,0.300353940824,-0.018903352512,-0.10952155416,-0.0429073316956,-0.107780119803,0.0828095751334,-0.636007591416,0.869867857381,0.614036575242,0.293355810879,-0.0178565513038,-0.113141263611,-0.0428438040023,-0.0963712540288,0.0534261020678,-0.630484235451,0.866816337328,0.61364905514,0.308673362918,-0.0178796602558,-0.112257055337,-0.0336576928316,-0.0773012332647,0.0437136066149,-0.631680371439,0.867298274801,0.615500996085,0.288284460904,-0.0165962137533,-0.115535990899,-0.0309706781965,-0.0580939609418,0.0851094979606,-0.632646614443,0.868997326402,0.617088395362
