bax0,bay0,baz0,bgx0,bgy0,bgz0,gax0,gay0,gaz0,bax1,bay1,baz1,bgx1,bgy1,bgz1,gax1,gay1,gaz1,bax2,bay2,baz2,bgx2,bgy2,bgz2,gax2,gay2,gaz2,bax3,bay3,baz3,bgx3,bgy3,bgz3,gax3,gay3,gaz3,bax4,bay4,baz4,bgx4,bgy4,bgz4,gax4,gay4,gaz4
0.285419280303,-0.0164320038988,-0.113780679087,-0.0294593666223,-0.0795008134957,0.0903166232273,-0.628844266663,0.866230275567,0.617107491297,0.296594205365,-0.0178162436464,-0.118197891758,-0.0314577444059,-0.0741739537871,0.0903275958019,-0.62910646067,0.867279192343,0.614925830016,0.285873813891,-0.0181928609526,-0.117768421858,-0.0268498945293,-0.0686876736309,0.0889267300767,-0.626661792942,0.868475145514,0.619482497388,0.300935140183,-0.018917797049,-0.109265641749,-0.027845063218,-0.074505984247,0.0900796246346,-0.629243104838,0.867593291694,0.620292705697,0.290317184966,-0.0174205100199,-0.120435715341,-0.0302414108202,-0.0747413744572,0.0919718310045,-0.629359447513,0.867819064985,0.618092859652
