bax0,bay0,baz0,bgx0,bgy0,bgz0,gax0,gay0,gaz0,bax1,bay1,baz1,bgx1,bgy1,bgz1,gax1,gay1,gaz1,bax2,bay2,baz2,bgx2,bgy2,bgz2,gax2,gay2,gaz2,bax3,bay3,baz3,bgx3,bgy3,bgz3,gax3,gay3,gaz3,bax4,bay4,baz4,bgx4,bgy4,bgz4,gax4,gay4,gaz4
0.290743509842,-0.0181555342734,-0.121364426529,-0.0295802433572,-0.079791090802,0.0918406823804,-0.627740294651,0.867655078042,0.618895882917,0.294888474206,-0.0187723536347,-0.113856718859,-0.0299385440478,-0.0829850029329,0.093433680912,-0.631135043217,0.866281493426,0.616248102267,0.279952525107,-0.0178215464247,-0.114880586497,-0.0275969133398,-0.0697094386269,0.0904500175757,-0.629823810218,0.868188537424,0.618812440553,0.291616512235,-0.0180214307419,-0.112517790159,-0.0290591459103,-0.0777852786175,0.0930917148666,-0.627990607791,0.868188139679,0.618440043283,0.283802424946,-0.0166742889584,-0.121036498167,-0.0274215572884,-0.0740277646524,0.0891277075131,-0.630083090429,0.867142134201,0.617383847337
