bax0,bay0,baz0,bgx0,bgy0,bgz0,gax0,gay0,gaz0,bax1,bay1,baz1,bgx1,bgy1,bgz1,gax1,gay1,gaz1,bax2,bay2,baz2,bgx2,bgy2,bgz2,gax2,gay2,gaz2,bax3,bay3,baz3,bgx3,bgy3,bgz3,gax3,gay3,gaz3,bax4,bay4,baz4,bgx4,bgy4,bgz4,gax4,gay4,gaz4
0.292441924094,-0.0205913946889,-0.11802393417,-0.0265898926496,-0.0631955868727,0.074716068314,-0.581942776778,0.587909111356,0.891060757474,0.290536642427,-0.0183943351796,-0.113075600392,-0.0278028258004,-0.0664285829257,0.0875929210853,-0.581318630018,0.587990634993,0.891232802218,0.292442639653,-0.0140460475399,-0.114954540262,-0.0283410031931,-0.0765878958916,0.0847693799993,-0.583490204605,0.589591022259,0.887469818931,0.288049918945,-0.0169050600012,-0.111543310431,-0.0270284632907,-0.0779718963159,0.0951963021417,-0.582350957279,0.587067210739,0.891993914156,0.285638049432,-0.0190984092923,-0.111380734845,-0.0287098029542,-0.0773358476222,0.0936698792271,-0.582975933693,0.587050591545,0.890920259536
