bax0,bay0,baz0,bgx0,bgy0,bgz0,gax0,gay0,gaz0,bax1,bay1,baz1,bgx1,bgy1,bgz1,gax1,gay1,gaz1,bax2,bay2,baz2,bgx2,bgy2,bgz2,gax2,gay2,gaz2,bax3,bay3,baz3,bgx3,bgy3,bgz3,gax3,gay3,gaz3,bax4,bay4,baz4,bgx4,bgy4,bgz4,gax4,gay4,gaz4
0.292750746258,-0.0184888164805,-0.119871952231,-0.0279462770734,-0.0543778219401,0.0588911000337,-0.581019078673,0.587865198523,0.892450878106,0.290613206229,-0.0158221803577,-0.113761746818,-0.0298225220141,-0.0715036526461,0.0813449887481,-0.581599275115,0.588245663368,0.892677850877,0.297670712701,-0.0156958148794,-0.114396912742,-0.0292658830586,-0.0722402168067,0.0882125660328,-0.582654617455,0.587749046889,0.892487567498,0.288342060967,-0.0186823975123,-0.11059295369,-0.0292284308684,-0.0761633624439,0.086121186346,-0.581700655902,0.588045694566,0.891612057621,0.28877855716,-0.0174456272828,-0.111960528491,-0.0285030434149,-0.070210606826,0.0955468579663,-0.582763006289,0.588812978423,0.892014051399
