bax0,bay0,baz0,bgx0,bgy0,bgz0,gax0,gay0,gaz0,bax1,bay1,baz1,bgx1,bgy1,bgz1,gax1,gay1,gaz1,bax2,bay2,baz2,bgx2,bgy2,bgz2,gax2,gay2,gaz2,bax3,bay3,baz3,bgx3,bgy3,bgz3,gax3,gay3,gaz3,bax4,bay4,baz4,bgx4,bgy4,bgz4,gax4,gay4,gaz4
0.300984726656,-0.0229228776912,-0.113593843797,-0.0333740523403,-0.127169737241,0.100254030593,-0.590549733049,0.596308463411,0.895485229233,0.289472597459,-0.0196315191839,-0.12134479193,-0.0344464478536,-0.0775418070018,0.0997208637494,-0.586970665852,0.594741487964,0.884629122046,0.271013558611,-0.017090309298,-0.129110842354,0.229208458844,-0.371451177287,0.647871589638,-0.49930256812,0.622390057283,0.870925596269,0.341049474537,-0.0134128025333,-0.118214952202,0.0628432627137,-0.327266388946,0.366684041734,-0.526247434111,0.638015007236,0.8767481363,0.253837836985,-0.0215504518053,-0.109478845709,0.00615449931947,-0.211549482036,0.215172067785,-0.503800860616,0.648689043312,0.869531140292
