bax0,bay0,baz0,bgx0,bgy0,bgz0,gax0,gay0,gaz0,bax1,bay1,baz1,bgx1,bgy1,bgz1,gax1,gay1,gaz1,bax2,bay2,baz2,bgx2,bgy2,bgz2,gax2,gay2,gaz2,bax3,bay3,baz3,bgx3,bgy3,bgz3,gax3,gay3,gaz3,bax4,bay4,baz4,bgx4,bgy4,bgz4,gax4,gay4,gaz4
0.29783580067,-0.0196031142266,-0.114361350247,-0.0492510333786,-0.0970559308945,0.0659706801935,-0.59446495033,0.584495965271,0.895046882789,0.299775904665,-0.0158992158287,-0.119926196363,0.00117256535558,-0.070496879874,0.101454398132,-0.576722909987,0.598965127416,0.893974220191,0.258235383031,-0.0185378125518,-0.128269506399,0.207480256774,-0.391998591076,0.662783196164,-0.485644183248,0.622693343021,0.883666340861,0.330067530251,-0.0154639615743,-0.12004086846,0.121008331043,-0.298439534138,0.365333348771,-0.517141974044,0.63464363757,0.853145650526,0.256763245236,-0.0211402035502,-0.113774317297,0.0213623192853,-0.193763396595,0.180534784197,-0.50815963345,0.626476720279,0.861031074268
