bax0,bay0,baz0,bgx0,bgy0,bgz0,gax0,gay0,gaz0,bax1,bay1,baz1,bgx1,bgy1,bgz1,gax1,gay1,gaz1,bax2,bay2,baz2,bgx2,bgy2,bgz2,gax2,gay2,gaz2,bax3,bay3,baz3,bgx3,bgy3,bgz3,gax3,gay3,gaz3,bax4,bay4,baz4,bgx4,bgy4,bgz4,gax4,gay4,gaz4
0.294181879866,-0.0174184961288,-0.115545273398,-0.039085098496,-0.120245337067,0.100923573414,-0.517917070189,0.630707866225,0.860939473833,0.293103109413,-0.0182341203427,-0.11270020994,-0.0458765643637,-0.0655803173895,0.0748077600505,-0.518901903896,0.631283978745,0.861362742708,0.280820890458,-0.0165421296422,-0.114596565142,-0.0397443600843,-0.0588121538651,0.0601982257277,-0.513495993147,0.631110200325,0.86142306789,0.284374070815,-0.0164875197986,-0.115658825085,-0.0361040275033,-0.0669747663097,0.0627049848324,-0.517240534832,0.630761228074,0.862217631016,0.291236060692,-0.0154420926967,-0.112189905288,-0.0314349797162,-0.0834081150789,0.0734728521811,-0.521207942672,0.633675333036,0.863788178482
