bax0,bay0,baz0,bgx0,bgy0,bgz0,gax0,gay0,gaz0,bax1,bay1,baz1,bgx1,bgy1,bgz1,gax1,gay1,gaz1,bax2,bay2,baz2,bgx2,bgy2,bgz2,gax2,gay2,gaz2,bax3,bay3,baz3,bgx3,bgy3,bgz3,gax3,gay3,gaz3,bax4,bay4,baz4,bgx4,bgy4,bgz4,gax4,gay4,gaz4
0.286690487551,-0.0190926123707,-0.113229917635,-0.0306207904485,-0.0749118542727,0.0840685669595,-0.522596453461,0.634771714178,0.860336396264,0.291031753797,-0.0201435262578,-0.110632703983,-0.0260642409685,-0.0783086446517,0.0922956996813,-0.523665112159,0.634801541734,0.860487730938,0.289510581173,-0.0181282163297,-0.112138095591,-0.0246530102904,-0.0778892532922,0.0967786788663,-0.522536668081,0.633070872289,0.86530382289,0.289459508163,-0.0135646038227,-0.10993932575,-0.0292976018853,-0.076732846624,0.0868810218764,-0.526303437263,0.631249992019,0.867273088486,0.287961828173,-0.0165196708092,-0.115003731537,-0.0282071082873,-0.0823810250629,0.0944142886054,-0.527604931219,0.63084299345,0.866917543232
