bax0,bay0,baz0,bgx0,bgy0,bgz0,gax0,gay0,gaz0,bax1,bay1,baz1,bgx1,bgy1,bgz1,gax1,gay1,gaz1,bax2,bay2,baz2,bgx2,bgy2,bgz2,gax2,gay2,gaz2,bax3,bay3,baz3,bgx3,bgy3,bgz3,gax3,gay3,gaz3,bax4,bay4,baz4,bgx4,bgy4,bgz4,gax4,gay4,gaz4
0.289223357434,-0.0171786624894,-0.111452389843,-0.0291030709263,-0.079830954112,0.0929613763717,-0.526248560927,0.631103911279,0.865129505714,0.292925354805,-0.0168047845242,-0.112475783539,-0.0303135830369,-0.0759631200743,0.0937146829957,-0.525883465173,0.63071493408,0.863353212841,0.292838672201,-0.0181873236996,-0.11491641044,-0.0281165451839,-0.0754634915682,0.0902774831164,-0.525944244819,0.630785470021,0.865123734437,0.290838964767,-0.0181585815991,-0.115393267859,-0.0292371132328,-0.0750718892353,0.090223903416,-0.524962675804,0.629311597361,0.862871813793,0.283403165794,-0.0159451783842,-0.117226688502,-0.0299147699971,-0.076017920733,0.0894900704107,-0.52651574169,0.631300122635,0.863759494601
