bax0,bay0,baz0,bgx0,bgy0,bgz0,gax0,gay0,gaz0,bax1,bay1,baz1,bgx1,bgy1,bgz1,gax1,gay1,gaz1,bax2,bay2,baz2,bgx2,bgy2,bgz2,gax2,gay2,gaz2,bax3,bay3,baz3,bgx3,bgy3,bgz3,gax3,gay3,gaz3,bax4,bay4,baz4,bgx4,bgy4,bgz4,gax4,gay4,gaz4
0.287341450411,-0.00854528338737,-0.112599768014,-0.0256676044727,-0.0733456151637,0.13048323067,-0.523017250057,0.625186284162,0.87508304891,0.484888780718,-0.0356592193073,-0.134417241498,-0.0449708519266,-0.515474984025,0.660265284229,-0.614879044726,0.561379363031,0.91214717961,0.294289209083,-0.0220412914651,-0.0992482526204,-0.0209025634669,-0.311388575098,0.364687515731,-0.533414961868,0.547114023949,0.910399162316,0.313434348524,-0.0239561202159,-0.114568412758,-0.0146836029755,-0.119202361428,0.145825746942,-0.52272903304,0.559894745944,0.915361640241,0.301047519324,-0.00890232521095,-0.11456749334,-0.0254087783634,-0.0863629413499,0.0815409836728,-0.533862206565,0.549875008474,0.935067609253
