bax0,bay0,baz0,bgx0,bgy0,bgz0,gax0,gay0,gaz0,bax1,bay1,baz1,bgx1,bgy1,bgz1,gax1,gay1,gaz1,bax2,bay2,baz2,bgx2,bgy2,bgz2,gax2,gay2,gaz2,bax3,bay3,baz3,bgx3,bgy3,bgz3,gax3,gay3,gaz3,bax4,bay4,baz4,bgx4,bgy4,bgz4,gax4,gay4,gaz4
0.283964863746,-0.0144618864641,-0.1227751094,-0.0268701278671,-0.060692944985,0.0798139603283,-0.529706172284,0.623174591888,0.845473530345,0.495648081317,-0.0416953037386,-0.13088660383,-0.0431475398878,-0.521357804599,0.681579611691,-0.603645415432,0.569152370204,0.922261044042,0.279935069734,-0.011601408862,-0.0980224838334,-0.0197047027966,-0.263858688006,0.391874755635,-0.543699671641,0.556491096797,0.91381257041,0.279866682636,-0.00905537265798,-0.107121311399,-0.0205342696235,-0.0995768673903,0.183965523533,-0.542908590934,0.548308166744,0.912957474187,0.324815030591,-0.016659154212,-0.114620562458,-0.0249938309708,-0.116262527185,0.108217429477,-0.534175023191,0.567783981895,0.925662274065
