bax0,bay0,baz0,bgx0,bgy0,bgz0,gax0,gay0,gaz0,bax1,bay1,baz1,bgx1,bgy1,bgz1,gax1,gay1,gaz1,bax2,bay2,baz2,bgx2,bgy2,bgz2,gax2,gay2,gaz2,bax3,bay3,baz3,bgx3,bgy3,bgz3,gax3,gay3,gaz3,bax4,bay4,baz4,bgx4,bgy4,bgz4,gax4,gay4,gaz4
0.289553358242,-0.0202740431698,-0.113344430987,-0.030250951724,-0.0792074214374,0.0978828150065,-0.552379031112,0.550752506563,0.919123767236,0.289730850515,-0.0174230286233,-0.113498359742,-0.0283503873259,-0.0791986332592,0.0939042003174,-0.557444929598,0.551710357706,0.920713889201,0.290988704326,-0.0183222376662,-0.112102717014,-0.0293266141972,-0.0785848527879,0.0946200053399,-0.553767837409,0.55179438333,0.919036250072,0.284142912595,-0.0188677182017,-0.112871916101,-0.0282351452272,-0.0727040316461,0.0900256725742,-0.553904932461,0.549409595999,0.920479640449,0.290951588605,-0.017873370853,-0.118611618946,-0.0277700515678,-0.0779834386621,0.0901090537882,-0.55769582127,0.552130130047,0.919805110448
