bax0,bay0,baz0,bgx0,bgy0,bgz0,gax0,gay0,gaz0,bax1,bay1,baz1,bgx1,bgy1,bgz1,gax1,gay1,gaz1,bax2,bay2,baz2,bgx2,bgy2,bgz2,gax2,gay2,gaz2,bax3,bay3,baz3,bgx3,bgy3,bgz3,gax3,gay3,gaz3,bax4,bay4,baz4,bgx4,bgy4,bgz4,gax4,gay4,gaz4
0.289774424474,-0.0189087534654,-0.109990580746,-0.0300240363727,-0.0820385256358,0.0946179970444,-0.552618186509,0.549659894546,0.919499251738,0.290314860431,-0.0175233886588,-0.114710988532,-0.0279625060704,-0.0853662976984,0.0958860412719,-0.551276596524,0.551316305443,0.918664619299,0.289541249705,-0.021356894998,-0.118999462674,-0.0319323258336,-0.0769467744675,0.0927680437087,-0.555481809046,0.551292109217,0.919640623483,0.282828678753,-0.0189248045891,-0.109246883651,-0.0277747185444,-0.0736862167113,0.0910255546632,-0.560141971009,0.551800328677,0.920252765491,0.291725404078,-0.0177490931776,-0.113954406127,-0.0294409521468,-0.0809036784842,0.0910854286879,-0.559451808823,0.550978440484,0.917954048597
