bax0,bay0,baz0,bgx0,bgy0,bgz0,gax0,gay0,gaz0,bax1,bay1,baz1,bgx1,bgy1,bgz1,gax1,gay1,gaz1,bax2,bay2,baz2,bgx2,bgy2,bgz2,gax2,gay2,gaz2,bax3,bay3,baz3,bgx3,bgy3,bgz3,gax3,gay3,gaz3,bax4,bay4,baz4,bgx4,bgy4,bgz4,gax4,gay4,gaz4
0.285055181681,-0.0185542098426,-0.10839448785,-0.031769072378,-0.0884664227372,0.0813499216367,-0.582492247394,0.626463175815,0.867665494998,0.291417638081,-0.0184374949412,-0.111655365669,-0.0316145548127,-0.0785170571057,0.0901732531655,-0.584085838438,0.626348533252,0.8663940291,0.292403167869,-0.0190366152438,-0.114936275852,-0.0301467516252,-0.0734190065904,0.0942317986861,-0.58439220452,0.62413003192,0.870374158171,0.28346572468,-0.0186172831629,-0.112217761397,-0.030384746761,-0.0751697253435,0.0914176263815,-0.580729813876,0.627577751803,0.870696764172,0.282358639497,-0.0182460533381,-0.113248588724,-0.0273986100553,-0.0746694543026,0.0908712515781,-0.586415529997,0.625749418566,0.867532060197
