bax0,bay0,baz0,bgx0,bgy0,bgz0,gax0,gay0,gaz0,bax1,bay1,baz1,bgx1,bgy1,bgz1,gax1,gay1,gaz1,bax2,bay2,baz2,bgx2,bgy2,bgz2,gax2,gay2,gaz2,bax3,bay3,baz3,bgx3,bgy3,bgz3,gax3,gay3,gaz3,bax4,bay4,baz4,bgx4,bgy4,bgz4,gax4,gay4,gaz4
0.299220366523,-0.0255255194591,-0.103432015873,-0.0272544901004,-0.076711002593,0.0845404974593,-0.687671960736,-0.450762086673,-0.965993149299,0.281106339027,-0.0145813627876,-0.12025817765,-0.051717516387,-0.0832078467851,0.0844812450591,-0.691005532184,-0.454420843658,-0.967578995349,0.284640598054,-0.00789425150238,-0.127179452822,-0.0323247400802,-0.0747705470264,0.0862240318159,-0.688865055295,-0.443996525041,-0.967264090206,0.284492411154,-0.0325299099731,-0.0982443592522,-0.00341050823926,-0.0765529410966,0.101642066338,-0.694272427866,-0.445014400607,-0.97369910742,0.297589351727,-0.0318955687832,-0.10259610817,-0.0187269317746,-0.0815821792617,0.100032885132,-0.68840039609,-0.455851282601,-0.964316795133
