bax0,bay0,baz0,bgx0,bgy0,bgz0,gax0,gay0,gaz0,bax1,bay1,baz1,bgx1,bgy1,bgz1,gax1,gay1,gaz1,bax2,bay2,baz2,bgx2,bgy2,bgz2,gax2,gay2,gaz2,bax3,bay3,baz3,bgx3,bgy3,bgz3,gax3,gay3,gaz3,bax4,bay4,baz4,bgx4,bgy4,bgz4,gax4,gay4,gaz4
0.360819867151,-0.0032267130718,-0.133802324455,-0.0252036223703,-0.111797429717,0.17924739419,-0.234687527971,0.578729867394,0.87381719037,0.261093929878,-0.0190201520645,-0.103332300352,-0.0388026331355,-0.0545875466917,0.0623940053912,-0.234405649253,0.585963684382,0.871421755435,0.274579341766,-0.0252180312795,-0.100173416257,-0.0495343548492,-0.055716321963,0.0190228872687,-0.227544330651,0.582580857275,0.872363809991,0.28381307929,-0.0193120019425,-0.122049825883,-0.0420373541003,-0.0840138103012,0.0639021351589,-0.238921576089,0.586161596227,0.873403543206,0.263848498687,-0.0189288993704,-0.104325658055,-0.0120040935714,-0.0394482690093,0.0921473630336,-0.239441797446,0.572228092749,0.874224722457
