bax0,bay0,baz0,bgx0,bgy0,bgz0,gax0,gay0,gaz0,bax1,bay1,baz1,bgx1,bgy1,bgz1,gax1,gay1,gaz1,bax2,bay2,baz2,bgx2,bgy2,bgz2,gax2,gay2,gaz2,bax3,bay3,baz3,bgx3,bgy3,bgz3,gax3,gay3,gaz3,bax4,bay4,baz4,bgx4,bgy4,bgz4,gax4,gay4,gaz4
0.255236399322,-0.0158340500599,-0.115856840846,-0.0254315737524,-0.0580740335587,0.0838327243157,-0.256289482063,0.575509802461,0.87825459886,0.249444092424,-0.0221406978994,-0.107111502651,-0.0313651701823,-0.0916727745788,0.091462635514,-0.273695063268,0.576064869253,0.877317658151,0.269864841288,-0.0226281029093,-0.107086170172,-0.0274915951196,-0.0646432861352,0.0924354923231,-0.290956897071,0.576857407819,0.889994189485,0.303583409856,-0.0193067059016,-0.114948226167,-0.027805535315,-0.0977510948198,0.0899487171318,-0.311060569909,0.571625593528,0.886334932234,0.290148088383,-0.017022623226,-0.113728113703,-0.0200146495382,-0.0935678185149,0.0890613619171,-0.280615048328,0.572394032093,0.881269437391
