bax0,bay0,baz0,bgx0,bgy0,bgz0,gax0,gay0,gaz0,bax1,bay1,baz1,bgx1,bgy1,bgz1,gax1,gay1,gaz1,bax2,bay2,baz2,bgx2,bgy2,bgz2,gax2,gay2,gaz2,bax3,bay3,baz3,bgx3,bgy3,bgz3,gax3,gay3,gaz3,bax4,bay4,baz4,bgx4,bgy4,bgz4,gax4,gay4,gaz4
0.245865598854,-0.0133514189932,-0.110402293423,-0.030035622973,-0.0529566803106,0.08618568513,-0.262415672768,0.573327622509,0.878425344173,0.237582310693,-0.017768393048,-0.1077434738,-0.0265953362847,-0.0874262157669,0.0849021134769,-0.273787536703,0.576989382772,0.881662437286,0.26005440945,-0.0263244155702,-0.104842469035,-0.0290377164826,-0.0777929863597,0.0906274341117,-0.285867061338,0.572904631619,0.885939525219,0.285130814385,-0.0176334880092,-0.111399596317,-0.0222498655866,-0.0992117687752,0.101951097694,-0.293251022893,0.573706127439,0.883373108946,0.303376513453,-0.0199529520739,-0.111590461163,-0.0253230215751,-0.0980255854017,0.0979870255623,-0.276014914271,0.569791809636,0.8830871492
