bax0,bay0,baz0,bgx0,bgy0,bgz0,gax0,gay0,gaz0,bax1,bay1,baz1,bgx1,bgy1,bgz1,gax1,gay1,gaz1,bax2,bay2,baz2,bgx2,bgy2,bgz2,gax2,gay2,gaz2,bax3,bay3,baz3,bgx3,bgy3,bgz3,gax3,gay3,gaz3,bax4,bay4,baz4,bgx4,bgy4,bgz4,gax4,gay4,gaz4
0.250838955375,-0.0152607892239,-0.115460417051,-0.0257175202391,-0.0431273030887,0.0895893646343,-0.260592782799,0.573061235177,0.883264455569,0.235473424367,-0.0213726869186,-0.105928172553,-0.0303133529685,-0.0970621671538,0.0908128334181,-0.2631977672,0.574226379583,0.88048215116,0.255153625549,-0.0218468565272,-0.103437568258,-0.0356679010524,-0.0780924748829,0.0892144732541,-0.2878404654,0.574662631119,0.875899773934,0.299969646087,-0.0216998615216,-0.118707434088,-0.0266365033325,-0.092129237398,0.100431422769,-0.296815933752,0.573833005452,0.886679917126,0.294549445498,-0.0162348208627,-0.112674954647,-0.0248507107949,-0.106248319615,0.0927340657423,-0.292701194845,0.571516333977,0.885195308217
