bax0,bay0,baz0,bgx0,bgy0,bgz0,gax0,gay0,gaz0,bax1,bay1,baz1,bgx1,bgy1,bgz1,gax1,gay1,gaz1,bax2,bay2,baz2,bgx2,bgy2,bgz2,gax2,gay2,gaz2,bax3,bay3,baz3,bgx3,bgy3,bgz3,gax3,gay3,gaz3,bax4,bay4,baz4,bgx4,bgy4,bgz4,gax4,gay4,gaz4
0.300195410063,-0.015172992289,-0.121168764969,-0.0327747630665,-0.0773407837582,0.0932749370399,-0.280022644057,0.573853103143,0.881241755104,0.282422440821,-0.0212809973738,-0.118208076678,-0.0245542298952,-0.0919484886228,0.0900696898427,-0.280257359819,0.572108205496,0.884336620679,0.293978614026,-0.016303971054,-0.108450932804,-0.029847133063,-0.0722236388239,0.090969686534,-0.282625760261,0.573203473328,0.881364995963,0.302184080271,-0.0163844110655,-0.116747558902,-0.0318528847065,-0.0716280357349,0.0892606019841,-0.28047214017,0.573790206018,0.885937788836,0.283511115383,-0.0201718276122,-0.114219113507,-0.0304597475556,-0.0584876660863,0.0870259594872,-0.274419836803,0.574935288729,0.8826752285
