bax0,bay0,baz0,bgx0,bgy0,bgz0,gax0,gay0,gaz0,bax1,bay1,baz1,bgx1,bgy1,bgz1,gax1,gay1,gaz1,bax2,bay2,baz2,bgx2,bgy2,bgz2,gax2,gay2,gaz2,bax3,bay3,baz3,bgx3,bgy3,bgz3,gax3,gay3,gaz3,bax4,bay4,baz4,bgx4,bgy4,bgz4,gax4,gay4,gaz4
0.286482845775,-0.0223706482706,-0.113617616597,-0.0390357620655,-0.0677245360804,0.0881245989043,-0.275998282854,0.571998628621,0.883390961176,0.286114538393,-0.0203929885492,-0.110347255807,-0.0259980676794,-0.0656877544944,0.0941986835368,-0.281494330374,0.572638088572,0.884644497636,0.299392866919,-0.0174191181504,-0.118453397893,-0.0292279883157,-0.0845826051386,0.0908876358646,-0.288423207573,0.571270599008,0.888426442923,0.308557374727,-0.0194394381512,-0.116974587664,-0.0282337683846,-0.0930829277399,0.0911799405174,-0.285859890761,0.568608730251,0.887008124238,0.305152775065,-0.0143038367472,-0.112596614608,-0.0302565822661,-0.073140469403,0.0904338019885,-0.279656490211,0.569436853574,0.883645445809
