bax0,bay0,baz0,bgx0,bgy0,bgz0,gax0,gay0,gaz0,bax1,bay1,baz1,bgx1,bgy1,bgz1,gax1,gay1,gaz1,bax2,bay2,baz2,bgx2,bgy2,bgz2,gax2,gay2,gaz2,bax3,bay3,baz3,bgx3,bgy3,bgz3,gax3,gay3,gaz3,bax4,bay4,baz4,bgx4,bgy4,bgz4,gax4,gay4,gaz4
0.296963765496,-0.0402314407015,-0.107846369958,-0.0237009879416,-0.0855945899618,0.107059364526,-0.746775085988,-0.19145621768,-1.04953562719,0.301371351346,-0.0129821946884,-0.119784678555,-0.0423945539818,-0.0602272533004,0.138109842708,-0.747017047852,-0.202620570938,-1.04393408651,0.305361608499,-0.0167255615845,-0.113561009558,-0.032691836962,-0.07368163506,0.132426756519,-0.739857100233,-0.206274289721,-1.048216098,0.265969539198,-0.0282446739783,-0.109632563625,-0.0348800174649,-0.0735904535102,0.122306659951,-0.743861151625,-0.199132456014,-1.04702968074,0.303786672776,-0.0253132634246,-0.110787919502,-0.0277243420057,-0.0756224935699,0.0964545895595,-0.743448247374,-0.209403581629,-1.04816581777
