bax0,bay0,baz0,bgx0,bgy0,bgz0,gax0,gay0,gaz0,bax1,bay1,baz1,bgx1,bgy1,bgz1,gax1,gay1,gaz1,bax2,bay2,baz2,bgx2,bgy2,bgz2,gax2,gay2,gaz2,bax3,bay3,baz3,bgx3,bgy3,bgz3,gax3,gay3,gaz3,bax4,bay4,baz4,bgx4,bgy4,bgz4,gax4,gay4,gaz4
0.296028045059,-0.0337661015641,-0.109942188465,-0.0227375678667,-0.075123474545,0.108384110202,-0.748954566646,-0.192262268776,-1.04597403632,0.314269339367,-0.010459221251,-0.110867097205,-0.0583574390191,-0.0727375720832,0.136461145027,-0.744924158781,-0.198317142399,-1.04368643911,0.288994954981,-0.0126364828714,-0.113548081718,-0.036419906006,-0.0735608061875,0.134806029856,-0.740680466842,-0.200691684378,-1.04550688208,0.281742857109,-0.0209200938417,-0.114837456052,-0.0252499362406,-0.0851708067358,0.110705408381,-0.738559736725,-0.19318418304,-1.04650487473,0.286040542791,-0.018407705419,-0.113762514346,-0.0353262092863,-0.0714232790975,0.0977485826984,-0.744443073452,-0.205777895548,-1.04436541412
