bax0,bay0,baz0,bgx0,bgy0,bgz0,gax0,gay0,gaz0,bax1,bay1,baz1,bgx1,bgy1,bgz1,gax1,gay1,gaz1,bax2,bay2,baz2,bgx2,bgy2,bgz2,gax2,gay2,gaz2,bax3,bay3,baz3,bgx3,bgy3,bgz3,gax3,gay3,gaz3,bax4,bay4,baz4,bgx4,bgy4,bgz4,gax4,gay4,gaz4
0.291486239144,-0.0385739665452,-0.109650556784,-0.0178607278781,-0.0822561428104,0.108170540911,-0.748531226732,-0.187572832007,-1.04481344143,0.307258312002,-0.0190081859225,-0.113814871989,-0.0489017304448,-0.0647395367362,0.139623960058,-0.744076582694,-0.203340353417,-1.04390095285,0.303274201034,-0.0177256437883,-0.111318415302,-0.0370024324167,-0.0669169699224,0.124214289076,-0.74363316523,-0.201829601346,-1.04651307513,0.270698377126,-0.0315895340072,-0.109548766501,-0.0406400338436,-0.0781012931794,0.110939922015,-0.741829533757,-0.196057689644,-1.04470756068,0.291580317042,-0.0156787484963,-0.118320147926,-0.0489334567811,-0.0653900573435,0.0937289381685,-0.747936976759,-0.215710439369,-1.04388556969
