bax0,bay0,baz0,bgx0,bgy0,bgz0,gax0,gay0,gaz0,bax1,bay1,baz1,bgx1,bgy1,bgz1,gax1,gay1,gaz1,bax2,bay2,baz2,bgx2,bgy2,bgz2,gax2,gay2,gaz2,bax3,bay3,baz3,bgx3,bgy3,bgz3,gax3,gay3,gaz3,bax4,bay4,baz4,bgx4,bgy4,bgz4,gax4,gay4,gaz4
0.295552565628,-0.0112816846922,-0.114346320456,-0.0257958385971,-0.0812249756418,0.0865857357788,-0.742053474189,-0.19612823779,-1.04961567929,0.298821769277,-0.0136484983774,-0.117285116939,-0.0319014996749,-0.0768316038899,0.0889079458731,-0.742941934915,-0.197336276632,-1.04840953505,0.290761244668,-0.0144776452462,-0.113291519548,-0.0253575730206,-0.0789547678387,0.0900795085831,-0.738506625312,-0.181411082628,-1.04710230373,0.296713291185,-0.0169132825447,-0.111143479901,-0.0274367538385,-0.0798877834695,0.0928772466838,-0.737683877616,-0.182986640266,-1.04761440472,0.294511747739,-0.0154919617076,-0.11541572537,-0.0257135704292,-0.0763560998735,0.0911526793269,-0.744389801011,-0.188438391293,-1.04825314308
