bax0,bay0,baz0,bgx0,bgy0,bgz0,gax0,gay0,gaz0,bax1,bay1,baz1,bgx1,bgy1,bgz1,gax1,gay1,gaz1,bax2,bay2,baz2,bgx2,bgy2,bgz2,gax2,gay2,gaz2,bax3,bay3,baz3,bgx3,bgy3,bgz3,gax3,gay3,gaz3,bax4,bay4,baz4,bgx4,bgy4,bgz4,gax4,gay4,gaz4
0.290559077711,-0.0280892171576,-0.12026104982,-0.0205354716524,-0.127099190368,0.120174947554,-0.731048336447,-0.137919912504,-1.00106673493,0.122934833014,0.0129200371972,-0.18863951604,0.0687410383318,-0.671152528924,0.843631346212,-0.309513807768,0.503109341098,0.852715637343,0.16215272388,-0.0693536474022,-0.0815708062137,-0.0115663003386,-0.398881135453,0.483829172837,-0.396442823226,0.618209896711,0.911806980844,0.220506927599,-0.0231851922578,-0.11708464051,-0.0382043991209,-0.278150779715,0.201109862881,-0.40774926303,0.53973970167,0.863742564162,0.269596483411,-0.0149541412951,-0.104254673957,-0.0370776189968,-0.0677509677171,0.133202118711,-0.390161821115,0.537630002205,0.893830686541
