bax0,bay0,baz0,bgx0,bgy0,bgz0,gax0,gay0,gaz0,bax1,bay1,baz1,bgx1,bgy1,bgz1,gax1,gay1,gaz1,bax2,bay2,baz2,bgx2,bgy2,bgz2,gax2,gay2,gaz2,bax3,bay3,baz3,bgx3,bgy3,bgz3,gax3,gay3,gaz3,bax4,bay4,baz4,bgx4,bgy4,bgz4,gax4,gay4,gaz4
0.281590664211,-0.0323247718154,-0.100615370487,-0.00713576925887,-0.0905238420172,0.0923336906495,-0.723534223652,-0.173982164527,-0.97594290133,0.148976739922,0.025867983594,-0.192931727395,0.0539612754885,-0.663227620634,0.849366157989,-0.319379891551,0.566023597859,0.890576178069,0.170562004087,-0.0640172855627,-0.0841519768067,-0.000323171255125,-0.421117973448,0.531657843184,-0.357214217616,0.565487913156,0.822264121131,0.2180098257,-0.0185183089882,-0.104081934559,-0.038384543891,-0.189138369308,0.279791616222,-0.388815552739,0.527808262512,0.931570463072,0.272896622107,-0.0126008424084,-0.122219684223,-0.0425338684932,-0.0769362742362,0.144761528253,-0.425085109798,0.538161928132,0.858784076239
