bax0,bay0,baz0,bgx0,bgy0,bgz0,gax0,gay0,gaz0,bax1,bay1,baz1,bgx1,bgy1,bgz1,gax1,gay1,gaz1,bax2,bay2,baz2,bgx2,bgy2,bgz2,gax2,gay2,gaz2,bax3,bay3,baz3,bgx3,bgy3,bgz3,gax3,gay3,gaz3,bax4,bay4,baz4,bgx4,bgy4,bgz4,gax4,gay4,gaz4
0.283242373005,-0.0175971583002,-0.108894981739,-0.0277419769043,-0.0813878230986,0.0901256118833,-0.450093273213,0.528064255052,0.925024855676,0.286064112361,-0.0183964247587,-0.112812852776,-0.025916921172,-0.0819700731482,0.0944026464514,-0.450819024267,0.528860848196,0.927901470732,0.28230910703,-0.0174029091833,-0.111779969987,-0.0303211460804,-0.0796816707178,0.0885516311036,-0.45003988656,0.530159098688,0.928260781311,0.28682302771,-0.0219301245568,-0.114909144881,-0.0256422743917,-0.0830410285478,0.0907413643963,-0.453322964469,0.528717437853,0.929400154998,0.289837796665,-0.0183140430856,-0.117881537922,-0.0290157617678,-0.0769319062275,0.0901838443928,-0.456179727111,0.52713600089,0.926465076793
