bax0,bay0,baz0,bgx0,bgy0,bgz0,gax0,gay0,gaz0,bax1,bay1,baz1,bgx1,bgy1,bgz1,gax1,gay1,gaz1,bax2,bay2,baz2,bgx2,bgy2,bgz2,gax2,gay2,gaz2,bax3,bay3,baz3,bgx3,bgy3,bgz3,gax3,gay3,gaz3,bax4,bay4,baz4,bgx4,bgy4,bgz4,gax4,gay4,gaz4
0.278160945236,-0.0204908317753,-0.114754094697,-0.0277533431884,-0.0782958416987,0.0914267292621,-0.449917145122,0.529276339923,0.924588098516,0.288280309228,-0.0181000406309,-0.112575610796,-0.0295807253428,-0.0809320391833,0.0941063996689,-0.45348002059,0.529603700372,0.926002944532,0.283590601672,-0.0198146264684,-0.111531333556,-0.0301429505953,-0.0810555987264,0.0904183446028,-0.454094153726,0.529492185431,0.927548985414,0.284322434172,-0.0182310076659,-0.114703032188,-0.0295720133041,-0.0821676933215,0.0952808450975,-0.456483095528,0.530435748854,0.929316711972,0.29298994643,-0.0185391580364,-0.11589101756,-0.0288833474119,-0.079461664287,0.092208956007,-0.454854798764,0.527702430159,0.928317680849
