bax0,bay0,baz0,bgx0,bgy0,bgz0,gax0,gay0,gaz0,bax1,bay1,baz1,bgx1,bgy1,bgz1,gax1,gay1,gaz1,bax2,bay2,baz2,bgx2,bgy2,bgz2,gax2,gay2,gaz2,bax3,bay3,baz3,bgx3,bgy3,bgz3,gax3,gay3,gaz3,bax4,bay4,baz4,bgx4,bgy4,bgz4,gax4,gay4,gaz4
0.294535409618,-0.00639998758346,-0.114944864164,-0.024668446286,-0.0730041587824,0.0927764748863,-0.453565889163,0.525259583138,0.927109151834,0.284265100303,-0.0184942971623,-0.113042569625,-0.0321307951429,-0.0788024276727,0.085808699939,-0.453099285623,0.528428957819,0.926575225589,0.302373422829,-0.0209254241061,-0.128402962166,-0.0322070936235,-0.0806892711121,0.0999393444419,-0.455498299021,0.52862074226,0.925497925672,0.313368225967,-0.00421069893983,-0.122404936253,-0.0247950405707,-0.0897406337517,0.0924676500585,-0.45157251212,0.530426280454,0.927131927069,0.400752568328,0.00682231787122,-0.143797830354,-0.021518316532,-0.154959075732,0.188512676058,-0.450310298279,0.530119917645,0.922642204911
