bax0,bay0,baz0,bgx0,bgy0,bgz0,gax0,gay0,gaz0,bax1,bay1,baz1,bgx1,bgy1,bgz1,gax1,gay1,gaz1,bax2,bay2,baz2,bgx2,bgy2,bgz2,gax2,gay2,gaz2,bax3,bay3,baz3,bgx3,bgy3,bgz3,gax3,gay3,gaz3,bax4,bay4,baz4,bgx4,bgy4,bgz4,gax4,gay4,gaz4
0.292768883264,-0.0182333178652,-0.115432838166,-0.0279725648292,-0.0771937290101,0.0920921132662,-0.445482701951,0.803881852717,0.690056783291,0.292748253132,-0.0192386481882,-0.110669379177,-0.0296369313696,-0.0784673773277,0.0923847620305,-0.444029647249,0.803224506778,0.691794753616,0.298309747701,-0.0209176845924,-0.112682720383,-0.0294029191891,-0.0794426870334,0.0944849191923,-0.445596328737,0.802691099938,0.690082354475,0.290425392304,-0.0190210126423,-0.115029435874,-0.0299114627006,-0.0864137830876,0.0909343966999,-0.444629769371,0.802072202073,0.692292579011,0.290863023134,-0.0183782946458,-0.119040261801,-0.028920189565,-0.081031543175,0.0902850629695,-0.444374618795,0.801200010724,0.692451874029
