bax0,bay0,baz0,bgx0,bgy0,bgz0,gax0,gay0,gaz0,bax1,bay1,baz1,bgx1,bgy1,bgz1,gax1,gay1,gaz1,bax2,bay2,baz2,bgx2,bgy2,bgz2,gax2,gay2,gaz2,bax3,bay3,baz3,bgx3,bgy3,bgz3,gax3,gay3,gaz3,bax4,bay4,baz4,bgx4,bgy4,bgz4,gax4,gay4,gaz4
0.306213100982,-0.0212983264474,-0.113016287731,-0.0277624556916,-0.0759376903348,0.0950541591128,-0.44292021222,0.804275969794,0.709474270164,0.292080889351,-0.0178335832212,-0.111230016517,-0.0229838614924,-0.0772862908534,0.084696151812,-0.436192499871,0.793223974876,0.689201926646,0.29271041735,-0.0142313500417,-0.106843964536,-0.0169782102273,-0.0840571863395,0.0956386322333,-0.442430462099,0.813189783741,0.703370845976,0.436334458099,-0.0281360136904,-0.120240352131,0.00241265143147,-0.105711811111,0.661093942866,-0.35573642402,0.830993181525,0.640159768329,0.254433059163,-0.0115075095703,-0.113689066269,-0.0114493435361,-0.0405126897976,0.318658111295,-0.289145961655,0.832705143065,0.630568524088
