bax0,bay0,baz0,bgx0,bgy0,bgz0,gax0,gay0,gaz0,bax1,bay1,baz1,bgx1,bgy1,bgz1,gax1,gay1,gaz1,bax2,bay2,baz2,bgx2,bgy2,bgz2,gax2,gay2,gaz2,bax3,bay3,baz3,bgx3,bgy3,bgz3,gax3,gay3,gaz3,bax4,bay4,baz4,bgx4,bgy4,bgz4,gax4,gay4,gaz4
0.279522431555,-0.021458361118,-0.112596999161,-0.0246006728557,-0.0828718224544,0.0909530082103,-0.431235211563,0.808843329351,0.680233302903,0.295752831473,-0.0161134352601,-0.110218627184,-0.0267470396024,-0.0665874494908,0.0975088513314,-0.456203818871,0.813778960897,0.693596664179,0.298835596463,-0.0217978732679,-0.114944291804,-0.0240456553912,-0.0883885184902,0.101051762522,-0.446435386729,0.813028841225,0.698793983514,0.435189144702,-0.0234906424146,-0.117419557099,0.019284447893,-0.0901536180215,0.621110735962,-0.364718466173,0.84117595459,0.628089249241,0.243822140897,-0.0160530739272,-0.11376977413,-0.0159048295448,-0.0444468877112,0.299540256312,-0.338439860456,0.840952290735,0.621349529487
