bax0,bay0,baz0,bgx0,bgy0,bgz0,gax0,gay0,gaz0,bax1,bay1,baz1,bgx1,bgy1,bgz1,gax1,gay1,gaz1,bax2,bay2,baz2,bgx2,bgy2,bgz2,gax2,gay2,gaz2,bax3,bay3,baz3,bgx3,bgy3,bgz3,gax3,gay3,gaz3,bax4,bay4,baz4,bgx4,bgy4,bgz4,gax4,gay4,gaz4
0.284964018505,-0.0193886418013,-0.119728134189,-0.028502100222,-0.0788906716121,0.0892152337982,-0.314723197188,0.840243503722,0.627022528424,0.28982382687,-0.0169581486666,-0.118978169372,-0.0296736375638,-0.0787013651768,0.0879665956823,-0.316483619578,0.840532026769,0.626059293898,0.293517374473,-0.0184465552237,-0.114846746393,-0.0297045751107,-0.0803423790928,0.091918087364,-0.31627439553,0.840438664748,0.625306780468,0.29699004896,-0.0167237637725,-0.107441922446,-0.0280135812766,-0.0791440130018,0.0981706814266,-0.315881618022,0.840718178004,0.626677006571,0.290513008618,-0.0160761124674,-0.118462737138,-0.0306051549165,-0.0779240629666,0.0935017103814,-0.312564463788,0.840813517582,0.624154603324
