bax0,bay0,baz0,bgx0,bgy0,bgz0,gax0,gay0,gaz0,bax1,bay1,baz1,bgx1,bgy1,bgz1,gax1,gay1,gaz1,bax2,bay2,baz2,bgx2,bgy2,bgz2,gax2,gay2,gaz2,bax3,bay3,baz3,bgx3,bgy3,bgz3,gax3,gay3,gaz3,bax4,bay4,baz4,bgx4,bgy4,bgz4,gax4,gay4,gaz4
0.2946805226,-0.0151426400593,-0.109250846942,-0.0291894321373,-0.0777766381107,0.0892876205657,-0.313556447416,0.839554597927,0.627901347339,0.290732186907,-0.0211906601258,-0.116608465508,-0.0306781125643,-0.0741204431924,0.091538549634,-0.31255273683,0.839778132639,0.626272701748,0.291107420501,-0.0195815093077,-0.107274844032,-0.0279285067378,-0.0799740743628,0.0938600240762,-0.314191357176,0.836994119276,0.626378567108,0.293458189617,-0.0168577486399,-0.113897890575,-0.0300456551251,-0.0795095235113,0.0905845585949,-0.312786978844,0.841179495528,0.626483188089,0.283652836336,-0.0171834106155,-0.116963898697,-0.0287650603995,-0.0757819426744,0.090981342195,-0.313270140741,0.839285910633,0.624339021097
