bax0,bay0,baz0,bgx0,bgy0,bgz0,gax0,gay0,gaz0,bax1,bay1,baz1,bgx1,bgy1,bgz1,gax1,gay1,gaz1,bax2,bay2,baz2,bgx2,bgy2,bgz2,gax2,gay2,gaz2,bax3,bay3,baz3,bgx3,bgy3,bgz3,gax3,gay3,gaz3,bax4,bay4,baz4,bgx4,bgy4,bgz4,gax4,gay4,gaz4
0.476817700202,-0.0489517592672,-0.114966216793,-0.112964251799,-0.208432110935,0.677381524312,-0.41983961845,0.894542936042,0.570523870047,0.288197941629,-0.0188525862098,-0.0925268825118,-0.0545054443965,-0.0908599526605,0.374008911982,-0.367823116184,0.893610742129,0.556427913324,0.294581733439,-0.0181115846209,-0.130085055079,-0.0473295743134,-0.0729455720414,0.172291611088,-0.365749753529,0.881728412538,0.569016370851,0.289393922335,-0.0248035480491,-0.122325549438,-0.0435321290394,-0.0534395360014,0.118700146161,-0.358197110045,0.889191751112,0.571094230843,0.288644117105,-0.0159131855804,-0.113204594054,-0.0152140662416,-0.0818113890858,0.0351296951919,-0.340427257921,0.890273883405,0.569318289578
