bax0,bay0,baz0,bgx0,bgy0,bgz0,gax0,gay0,gaz0,bax1,bay1,baz1,bgx1,bgy1,bgz1,gax1,gay1,gaz1,bax2,bay2,baz2,bgx2,bgy2,bgz2,gax2,gay2,gaz2,bax3,bay3,baz3,bgx3,bgy3,bgz3,gax3,gay3,gaz3,bax4,bay4,baz4,bgx4,bgy4,bgz4,gax4,gay4,gaz4
0.473065053935,-0.0372402230869,-0.140955865668,-0.115499524189,-0.202179952915,0.687505141612,-0.415536302868,0.899283938101,0.571533252309,0.260508797895,-0.00697190279429,-0.0844341483333,-0.0604172319735,-0.108302753501,0.326477742799,-0.35647195872,0.893587188983,0.565065936001,0.277105280781,-0.0190792401574,-0.112691885745,-0.039862738804,-0.0697212951883,0.139293348534,-0.368676155894,0.890798272117,0.567836899267,0.300004408097,-0.0176184417904,-0.123189217023,-0.0149167402105,-0.0311867732126,0.124774403772,-0.356956245574,0.880609579496,0.571177638476,0.300919258134,-0.0245348631962,-0.120639236193,-0.0273544770866,-0.0663032794372,0.0554099233674,-0.343391428786,0.881854163398,0.566620876869
