bax0,bay0,baz0,bgx0,bgy0,bgz0,gax0,gay0,gaz0,bax1,bay1,baz1,bgx1,bgy1,bgz1,gax1,gay1,gaz1,bax2,bay2,baz2,bgx2,bgy2,bgz2,gax2,gay2,gaz2,bax3,bay3,baz3,bgx3,bgy3,bgz3,gax3,gay3,gaz3,bax4,bay4,baz4,bgx4,bgy4,bgz4,gax4,gay4,gaz4
0.287540922556,-0.0157608535106,-0.111410188,-0.0240759477749,-0.0666364029826,0.0590647830922,-0.351856918244,0.884418868149,0.567909197197,0.291935224403,-0.0179899197315,-0.109873659567,-0.0263871122923,-0.0762887132542,0.0730557107736,-0.354923950286,0.884743618498,0.568767803718,0.293037193024,-0.0172627965621,-0.116482464055,-0.0294334119566,-0.0727779896215,0.0909846721281,-0.354131178888,0.885491633457,0.567715887002,0.2938627799,-0.0184669283694,-0.109535970452,-0.0257384728101,-0.0783730195078,0.0933117364946,-0.355846532713,0.883162582608,0.568122215117,0.294351521432,-0.0191188832716,-0.119346150231,-0.0263893881677,-0.0779275641012,0.0896173253853,-0.352505983258,0.884057574047,0.568919069166
