bax0,bay0,baz0,bgx0,bgy0,bgz0,gax0,gay0,gaz0,bax1,bay1,baz1,bgx1,bgy1,bgz1,gax1,gay1,gaz1,bax2,bay2,baz2,bgx2,bgy2,bgz2,gax2,gay2,gaz2,bax3,bay3,baz3,bgx3,bgy3,bgz3,gax3,gay3,gaz3,bax4,bay4,baz4,bgx4,bgy4,bgz4,gax4,gay4,gaz4
0.293221817416,-0.0171882610538,-0.111854119664,-0.0226592819761,-0.0654878472074,0.0400339880598,-0.353080040329,0.883790998149,0.567036193632,0.292872465662,-0.0190667592797,-0.113965277953,-0.0274928342994,-0.0802020607207,0.0677936088454,-0.351763106761,0.882908298187,0.568756138998,0.289336940644,-0.0197048609602,-0.111870836818,-0.0284180773069,-0.0804421211476,0.0921097413524,-0.355794980189,0.884271000384,0.567504730607,0.296810898495,-0.0181812303195,-0.110665884579,-0.0288024868676,-0.0753343628789,0.0889970458657,-0.355250592119,0.885086297698,0.569120958856,0.28916371046,-0.0167687545548,-0.115000776829,-0.0307460449635,-0.0833266111229,0.0895019432769,-0.351317082079,0.882656310293,0.567895835539
