bax0,bay0,baz0,bgx0,bgy0,bgz0,gax0,gay0,gaz0,bax1,bay1,baz1,bgx1,bgy1,bgz1,gax1,gay1,gaz1,bax2,bay2,baz2,bgx2,bgy2,bgz2,gax2,gay2,gaz2,bax3,bay3,baz3,bgx3,bgy3,bgz3,gax3,gay3,gaz3,bax4,bay4,baz4,bgx4,bgy4,bgz4,gax4,gay4,gaz4
0.289748358068,-0.0145169615201,-0.112790399048,-0.0222283922624,-0.0673797830573,0.0552843821618,-0.354140221822,0.884599301457,0.568822184556,0.293114251408,-0.0185702170574,-0.115748729335,-0.0220651231554,-0.0721424670345,0.0576130261592,-0.352270057508,0.885207588756,0.566967944018,0.289634154145,-0.0186744702718,-0.115288446549,-0.0300391501162,-0.0771022810537,0.0737462593385,-0.351710130402,0.884061522114,0.567455164314,0.295247999125,-0.0182702916579,-0.111786192373,-0.0262505923452,-0.0766555608384,0.0925250517051,-0.35226057405,0.885178098516,0.568032365113,0.291216609281,-0.0170913993646,-0.115251156315,-0.0280207845936,-0.0753589954529,0.0848970987783,-0.353984310041,0.882708187904,0.567846328779
