bax0,bay0,baz0,bgx0,bgy0,bgz0,gax0,gay0,gaz0,bax1,bay1,baz1,bgx1,bgy1,bgz1,gax1,gay1,gaz1,bax2,bay2,baz2,bgx2,bgy2,bgz2,gax2,gay2,gaz2,bax3,bay3,baz3,bgx3,bgy3,bgz3,gax3,gay3,gaz3,bax4,bay4,baz4,bgx4,bgy4,bgz4,gax4,gay4,gaz4
0.288574611217,-0.0201991127669,-0.11366911777,-0.0301773034207,-0.0780498170873,0.091621857192,-0.352612276684,0.883803532447,0.567597833661,0.291346379833,-0.018649715044,-0.114751843069,-0.0290420563924,-0.0781316401321,0.0939294800378,-0.354865433404,0.882789346407,0.56564142896,0.294624099092,-0.0192415934616,-0.112340590803,-0.0297861451805,-0.0777831372249,0.0922086122098,-0.351243704631,0.883327228327,0.566803642142,0.290692957786,-0.0147741910895,-0.111311894463,-0.0282808770306,-0.0779722142386,0.0938639047491,-0.353433442445,0.88461451702,0.567388225066,0.29271748922,-0.0210479820741,-0.111378510476,-0.0289059393775,-0.0776016931569,0.0921837374725,-0.352184068803,0.883356648659,0.568693245102
