bax0,bay0,baz0,bgx0,bgy0,bgz0,gax0,gay0,gaz0,bax1,bay1,baz1,bgx1,bgy1,bgz1,gax1,gay1,gaz1,bax2,bay2,baz2,bgx2,bgy2,bgz2,gax2,gay2,gaz2,bax3,bay3,baz3,bgx3,bgy3,bgz3,gax3,gay3,gaz3,bax4,bay4,baz4,bgx4,bgy4,bgz4,gax4,gay4,gaz4
0.293541647213,-0.0177869738917,-0.111347253535,-0.0373885590276,-0.0848696414797,0.0599139088042,-0.333489235386,0.879954151192,0.571869543624,0.288945102449,-0.0169388384514,-0.117143583942,-0.0326066420896,-0.0839995853293,0.0722410829717,-0.332400518585,0.879261480762,0.57462339502,0.295165519161,-0.0201641601135,-0.119810039553,-0.0283797879342,-0.0845623696898,0.0869810069536,-0.33250015118,0.882058439894,0.570567367245,0.291639999221,-0.0140748500881,-0.117314182412,-0.0293380445726,-0.0743369052268,0.090337939066,-0.332444421371,0.880458380976,0.573331242254,0.294654220813,-0.0171802921619,-0.113313508446,-0.0299720923023,-0.075698758634,0.0989450176211,-0.334094579339,0.882174479133,0.570513907191
