bax0,bay0,baz0,bgx0,bgy0,bgz0,gax0,gay0,gaz0,bax1,bay1,baz1,bgx1,bgy1,bgz1,gax1,gay1,gaz1,bax2,bay2,baz2,bgx2,bgy2,bgz2,gax2,gay2,gaz2,bax3,bay3,baz3,bgx3,bgy3,bgz3,gax3,gay3,gaz3,bax4,bay4,baz4,bgx4,bgy4,bgz4,gax4,gay4,gaz4
0.293537940075,-0.0247776573359,-0.0902820116885,0.134372976089,-0.281191420392,0.342397810636,-0.37021982689,0.663947061743,0.814147434943,0.264029171809,-0.0174467916358,-0.104770361216,-0.0257111835959,-0.125453002856,0.200057572911,-0.362842202474,0.666331383831,0.82404839374,0.256367189193,-0.0192929573639,-0.107865705978,-0.0839023057394,-0.0191689650361,0.101771625835,-0.365848257209,0.670298478622,0.827438689862,0.283420483443,-0.0188678676862,-0.108760001031,-0.0876560793746,-0.0446424784644,0.110747037892,-0.381133774886,0.66381329195,0.827536307451,0.295911152065,-0.014621427419,-0.112971974539,-0.0611192717841,-0.0094242884638,0.0977858439966,-0.38674354766,0.661160886918,0.829263950039
