bax0,bay0,baz0,bgx0,bgy0,bgz0,gax0,gay0,gaz0,bax1,bay1,baz1,bgx1,bgy1,bgz1,gax1,gay1,gaz1,bax2,bay2,baz2,bgx2,bgy2,bgz2,gax2,gay2,gaz2,bax3,bay3,baz3,bgx3,bgy3,bgz3,gax3,gay3,gaz3,bax4,bay4,baz4,bgx4,bgy4,bgz4,gax4,gay4,gaz4
0.290123095929,-0.0156306070753,-0.111081766341,-0.0411902092983,-0.061871373144,0.0756299512167,-0.382438649495,0.660851578102,0.827193207246,0.292834358295,-0.0192385852073,-0.109670871272,-0.0279431563064,-0.0704799366703,0.0837639978725,-0.382047115445,0.66143310439,0.830921477279,0.305832625312,-0.0196677788904,-0.112724521959,-0.0308290839477,-0.0809919873138,0.0896762371551,-0.381022142753,0.661026726404,0.831317597753,0.29123378321,-0.016120458162,-0.114315470429,-0.0183490477828,-0.0901098649311,0.0941151437307,-0.378709595006,0.660597704725,0.830082525421,0.297526834896,-0.019556677982,-0.116360734922,-0.0306514933879,-0.0787190680326,0.0846434455605,-0.383399331236,0.660147229218,0.832222378443
