bax0,bay0,baz0,bgx0,bgy0,bgz0,gax0,gay0,gaz0,bax1,bay1,baz1,bgx1,bgy1,bgz1,gax1,gay1,gaz1,bax2,bay2,baz2,bgx2,bgy2,bgz2,gax2,gay2,gaz2,bax3,bay3,baz3,bgx3,bgy3,bgz3,gax3,gay3,gaz3,bax4,bay4,baz4,bgx4,bgy4,bgz4,gax4,gay4,gaz4
0.295806577679,-0.0191183566138,-0.109941030381,-0.0389757909501,-0.0673405117821,0.0746077520911,-0.385333289611,0.662350794297,0.830671754788,0.295069312955,-0.017103729206,-0.110505468461,-0.0277587917415,-0.0760411628915,0.0850413085882,-0.383296460891,0.660331797186,0.830690857903,0.294880332159,-0.020706268376,-0.116617188089,-0.0242094512118,-0.0799303788011,0.0878503044976,-0.381989798245,0.660449188056,0.831758448721,0.29099362666,-0.016873724418,-0.112248376722,-0.0259913127832,-0.0856026968291,0.0873707607512,-0.381852699394,0.659357169918,0.834002220563,0.297163626302,-0.0178986743139,-0.118996698782,-0.0285589229423,-0.0827314422568,0.0914248037302,-0.380129659322,0.659662379405,0.83280251063
