bax0,bay0,baz0,bgx0,bgy0,bgz0,gax0,gay0,gaz0,bax1,bay1,baz1,bgx1,bgy1,bgz1,gax1,gay1,gaz1,bax2,bay2,baz2,bgx2,bgy2,bgz2,gax2,gay2,gaz2,bax3,bay3,baz3,bgx3,bgy3,bgz3,gax3,gay3,gaz3,bax4,bay4,baz4,bgx4,bgy4,bgz4,gax4,gay4,gaz4
0.291755122517,-0.015307299514,-0.115631516048,-0.0275444651622,-0.0823330701077,0.0910184357235,-0.380473391217,0.662402608942,0.831812654121,0.289618079114,-0.0178336281889,-0.110096941524,-0.0300515361808,-0.0721633440548,0.0975680662142,-0.382284836269,0.661471248031,0.830356403696,0.293797716024,-0.0184818545718,-0.114770022087,-0.0284670634243,-0.0830727065306,0.0954299947887,-0.387260014724,0.661931733866,0.829027311276,0.259154423087,-0.0201616944551,-0.107008497392,-0.0337958080127,-0.059385579097,0.084125580901,-0.378361624027,0.66153505546,0.829669043132,0.222223209189,-0.0151920829435,-0.103702543196,-0.0288701178592,-0.0570845659002,0.0876940500642,-0.391924536653,0.660831640587,0.830148642774
