bax0,bay0,baz0,bgx0,bgy0,bgz0,gax0,gay0,gaz0,bax1,bay1,baz1,bgx1,bgy1,bgz1,gax1,gay1,gaz1,bax2,bay2,baz2,bgx2,bgy2,bgz2,gax2,gay2,gaz2,bax3,bay3,baz3,bgx3,bgy3,bgz3,gax3,gay3,gaz3,bax4,bay4,baz4,bgx4,bgy4,bgz4,gax4,gay4,gaz4
0.3043952127,-0.021162186056,-0.112408053265,-0.0303535306342,-0.0568794713055,0.071949867304,-0.262363104048,0.770767580187,0.71009090486,0.297346009425,-0.0171658185923,-0.120287628624,-0.034087458077,-0.0746178903127,0.0661871422941,-0.257161673782,0.769509416727,0.712188200267,0.292203574972,-0.0179730669793,-0.126181863276,-0.0321661091253,-0.0845651627798,0.0724902530559,-0.248498514431,0.772374618384,0.706186978278,0.294893914011,-0.0160675679092,-0.106990860953,-0.0384181353705,-0.0745754790723,0.0873938877166,-0.257576047923,0.774602225074,0.706076471589,0.305700124284,-0.0159628756433,-0.116443527686,-0.0312367046396,-0.0820147394593,0.0815939665079,-0.252198982521,0.772142804544,0.70496673582
