bax0,bay0,baz0,bgx0,bgy0,bgz0,gax0,gay0,gaz0,bax1,bay1,baz1,bgx1,bgy1,bgz1,gax1,gay1,gaz1,bax2,bay2,baz2,bgx2,bgy2,bgz2,gax2,gay2,gaz2,bax3,bay3,baz3,bgx3,bgy3,bgz3,gax3,gay3,gaz3,bax4,bay4,baz4,bgx4,bgy4,bgz4,gax4,gay4,gaz4
0.308103101504,-0.0191633754811,-0.114784029809,-0.0292486031296,-0.0845420184847,0.0923794635928,-0.248149702487,0.766271442888,0.707846786855,0.299459025278,-0.0184063124524,-0.112598926003,-0.0298746206303,-0.0682918584737,0.0883088005263,-0.243890292474,0.768423976111,0.705722474068,0.275632493395,-0.0161260571926,-0.109162193154,-0.028436303103,-0.0757440115506,0.0889012549098,-0.24222944986,0.767784659296,0.708118666569,0.287894590083,-0.0209062852875,-0.109598998994,-0.027153978961,-0.0675920819298,0.0905513860856,-0.247646553313,0.768032449584,0.707451362438,0.268133901738,-0.01445212875,-0.118234759558,-0.028894858757,-0.0860530795771,0.093820693814,-0.244133608212,0.765465455203,0.708294148074
