bax0,bay0,baz0,bgx0,bgy0,bgz0,gax0,gay0,gaz0,bax1,bay1,baz1,bgx1,bgy1,bgz1,gax1,gay1,gaz1,bax2,bay2,baz2,bgx2,bgy2,bgz2,gax2,gay2,gaz2,bax3,bay3,baz3,bgx3,bgy3,bgz3,gax3,gay3,gaz3,bax4,bay4,baz4,bgx4,bgy4,bgz4,gax4,gay4,gaz4
0.298141814141,-0.0175212081648,-0.111651225167,-0.0357180519212,-0.0491766714477,0.0610890779095,-0.388610420544,0.830726469103,0.656203912205,0.292995618001,-0.0201363800473,-0.112954262813,-0.0345689504457,-0.0257445242827,0.0635264412417,-0.387880975032,0.828513307724,0.65004521243,0.291410720898,-0.0217852120119,-0.110377576083,-0.0324952030146,-0.0491665642453,0.0533009148237,-0.386535330153,0.828576105884,0.65387956759,0.282218874165,-0.0203603714422,-0.107722162936,-0.0250965312093,-0.0616211298837,0.0749280444256,-0.388393849034,0.831162309419,0.652118163694,0.284696455263,-0.0151738424151,-0.116631268817,-0.0289792851337,-0.0713777435579,0.100464828163,-0.394335834318,0.827780069232,0.659223885204
