bax0,bay0,baz0,bgx0,bgy0,bgz0,gax0,gay0,gaz0,bax1,bay1,baz1,bgx1,bgy1,bgz1,gax1,gay1,gaz1,bax2,bay2,baz2,bgx2,bgy2,bgz2,gax2,gay2,gaz2,bax3,bay3,baz3,bgx3,bgy3,bgz3,gax3,gay3,gaz3,bax4,bay4,baz4,bgx4,bgy4,bgz4,gax4,gay4,gaz4
0.297740785735,-0.0146376998947,-0.117919335458,-0.0275499672351,-0.0797947929451,0.0939033571991,-0.385825817054,0.824548547359,0.654740775058,0.295368258361,-0.0142507210969,-0.115743569392,-0.0298221008876,-0.0808759631966,0.0902507737687,-0.387704579607,0.827560311436,0.653163013922,0.295666337415,-0.0160096066863,-0.115946429191,-0.0283384578046,-0.0839807556276,0.0938912032126,-0.391894736383,0.824429905141,0.657410064565,0.296238157025,-0.0119623799302,-0.115393340817,-0.0256820618279,-0.0801290780549,0.0971649304841,-0.385676714514,0.832089218909,0.653751752023,0.297903868577,-0.0171372478256,-0.108157050219,-0.0312707599556,-0.0617139943168,0.0928112388589,-0.387486947601,0.831271899675,0.653603474481
