bax0,bay0,baz0,bgx0,bgy0,bgz0,gax0,gay0,gaz0,bax1,bay1,baz1,bgx1,bgy1,bgz1,gax1,gay1,gaz1,bax2,bay2,baz2,bgx2,bgy2,bgz2,gax2,gay2,gaz2,bax3,bay3,baz3,bgx3,bgy3,bgz3,gax3,gay3,gaz3,bax4,bay4,baz4,bgx4,bgy4,bgz4,gax4,gay4,gaz4
0.298576877731,-0.0154851104992,-0.110864629366,-0.038523623585,-0.0716438896817,0.0702135740465,-0.459047527564,0.820504490396,0.662944895804,0.29031266253,-0.0236258629126,-0.108691186631,-0.0368385463809,-0.0900052370365,0.0674181352253,-0.455138951978,0.819820110217,0.666660661706,0.2907502601,-0.0270332873675,-0.0972681753631,-0.0367048775554,-0.0843242291024,0.0826094500577,-0.456677077548,0.827129580862,0.669275759758,0.285010435372,-0.0226131803426,-0.105069272825,-0.0211577148347,-0.0597633833599,0.0945770688606,-0.456946439884,0.821584017974,0.673108457032,0.295920787114,-0.0170946471275,-0.113384618625,-0.0247582833199,-0.0750389018487,0.0957888786034,-0.458911865617,0.813206171941,0.676480213023
