bax0,bay0,baz0,bgx0,bgy0,bgz0,gax0,gay0,gaz0,bax1,bay1,baz1,bgx1,bgy1,bgz1,gax1,gay1,gaz1,bax2,bay2,baz2,bgx2,bgy2,bgz2,gax2,gay2,gaz2,bax3,bay3,baz3,bgx3,bgy3,bgz3,gax3,gay3,gaz3,bax4,bay4,baz4,bgx4,bgy4,bgz4,gax4,gay4,gaz4
0.301633973194,-0.0209023184299,-0.105498315923,-0.0311502513478,-0.0822840319101,0.10472859309,-0.455560589601,0.81527415552,0.682625038542,0.30688823266,-0.0215517483476,-0.102060315354,-0.0299072841093,-0.0770801557512,0.0825187878293,-0.460404690329,0.815528478525,0.684237863035,0.292570681641,-0.0231666322297,-0.119962032473,-0.0266112845558,-0.0776803186976,0.0816961639627,-0.452857538407,0.812876512554,0.684088201979,0.30077945872,-0.0191773837621,-0.11110680687,-0.0291935141072,-0.0878644104582,0.0947827296671,-0.450040882559,0.809686837119,0.67997165467,0.290324087126,-0.0180754208655,-0.111031124037,-0.0282654210754,-0.0753274133984,0.0842060266963,-0.450746728738,0.809759599175,0.684266824968
