bax0,bay0,baz0,bgx0,bgy0,bgz0,gax0,gay0,gaz0,bax1,bay1,baz1,bgx1,bgy1,bgz1,gax1,gay1,gaz1,bax2,bay2,baz2,bgx2,bgy2,bgz2,gax2,gay2,gaz2,bax3,bay3,baz3,bgx3,bgy3,bgz3,gax3,gay3,gaz3,bax4,bay4,baz4,bgx4,bgy4,bgz4,gax4,gay4,gaz4
0.290166201327,-0.0125869582449,-0.114624852788,-0.0307043981386,-0.0734676246331,0.0899915002364,1.01638014924,-0.150274678546,0.0912718701759,0.294372796052,-0.0195043204353,-0.117452744671,-0.0351612494536,-0.0910206209887,0.101709390293,1.0151052646,-0.152568143869,0.10155707875,0.290353959326,-0.0272708309839,-0.126154144103,-0.0274531213145,-0.0800680151837,0.0938661253542,1.01679522081,-0.157678370542,0.098689326979,0.289495836342,-0.015654396174,-0.116472619515,-0.024917951526,-0.0658413030627,0.0863503977841,1.01626812931,-0.162771535537,0.0910717591484,0.293555862869,-0.00982775093272,-0.113780192335,-0.0268760835202,-0.0727161569587,0.0842283053649,1.01681743517,-0.159839792816,0.0797795815901
