bax0,bay0,baz0,bgx0,bgy0,bgz0,gax0,gay0,gaz0,bax1,bay1,baz1,bgx1,bgy1,bgz1,gax1,gay1,gaz1,bax2,bay2,baz2,bgx2,bgy2,bgz2,gax2,gay2,gaz2,bax3,bay3,baz3,bgx3,bgy3,bgz3,gax3,gay3,gaz3,bax4,bay4,baz4,bgx4,bgy4,bgz4,gax4,gay4,gaz4
0.313487632956,0.0416534345441,-0.114817895297,-0.0489289443865,-0.0460284032228,0.0517763312515,0.99147441181,-0.293659875324,0.081117239186,0.309730315201,0.0261259721792,-0.0628384904621,-0.0496326922799,-0.028356810275,0.0907553388564,0.998227489481,-0.263052161137,0.081408575399,0.282599768637,-0.0193253238335,-0.0932170257313,-0.0105887399695,-0.124117578816,0.138975610187,0.996192791941,-0.252410115057,0.0914376523821,0.294355859993,-0.0225393115048,-0.125379328477,-0.0311986537194,-0.0966559326731,0.122181772968,0.994754205435,-0.24985163231,0.105244967295,0.298204197096,-0.0168383523308,-0.120761518327,-0.0296597478986,-0.0618417847375,0.0966995809048,0.995495415581,-0.245526077693,0.109767208815
