bax0,bay0,baz0,bgx0,bgy0,bgz0,gax0,gay0,gaz0,bax1,bay1,baz1,bgx1,bgy1,bgz1,gax1,gay1,gaz1,bax2,bay2,baz2,bgx2,bgy2,bgz2,gax2,gay2,gaz2,bax3,bay3,baz3,bgx3,bgy3,bgz3,gax3,gay3,gaz3,bax4,bay4,baz4,bgx4,bgy4,bgz4,gax4,gay4,gaz4
0.304388275091,-0.0257652926012,-0.13660841027,-0.015470114866,0.171307163973,0.0536714302444,1.00666126273,-0.149686078303,0.143443239748,0.297894925771,-0.0143899178207,-0.11195743977,-0.0305413762054,-0.0833749195097,0.0821131022267,1.00890795026,-0.158130231145,0.138987927171,0.286881257728,-0.0115341689267,-0.112167460927,-0.0282958764972,-0.147180352129,0.107441226554,1.01115090891,-0.147978035834,0.133355340041,0.292098244249,-0.012367470822,-0.115787297282,-0.0345180056235,-0.120857978788,0.0892639065978,1.00783132889,-0.155179270552,0.138713096957,0.291150633593,-0.0103356723794,-0.113603005386,-0.0315530700263,-0.0945289623909,0.0980462594028,1.01258004242,-0.144613978629,0.136475980635
