bax0,bay0,baz0,bgx0,bgy0,bgz0,gax0,gay0,gaz0,bax1,bay1,baz1,bgx1,bgy1,bgz1,gax1,gay1,gaz1,bax2,bay2,baz2,bgx2,bgy2,bgz2,gax2,gay2,gaz2,bax3,bay3,baz3,bgx3,bgy3,bgz3,gax3,gay3,gaz3,bax4,bay4,baz4,bgx4,bgy4,bgz4,gax4,gay4,gaz4
0.294142783082,-0.03245348596,-0.0949569671058,-0.0339425551869,-0.0900706207353,0.0861776525242,1.02149287096,-0.153880863042,0.130920720246,0.292270005056,-0.0220949344264,-0.126249090387,-0.0261319167229,-0.0749520919288,0.0913050777914,1.01263109672,-0.160087319362,0.124877542839,0.286233100707,-0.00618314125505,-0.103712796702,-0.0226304732051,-0.0677384597492,0.125743806366,1.0146903359,-0.170040729157,0.132475869579,0.357889103958,0.0792143799441,0.0292707493825,0.0414407007737,-0.0352543359207,-0.122235629408,0.980121530371,-0.252799833627,0.0169129013759,0.28719679519,-0.0421264103388,-0.110478683813,0.00158799974548,-0.0791844741978,-0.0591106618934,1.00113460816,-0.19409741625,0.0704695879375
