bax0,bay0,baz0,bgx0,bgy0,bgz0,gax0,gay0,gaz0,bax1,bay1,baz1,bgx1,bgy1,bgz1,gax1,gay1,gaz1,bax2,bay2,baz2,bgx2,bgy2,bgz2,gax2,gay2,gaz2,bax3,bay3,baz3,bgx3,bgy3,bgz3,gax3,gay3,gaz3,bax4,bay4,baz4,bgx4,bgy4,bgz4,gax4,gay4,gaz4
0.293626779363,-0.0157052691281,-0.114978227325,-0.0334460074595,-0.0638778973941,0.0818219201684,1.00700346583,-0.207914787853,0.0722270282794,0.303447385755,-0.0165341941005,-0.152984476204,-0.0773576887225,-0.0565942027059,0.0879445439524,1.0106462326,-0.209139212636,0.0618065395471,0.271433316036,-0.0350429660698,0.0226731046943,-0.020333190295,0.214901152116,0.14576307436,1.03029129918,-0.0836874845067,-0.00987595512017,0.307108756451,-0.0273505691883,-0.147839234078,-0.0207013966024,0.054254238455,0.135304679157,1.02658264631,-0.0860727788558,0.0398784965207,0.289729357902,-0.0291820401828,-0.121528920434,-0.186337358372,0.060025451411,0.134827754591,1.02216714777,-0.121072450781,0.020440721191
