bax0,bay0,baz0,bgx0,bgy0,bgz0,gax0,gay0,gaz0,bax1,bay1,baz1,bgx1,bgy1,bgz1,gax1,gay1,gaz1,bax2,bay2,baz2,bgx2,bgy2,bgz2,gax2,gay2,gaz2,bax3,bay3,baz3,bgx3,bgy3,bgz3,gax3,gay3,gaz3,bax4,bay4,baz4,bgx4,bgy4,bgz4,gax4,gay4,gaz4
0.288341032129,-0.0431724525234,-0.111737267136,-0.0585219782965,-0.106390019021,0.0759923586531,1.02451279053,-0.105018097358,0.0159282868333,0.294659088249,-0.0265431329766,-0.118553656385,0.111066822886,-0.124192287452,0.0541748269612,1.02417596818,-0.118500822463,0.0154892467119,0.294038338166,-0.0148709070838,-0.10924237567,0.0151433830539,-0.108066855074,0.0882168086691,1.02563714096,-0.118925207132,0.0154026771199,0.284047243304,-0.0288078131586,-0.11571725731,0.00675074330991,-0.0886341416261,0.0872637886893,1.02591406515,-0.112569141835,0.0145325147598,0.289142732929,-0.0158800066178,-0.115282610047,-0.033868536135,-0.0784489676184,0.0794850359827,1.02495054089,-0.118760074605,0.0182555078275
