bax0,bay0,baz0,bgx0,bgy0,bgz0,gax0,gay0,gaz0,bax1,bay1,baz1,bgx1,bgy1,bgz1,gax1,gay1,gaz1,bax2,bay2,baz2,bgx2,bgy2,bgz2,gax2,gay2,gaz2,bax3,bay3,baz3,bgx3,bgy3,bgz3,gax3,gay3,gaz3,bax4,bay4,baz4,bgx4,bgy4,bgz4,gax4,gay4,gaz4
0.285751882397,-0.0393187837986,-0.117164525604,-0.0587642977561,-0.0945728626723,0.0868562541646,1.02439207502,-0.101328512541,0.0164084443833,0.293030637972,-0.0145151237267,-0.122269027342,0.0903586949648,-0.13963896281,0.0599051420481,1.02349283866,-0.106227786221,0.0163581282085,0.288962169886,-0.0166961548942,-0.111075593366,0.00496835952619,-0.111363318049,0.0873456250747,1.02589618638,-0.122475917357,0.013922363876,0.288508491546,-0.0275443554407,-0.116279025601,-0.00358621032478,-0.0911904870634,0.0860302549157,1.0247823694,-0.118067291316,0.0168279367423,0.290482576336,-0.0105443858324,-0.118314997012,-0.0561475783316,-0.0777663190428,0.092949408757,1.02413257132,-0.134441489402,0.0171245395013
