bax0,bay0,baz0,bgx0,bgy0,bgz0,gax0,gay0,gaz0,bax1,bay1,baz1,bgx1,bgy1,bgz1,gax1,gay1,gaz1,bax2,bay2,baz2,bgx2,bgy2,bgz2,gax2,gay2,gaz2,bax3,bay3,baz3,bgx3,bgy3,bgz3,gax3,gay3,gaz3,bax4,bay4,baz4,bgx4,bgy4,bgz4,gax4,gay4,gaz4
0.294086676835,-0.0171864421053,-0.110269022735,-0.0296222610019,-0.0741191763246,0.0965372461913,1.02231262961,-0.130561693078,0.0139313328124,0.290899304464,-0.0246209666345,-0.116400961278,-0.0336462351133,-0.0761244938277,0.0962685593487,1.02305127076,-0.126673747888,0.0163551464029,0.286903479284,-0.0227577132913,-0.116711513698,-0.0350285436342,-0.0762657805889,0.0872455285834,1.02490866672,-0.134176932385,0.0175575488929,0.289341681443,-0.0137176617036,-0.111067031773,-0.0294621220835,-0.0761133740336,0.0884845629439,1.0238140037,-0.132689547671,0.0159475417784,0.290674507905,-0.0202469868645,-0.109684084933,-0.0307480365501,-0.0745863862559,0.08633047269,1.02384032011,-0.128859525509,0.0167015149219
