bax0,bay0,baz0,bgx0,bgy0,bgz0,gax0,gay0,gaz0,bax1,bay1,baz1,bgx1,bgy1,bgz1,gax1,gay1,gaz1,bax2,bay2,baz2,bgx2,bgy2,bgz2,gax2,gay2,gaz2,bax3,bay3,baz3,bgx3,bgy3,bgz3,gax3,gay3,gaz3,bax4,bay4,baz4,bgx4,bgy4,bgz4,gax4,gay4,gaz4
0.294962042371,-0.0178273069341,-0.105115940646,-0.0332519697273,-0.0741107982043,0.0992784966032,1.02490357659,-0.12165233187,0.016978599986,0.292767659686,-0.0252805125589,-0.113737252811,-0.0339376929446,-0.077283956366,0.0940817247545,1.02452699688,-0.128746396395,0.0182644773899,0.286379570403,-0.0225758054482,-0.122805934565,-0.0320856845371,-0.0760011985268,0.0844411251496,1.02500628539,-0.12220916014,0.0165695735276,0.290549674591,-0.0187743306079,-0.108481612969,-0.0281141269162,-0.0764567141287,0.0875318934508,1.02395958349,-0.132342924438,0.0159080696459,0.291942369014,-0.0158373146797,-0.104949315293,-0.0305071347838,-0.0755729341072,0.0900521053955,1.02513140663,-0.130251842988,0.0187902421007
