bax0,bay0,baz0,bgx0,bgy0,bgz0,gax0,gay0,gaz0,bax1,bay1,baz1,bgx1,bgy1,bgz1,gax1,gay1,gaz1,bax2,bay2,baz2,bgx2,bgy2,bgz2,gax2,gay2,gaz2,bax3,bay3,baz3,bgx3,bgy3,bgz3,gax3,gay3,gaz3,bax4,bay4,baz4,bgx4,bgy4,bgz4,gax4,gay4,gaz4
0.293865762245,-0.0150558298497,-0.11644202848,-0.0310049337091,-0.0734353793685,0.0959479974735,1.02549532064,-0.126766450265,0.0168052602428,0.292393122158,-0.0254079863669,-0.116480307714,-0.0324804888395,-0.0757872375615,0.0945810413409,1.02425843228,-0.122232896471,0.0187972613267,0.291708533974,-0.0220836986295,-0.117584045143,-0.0348035888577,-0.0777030090553,0.0862356949212,1.02560653145,-0.134871664644,0.0170566292938,0.289976005128,-0.0191250216831,-0.111608887997,-0.034390804737,-0.0770460735353,0.087342691258,1.02493582333,-0.134897990686,0.016683210795,0.291507704711,-0.0176843593183,-0.110463760331,-0.0329095362845,-0.0770034278015,0.0928382322096,1.02323866677,-0.127987943634,0.0164443619626
