bax0,bay0,baz0,bgx0,bgy0,bgz0,gax0,gay0,gaz0,bax1,bay1,baz1,bgx1,bgy1,bgz1,gax1,gay1,gaz1,bax2,bay2,baz2,bgx2,bgy2,bgz2,gax2,gay2,gaz2,bax3,bay3,baz3,bgx3,bgy3,bgz3,gax3,gay3,gaz3,bax4,bay4,baz4,bgx4,bgy4,bgz4,gax4,gay4,gaz4
0.292439457494,-0.0198407080011,-0.11412063426,-0.0336277060744,-0.0765859115866,0.0983394558505,1.02466920223,-0.124548684522,0.017059259235,0.291781547356,-0.0232078196759,-0.115140290836,-0.0324378540921,-0.0787466746772,0.0963290342868,1.02550403966,-0.124920404435,0.0174760510311,0.290639234418,-0.0188974609519,-0.117656068661,-0.0308115658763,-0.0774658339164,0.0881076689723,1.02316070705,-0.129525783272,0.0192577278988,0.289174946425,-0.0167928574882,-0.112915690916,-0.0326680964587,-0.0791140058319,0.0828508452911,1.02433329671,-0.129396693041,0.0168652918129,0.289079656457,-0.0167267494795,-0.111656865146,-0.0259398100678,-0.0771029100343,0.0923119429407,1.02470908776,-0.131507108917,0.01772438631
