bax0,bay0,baz0,bgx0,bgy0,bgz0,gax0,gay0,gaz0,bax1,bay1,baz1,bgx1,bgy1,bgz1,gax1,gay1,gaz1,bax2,bay2,baz2,bgx2,bgy2,bgz2,gax2,gay2,gaz2,bax3,bay3,baz3,bgx3,bgy3,bgz3,gax3,gay3,gaz3,bax4,bay4,baz4,bgx4,bgy4,bgz4,gax4,gay4,gaz4
0.292028613965,-0.0150542379698,-0.108466244188,-0.029047674397,-0.069263050907,0.0877319396712,0.992220494641,-0.19915013614,-0.181214746559,0.293692372378,-0.0215521980814,-0.10399452169,-0.0268771780597,-0.0703033845107,0.0915114657954,0.992054812432,-0.198793203375,-0.173202288496,0.29205272703,-0.0190305518078,-0.109096938783,-0.0285665653101,-0.0848253030114,0.0903422480974,0.996282834944,-0.197360374229,-0.176539294278,0.293761409744,-0.0136445694208,-0.113570074635,-0.0304883164115,-0.0725367397892,0.0903315962203,0.996281028964,-0.198583445245,-0.169542183432,0.28826797837,-0.0140742580117,-0.111022693358,-0.0277987269094,-0.0843027456776,0.0917628866898,0.992845984133,-0.196391983155,-0.169204344514
