bax0,bay0,baz0,bgx0,bgy0,bgz0,gax0,gay0,gaz0,bax1,bay1,baz1,bgx1,bgy1,bgz1,gax1,gay1,gaz1,bax2,bay2,baz2,bgx2,bgy2,bgz2,gax2,gay2,gaz2,bax3,bay3,baz3,bgx3,bgy3,bgz3,gax3,gay3,gaz3,bax4,bay4,baz4,bgx4,bgy4,bgz4,gax4,gay4,gaz4
0.315325451092,0.0302075541268,-0.115658608586,-0.0429951556222,-0.051221922834,0.0215769883896,0.983812668778,-0.303450891269,0.0848650906668,0.298237065148,0.0172260806313,-0.0775497071029,-0.0472868312489,-0.027383645607,0.0968126052174,0.993749152628,-0.273540106633,0.080256673503,0.277290829935,-0.023597110225,-0.0822619565596,-0.0181735252864,-0.113425865896,0.118004846696,0.999045945502,-0.25202987694,0.0997608224031,0.298253491854,-0.0216226226045,-0.104073588738,-0.0161953747845,-0.092745518064,0.125845004461,0.991581876408,-0.2533678272,0.107777101173,0.2967291361,-0.0268767829631,-0.129581122257,-0.0324549748642,-0.0676952540999,0.0983653251729,0.995635971383,-0.258826008809,0.101962728314
