bax0,bay0,baz0,bgx0,bgy0,bgz0,gax0,gay0,gaz0,bax1,bay1,baz1,bgx1,bgy1,bgz1,gax1,gay1,gaz1,bax2,bay2,baz2,bgx2,bgy2,bgz2,gax2,gay2,gaz2,bax3,bay3,baz3,bgx3,bgy3,bgz3,gax3,gay3,gaz3,bax4,bay4,baz4,bgx4,bgy4,bgz4,gax4,gay4,gaz4
0.286410589536,-0.0301336657661,-0.118062462193,-0.0315945042139,-0.0983147690908,0.0984596816967,0.957557362105,-0.225747026434,-0.276887669028,0.292660945532,-0.0177251524323,-0.111571463792,-0.0298479773336,-0.075412307223,0.0902341050393,0.955453463031,-0.225885376829,-0.28260741524,0.284364896348,-0.0102472786838,-0.116319473739,-0.0298054598067,-0.0746473891151,0.0890947422341,0.954009991292,-0.22136861835,-0.278828177555,0.281956095856,-0.021738621245,-0.123962012619,-0.0276754127423,-0.0837604261899,0.0878552378628,0.954786869196,-0.225311715574,-0.281184341195,0.288609812041,-0.0288365477228,-0.122531900286,-0.0278334731529,-0.0790427629335,0.0891074482104,0.956639296752,-0.228358818559,-0.285971399649
