bax0,bay0,baz0,bgx0,bgy0,bgz0,gax0,gay0,gaz0,bax1,bay1,baz1,bgx1,bgy1,bgz1,gax1,gay1,gaz1,bax2,bay2,baz2,bgx2,bgy2,bgz2,gax2,gay2,gaz2,bax3,bay3,baz3,bgx3,bgy3,bgz3,gax3,gay3,gaz3,bax4,bay4,baz4,bgx4,bgy4,bgz4,gax4,gay4,gaz4
0.293242890414,-0.019693714932,-0.116671939125,-0.0320797691913,-0.0852269641852,0.102833573282,0.956609226408,-0.22625659721,-0.27701258798,0.287151130019,-0.0191404722853,-0.11485337213,-0.0323989348134,-0.074807890299,0.0916323740225,0.95461058581,-0.221371433557,-0.283354003892,0.288208924372,-0.0232980742762,-0.110301539018,-0.0285351558248,-0.0808827750936,0.0861521430915,0.954270916317,-0.226762896189,-0.280729179111,0.286140075247,-0.0237494838477,-0.120847417548,-0.0297495472739,-0.0920812605539,0.0887332722444,0.955306819121,-0.223511664939,-0.281798417317,0.290828849373,-0.0250446028874,-0.124172640284,-0.0281276785349,-0.0777511344086,0.0853486145596,0.954233665464,-0.229135170828,-0.282556166466
