bax0,bay0,baz0,bgx0,bgy0,bgz0,gax0,gay0,gaz0,bax1,bay1,baz1,bgx1,bgy1,bgz1,gax1,gay1,gaz1,bax2,bay2,baz2,bgx2,bgy2,bgz2,gax2,gay2,gaz2,bax3,bay3,baz3,bgx3,bgy3,bgz3,gax3,gay3,gaz3,bax4,bay4,baz4,bgx4,bgy4,bgz4,gax4,gay4,gaz4
0.289428077416,-0.0171692135984,-0.112012584415,-0.027670932536,-0.089093372263,0.0971564583993,0.956443728442,-0.221210475963,-0.280257657432,0.284257121691,-0.0194369780043,-0.11546598049,-0.0319361366361,-0.0802089711586,0.0865796977384,0.958220581562,-0.226030748518,-0.274646177197,0.287576135439,-0.015010339471,-0.11275667497,-0.0268812783988,-0.0773471427619,0.0857739035403,0.955361405711,-0.22610476986,-0.282160104367,0.284575544878,-0.0215842337921,-0.121236551904,-0.0282788313439,-0.0827689330283,0.0956386363173,0.953978500069,-0.226857128736,-0.28300130112,0.283012818771,-0.0255246501321,-0.111394673531,-0.0310806009635,-0.0757858831641,0.0854400534644,0.953756339646,-0.227266866978,-0.285380395675
