bax0,bay0,baz0,bgx0,bgy0,bgz0,gax0,gay0,gaz0,bax1,bay1,baz1,bgx1,bgy1,bgz1,gax1,gay1,gaz1,bax2,bay2,baz2,bgx2,bgy2,bgz2,gax2,gay2,gaz2,bax3,bay3,baz3,bgx3,bgy3,bgz3,gax3,gay3,gaz3,bax4,bay4,baz4,bgx4,bgy4,bgz4,gax4,gay4,gaz4
0.295431997708,-0.0186817120542,-0.0969741240776,-0.0356076776708,-0.116223983366,0.0652529824487,1.01035038712,0.0508259224511,-0.106958279444,0.285650681772,-0.00434411503035,-0.130909923819,-0.0360016133245,-0.0967984056789,0.0803154355488,1.01559369779,0.0492452357826,-0.105987146199,0.288851537779,-0.0122671770448,-0.112995898607,-0.0241093189876,-0.0770638929512,0.0937008095321,1.0061318069,0.0572526836652,-0.107832014047,0.289312770691,-0.0266709060641,-0.0941976876102,-0.0206542055691,-0.0696888019814,0.0912299746933,1.00849230571,0.0578559829092,-0.112247363615,0.294931785435,-0.0208216528871,-0.109620065644,-0.0251638803007,-0.0796353641889,0.0812429875537,1.00933817839,0.0650290428487,-0.106881124301
