bax0,bay0,baz0,bgx0,bgy0,bgz0,gax0,gay0,gaz0,bax1,bay1,baz1,bgx1,bgy1,bgz1,gax1,gay1,gaz1,bax2,bay2,baz2,bgx2,bgy2,bgz2,gax2,gay2,gaz2,bax3,bay3,baz3,bgx3,bgy3,bgz3,gax3,gay3,gaz3,bax4,bay4,baz4,bgx4,bgy4,bgz4,gax4,gay4,gaz4
0.288981122107,-0.0201163907066,-0.106347363841,-0.0434385101643,-0.114340563776,0.0693725865654,1.01102418875,0.0503929677488,-0.102115631161,0.281621039847,-0.004176462884,-0.131833694582,-0.0349782546342,-0.0962896971309,0.0811933231418,1.0121845946,0.0548745600429,-0.105604359624,0.293969343683,-0.0167511624614,-0.111949308842,-0.031307653541,-0.0759786751348,0.0908608994113,1.00611150343,0.0608183793043,-0.117582129487,0.291199278433,-0.0200548862977,-0.106072002725,-0.0192652641049,-0.078725183797,0.105685200968,1.00736545308,0.0629403982081,-0.111238028918,0.293928404957,-0.0187270485689,-0.105224294887,-0.0238451973375,-0.0788649983911,0.0930322793324,1.00826344274,0.0642029500144,-0.107438008412
