bax0,bay0,baz0,bgx0,bgy0,bgz0,gax0,gay0,gaz0,bax1,bay1,baz1,bgx1,bgy1,bgz1,gax1,gay1,gaz1,bax2,bay2,baz2,bgx2,bgy2,bgz2,gax2,gay2,gaz2,bax3,bay3,baz3,bgx3,bgy3,bgz3,gax3,gay3,gaz3,bax4,bay4,baz4,bgx4,bgy4,bgz4,gax4,gay4,gaz4
0.290974492922,-0.0114178164358,-0.139443428869,-0.0374848381289,-0.0844761969489,0.0803103635485,1.00755426102,0.0594407714754,-0.0991344814385,0.292133432072,-0.042593040381,-0.140027831893,-0.095168284155,-0.0853733612559,0.115804487949,1.0071062158,0.0665258066663,-0.105838138196,0.296246689194,-0.0367181284623,-0.100588209088,-0.0491564092487,-0.063681069003,0.10266594517,1.00689188326,0.0582540851265,-0.117141162588,0.293482459207,-0.00363600733393,-0.0653508182725,0.000224619610213,-0.0787188173478,0.0711604129893,1.00711865119,0.051121954754,-0.105976500229,0.288605602067,-0.0125935103621,-0.132736261122,0.00531253683301,-0.0934138330972,0.0722494714011,1.01142299129,0.0628793549571,-0.099821893269
