bax0,bay0,baz0,bgx0,bgy0,bgz0,gax0,gay0,gaz0,bax1,bay1,baz1,bgx1,bgy1,bgz1,gax1,gay1,gaz1,bax2,bay2,baz2,bgx2,bgy2,bgz2,gax2,gay2,gaz2,bax3,bay3,baz3,bgx3,bgy3,bgz3,gax3,gay3,gaz3,bax4,bay4,baz4,bgx4,bgy4,bgz4,gax4,gay4,gaz4
0.293650173263,-0.00166163867126,-0.131143037407,-0.0292149500132,-0.0826274799059,0.10030148603,1.01207236681,0.0605782101039,-0.105200845581,0.288803321614,-0.0401905606033,-0.146206822312,-0.0866035482798,-0.083755439716,0.124960596318,1.00917051225,0.0651239735973,-0.113786226813,0.298702922206,-0.0279911952862,-0.0823047732441,-0.0589979990441,-0.0587631948939,0.10627188247,1.00883878561,0.0644987576799,-0.116545196174,0.291259872106,0.0144929238563,-0.0566865035093,0.0109651025276,-0.0705415433973,0.0833565251075,1.00888428264,0.0544984878837,-0.100526200048,0.289798437423,-0.00874532259774,-0.119657288442,-0.00199704230607,-0.095506774515,0.0803637284334,1.00904721932,0.0577233726828,-0.0984600475836
