bax0,bay0,baz0,bgx0,bgy0,bgz0,gax0,gay0,gaz0,bax1,bay1,baz1,bgx1,bgy1,bgz1,gax1,gay1,gaz1,bax2,bay2,baz2,bgx2,bgy2,bgz2,gax2,gay2,gaz2,bax3,bay3,baz3,bgx3,bgy3,bgz3,gax3,gay3,gaz3,bax4,bay4,baz4,bgx4,bgy4,bgz4,gax4,gay4,gaz4
0.292230066461,-0.0105552926088,-0.13665766976,-0.0227072216692,-0.0857935878575,0.0872920643104,1.0063840078,0.061490194113,-0.111946356041,0.287109113173,-0.0476270680197,-0.15429710554,-0.0694119147385,-0.0745103684388,0.106039856558,1.00750662887,0.0654479390914,-0.113137635108,0.29462987224,-0.0258692642517,-0.0988701633504,-0.0762715578163,-0.0608457295198,0.107252300229,1.00691770731,0.0592776142209,-0.113009656981,0.294598927908,0.00248884037302,-0.081059504727,0.00322459369858,-0.0696755337118,0.0723881458211,1.01046261486,0.060557612462,-0.100504811348,0.289948032448,-0.0235283358896,-0.138836954213,-0.0130708002091,-0.088180703091,0.0727914647088,1.00922278215,0.0570261644092,-0.0899156603638
