bax0,bay0,baz0,bgx0,bgy0,bgz0,gax0,gay0,gaz0,bax1,bay1,baz1,bgx1,bgy1,bgz1,gax1,gay1,gaz1,bax2,bay2,baz2,bgx2,bgy2,bgz2,gax2,gay2,gaz2,bax3,bay3,baz3,bgx3,bgy3,bgz3,gax3,gay3,gaz3,bax4,bay4,baz4,bgx4,bgy4,bgz4,gax4,gay4,gaz4
0.288656339017,-0.0150970234015,-0.132252713911,-0.026272592807,-0.069277217032,0.0912757855184,1.00991959653,0.0684467027016,-0.0916796066081,0.291894894713,-0.0208620250873,-0.10938522637,-0.0398204322058,-0.069030960959,0.105729489471,1.00899568192,0.0741008496421,-0.0976884088291,0.292236626129,-0.0180623352221,-0.114838441464,-0.0319016417482,-0.0760364639901,0.0933765623572,1.01035957724,0.0655983689733,-0.0946574849135,0.291211872647,-0.0255046028694,-0.108163403438,-0.0316327416354,-0.0737198891294,0.0834741554143,1.01053642703,0.066636000991,-0.0936553558389,0.28832157622,-0.0137868166008,-0.119404362508,-0.0361913758133,-0.0842997350675,0.079369468152,1.00844479477,0.0639763924464,-0.0878270250568
