bax0,bay0,baz0,bgx0,bgy0,bgz0,gax0,gay0,gaz0,bax1,bay1,baz1,bgx1,bgy1,bgz1,gax1,gay1,gaz1,bax2,bay2,baz2,bgx2,bgy2,bgz2,gax2,gay2,gaz2,bax3,bay3,baz3,bgx3,bgy3,bgz3,gax3,gay3,gaz3,bax4,bay4,baz4,bgx4,bgy4,bgz4,gax4,gay4,gaz4
0.291714011524,-0.019551351964,-0.121174038427,-0.0263006925575,-0.0702547615465,0.0961889515073,1.00846192034,0.0695768283619,-0.0914098779334,0.292464401401,-0.0223906294933,-0.1092748777,-0.0280366706926,-0.0712996159171,0.0994207789389,1.00950376135,0.0682906479275,-0.0935462407774,0.29382355754,-0.015074254573,-0.110045862074,-0.0324666635387,-0.0773457516002,0.0928095797752,1.00954201157,0.0688646897181,-0.0942589944764,0.294551010089,-0.023320933756,-0.111281268236,-0.0356838774799,-0.0740002619945,0.0853947265754,1.00971718313,0.0663167829717,-0.0925070084051,0.291140850425,-0.00988387318573,-0.114210408571,-0.0319113797392,-0.0847460588527,0.0861245668615,1.01075682327,0.0671958240922,-0.091085646772
