bax0,bay0,baz0,bgx0,bgy0,bgz0,gax0,gay0,gaz0,bax1,bay1,baz1,bgx1,bgy1,bgz1,gax1,gay1,gaz1,bax2,bay2,baz2,bgx2,bgy2,bgz2,gax2,gay2,gaz2,bax3,bay3,baz3,bgx3,bgy3,bgz3,gax3,gay3,gaz3,bax4,bay4,baz4,bgx4,bgy4,bgz4,gax4,gay4,gaz4
0.328553392634,0.0373018871596,-0.10928595662,-0.0482973427573,-0.0323267447601,0.020053046403,0.984040659136,-0.301694017615,0.0882165418161,0.304184676964,0.0209685295615,-0.0720623311907,-0.0405782023012,-0.055768178692,0.088265705796,0.998343420187,-0.270888873958,0.0814666030242,0.277294145329,-0.0271627447041,-0.0991714698243,-0.0281633258715,-0.106180596161,0.131246484248,0.999654310513,-0.25875942215,0.0992873709581,0.283656501169,-0.0151178956995,-0.138254122727,-0.0277556033062,-0.0859777565418,0.121408472847,0.997713813647,-0.258186666174,0.117700200979,0.285390648457,-0.00730046232982,-0.134952843273,-0.0224936546916,-0.0758368868899,0.0896811631655,0.995258073211,-0.268035713469,0.105029227372
