bax0,bay0,baz0,bgx0,bgy0,bgz0,gax0,gay0,gaz0,bax1,bay1,baz1,bgx1,bgy1,bgz1,gax1,gay1,gaz1,bax2,bay2,baz2,bgx2,bgy2,bgz2,gax2,gay2,gaz2,bax3,bay3,baz3,bgx3,bgy3,bgz3,gax3,gay3,gaz3,bax4,bay4,baz4,bgx4,bgy4,bgz4,gax4,gay4,gaz4
0.439195628894,-0.0746139562218,0.0143319815627,-0.0844608569443,0.146256300414,0.208853626738,0.962956509602,0.116715040148,-0.236312857404,0.280456050014,-0.00699940980473,-0.0852966968808,-0.0345857095721,0.0603387932045,0.160254395433,0.976522455504,0.0730426010724,-0.205663460235,0.282800912851,-0.0250337387472,-0.102199764817,-0.0271600319471,-0.0206364714152,0.133577644034,0.987953320921,0.0691906746319,-0.177310741682,0.310803534718,-0.0223179511036,-0.121849662391,-0.0410125601947,-0.0754053238342,0.0827987045354,1.00864030356,0.0763024035901,-0.174629138631,0.290848595672,-0.0252283521288,-0.145103468943,-0.0320085854042,-0.122722592581,0.0915270946958,0.995075521349,0.0812576481372,-0.17995653557
