bax0,bay0,baz0,bgx0,bgy0,bgz0,gax0,gay0,gaz0,bax1,bay1,baz1,bgx1,bgy1,bgz1,gax1,gay1,gaz1,bax2,bay2,baz2,bgx2,bgy2,bgz2,gax2,gay2,gaz2,bax3,bay3,baz3,bgx3,bgy3,bgz3,gax3,gay3,gaz3,bax4,bay4,baz4,bgx4,bgy4,bgz4,gax4,gay4,gaz4
0.284156103272,-0.02034377527,-0.121209018402,-0.0442958192558,-0.103971881051,0.095026470257,0.989219930235,0.0829116152262,-0.178512092303,0.303959817656,-0.0317852418451,-0.0900204690766,-0.0311189053302,-0.0819086472432,0.0927755762931,0.995161007574,0.0739097687059,-0.17712750329,0.299273329768,-0.0308502846542,-0.106236735481,-0.035716531803,-0.0782869224085,0.0845971015824,0.991173968134,0.0652553273747,-0.168627508732,0.301115631497,-0.0219244968982,-0.111167001603,-0.0383236122755,-0.0800142517916,0.081525344633,0.998094968076,0.0694209054984,-0.16184193288,0.285747966391,-0.0190286818772,-0.117318026261,-0.0293527198484,-0.0898930961996,0.0800725964681,0.996305714214,0.0720898105067,-0.168343498443
