bax0,bay0,baz0,bgx0,bgy0,bgz0,gax0,gay0,gaz0,bax1,bay1,baz1,bgx1,bgy1,bgz1,gax1,gay1,gaz1,bax2,bay2,baz2,bgx2,bgy2,bgz2,gax2,gay2,gaz2,bax3,bay3,baz3,bgx3,bgy3,bgz3,gax3,gay3,gaz3,bax4,bay4,baz4,bgx4,bgy4,bgz4,gax4,gay4,gaz4
0.294456793929,-0.0450365586419,-0.14222107725,-0.0106353185005,-0.0995603305199,0.0699196256278,0.996374362318,0.0773195797102,-0.176598797921,0.286440313171,0.0150880218861,-0.0822138867424,-0.0357769431415,-0.056400050674,0.0985450136244,0.995839783374,0.0701974857175,-0.176009440401,0.290180100975,0.015747444564,-0.0784068117198,-0.039168594897,-0.0594456148917,0.100637864808,0.99243324888,0.0780581704324,-0.17435777992,0.293019324924,-0.0364124722104,-0.138946080569,-0.00930919495589,-0.0926553988253,0.0874088664137,0.99403114066,0.0874533094933,-0.164669575556,0.290327370522,-0.0359966454544,-0.124570616122,-0.0280517748544,-0.0412733875531,0.105054911926,0.989657986024,0.0850757628058,-0.177565413305
