bax0,bay0,baz0,bgx0,bgy0,bgz0,gax0,gay0,gaz0,bax1,bay1,baz1,bgx1,bgy1,bgz1,gax1,gay1,gaz1,bax2,bay2,baz2,bgx2,bgy2,bgz2,gax2,gay2,gaz2,bax3,bay3,baz3,bgx3,bgy3,bgz3,gax3,gay3,gaz3,bax4,bay4,baz4,bgx4,bgy4,bgz4,gax4,gay4,gaz4
0.280706032484,-0.0261565785832,-0.16420061039,0.0233780804687,0.125731506301,0.113855210823,0.954602333645,-0.195268147974,-0.2585972237,0.282939749333,-0.0409003061433,-0.128848549579,-0.0209681269641,-0.0161274725037,0.120191366919,0.964234354388,-0.204054189394,-0.263426830258,0.278680944164,-0.0313484987318,-0.14882567059,-0.0454883098424,-0.0843799997634,0.0687585340779,0.95588595188,-0.219227367922,-0.286140896389,0.296402401631,-0.00297115577978,-0.0964533459357,-0.0335238964784,-0.0838169853683,0.0524766735416,0.95119997743,-0.218608771986,-0.299898078306,0.295069840429,-0.00358904422914,-0.106830160346,-0.0217867678433,-0.112730220132,0.102759977049,0.956606513007,-0.205535190127,-0.289133991244
