bax0,bay0,baz0,bgx0,bgy0,bgz0,gax0,gay0,gaz0,bax1,bay1,baz1,bgx1,bgy1,bgz1,gax1,gay1,gaz1,bax2,bay2,baz2,bgx2,bgy2,bgz2,gax2,gay2,gaz2,bax3,bay3,baz3,bgx3,bgy3,bgz3,gax3,gay3,gaz3,bax4,bay4,baz4,bgx4,bgy4,bgz4,gax4,gay4,gaz4
0.285745230298,-0.0256901778325,-0.124368692882,-0.0142979548425,-0.103257741247,0.0903283966423,0.958984178067,-0.200850141989,-0.288262539945,0.29227530643,-0.0198529712311,-0.129566620356,-0.0272298918621,-0.0975904720827,0.0771046862397,0.949843589075,-0.205744392908,-0.292401971249,0.30513732591,-0.0101352047827,-0.116939719149,-0.0357349042955,-0.0630390276843,0.0927534384456,0.950452947364,-0.208188229853,-0.296251538984,0.294427593528,-0.0255946542549,-0.110794999569,-0.0289874396699,-0.0839302902907,0.0961113447965,0.953565125714,-0.208659695479,-0.288088454389,0.284471113995,-0.0189671302004,-0.133613219532,-0.0314588918059,-0.0762312179125,0.0911879755047,0.958522417157,-0.212710786625,-0.285199018748
