bax0,bay0,baz0,bgx0,bgy0,bgz0,gax0,gay0,gaz0,bax1,bay1,baz1,bgx1,bgy1,bgz1,gax1,gay1,gaz1,bax2,bay2,baz2,bgx2,bgy2,bgz2,gax2,gay2,gaz2,bax3,bay3,baz3,bgx3,bgy3,bgz3,gax3,gay3,gaz3,bax4,bay4,baz4,bgx4,bgy4,bgz4,gax4,gay4,gaz4
0.270892857001,-0.0225903872044,-0.121214721194,-0.0135252693417,-0.110468834832,0.0974680804097,0.955732584089,-0.202075356772,-0.287069566012,0.279387045434,-0.019834458159,-0.12864621429,-0.0293142926845,-0.0665026267755,0.0772247699028,0.950910835695,-0.203027970082,-0.295193072492,0.303048154797,-0.0070131543202,-0.10116951306,-0.0398710630397,-0.0684298823568,0.0916921509042,0.952939864225,-0.211965649234,-0.298504590728,0.293066250175,-0.022157374432,-0.112004313107,-0.0340078055017,-0.0847477073689,0.0911835824999,0.952853124577,-0.202497962951,-0.29050242411,0.283979918794,-0.0214576284809,-0.120705906647,-0.0334937303542,-0.0833722265563,0.0905540168911,0.95572368857,-0.208103304994,-0.293568250583
