bax0,bay0,baz0,bgx0,bgy0,bgz0,gax0,gay0,gaz0,bax1,bay1,baz1,bgx1,bgy1,bgz1,gax1,gay1,gaz1,bax2,bay2,baz2,bgx2,bgy2,bgz2,gax2,gay2,gaz2,bax3,bay3,baz3,bgx3,bgy3,bgz3,gax3,gay3,gaz3,bax4,bay4,baz4,bgx4,bgy4,bgz4,gax4,gay4,gaz4
0.298433787876,-0.01370916654,-0.107618136993,-0.0315930676433,-0.0699037766427,0.0753748305648,0.949857603821,-0.217014483975,-0.294797784341,0.289239734972,-0.010516467525,-0.10674604113,-0.0285735821835,-0.0817648042102,0.0951877911207,0.952416130552,-0.205366053493,-0.294317072554,0.285566682387,-0.0138665287464,-0.111759215779,-0.0256282170503,-0.0829338856029,0.0986723706041,0.953859488172,-0.202938980444,-0.291713656064,0.291167231061,-0.0213194317224,-0.112807789827,-0.0305544892258,-0.0787863371383,0.0903941308405,0.951039638458,-0.209588763614,-0.296402374938,0.298217802835,-0.0119620673717,-0.114818860254,-0.0298928250363,-0.0802826909598,0.0892264167356,0.954733378423,-0.204836784142,-0.293322721665
