bax0,bay0,baz0,bgx0,bgy0,bgz0,gax0,gay0,gaz0,bax1,bay1,baz1,bgx1,bgy1,bgz1,gax1,gay1,gaz1,bax2,bay2,baz2,bgx2,bgy2,bgz2,gax2,gay2,gaz2,bax3,bay3,baz3,bgx3,bgy3,bgz3,gax3,gay3,gaz3,bax4,bay4,baz4,bgx4,bgy4,bgz4,gax4,gay4,gaz4
0.292841047111,-0.0146814946242,-0.121678933374,-0.0240821441212,-0.0861120385562,0.0993517838916,0.952287490741,-0.205038208351,-0.291933742051,0.288268462671,-0.0194112427729,-0.118637012086,-0.0253592219605,-0.0969502427129,0.097616164763,0.953046218594,-0.204092119137,-0.290761311399,0.28855657271,-0.0210053882015,-0.129928855889,-0.0360500835273,-0.0799229377795,0.0940412371942,0.95368945816,-0.210431056078,-0.289702510978,0.29230542944,-0.0177635671664,-0.111453391511,-0.031074767542,-0.0624339352994,0.0870838470913,0.948697935951,-0.215573719901,-0.300787793828,0.295247215642,-0.0112944888247,-0.0972917293198,-0.0278952057722,-0.0636972447269,0.0878413894537,0.953771711726,-0.209392611681,-0.297543660928
