bax0,bay0,baz0,bgx0,bgy0,bgz0,gax0,gay0,gaz0,bax1,bay1,baz1,bgx1,bgy1,bgz1,gax1,gay1,gaz1,bax2,bay2,baz2,bgx2,bgy2,bgz2,gax2,gay2,gaz2,bax3,bay3,baz3,bgx3,bgy3,bgz3,gax3,gay3,gaz3,bax4,bay4,baz4,bgx4,bgy4,bgz4,gax4,gay4,gaz4
0.297078347798,-0.0213953109185,-0.126646105768,-0.0228879731357,-0.0897065241469,0.0848059577496,0.956857730513,-0.212722043955,-0.281025548722,0.29713809298,-0.0160101102833,-0.125102487609,-0.0285727411487,-0.0861082810301,0.0888429648869,0.960110397309,-0.207672269265,-0.290650049312,0.275976464281,-0.0272634689601,-0.113306655101,-0.0307704892266,-0.0825831000175,0.0859203098471,0.95527025881,-0.215191882139,-0.27650281102,0.293351451213,-0.0169124965159,-0.12555897278,-0.0300875579812,-0.0990218386061,0.102487501952,0.947774625438,-0.194765970901,-0.297100212866,0.321009647033,-0.0048901528508,-0.0911386304712,-0.0160765509721,-0.134366833592,0.0551661038927,0.897589365366,-0.22464310278,-0.375112610921
