bax0,bay0,baz0,bgx0,bgy0,bgz0,gax0,gay0,gaz0,bax1,bay1,baz1,bgx1,bgy1,bgz1,gax1,gay1,gaz1,bax2,bay2,baz2,bgx2,bgy2,bgz2,gax2,gay2,gaz2,bax3,bay3,baz3,bgx3,bgy3,bgz3,gax3,gay3,gaz3,bax4,bay4,baz4,bgx4,bgy4,bgz4,gax4,gay4,gaz4
0.289973175504,-0.0101990366196,-0.115138514804,-0.00317547985688,-0.151997145466,0.107512978018,0.91339148202,-0.200770084747,-0.379137115616,0.297527534717,-0.0174977264421,-0.116139889396,-0.00500770605603,-0.131473731432,0.126731659441,0.90940465015,-0.203908843578,-0.380701198896,0.296230479437,-0.0395951718096,-0.120546651509,-0.011076548049,-0.120789149409,0.11736034025,0.909451502344,-0.214310259209,-0.37820144199,0.294613872908,-0.0311732833321,-0.103989542202,-0.0264324578834,-0.0732105830624,0.102955548324,0.90971238604,-0.215024443914,-0.37759448935,0.309043001701,-0.0044306044981,-0.107369995783,-0.0296897629761,-0.0809912173595,0.0981334492958,0.911792160779,-0.219777683244,-0.376808214581
