bax0,bay0,baz0,bgx0,bgy0,bgz0,gax0,gay0,gaz0,bax1,bay1,baz1,bgx1,bgy1,bgz1,gax1,gay1,gaz1,bax2,bay2,baz2,bgx2,bgy2,bgz2,gax2,gay2,gaz2,bax3,bay3,baz3,bgx3,bgy3,bgz3,gax3,gay3,gaz3,bax4,bay4,baz4,bgx4,bgy4,bgz4,gax4,gay4,gaz4
0.320286028605,0.0296299294686,-0.102120181482,-0.0493638208691,-0.0468492375348,0.0407932155964,0.993340826046,-0.291399715033,0.0906193076119,0.308587936777,0.0143905314092,-0.074193578681,-0.0336933901854,-0.0452771292922,0.081111505138,0.996966790768,-0.272903739814,0.0815919885619,0.274544053272,-0.0240072614999,-0.0837766318011,-0.0219541543701,-0.12182544534,0.14200836984,1.00217481291,-0.261763187454,0.104108033089,0.294912447555,-0.0188066472881,-0.131204634926,-0.0306520954282,-0.0884854497633,0.109162086224,0.99305787344,-0.267676229153,0.108320209857,0.303310558891,-0.0197254540277,-0.126195486381,-0.0286374493985,-0.0731355716674,0.115449612336,0.997800040052,-0.266730732393,0.101049376018
