bax0,bay0,baz0,bgx0,bgy0,bgz0,gax0,gay0,gaz0,bax1,bay1,baz1,bgx1,bgy1,bgz1,gax1,gay1,gaz1,bax2,bay2,baz2,bgx2,bgy2,bgz2,gax2,gay2,gaz2,bax3,bay3,baz3,bgx3,bgy3,bgz3,gax3,gay3,gaz3,bax4,bay4,baz4,bgx4,bgy4,bgz4,gax4,gay4,gaz4
0.286025103342,-0.015813376669,-0.115224503777,-0.0066153001016,-0.145174484484,0.0952274027273,0.912596043298,-0.212875122601,-0.381229649942,0.299676981949,-0.0181521086279,-0.106891551718,0.00126742414575,-0.141099541389,0.132081559263,0.907085130444,-0.208177477862,-0.381257247446,0.279311838872,-0.0413393046593,-0.11289237402,-0.00565308515893,-0.114384185561,0.119633861241,0.905818639755,-0.209663648205,-0.377179387174,0.298157188831,-0.0193976081711,-0.108655292671,-0.0468688828966,-0.0666774141987,0.0913923446873,0.908527191313,-0.214352107718,-0.383187980853,0.294934800433,-0.00477613982944,-0.107380563545,-0.0359959817333,-0.0803280806124,0.103000044986,0.910688486831,-0.223246715171,-0.379433831562
