bax0,bay0,baz0,bgx0,bgy0,bgz0,gax0,gay0,gaz0,bax1,bay1,baz1,bgx1,bgy1,bgz1,gax1,gay1,gaz1,bax2,bay2,baz2,bgx2,bgy2,bgz2,gax2,gay2,gaz2,bax3,bay3,baz3,bgx3,bgy3,bgz3,gax3,gay3,gaz3,bax4,bay4,baz4,bgx4,bgy4,bgz4,gax4,gay4,gaz4
0.281709876323,-0.0123683540472,-0.129507210711,-0.0309639069705,-0.0857822710706,0.101939359124,0.896899566647,-0.210826475477,-0.384029662728,0.293725055445,-0.0291896442461,-0.12647942942,-0.0192251311023,-0.0517306598199,0.0852509907846,0.909545567744,-0.194149227326,-0.364188980892,0.30607663707,-0.00858680137024,-0.100761342227,-0.0360152379411,-0.0646606715848,0.0986612812983,0.901795636739,-0.206548068376,-0.358222227231,0.291330671518,-0.0141398817228,-0.0989737771114,0.00234012562481,-0.0929105768215,0.14996541321,0.96595259091,-0.293456865129,-0.0467165086398,0.288081613844,-0.0434884555911,-0.114655784486,-0.0314666559934,-0.152718395915,0.153731611972,0.996906520729,-0.300579542172,-0.0546073851606
