bax0,bay0,baz0,bgx0,bgy0,bgz0,gax0,gay0,gaz0,bax1,bay1,baz1,bgx1,bgy1,bgz1,gax1,gay1,gaz1,bax2,bay2,baz2,bgx2,bgy2,bgz2,gax2,gay2,gaz2,bax3,bay3,baz3,bgx3,bgy3,bgz3,gax3,gay3,gaz3,bax4,bay4,baz4,bgx4,bgy4,bgz4,gax4,gay4,gaz4
0.277681048795,-0.0355745117341,-0.171589042449,-0.035554990976,-0.0871881357516,0.111817904129,0.977799381554,-0.315613083571,-0.050370501459,0.290030104481,-0.0192650750216,-0.126592430793,-0.0214105798105,-0.0637863391456,0.0843974671953,0.97768634915,-0.321748877717,-0.0684385418818,0.291216350878,-0.0175726180665,-0.104381963459,-0.0295484960859,-0.0664438331294,0.0961975768764,0.974650217967,-0.321487707392,-0.062328900775,0.285103660971,-0.024131612096,-0.11871640436,-0.0271453633985,-0.0721713240471,0.0835518473921,0.976819780479,-0.322405028255,-0.0601509374101,0.301090388363,-0.0031715889018,-0.110519655883,-0.0277040165702,-0.0653840469837,0.0799548191626,0.97340835251,-0.31885056766,-0.0645899496123
