bax0,bay0,baz0,bgx0,bgy0,bgz0,gax0,gay0,gaz0,bax1,bay1,baz1,bgx1,bgy1,bgz1,gax1,gay1,gaz1,bax2,bay2,baz2,bgx2,bgy2,bgz2,gax2,gay2,gaz2,bax3,bay3,baz3,bgx3,bgy3,bgz3,gax3,gay3,gaz3,bax4,bay4,baz4,bgx4,bgy4,bgz4,gax4,gay4,gaz4
0.294989338251,-0.0167400428324,-0.105974962394,-0.030637917708,-0.0974610959752,0.099666949814,0.974468541741,-0.322922687615,-0.0583453057961,0.284694734894,-0.0310326347449,-0.133749331619,-0.0274621913588,-0.0845813735664,0.112082800386,0.976839848072,-0.316985775695,-0.059687991126,0.284272161638,-0.0330853841763,-0.102217933042,-0.0289592065536,-0.0697156467354,0.0930620936396,0.974040306989,-0.321650712543,-0.0674956690982,0.290396481413,-0.0256338635684,-0.115481017169,-0.02573301657,-0.0756939503014,0.0794800970235,0.968464561521,-0.328643214356,-0.0604468160667,0.294481037892,-0.00990706608958,-0.116663226043,-0.028382593525,-0.0815550249831,0.0715642828806,0.972938624579,-0.330133947737,-0.0566980775119
