bax0,bay0,baz0,bgx0,bgy0,bgz0,gax0,gay0,gaz0,bax1,bay1,baz1,bgx1,bgy1,bgz1,gax1,gay1,gaz1,bax2,bay2,baz2,bgx2,bgy2,bgz2,gax2,gay2,gaz2,bax3,bay3,baz3,bgx3,bgy3,bgz3,gax3,gay3,gaz3,bax4,bay4,baz4,bgx4,bgy4,bgz4,gax4,gay4,gaz4
0.29065555435,-0.016801749464,-0.11844693133,-0.0326847015789,-0.0815746804503,0.0873416271897,0.971304984379,-0.328953610793,-0.0598806424455,0.287280682362,-0.0232046541637,-0.117503626313,-0.0352264613037,-0.0777145002857,0.0924375879702,0.972710984913,-0.329899343481,-0.0601845407481,0.291741371264,-0.0175103284806,-0.120772476796,-0.0303928583979,-0.0800746585418,0.0923667564146,0.970904194403,-0.329823703533,-0.0692781993482,0.293339501122,-0.0150427023936,-0.128100981138,-0.0272589243253,-0.0828551467301,0.0892437156937,0.975685642825,-0.329010931088,-0.063222943152,0.290227042478,-0.0193626427492,-0.132228857038,-0.0336964171286,-0.0723449246123,0.0925683960353,0.973116754549,-0.330836470729,-0.064784018024
