bax0,bay0,baz0,bgx0,bgy0,bgz0,gax0,gay0,gaz0,bax1,bay1,baz1,bgx1,bgy1,bgz1,gax1,gay1,gaz1,bax2,bay2,baz2,bgx2,bgy2,bgz2,gax2,gay2,gaz2,bax3,bay3,baz3,bgx3,bgy3,bgz3,gax3,gay3,gaz3,bax4,bay4,baz4,bgx4,bgy4,bgz4,gax4,gay4,gaz4
0.291554647836,-0.0153743267769,-0.118670442718,-0.0299010981164,-0.0849455133507,0.089960195765,0.973855405662,-0.330991834927,-0.0596024689867,0.289548117046,-0.0218033814169,-0.116253389154,-0.0325398835349,-0.0799496746335,0.0875658574371,0.972176270937,-0.326541202651,-0.0639097930451,0.290527637984,-0.0110227481114,-0.112984554092,-0.0266957295274,-0.0814772595062,0.092264410006,0.974278357406,-0.328653012317,-0.0631344802288,0.290297811419,-0.0144167447859,-0.128459434209,-0.0271419997961,-0.0817457182795,0.0898376027084,0.972776073198,-0.329927671853,-0.0686676131369,0.282137021806,-0.0254048054396,-0.122068089733,-0.0274571759649,-0.0739432679565,0.0934870010721,0.971021232096,-0.325721752305,-0.0724991203024
