bax0,bay0,baz0,bgx0,bgy0,bgz0,gax0,gay0,gaz0,bax1,bay1,baz1,bgx1,bgy1,bgz1,gax1,gay1,gaz1,bax2,bay2,baz2,bgx2,bgy2,bgz2,gax2,gay2,gaz2,bax3,bay3,baz3,bgx3,bgy3,bgz3,gax3,gay3,gaz3,bax4,bay4,baz4,bgx4,bgy4,bgz4,gax4,gay4,gaz4
0.471802711393,0.0769982423126,0.000900045190458,-0.029632978977,-0.158523835586,-0.0249809454168,0.920929042156,-0.376812810613,-0.0936093745882,0.240065787233,-0.043686816558,-0.167846193518,-0.0828130145925,-0.136270778065,0.0998035973622,0.984743562282,-0.324383436258,-0.0366459373053,0.307883979084,-0.0290283064913,-0.128007087871,-0.0504008713681,-0.123250320936,0.124312360107,0.966052288272,-0.350256038338,-0.0701515508965,0.290321906843,-0.0300890223064,-0.142742311214,-0.0472960868645,-0.127113366865,0.139482008468,0.958482648686,-0.347425469726,-0.0656215921531,0.276231121962,-0.0320744368324,-0.142176199704,-0.0461481774741,-0.0743596206273,0.0903557192635,0.950102903529,-0.355862661388,-0.0743167153761
