bax0,bay0,baz0,bgx0,bgy0,bgz0,gax0,gay0,gaz0,bax1,bay1,baz1,bgx1,bgy1,bgz1,gax1,gay1,gaz1,bax2,bay2,baz2,bgx2,bgy2,bgz2,gax2,gay2,gaz2,bax3,bay3,baz3,bgx3,bgy3,bgz3,gax3,gay3,gaz3,bax4,bay4,baz4,bgx4,bgy4,bgz4,gax4,gay4,gaz4
0.286012524126,-0.0245198863465,-0.123789031417,-0.0225689666254,-0.0512808280567,0.087150407589,0.956915756481,-0.360732745825,-0.0936345145374,0.293649532495,-0.0276934208583,-0.115277281811,-0.023235701089,-0.0728764003205,0.0847865431808,0.954649393672,-0.367322498154,-0.0947273627159,0.292287595633,-0.0126537709279,-0.125764698559,-0.0262397013915,-0.0799817567349,0.0853370113771,0.953316246901,-0.367313694155,-0.0990330072151,0.286960349829,-0.0164889386362,-0.125283899657,-0.0328870126797,-0.0729427381226,0.0851108889371,0.952847020327,-0.367505004649,-0.105833108506,0.294827275727,-0.0119282418697,-0.110968213321,-0.0361190859708,-0.0682630350078,0.0839404831306,0.95205524363,-0.366963281253,-0.104029829158
