bax0,bay0,baz0,bgx0,bgy0,bgz0,gax0,gay0,gaz0,bax1,bay1,baz1,bgx1,bgy1,bgz1,gax1,gay1,gaz1,bax2,bay2,baz2,bgx2,bgy2,bgz2,gax2,gay2,gaz2,bax3,bay3,baz3,bgx3,bgy3,bgz3,gax3,gay3,gaz3,bax4,bay4,baz4,bgx4,bgy4,bgz4,gax4,gay4,gaz4
0.298438662287,-0.014109332522,-0.126545193237,-0.0273218760222,-0.0887298328617,0.0996451370506,0.960347044851,-0.358725762888,-0.10224845652,0.280182090456,-0.0352165168211,-0.131024228376,-0.029335822137,-0.109442431824,0.118653065287,0.953694133525,-0.367102214575,-0.105382161726,0.266196112445,-0.0315214330333,-0.139597514325,-0.0261855669342,-0.0793686986678,0.093564509796,0.946097426056,-0.376772388925,-0.11291224576,0.28429070131,-0.0200020530514,-0.123923920142,-0.0366598749852,-0.0649727857022,0.0896285239179,0.94345463716,-0.371775493653,-0.110561915242,0.29235111283,0.0057196924108,-0.106537273482,-0.0562131363387,-0.0611162184605,0.0827670585206,0.945883385785,-0.389977588301,-0.122741068305
