bax0,bay0,baz0,bgx0,bgy0,bgz0,gax0,gay0,gaz0,bax1,bay1,baz1,bgx1,bgy1,bgz1,gax1,gay1,gaz1,bax2,bay2,baz2,bgx2,bgy2,bgz2,gax2,gay2,gaz2,bax3,bay3,baz3,bgx3,bgy3,bgz3,gax3,gay3,gaz3,bax4,bay4,baz4,bgx4,bgy4,bgz4,gax4,gay4,gaz4
0.286201871067,-0.0348460026408,-0.154377621209,-0.0153924530101,-0.262960675156,0.205738456543,0.986817387326,-0.26561419306,0.143211210831,0.276476469685,-0.0574833155384,-0.131914457153,-0.0536405854402,-0.229690383103,0.128938650923,0.981660369841,-0.267880180138,0.147428931798,0.293504731974,-0.0253393268273,-0.177065984741,-0.035997857404,-0.158348316323,0.0789596652797,0.984549832376,-0.278723175221,0.122266982866,0.294857976559,-0.00658519342094,-0.129274558782,-0.0118697894859,-0.0674629479867,0.0767954320174,0.984579819207,-0.285099902636,0.109648433684,0.296468507196,-0.0141118837367,-0.0897136238566,-0.0295518134505,-0.0764893839592,0.0680972032557,0.9873709921,-0.286990412194,0.089365310251
