bax0,bay0,baz0,bgx0,bgy0,bgz0,gax0,gay0,gaz0,bax1,bay1,baz1,bgx1,bgy1,bgz1,gax1,gay1,gaz1,bax2,bay2,baz2,bgx2,bgy2,bgz2,gax2,gay2,gaz2,bax3,bay3,baz3,bgx3,bgy3,bgz3,gax3,gay3,gaz3,bax4,bay4,baz4,bgx4,bgy4,bgz4,gax4,gay4,gaz4
0.281718172254,-0.0413092175944,-0.109687455762,-0.0595851361641,-0.036880449213,0.121982813871,0.994695955843,-0.258025699011,0.0975357954743,0.26460959385,-0.045070594616,-0.0295446495973,-0.038305209593,-0.0447279721829,0.102689471535,0.993403611389,-0.284112298113,0.104944517856,0.278810123899,-0.0362473253274,-0.0861040833834,0.0252022796341,-0.167158980607,0.0768152467517,0.992257476219,-0.301108195097,0.12864484229,0.2978895745,-0.0128219117772,-0.130202544887,-0.0115259821843,-0.0838205723269,0.0868687515216,0.987176685519,-0.287303073767,0.144811516942,0.282177619033,-0.0188722478901,-0.0843364043321,-0.0724516394448,-0.0652061426342,0.0652606421694,0.987474354903,-0.2933228922,0.131173187013
