bax0,bay0,baz0,bgx0,bgy0,bgz0,gax0,gay0,gaz0,bax1,bay1,baz1,bgx1,bgy1,bgz1,gax1,gay1,gaz1,bax2,bay2,baz2,bgx2,bgy2,bgz2,gax2,gay2,gaz2,bax3,bay3,baz3,bgx3,bgy3,bgz3,gax3,gay3,gaz3,bax4,bay4,baz4,bgx4,bgy4,bgz4,gax4,gay4,gaz4
0.290621635922,-0.0170838936274,-0.128820465723,-0.0264464334294,-0.0826809627266,0.0847689706404,0.984375983328,-0.267517227024,0.132304425937,0.293429864394,-0.0131064605433,-0.109686812826,-0.0251767724485,-0.0667462290494,0.0756085419469,0.986333907774,-0.272819150144,0.120903618114,0.295908762737,-0.00319695940527,-0.115502563794,-0.0247904194543,-0.0792501806335,0.0820752713721,0.979866950787,-0.2646482941,0.124577785018,0.295741300516,-0.00165716695169,-0.138786482941,-0.0322134443502,-0.0768506997423,0.0846836515529,0.988916163022,-0.258307386752,0.120098735559,0.292899540975,-0.00781565154843,-0.103310561339,-0.0265824192104,-0.0695490969299,0.0789507208064,0.992857678962,-0.242317384036,0.120981542604
