bax0,bay0,baz0,bgx0,bgy0,bgz0,gax0,gay0,gaz0,bax1,bay1,baz1,bgx1,bgy1,bgz1,gax1,gay1,gaz1,bax2,bay2,baz2,bgx2,bgy2,bgz2,gax2,gay2,gaz2,bax3,bay3,baz3,bgx3,bgy3,bgz3,gax3,gay3,gaz3,bax4,bay4,baz4,bgx4,bgy4,bgz4,gax4,gay4,gaz4
0.343920921417,0.0484151603337,-0.0925174533656,0.0139805257324,0.245891168988,-0.239415475161,0.971580473773,-0.316859302984,0.123348128193,0.294177269381,-0.0266751672895,-0.123972735431,0.0384763710099,0.129557609035,-0.0952511529401,0.994701518812,-0.290461238707,0.130888615659,0.280741097758,-0.042704502784,-0.105009144512,0.0136112754821,0.0525524083599,0.0390748885548,0.97999763066,-0.280220311863,0.126239858072,0.296810591776,-0.0214223956582,-0.102553926589,-0.0390492997046,-0.0450666070608,0.0497018490707,0.977008773924,-0.303430836335,0.129545995309,0.297183285402,-0.0151899435231,-0.107660567162,-0.0224827065294,-0.0734565169445,0.111134844698,0.978115674228,-0.288927555769,0.139144039333
