bax0,bay0,baz0,bgx0,bgy0,bgz0,gax0,gay0,gaz0,bax1,bay1,baz1,bgx1,bgy1,bgz1,gax1,gay1,gaz1,bax2,bay2,baz2,bgx2,bgy2,bgz2,gax2,gay2,gaz2,bax3,bay3,baz3,bgx3,bgy3,bgz3,gax3,gay3,gaz3,bax4,bay4,baz4,bgx4,bgy4,bgz4,gax4,gay4,gaz4
0.28727002733,-0.0247043997868,-0.107870035448,-0.0345342974699,-0.101289274575,0.111211607788,0.978648478924,-0.287586805355,0.136633259188,0.288613703633,-0.0150405603166,-0.114590034037,-0.0414611644273,-0.0853571638844,0.0949051982417,0.977539222701,-0.296519261586,0.135805443406,0.290690805308,-0.0115046722642,-0.10865794935,-0.0463142200428,-0.0869862208968,0.0858089209645,0.977593963414,-0.291839931199,0.138642154621,0.29365977732,-0.0200764628336,-0.116076143393,-0.0392277572091,-0.0858223983115,0.089612573823,0.977504766051,-0.290887688489,0.138902158592,0.288759317106,-0.0197169352172,-0.1216520481,-0.0288915953133,-0.0804954784436,0.0908416428109,0.979890189579,-0.289659518282,0.134694478912
