bax0,bay0,baz0,bgx0,bgy0,bgz0,gax0,gay0,gaz0,bax1,bay1,baz1,bgx1,bgy1,bgz1,gax1,gay1,gaz1,bax2,bay2,baz2,bgx2,bgy2,bgz2,gax2,gay2,gaz2,bax3,bay3,baz3,bgx3,bgy3,bgz3,gax3,gay3,gaz3,bax4,bay4,baz4,bgx4,bgy4,bgz4,gax4,gay4,gaz4
0.288870826805,-0.0122071817186,-0.102300136856,-0.0220996772938,-0.0727835307464,0.0911950822513,0.979238701551,-0.289404736298,0.133507714641,0.290813151129,-0.0202200452928,-0.113264048219,-0.0292359698305,-0.0803501884214,0.0980109555401,0.977667797133,-0.285990454899,0.134542419362,0.288750491809,-0.0179472076927,-0.116590356013,-0.027021275325,-0.0791751433073,0.0960119804827,0.978639988925,-0.288742355501,0.141120465816,0.288168965154,-0.0133523550171,-0.107264368368,-0.0262607596762,-0.0788946540863,0.0947508904132,0.978673077811,-0.290663710631,0.139619464433,0.287650727148,-0.0206884479545,-0.106999096296,-0.033632982119,-0.0846863266092,0.0952009540596,0.978047072675,-0.291589381214,0.139794368555
