bax0,bay0,baz0,bgx0,bgy0,bgz0,gax0,gay0,gaz0,bax1,bay1,baz1,bgx1,bgy1,bgz1,gax1,gay1,gaz1,bax2,bay2,baz2,bgx2,bgy2,bgz2,gax2,gay2,gaz2,bax3,bay3,baz3,bgx3,bgy3,bgz3,gax3,gay3,gaz3,bax4,bay4,baz4,bgx4,bgy4,bgz4,gax4,gay4,gaz4
0.278324018536,-0.0316463201237,-0.125999578934,-0.0421621834088,-0.0839013700508,0.0925921657166,0.977346662301,-0.296249889433,0.141791422287,0.286171823623,-0.0229728022725,-0.12424923244,-0.0349017449997,-0.0767293300909,0.0944494834076,0.971621503172,-0.312603251583,0.133846988517,0.283728330801,-0.0259114489987,-0.118387885387,-0.0306603169906,-0.0742693653442,0.0746122255638,0.970748620514,-0.304154004806,0.131536411356,0.29737469565,-0.0139833658719,-0.111255996885,-0.0341125578316,-0.0644448151341,0.078771969995,0.970543533414,-0.311065343864,0.134660778881,0.292583413491,-0.00294266306593,-0.097530386713,-0.0293480931204,-0.0642931599959,0.0802240687017,0.974732574112,-0.304511277848,0.133885610385
