bax0,bay0,baz0,bgx0,bgy0,bgz0,gax0,gay0,gaz0,bax1,bay1,baz1,bgx1,bgy1,bgz1,gax1,gay1,gaz1,bax2,bay2,baz2,bgx2,bgy2,bgz2,gax2,gay2,gaz2,bax3,bay3,baz3,bgx3,bgy3,bgz3,gax3,gay3,gaz3,bax4,bay4,baz4,bgx4,bgy4,bgz4,gax4,gay4,gaz4
0.298929649589,-0.00967898123366,-0.105804524352,-0.0348031589338,-0.0815569345647,0.087252979944,0.98282271914,-0.304423385222,0.139169296314,0.29247542677,-0.00851337198656,-0.109441894306,-0.040154826688,-0.0974955462057,0.063617185019,0.99853168373,-0.17417993295,0.156637333844,0.295026650306,-0.0112736319386,-0.117772435417,-0.0311079425808,-0.0891784718143,0.0799286459173,1.00766884042,-0.146371632624,0.15170268731,0.280664526824,-0.0156962639238,-0.0988148206036,-0.0159947778155,-0.0795043348031,0.0956294899328,1.00096963012,-0.164279634637,0.141887297099,0.28965198043,-0.0184203960139,-0.133576483616,-0.0212212271759,-0.0951761866834,0.102656616345,1.0091234354,-0.16406921781,0.154496919553
