bax0,bay0,baz0,bgx0,bgy0,bgz0,gax0,gay0,gaz0,bax1,bay1,baz1,bgx1,bgy1,bgz1,gax1,gay1,gaz1,bax2,bay2,baz2,bgx2,bgy2,bgz2,gax2,gay2,gaz2,bax3,bay3,baz3,bgx3,bgy3,bgz3,gax3,gay3,gaz3,bax4,bay4,baz4,bgx4,bgy4,bgz4,gax4,gay4,gaz4
0.293113002401,-0.00878448687484,-0.116926713902,-0.0326330797879,-0.0766073702116,0.0787602202495,0.979193603552,-0.292800497024,0.139480161715,0.294586389544,-0.00756726587556,-0.12131232201,-0.0480645634075,-0.0990251886989,0.0722599687467,1.00880706039,-0.206956077871,0.148444604123,0.298691868841,-0.0099581013104,-0.119656840541,-0.0393098768153,-0.0845346128626,0.0800612820684,1.00386754057,-0.173607119448,0.144860342527,0.286039406788,-0.0157178684798,-0.0978982130803,-0.00698176744937,-0.09173718775,0.0969519699788,1.00661891154,-0.180683770875,0.149780293376,0.292812706718,-0.0260434915021,-0.133126701706,-0.0197218918373,-0.103677335442,0.100545932376,1.0077033839,-0.172700039298,0.150172485708
