bax0,bay0,baz0,bgx0,bgy0,bgz0,gax0,gay0,gaz0,bax1,bay1,baz1,bgx1,bgy1,bgz1,gax1,gay1,gaz1,bax2,bay2,baz2,bgx2,bgy2,bgz2,gax2,gay2,gaz2,bax3,bay3,baz3,bgx3,bgy3,bgz3,gax3,gay3,gaz3,bax4,bay4,baz4,bgx4,bgy4,bgz4,gax4,gay4,gaz4
0.290290248401,-0.0310332738934,-0.125809545274,-0.0324430260844,-0.0890263573195,0.0885286061434,1.00381978347,-0.173102213585,0.147574153958,0.293291009611,-0.0089518248368,-0.114269544711,-0.0323787343953,-0.0727279918544,0.0923572396004,1.00618567488,-0.17817005412,0.142119095229,0.295397874621,-0.0207075305886,-0.127337594975,-0.0341978931952,-0.0750717662512,0.0866927133821,1.00453464715,-0.179400889437,0.1455622406,0.295345073801,-0.0103204127153,-0.107876640856,-0.0272012406167,-0.0650705805691,0.0818434483182,1.00447822251,-0.176027209025,0.145084860439,0.288145070058,-0.00751042054973,-0.093857822134,-0.0246016181905,-0.0741668921446,0.0899726863769,1.00475201061,-0.172061480117,0.14868584133
