bax0,bay0,baz0,bgx0,bgy0,bgz0,gax0,gay0,gaz0,bax1,bay1,baz1,bgx1,bgy1,bgz1,gax1,gay1,gaz1,bax2,bay2,baz2,bgx2,bgy2,bgz2,gax2,gay2,gaz2,bax3,bay3,baz3,bgx3,bgy3,bgz3,gax3,gay3,gaz3,bax4,bay4,baz4,bgx4,bgy4,bgz4,gax4,gay4,gaz4
0.288345878268,-0.0285680922159,-0.127355557905,-0.0335990554572,-0.0855334098086,0.0870793884599,1.00455051356,-0.169563123408,0.144401191621,0.290685654752,-0.0118840245413,-0.115843858277,-0.0299445168936,-0.0733405338524,0.0834468132894,1.00079117707,-0.176225983323,0.142215282149,0.292453178534,-0.0203397101748,-0.106813720392,-0.0357723326899,-0.0743342168485,0.0814197368692,1.00499129672,-0.178894714073,0.140701318135,0.2876099864,-0.0136980468673,-0.108335135161,-0.0360276109369,-0.0723352385467,0.0818197688451,1.00382731764,-0.173862668313,0.144265181139,0.283189164694,-0.00983541727748,-0.0974212868972,-0.0302129280567,-0.0736947307786,0.087765038096,1.00378890154,-0.166178669419,0.146721464211
