bax0,bay0,baz0,bgx0,bgy0,bgz0,gax0,gay0,gaz0,bax1,bay1,baz1,bgx1,bgy1,bgz1,gax1,gay1,gaz1,bax2,bay2,baz2,bgx2,bgy2,bgz2,gax2,gay2,gaz2,bax3,bay3,baz3,bgx3,bgy3,bgz3,gax3,gay3,gaz3,bax4,bay4,baz4,bgx4,bgy4,bgz4,gax4,gay4,gaz4
0.294119258489,-0.0194616256716,-0.122158403967,-0.0235913937244,-0.0873456379484,0.091054163801,1.00458688736,-0.167200969223,0.147823349352,0.288318828336,-0.0151841488026,-0.118024529683,-0.0320960378118,-0.0750106125864,0.0800444999872,1.00473689043,-0.181007101586,0.144999320807,0.296814259561,-0.0165906179294,-0.113280979031,-0.0362544793159,-0.0802299938055,0.0812893687874,1.00480955753,-0.174866582874,0.141870742617,0.291993214365,-0.0123355760086,-0.107154950545,-0.0335385499097,-0.0726166903059,0.0870103962419,1.00514366476,-0.172240902688,0.142671140619,0.288751671809,-0.0233112433426,-0.0941176897787,-0.0214284499982,-0.0678256270684,0.0920086542464,1.00455558747,-0.174885910216,0.14378572106
