bax0,bay0,baz0,bgx0,bgy0,bgz0,gax0,gay0,gaz0,bax1,bay1,baz1,bgx1,bgy1,bgz1,gax1,gay1,gaz1,bax2,bay2,baz2,bgx2,bgy2,bgz2,gax2,gay2,gaz2,bax3,bay3,baz3,bgx3,bgy3,bgz3,gax3,gay3,gaz3,bax4,bay4,baz4,bgx4,bgy4,bgz4,gax4,gay4,gaz4
0.288098998879,-0.0213595677501,-0.106317578307,-0.00729724352183,-0.1127469134,0.0964697715395,0.968617490616,-0.351930705117,0.096290180025,0.301634801536,-0.00801686861046,-0.114533500808,-0.00540985469508,-0.10627861059,0.109079485187,0.969865629328,-0.348838615182,0.0925271331505,0.296617491086,-0.0117086151701,-0.105352134346,-0.0502565609077,-0.080835076795,0.114125893926,0.971193538381,-0.346673461588,0.106784278512,0.281509112591,-0.0318201965564,-0.115709035566,-0.0351182422129,-0.0771123490115,0.115804961583,0.971067447669,-0.342643631251,0.107510107471,0.276024324388,-0.01842805099,-0.112148617655,-0.0384051504621,-0.0696134056495,0.093578892921,0.96630030659,-0.347923301931,0.105967925754
