bax0,bay0,baz0,bgx0,bgy0,bgz0,gax0,gay0,gaz0,bax1,bay1,baz1,bgx1,bgy1,bgz1,gax1,gay1,gaz1,bax2,bay2,baz2,bgx2,bgy2,bgz2,gax2,gay2,gaz2,bax3,bay3,baz3,bgx3,bgy3,bgz3,gax3,gay3,gaz3,bax4,bay4,baz4,bgx4,bgy4,bgz4,gax4,gay4,gaz4
0.292174599873,-0.0164096560222,-0.105354629375,-0.0315367238152,-0.0935728672529,0.0993283492056,1.00381167275,-0.161585740515,0.150958603902,0.293958861581,-0.0259018619836,-0.123384428547,-0.047353099835,-0.0895825512354,0.0889514055401,1.00173601899,-0.170500670477,0.150678519642,0.289361167836,-0.00504651304036,-0.123715014005,-0.0410021805597,-0.0732956548225,0.071685850781,1.00351482854,-0.161673029795,0.14630751112,0.298627840675,0.000659164337433,-0.13304511881,-0.0237318060592,-0.0872515697795,0.0725652551495,1.00636874933,-0.163485128199,0.143656899228,0.302499039557,0.000588724810856,-0.143750762533,-0.0227486104102,-0.0838700057416,0.0925967344938,1.00798850327,-0.147004373772,0.132169119289
