bax0,bay0,baz0,bgx0,bgy0,bgz0,gax0,gay0,gaz0,bax1,bay1,baz1,bgx1,bgy1,bgz1,gax1,gay1,gaz1,bax2,bay2,baz2,bgx2,bgy2,bgz2,gax2,gay2,gaz2,bax3,bay3,baz3,bgx3,bgy3,bgz3,gax3,gay3,gaz3,bax4,bay4,baz4,bgx4,bgy4,bgz4,gax4,gay4,gaz4
0.29214651865,-0.0191236405501,-0.116896108194,-0.0311308203377,-0.0857964898655,0.0881498074163,1.00640983801,-0.166289401556,0.145830892526,0.290742506565,-0.0179789597887,-0.131383508848,-0.0500176790745,-0.0930961767441,0.083765991943,1.00601858066,-0.162470233607,0.156986856772,0.294732426814,-0.00278968593806,-0.125954327883,-0.039949189265,-0.0773521931071,0.0673772022203,0.999256071361,-0.169477753824,0.141594085858,0.299509599581,0.0040720878525,-0.129626635754,-0.0347678777229,-0.0802419084427,0.0883787277732,1.00438697588,-0.165087968976,0.143161359993,0.298786579741,0.00776551501517,-0.139149126967,-0.0201513584734,-0.0887933359254,0.092463009665,1.00778385342,-0.156739580288,0.144244935123
