bax0,bay0,baz0,bgx0,bgy0,bgz0,gax0,gay0,gaz0,bax1,bay1,baz1,bgx1,bgy1,bgz1,gax1,gay1,gaz1,bax2,bay2,baz2,bgx2,bgy2,bgz2,gax2,gay2,gaz2,bax3,bay3,baz3,bgx3,bgy3,bgz3,gax3,gay3,gaz3,bax4,bay4,baz4,bgx4,bgy4,bgz4,gax4,gay4,gaz4
0.286157737719,-0.00942522609675,-0.120482008311,-0.0250831602469,-0.0730300426302,0.140405141208,1.00751153809,-0.129118599971,0.127348054283,0.286545909444,-0.0286186920896,-0.124639525813,-0.00449970473048,-0.0535505276027,0.148539977869,1.01594697973,-0.137422826566,0.120662396586,0.285553925019,-0.0194950074742,-0.0972442595369,-0.00873158009944,-0.0312828416443,0.109997871068,1.01611419065,-0.132244887452,0.125726706246,0.267743383784,0.0065177828003,-0.105076412838,0.0266590613902,0.298776004847,-0.25551538719,1.01950164148,-0.185705573362,0.112835235823,0.31102330592,0.00915496078522,-0.0925814467184,0.0174857318259,0.195729109277,-0.152324757008,1.00236662817,-0.185492064354,0.12388752489
