bax0,bay0,baz0,bgx0,bgy0,bgz0,gax0,gay0,gaz0,bax1,bay1,baz1,bgx1,bgy1,bgz1,gax1,gay1,gaz1,bax2,bay2,baz2,bgx2,bgy2,bgz2,gax2,gay2,gaz2,bax3,bay3,baz3,bgx3,bgy3,bgz3,gax3,gay3,gaz3,bax4,bay4,baz4,bgx4,bgy4,bgz4,gax4,gay4,gaz4
0.283494492199,-0.0245885834189,-0.0813929018597,0.00755699583933,0.0300462764747,0.0305575452617,1.00752720077,-0.166090651569,0.125258755303,0.2771831928,-0.0186572414221,-0.090140608008,-0.0308458783154,-0.0913267318764,0.0851787367802,0.999715614825,-0.161714472846,0.135768008648,0.286660003823,-0.0242016803021,-0.102924638993,0.0190695911352,-0.096680213677,0.1474949266,1.0074790387,-0.169957180512,0.144866219086,0.273413533813,-0.0359762839328,-0.0873460072652,0.0198977635936,-0.127868143931,0.154074366119,1.00041498969,-0.170414571616,0.158026716115,0.28013582703,-0.0395530751961,-0.0921884119056,-0.0925999891125,-0.0967500518794,0.102320562576,0.994207142607,-0.184001029096,0.174518600329
