bax0,bay0,baz0,bgx0,bgy0,bgz0,gax0,gay0,gaz0,bax1,bay1,baz1,bgx1,bgy1,bgz1,gax1,gay1,gaz1,bax2,bay2,baz2,bgx2,bgy2,bgz2,gax2,gay2,gaz2,bax3,bay3,baz3,bgx3,bgy3,bgz3,gax3,gay3,gaz3,bax4,bay4,baz4,bgx4,bgy4,bgz4,gax4,gay4,gaz4
0.296546601536,0.00293160108653,-0.106733984697,-0.0755253928005,-0.0516648989908,0.0400727381223,0.99587853293,-0.207871704423,0.176619404081,0.276571866117,0.00600502595334,-0.0444816278074,-0.0177918081597,-0.0685835006986,0.0623528966057,0.990643859665,-0.198187835774,0.184961591763,0.294776841898,-0.019644062609,-0.099180046397,-0.0430058398862,-0.12721084443,0.108150604302,0.992506413499,-0.163566925728,0.199293422106,0.30621599984,-0.0413039720596,-0.204687610559,-0.0367541110387,-0.158719769958,0.137830309022,0.992091010967,-0.164907580366,0.217075944184,0.310544660382,-0.0620114406719,-0.247050087469,-0.0697230367378,-0.129359189784,0.118861768277,0.993605327015,-0.191082115162,0.161857914026
