bax0,bay0,baz0,bgx0,bgy0,bgz0,gax0,gay0,gaz0,bax1,bay1,baz1,bgx1,bgy1,bgz1,gax1,gay1,gaz1,bax2,bay2,baz2,bgx2,bgy2,bgz2,gax2,gay2,gaz2,bax3,bay3,baz3,bgx3,bgy3,bgz3,gax3,gay3,gaz3,bax4,bay4,baz4,bgx4,bgy4,bgz4,gax4,gay4,gaz4
0.297859396607,-0.00318234485799,-0.122050801374,-0.048394209004,-0.093322802308,0.0716640981537,0.944918054797,-0.338674671234,-0.185845546413,0.298349649483,-0.00818342830326,-0.119143494752,-0.0431166965933,-0.0888025350724,0.0896778402316,0.947199125598,-0.330997075361,-0.193554589222,0.294772061201,-0.0130928533896,-0.112275391373,-0.0185005331705,-0.0780331449417,0.0932541149204,0.950220650505,-0.338667662595,-0.195520679097,0.285608755994,-0.0203073108731,-0.121553255098,-0.0200761423743,-0.0806230179175,0.106818518619,0.94758306987,-0.322413959719,-0.19469237765,0.29443637062,-0.0275064845551,-0.120585047997,-0.0227041433193,-0.0799399742542,0.0918086617498,0.947950572986,-0.325699440891,-0.190538391756
