bax0,bay0,baz0,bgx0,bgy0,bgz0,gax0,gay0,gaz0,bax1,bay1,baz1,bgx1,bgy1,bgz1,gax1,gay1,gaz1,bax2,bay2,baz2,bgx2,bgy2,bgz2,gax2,gay2,gaz2,bax3,bay3,baz3,bgx3,bgy3,bgz3,gax3,gay3,gaz3,bax4,bay4,baz4,bgx4,bgy4,bgz4,gax4,gay4,gaz4
0.304561003406,-0.0020686861553,-0.11899055584,-0.0562727972031,-0.0910456753333,0.0742898015501,0.945053912437,-0.332893305596,-0.187046049309,0.294691686298,-0.0156166093387,-0.120607071202,-0.0357337969786,-0.0802819444717,0.0919425488278,0.945915069363,-0.336662976956,-0.184229976027,0.298720725903,-0.015664546056,-0.110227618322,-0.0233541659159,-0.0850132556222,0.0860091809197,0.949562521775,-0.325917469894,-0.190284860922,0.294694589062,-0.0155357969881,-0.116126213059,-0.0136475434413,-0.0909080956084,0.094361139479,0.947426236989,-0.327883517731,-0.191670887058,0.296159183237,-0.0180538759954,-0.114175359382,-0.0245226880143,-0.0728753354407,0.0976168828857,0.951724017539,-0.33091893558,-0.196214195175
