bax0,bay0,baz0,bgx0,bgy0,bgz0,gax0,gay0,gaz0,bax1,bay1,baz1,bgx1,bgy1,bgz1,gax1,gay1,gaz1,bax2,bay2,baz2,bgx2,bgy2,bgz2,gax2,gay2,gaz2,bax3,bay3,baz3,bgx3,bgy3,bgz3,gax3,gay3,gaz3,bax4,bay4,baz4,bgx4,bgy4,bgz4,gax4,gay4,gaz4
0.30373206925,-0.00456845324445,-0.119711328042,-0.0364565795522,-0.0983635866591,0.0728545200492,0.947586007209,-0.346398814303,-0.190825594433,0.296942206758,-0.0112809963218,-0.117149007631,-0.0393338596902,-0.0852457203964,0.0813889359924,0.94890392488,-0.336436060971,-0.188183213245,0.295220279409,-0.0186000707539,-0.112699271838,-0.021141886716,-0.0837179469713,0.0874655264108,0.948704385739,-0.334527726708,-0.191312456106,0.285001159839,-0.0265813418243,-0.122108119726,-0.0216424883172,-0.0943876050054,0.0902514188505,0.950830418262,-0.329069735487,-0.189838774796,0.290935578467,-0.0153923820921,-0.114764866638,-0.0149949496422,-0.0837983217988,0.094547033228,0.950051897596,-0.321188278667,-0.195735208299
