bax0,bay0,baz0,bgx0,bgy0,bgz0,gax0,gay0,gaz0,bax1,bay1,baz1,bgx1,bgy1,bgz1,gax1,gay1,gaz1,bax2,bay2,baz2,bgx2,bgy2,bgz2,gax2,gay2,gaz2,bax3,bay3,baz3,bgx3,bgy3,bgz3,gax3,gay3,gaz3,bax4,bay4,baz4,bgx4,bgy4,bgz4,gax4,gay4,gaz4
0.300125349553,-0.0131166335373,-0.124624033938,-0.0467301355122,-0.0977196753126,0.0742997797014,0.946352805568,-0.339340282117,-0.187585301135,0.291567607146,-0.0111046617671,-0.115828871734,-0.0351429212444,-0.087732835757,0.087887154214,0.946048255921,-0.330229561719,-0.190115727303,0.302220566722,-0.0187572585097,-0.115204179004,-0.0221268375469,-0.0819320351161,0.0839707844949,0.948880347846,-0.330479716149,-0.190179399284,0.286929876652,-0.0221487760745,-0.113230495942,-0.0228469515415,-0.087603058949,0.0924372265895,0.950508561265,-0.324455440211,-0.186947518725,0.288626415892,-0.0206733504278,-0.122070112914,-0.0221588424921,-0.0787707504827,0.0859660006791,0.951852888915,-0.329032419357,-0.190101311509
