bax0,bay0,baz0,bgx0,bgy0,bgz0,gax0,gay0,gaz0,bax1,bay1,baz1,bgx1,bgy1,bgz1,gax1,gay1,gaz1,bax2,bay2,baz2,bgx2,bgy2,bgz2,gax2,gay2,gaz2,bax3,bay3,baz3,bgx3,bgy3,bgz3,gax3,gay3,gaz3,bax4,bay4,baz4,bgx4,bgy4,bgz4,gax4,gay4,gaz4
0.292885409461,-0.0270540655467,-0.116934603005,-0.0329031482246,-0.0703851355754,0.0883284410633,0.948158138205,-0.331516756438,-0.195936663575,0.294798452914,-0.0200241996337,-0.107313358839,-0.0300052067275,-0.0804831154387,0.0890178153792,0.947009070149,-0.327372829173,-0.199056051882,0.292203254952,-0.00910205497587,-0.107058677072,-0.0324177807862,-0.0705730812698,0.0892341436609,0.948452094861,-0.329921028709,-0.19507242834,0.294671436112,-0.0143433512446,-0.113028697211,-0.026943700364,-0.0927622089725,0.096028306071,0.950353268178,-0.326787037627,-0.195776888354,0.288044836337,-0.017100363274,-0.11351388965,-0.0304078552429,-0.0823563233722,0.0964581212949,0.94585745874,-0.325750529928,-0.191902164744
