bax0,bay0,baz0,bgx0,bgy0,bgz0,gax0,gay0,gaz0,bax1,bay1,baz1,bgx1,bgy1,bgz1,gax1,gay1,gaz1,bax2,bay2,baz2,bgx2,bgy2,bgz2,gax2,gay2,gaz2,bax3,bay3,baz3,bgx3,bgy3,bgz3,gax3,gay3,gaz3,bax4,bay4,baz4,bgx4,bgy4,bgz4,gax4,gay4,gaz4
0.292290831642,-0.0191215817569,-0.116257079806,-0.0223126519751,-0.0820404702064,0.0858965320133,0.968311514659,-0.346627643772,0.110119564817,0.294495604374,-0.0132270835643,-0.1194254569,-0.0257765039449,-0.0864632772666,0.095715853578,0.968928252055,-0.342708979673,0.107638840873,0.28864049596,-0.0203957840262,-0.116672602728,-0.031472652569,-0.0743281323971,0.0904090035002,0.969474253599,-0.347057123904,0.107901658289,0.294096897048,-0.0172607318328,-0.113185597988,-0.0293235408327,-0.0736385299102,0.0809735684698,0.967505752619,-0.347120163359,0.106744786543,0.298188488657,-0.0166273085411,-0.105662467025,-0.0301087390403,-0.075088213905,0.0919824106477,0.969556551621,-0.344940403008,0.107820736602
