bax0,bay0,baz0,bgx0,bgy0,bgz0,gax0,gay0,gaz0,bax1,bay1,baz1,bgx1,bgy1,bgz1,gax1,gay1,gaz1,bax2,bay2,baz2,bgx2,bgy2,bgz2,gax2,gay2,gaz2,bax3,bay3,baz3,bgx3,bgy3,bgz3,gax3,gay3,gaz3,bax4,bay4,baz4,bgx4,bgy4,bgz4,gax4,gay4,gaz4
0.292988497375,-0.0211693090571,-0.114891238537,-0.0254733982918,-0.0786601762611,0.0907674959719,0.950006536123,-0.328408234838,-0.192382568092,0.292650716138,-0.0191939683024,-0.123243641314,-0.0290993969739,-0.0802926957966,0.0916924396088,0.951652667218,-0.328884675993,-0.193962561493,0.291016646457,-0.0174192394884,-0.119295328566,-0.028070280658,-0.0731799269794,0.0867252615734,0.949008676073,-0.329100001843,-0.196796051755,0.29214964788,-0.0192283237266,-0.107680473452,-0.0276578462934,-0.0788073900133,0.0868234474577,0.950184530015,-0.330333998207,-0.19400342041,0.289451032382,-0.0203880956617,-0.10795023145,-0.0279874511216,-0.0784003491774,0.0927324868634,0.950423273268,-0.331776454937,-0.195701994548
