bax0,bay0,baz0,bgx0,bgy0,bgz0,gax0,gay0,gaz0,bax1,bay1,baz1,bgx1,bgy1,bgz1,gax1,gay1,gaz1,bax2,bay2,baz2,bgx2,bgy2,bgz2,gax2,gay2,gaz2,bax3,bay3,baz3,bgx3,bgy3,bgz3,gax3,gay3,gaz3,bax4,bay4,baz4,bgx4,bgy4,bgz4,gax4,gay4,gaz4
0.291430214515,-0.0268969526026,-0.129864461079,-0.0298277526578,-0.074234092706,0.0862565806431,0.94458466731,-0.330810733369,-0.193847407997,0.289784997487,-0.0266103798897,-0.107699475447,-0.0263646855842,-0.0658177483488,0.0989417904368,0.957919718388,-0.32245526536,-0.195319320073,0.289950926064,-0.0297142785078,-0.111874930923,-0.0278710404196,-0.0877108634089,0.0838066293506,0.94606684768,-0.322831359546,-0.188584725901,0.289172729131,0.00525528081181,-0.170308484353,-0.0324650679453,-0.171005103958,0.0263970218262,0.918335222986,-0.3689116977,-0.213871532466,0.284885086995,-0.00618018098515,-0.108193718747,-0.0290229843771,-0.148779668455,0.0698870821261,0.922965094759,-0.344955567676,-0.239992075013
