bax0,bay0,baz0,bgx0,bgy0,bgz0,gax0,gay0,gaz0,bax1,bay1,baz1,bgx1,bgy1,bgz1,gax1,gay1,gaz1,bax2,bay2,baz2,bgx2,bgy2,bgz2,gax2,gay2,gaz2,bax3,bay3,baz3,bgx3,bgy3,bgz3,gax3,gay3,gaz3,bax4,bay4,baz4,bgx4,bgy4,bgz4,gax4,gay4,gaz4
0.309247320212,-0.000269572247984,-0.092198988126,-0.0342030799181,-0.0495025803156,0.0658873787271,0.907896477572,-0.381042173623,-0.248154663726,0.304700385686,0.00391401856198,-0.113770238318,-0.0392446278795,-0.0821026080427,0.0822954446764,0.910740109043,-0.370119060708,-0.248316598495,0.298930878465,-0.0124173329952,-0.113367899902,-0.0195540037325,-0.0802851318381,0.100552848029,0.916268222881,-0.359702345046,-0.244268635228,0.280125659915,-0.0164857053335,-0.120069863829,-0.0230059949567,-0.0784905325354,0.097331509123,0.921953086453,-0.362805609096,-0.243756747438,0.29678625737,-0.0179781192247,-0.116405266014,-0.0394051222828,-0.087102344757,0.0990644772884,0.921338976471,-0.3604762663,-0.247050649125
