bax0,bay0,baz0,bgx0,bgy0,bgz0,gax0,gay0,gaz0,bax1,bay1,baz1,bgx1,bgy1,bgz1,gax1,gay1,gaz1,bax2,bay2,baz2,bgx2,bgy2,bgz2,gax2,gay2,gaz2,bax3,bay3,baz3,bgx3,bgy3,bgz3,gax3,gay3,gaz3,bax4,bay4,baz4,bgx4,bgy4,bgz4,gax4,gay4,gaz4
0.31311161231,-0.00894893126345,-0.0969497833473,-0.0343840368171,-0.0538718640621,0.0704615855984,0.900851273136,-0.37788873681,-0.251990538269,0.31135161773,-0.00404793729158,-0.113287536319,-0.0345481419857,-0.0635367110028,0.0868873501035,0.913352822294,-0.379904326125,-0.243143135837,0.286659172088,-0.0107439855697,-0.123260614154,-0.0254414125567,-0.0848934386653,0.0911412715516,0.911499336811,-0.368636504735,-0.245727257221,0.285559239042,-0.0120376814403,-0.116290885433,-0.023205310282,-0.0817941393015,0.0820167184411,0.914620545258,-0.366807188918,-0.248774073479,0.303838324035,-0.0236083832189,-0.124515562696,-0.0320486388935,-0.0889971690645,0.0942786861521,0.910073880229,-0.369426681749,-0.246333941983
