bax0,bay0,baz0,bgx0,bgy0,bgz0,gax0,gay0,gaz0,bax1,bay1,baz1,bgx1,bgy1,bgz1,gax1,gay1,gaz1,bax2,bay2,baz2,bgx2,bgy2,bgz2,gax2,gay2,gaz2,bax3,bay3,baz3,bgx3,bgy3,bgz3,gax3,gay3,gaz3,bax4,bay4,baz4,bgx4,bgy4,bgz4,gax4,gay4,gaz4
0.314221530563,-0.0049571301766,-0.0963952347868,-0.0371957696475,-0.0516017766487,0.0734439652984,0.909684620646,-0.385970926758,-0.252719959186,0.312939135153,-0.00234973395091,-0.114637708573,-0.035472274157,-0.0730373368634,0.0923166161047,0.906646551015,-0.375962379326,-0.243469262277,0.291756103643,-0.0121242846844,-0.113748933881,-0.0242467421909,-0.10214652117,0.0922445946055,0.91519840966,-0.367566557966,-0.242755602971,0.287757204788,-0.016070954171,-0.109660812054,-0.0217567133942,-0.0883910561465,0.10434995577,0.908415565621,-0.367627552684,-0.248461737274,0.290697427407,-0.0166162380674,-0.118649669441,-0.0334444055559,-0.0953198514676,0.0954384844729,0.915318388219,-0.36583514133,-0.243540485539
