bax0,bay0,baz0,bgx0,bgy0,bgz0,gax0,gay0,gaz0,bax1,bay1,baz1,bgx1,bgy1,bgz1,gax1,gay1,gaz1,bax2,bay2,baz2,bgx2,bgy2,bgz2,gax2,gay2,gaz2,bax3,bay3,baz3,bgx3,bgy3,bgz3,gax3,gay3,gaz3,bax4,bay4,baz4,bgx4,bgy4,bgz4,gax4,gay4,gaz4
0.278294124133,-0.0199849267245,-0.129864365742,-0.0312582557731,-0.0788981143192,0.0951109555123,0.913165031683,-0.364341194891,-0.25054715113,0.282929857696,-0.0196075930136,-0.123718617165,-0.0267575259208,-0.0775435777595,0.0942603564043,0.913005113348,-0.365776293268,-0.255031932123,0.301656022528,-0.010897632033,-0.109364928036,-0.0186856563639,-0.0677281484357,0.0890571109251,0.911603986949,-0.368795382327,-0.251751879231,0.29471445283,-0.0171749938067,-0.110435892875,-0.0266467761526,-0.0770336204631,0.0970718820059,0.915313055918,-0.366186963102,-0.249546666697,0.289897531279,-0.0160111766572,-0.124179524103,-0.0330525665246,-0.0834594859243,0.0988929945141,0.915352650712,-0.363433533958,-0.253212302112
