bax0,bay0,baz0,bgx0,bgy0,bgz0,gax0,gay0,gaz0,bax1,bay1,baz1,bgx1,bgy1,bgz1,gax1,gay1,gaz1,bax2,bay2,baz2,bgx2,bgy2,bgz2,gax2,gay2,gaz2,bax3,bay3,baz3,bgx3,bgy3,bgz3,gax3,gay3,gaz3,bax4,bay4,baz4,bgx4,bgy4,bgz4,gax4,gay4,gaz4
0.291997594495,-0.0250808826607,-0.120095743316,-0.0264947974633,-0.0800627851619,0.0989326289697,0.915381935728,-0.363355156739,-0.249091166174,0.293640654244,-0.0212235074984,-0.114676335723,-0.0281083726799,-0.0800952286123,0.093421757593,0.913414344412,-0.368334336509,-0.253032261509,0.302969394808,-0.0129565804143,-0.113586348625,-0.0278474799459,-0.0719815676658,0.0820807440407,0.911741068329,-0.371147723133,-0.253429594785,0.295275721687,-0.015564639503,-0.106598075221,-0.0252266785624,-0.0818392018038,0.0887002668422,0.917138125525,-0.363870050818,-0.254732863703,0.285329271085,-0.0214347035935,-0.123998301323,-0.0372461774025,-0.0846200899161,0.0962417984672,0.914791468586,-0.365777809328,-0.247750473795
