bax0,bay0,baz0,bgx0,bgy0,bgz0,gax0,gay0,gaz0,bax1,bay1,baz1,bgx1,bgy1,bgz1,gax1,gay1,gaz1,bax2,bay2,baz2,bgx2,bgy2,bgz2,gax2,gay2,gaz2,bax3,bay3,baz3,bgx3,bgy3,bgz3,gax3,gay3,gaz3,bax4,bay4,baz4,bgx4,bgy4,bgz4,gax4,gay4,gaz4
0.29233187512,-0.0243172197883,-0.115309324656,-0.0299896756959,-0.0794028852289,0.0926590886661,0.912722330537,-0.366886469196,-0.255096028922,0.289212389719,-0.015287903791,-0.111938018568,-0.0283114592023,-0.0756161683566,0.0857564907751,0.912727152396,-0.366764872952,-0.255114850388,0.293859144053,-0.0164817168469,-0.124921866026,-0.0285327949467,-0.0762706609639,0.0900540875491,0.912404858135,-0.36974988208,-0.255616259963,0.297802830636,-0.0114161593064,-0.101641231593,-0.02829252001,-0.0761572758898,0.0891103177993,0.909451513353,-0.368030909298,-0.254509420555,0.290530985031,-0.0100718184079,-0.112830062882,-0.0282717222341,-0.0832426489719,0.0913215765682,0.912637364484,-0.365838440154,-0.253156764096
