bax0,bay0,baz0,bgx0,bgy0,bgz0,gax0,gay0,gaz0,bax1,bay1,baz1,bgx1,bgy1,bgz1,gax1,gay1,gaz1,bax2,bay2,baz2,bgx2,bgy2,bgz2,gax2,gay2,gaz2,bax3,bay3,baz3,bgx3,bgy3,bgz3,gax3,gay3,gaz3,bax4,bay4,baz4,bgx4,bgy4,bgz4,gax4,gay4,gaz4
0.286644789714,-0.022893654898,-0.118989451199,-0.0290329575218,-0.0758756082502,0.0948324611063,0.910105132306,-0.366550977482,-0.255060458129,0.296877072873,-0.0202321424443,-0.116577565121,-0.0283439256746,-0.07811859668,0.0912460840694,0.91121262653,-0.364999617789,-0.254444823211,0.298020126026,-0.0193321123237,-0.114020256018,-0.0289376514788,-0.0756564382487,0.0893801178595,0.90852845481,-0.365010293756,-0.255110974605,0.295333688303,-0.0148466437394,-0.109082580657,-0.0295837948003,-0.0735842923889,0.0875186788049,0.913566740459,-0.366632825119,-0.253870703643,0.29081968515,-0.0134450779271,-0.114829019904,-0.030723612836,-0.0790254938154,0.094031988549,0.912842820724,-0.364804131201,-0.255626521547
