bax0,bay0,baz0,bgx0,bgy0,bgz0,gax0,gay0,gaz0,bax1,bay1,baz1,bgx1,bgy1,bgz1,gax1,gay1,gaz1,bax2,bay2,baz2,bgx2,bgy2,bgz2,gax2,gay2,gaz2,bax3,bay3,baz3,bgx3,bgy3,bgz3,gax3,gay3,gaz3,bax4,bay4,baz4,bgx4,bgy4,bgz4,gax4,gay4,gaz4
0.288169074912,-0.0191662360837,-0.112179198203,-0.030213670142,-0.0746120478898,0.0937216890124,0.910679032985,-0.36688467694,-0.25590171651,0.287176893855,-0.0158391715213,-0.114238519043,-0.0271303541823,-0.0723895115984,0.0920121535816,0.911699131258,-0.367165390393,-0.257997256204,0.294825511956,-0.0146584751757,-0.116072390448,-0.0287703298896,-0.0716193923301,0.0853123961093,0.911731660953,-0.367812157432,-0.256497855694,0.293531854331,-0.0147476873922,-0.102890437755,-0.0295490813415,-0.0715302715188,0.0857216067298,0.912025556867,-0.366785044721,-0.254577495734,0.290368104397,-0.0137506912477,-0.11125339404,-0.0280463145734,-0.0778782624835,0.088548964333,0.915028320709,-0.362376813767,-0.258070852981
