bax0,bay0,baz0,bgx0,bgy0,bgz0,gax0,gay0,gaz0,bax1,bay1,baz1,bgx1,bgy1,bgz1,gax1,gay1,gaz1,bax2,bay2,baz2,bgx2,bgy2,bgz2,gax2,gay2,gaz2,bax3,bay3,baz3,bgx3,bgy3,bgz3,gax3,gay3,gaz3,bax4,bay4,baz4,bgx4,bgy4,bgz4,gax4,gay4,gaz4
0.291737544677,-0.0128973367178,-0.113049278771,-0.0211272315759,-0.0761837671663,0.0884927416997,0.968630587429,-0.346608928312,0.108910833132,0.291589401847,-0.0201175890669,-0.113853164531,-0.0292784373509,-0.0835937926168,0.0919068770408,0.96721908556,-0.346217683907,0.109444100677,0.286279147816,-0.0202087993019,-0.117040316899,-0.0353652172323,-0.077866995202,0.0940928499463,0.968014844613,-0.342282064265,0.107893455055,0.292055806033,-0.0147449567725,-0.111829121595,-0.0306059445318,-0.0747754177115,0.0850069213302,0.969099288243,-0.347365236341,0.106071633502,0.294354257118,-0.0151375091446,-0.107529156849,-0.02609229843,-0.0735891592434,0.0955207813321,0.968664395404,-0.347992864205,0.108872113522
