bax0,bay0,baz0,bgx0,bgy0,bgz0,gax0,gay0,gaz0,bax1,bay1,baz1,bgx1,bgy1,bgz1,gax1,gay1,gaz1,bax2,bay2,baz2,bgx2,bgy2,bgz2,gax2,gay2,gaz2,bax3,bay3,baz3,bgx3,bgy3,bgz3,gax3,gay3,gaz3,bax4,bay4,baz4,bgx4,bgy4,bgz4,gax4,gay4,gaz4
0.126600826228,-0.127917577699,0.0246262353468,0.32987614354,-0.0639647753489,0.208140413848,0.972112988591,-0.343935224073,-0.209785909122,0.238609291623,-0.0618425392961,-0.239645617881,0.135833152551,-0.0929108525154,0.166941344715,0.935998607194,-0.398491868181,-0.142773324602,0.287412552916,0.0130874391083,-0.151473831439,-0.0270316084513,-0.0910035432208,0.108549159096,0.913832218801,-0.404869762741,-0.197611194937,0.301647339414,0.000376399796937,-0.122067822608,-0.0775374134052,-0.0624109619106,0.102685043191,0.922287092635,-0.3857503091,-0.216423184228,0.296632445233,-0.0351070687265,-0.0983488542233,-0.018055279229,-0.0772780495599,0.0960331999694,0.919023758856,-0.35604771974,-0.216956171589
