bax0,bay0,baz0,bgx0,bgy0,bgz0,gax0,gay0,gaz0,bax1,bay1,baz1,bgx1,bgy1,bgz1,gax1,gay1,gaz1,bax2,bay2,baz2,bgx2,bgy2,bgz2,gax2,gay2,gaz2,bax3,bay3,baz3,bgx3,bgy3,bgz3,gax3,gay3,gaz3,bax4,bay4,baz4,bgx4,bgy4,bgz4,gax4,gay4,gaz4
0.307535216692,-0.0166749734725,-0.0906404025011,-0.0536056171336,-0.0879939935313,0.119459453572,0.920934416312,-0.387595180594,-0.20414978768,0.282081507005,-0.0194886842061,-0.153968234706,-0.0587385370647,-0.11515056556,0.142219640603,0.924560268225,-0.38245112811,-0.198549382299,0.267426852755,-0.0325220899924,-0.170825752778,-0.0292441027584,-0.0879594733385,0.125708158456,0.918737174404,-0.385357503841,-0.212050665901,0.298540990981,-0.0131915803502,-0.110080603267,-0.0211839561017,-0.053469278163,0.0811560397167,0.907479936431,-0.395156445611,-0.224755301784,0.312349467707,-0.00395907900046,-0.0841485517179,-0.0204820521805,-0.07671445471,0.0904966507126,0.908558653091,-0.390035156501,-0.219057636795
