bax0,bay0,baz0,bgx0,bgy0,bgz0,gax0,gay0,gaz0,bax1,bay1,baz1,bgx1,bgy1,bgz1,gax1,gay1,gaz1,bax2,bay2,baz2,bgx2,bgy2,bgz2,gax2,gay2,gaz2,bax3,bay3,baz3,bgx3,bgy3,bgz3,gax3,gay3,gaz3,bax4,bay4,baz4,bgx4,bgy4,bgz4,gax4,gay4,gaz4
0.320556292654,-0.0180762696958,-0.0870574161959,-0.0653911725795,-0.0847009799321,0.107942547228,0.920510505986,-0.389953569835,-0.194574439046,0.268575839334,-0.0255697156977,-0.144300580861,-0.0743115286175,-0.122751652107,0.13973960683,0.921648666456,-0.388849882724,-0.197431727128,0.252106729339,-0.0389940838845,-0.155054645539,-0.0416367473094,-0.0914792111119,0.125387271889,0.921141307634,-0.393423143654,-0.214781397701,0.316802195809,-0.00801807671723,-0.0956363928157,-0.0317859264349,-0.0478833376103,0.0803371053649,0.911569885291,-0.394324624775,-0.225061757615,0.313200130721,-0.00217633273324,-0.0845093704094,-0.0314468411915,-0.0816391834098,0.0961593209675,0.914412630284,-0.390088720727,-0.218095799984
