bax0,bay0,baz0,bgx0,bgy0,bgz0,gax0,gay0,gaz0,bax1,bay1,baz1,bgx1,bgy1,bgz1,gax1,gay1,gaz1,bax2,bay2,baz2,bgx2,bgy2,bgz2,gax2,gay2,gaz2,bax3,bay3,baz3,bgx3,bgy3,bgz3,gax3,gay3,gaz3,bax4,bay4,baz4,bgx4,bgy4,bgz4,gax4,gay4,gaz4
0.272406726067,-0.0280399109042,-0.121695011642,-0.0247306030344,-0.0920504800704,0.0956241291794,0.917655051077,-0.383495241671,-0.209046843075,0.281074529603,-0.0172611358674,-0.129326014158,-0.019013680912,-0.0898748733816,0.0730559364296,0.912913240163,-0.388307644665,-0.217460421605,0.297207092282,-0.00919330963846,-0.111188557076,-0.0283457206424,-0.0882135900198,0.0844433704245,0.911897180827,-0.390203328224,-0.219071657458,0.291198479443,-0.010883452044,-0.122990797513,-0.0292293565101,-0.0767719224704,0.104551044377,0.915554631624,-0.382626936287,-0.220787620217,0.29151883988,-0.0195089992102,-0.115693098066,-0.0254672400979,-0.0682511628888,0.0901255399724,0.91394024143,-0.383624150457,-0.220432777179
