bax0,bay0,baz0,bgx0,bgy0,bgz0,gax0,gay0,gaz0,bax1,bay1,baz1,bgx1,bgy1,bgz1,gax1,gay1,gaz1,bax2,bay2,baz2,bgx2,bgy2,bgz2,gax2,gay2,gaz2,bax3,bay3,baz3,bgx3,bgy3,bgz3,gax3,gay3,gaz3,bax4,bay4,baz4,bgx4,bgy4,bgz4,gax4,gay4,gaz4
0.272846405236,-0.0326752168216,-0.132837665152,-0.0239466537911,-0.0915574281846,0.101198169255,0.915435286803,-0.384255556634,-0.209067359077,0.278897961111,-0.015851523504,-0.122187003607,-0.0282479838054,-0.0869136817434,0.0756478493015,0.911803743383,-0.38546585949,-0.214239552097,0.301252279059,0.0043919374581,-0.111741119446,-0.0279805482882,-0.0782765675318,0.0812375904373,0.90893969379,-0.397557893524,-0.220945007883,0.28816119587,-0.0137015223066,-0.131757871026,-0.0312556264358,-0.0771152283304,0.0993907324812,0.913779638028,-0.385292977113,-0.219418112983,0.284330614169,-0.0183158406247,-0.117185185998,-0.024731528436,-0.0685394647106,0.0856613594083,0.91371706642,-0.38445426106,-0.224720617939
