bax0,bay0,baz0,bgx0,bgy0,bgz0,gax0,gay0,gaz0,bax1,bay1,baz1,bgx1,bgy1,bgz1,gax1,gay1,gaz1,bax2,bay2,baz2,bgx2,bgy2,bgz2,gax2,gay2,gaz2,bax3,bay3,baz3,bgx3,bgy3,bgz3,gax3,gay3,gaz3,bax4,bay4,baz4,bgx4,bgy4,bgz4,gax4,gay4,gaz4
0.304588731374,-0.00932459069595,-0.0956952285894,-0.022746138464,-0.0757463609317,0.0743387951062,0.91233208614,-0.380592212661,-0.223320922385,0.298167305933,-0.0135466818294,-0.106661467523,-0.0299149931462,-0.0862602514922,0.0996936195995,0.915299274556,-0.373883737247,-0.217410259602,0.281867459558,-0.0249760024557,-0.134320092411,-0.0259823037006,-0.086612746567,0.106568755545,0.928712060945,-0.374635114915,-0.215891726424,0.275656754449,-0.0281704150672,-0.120486808667,-0.0278491212954,-0.0917055929098,0.08683078292,0.919421640329,-0.377727941125,-0.221199991254,0.283106347089,-0.0207126476552,-0.119515937712,-0.0300079054766,-0.0703851670234,0.0831495952469,0.914650185063,-0.378040581346,-0.224067366969
