bax0,bay0,baz0,bgx0,bgy0,bgz0,gax0,gay0,gaz0,bax1,bay1,baz1,bgx1,bgy1,bgz1,gax1,gay1,gaz1,bax2,bay2,baz2,bgx2,bgy2,bgz2,gax2,gay2,gaz2,bax3,bay3,baz3,bgx3,bgy3,bgz3,gax3,gay3,gaz3,bax4,bay4,baz4,bgx4,bgy4,bgz4,gax4,gay4,gaz4
0.294957254625,-0.000445709898513,-0.110830633964,-0.0162378076405,-0.074181436788,0.0983197614891,1.00690151856,-0.196422134065,0.0820197886065,0.296273304792,-0.0211205847408,-0.105922297908,-0.0164489146973,-0.0713641561267,0.103568114522,1.01001873714,-0.196726172318,0.0848720415332,0.291457565551,-0.0183160984919,-0.110071774362,-0.0123148537938,-0.0806050200243,0.105368034228,1.01038600767,-0.196391897133,0.0823697617578,0.285225282425,-0.0258274607611,-0.115714269614,-0.0330845206326,-0.0867921183693,0.104298494261,1.00790997229,-0.190376929021,0.0888698813216,0.285259076727,-0.0293390785802,-0.121721387313,-0.0402980277888,-0.0811651121068,0.0821223305732,1.01016815333,-0.197966312456,0.0959633497451
