bax0,bay0,baz0,bgx0,bgy0,bgz0,gax0,gay0,gaz0,bax1,bay1,baz1,bgx1,bgy1,bgz1,gax1,gay1,gaz1,bax2,bay2,baz2,bgx2,bgy2,bgz2,gax2,gay2,gaz2,bax3,bay3,baz3,bgx3,bgy3,bgz3,gax3,gay3,gaz3,bax4,bay4,baz4,bgx4,bgy4,bgz4,gax4,gay4,gaz4
0.292249567057,-0.0100410712725,-0.0960724189163,-0.0242405768571,-0.0704726495,0.0912747497059,1.01047611191,-0.197976373516,0.0798591064118,0.292771843034,-0.0192470895025,-0.117948476082,-0.0265169553141,-0.0822675467612,0.0876232372514,1.00799313921,-0.195029216677,0.0855650227112,0.294707568944,-0.0239910905162,-0.101545273167,-0.0128173180914,-0.0885719789358,0.10330085983,1.00795048367,-0.196088501453,0.0859320481674,0.285303011451,-0.0278258510153,-0.108296354638,-0.0422349711631,-0.0784580811767,0.103311547613,1.00987485947,-0.193629483043,0.0874081155779,0.288867510956,-0.025768890076,-0.127393899971,-0.0441907585886,-0.0770499453189,0.0831536126872,1.00789745081,-0.200466342368,0.0862205983214
