bax0,bay0,baz0,bgx0,bgy0,bgz0,gax0,gay0,gaz0,bax1,bay1,baz1,bgx1,bgy1,bgz1,gax1,gay1,gaz1,bax2,bay2,baz2,bgx2,bgy2,bgz2,gax2,gay2,gaz2,bax3,bay3,baz3,bgx3,bgy3,bgz3,gax3,gay3,gaz3,bax4,bay4,baz4,bgx4,bgy4,bgz4,gax4,gay4,gaz4
0.295863650672,-0.0080678719111,-0.11878976258,-0.0346964850087,-0.0861275443947,0.0865469795606,1.00910115703,-0.202884574,0.0854209730341,0.291173952833,-0.0205882785052,-0.115632970042,-0.0270875611595,-0.0807045538014,0.0848018798101,1.00860291272,-0.200137344861,0.0812561053532,0.293710251947,-0.0113037782656,-0.119936590986,-0.0364966641169,-0.0715190004237,0.084338989813,1.00995425268,-0.200672199342,0.0768751029625,0.288300787042,-0.0166650206415,-0.120584310687,-0.0305197792257,-0.0851464748605,0.0951264714832,1.00945196124,-0.196695948779,0.0817907646561,0.288533108111,-0.0318819400407,-0.120490003411,-0.0236368189617,-0.0776859901727,0.0980048210473,1.00904166382,-0.203754649603,0.0775073342724
