bax0,bay0,baz0,bgx0,bgy0,bgz0,gax0,gay0,gaz0,bax1,bay1,baz1,bgx1,bgy1,bgz1,gax1,gay1,gaz1,bax2,bay2,baz2,bgx2,bgy2,bgz2,gax2,gay2,gaz2,bax3,bay3,baz3,bgx3,bgy3,bgz3,gax3,gay3,gaz3,bax4,bay4,baz4,bgx4,bgy4,bgz4,gax4,gay4,gaz4
0.293016217798,-0.0156537550035,-0.115708931544,-0.0327915006288,-0.0778264712013,0.0791638459547,1.00660385649,-0.204287510912,0.0847595255376,0.295143396848,-0.0196032654315,-0.11785071062,-0.0241089293917,-0.0756966753323,0.0844611813989,1.00836245269,-0.201111274418,0.0777340497822,0.290532895456,-0.0116783978419,-0.116708055806,-0.0244586860629,-0.0717141942411,0.0929232224482,1.00861503319,-0.201591764695,0.0776307864259,0.288512920279,-0.0218987414699,-0.118534699337,-0.0259654316729,-0.0764071994326,0.107998554356,1.00944692339,-0.198549730838,0.078625971594,0.289619143339,-0.0303959916658,-0.117191706471,-0.0239873221548,-0.0788887380567,0.097889637008,1.00930527795,-0.199451968749,0.0777678553483
