bax0,bay0,baz0,bgx0,bgy0,bgz0,gax0,gay0,gaz0,bax1,bay1,baz1,bgx1,bgy1,bgz1,gax1,gay1,gaz1,bax2,bay2,baz2,bgx2,bgy2,bgz2,gax2,gay2,gaz2,bax3,bay3,baz3,bgx3,bgy3,bgz3,gax3,gay3,gaz3,bax4,bay4,baz4,bgx4,bgy4,bgz4,gax4,gay4,gaz4
0.295945876366,-0.0151365344377,-0.106184705157,-0.0231485485319,-0.0856740296493,0.0844043156802,0.967550654349,-0.347261509871,0.109495776256,0.289901013359,-0.0166554241582,-0.110323655462,-0.0307777765979,-0.0885555610263,0.096819568566,0.969879413837,-0.346702181,0.10888357706,0.288373159761,-0.0211502195272,-0.118229413083,-0.0358608204965,-0.0818063771627,0.0955921802663,0.971027477184,-0.343006068995,0.108542426797,0.296859610541,-0.0168970881164,-0.114469403296,-0.0318368183501,-0.074235355809,0.0859408629516,0.968422602298,-0.348800835427,0.107252027425,0.295387409394,-0.0152952588861,-0.106024036933,-0.0328843374682,-0.0712195882271,0.0903100731008,0.970349770175,-0.348100339556,0.110376826119
