bax0,bay0,baz0,bgx0,bgy0,bgz0,gax0,gay0,gaz0,bax1,bay1,baz1,bgx1,bgy1,bgz1,gax1,gay1,gaz1,bax2,bay2,baz2,bgx2,bgy2,bgz2,gax2,gay2,gaz2,bax3,bay3,baz3,bgx3,bgy3,bgz3,gax3,gay3,gaz3,bax4,bay4,baz4,bgx4,bgy4,bgz4,gax4,gay4,gaz4
0.295316906504,0.0140192906997,0.0138892864545,0.0493432713154,0.0977637750353,-0.118963210676,1.00137563025,-0.237102700702,0.072315306379,0.291925259031,-0.0353440003907,-0.10923415198,-0.0617648709493,0.00812941093038,-0.0593267951696,1.00272819581,-0.223160561017,0.116847738188,0.296816959559,-0.0212858609572,-0.134040952228,-0.0601871452153,-0.0593347537373,0.0125013958115,1.00210058806,-0.221880191333,0.09568495697,0.295123493807,-0.0115872760748,-0.120871335637,-0.0503203631561,-0.0605191852268,0.0896716126279,1.00558206506,-0.218275279249,0.0960527706594,0.282231453802,-0.0294508215762,-0.114285732861,-0.026321219253,-0.10317694925,0.132331432569,1.00201118007,-0.225685663165,0.095789851122
