bax0,bay0,baz0,bgx0,bgy0,bgz0,gax0,gay0,gaz0,bax1,bay1,baz1,bgx1,bgy1,bgz1,gax1,gay1,gaz1,bax2,bay2,baz2,bgx2,bgy2,bgz2,gax2,gay2,gaz2,bax3,bay3,baz3,bgx3,bgy3,bgz3,gax3,gay3,gaz3,bax4,bay4,baz4,bgx4,bgy4,bgz4,gax4,gay4,gaz4
0.29769962762,0.0237237291117,-0.00164011889288,0.0695329164485,0.0671978350779,-0.137272144141,1.00101220203,-0.242253711865,0.0737027858577,0.293941025948,-0.022251031892,-0.133832649427,-0.057106970235,-0.0102738931242,-0.0493824374133,0.997695150628,-0.223253908833,0.112169260766,0.294213179152,-0.0128828888775,-0.130548059377,-0.0514868842122,-0.0258421662442,0.0325185088091,1.00215617121,-0.228950523012,0.118543715096,0.293395168748,-0.00614105852389,-0.114710420706,-0.0398615714181,-0.0982771130051,0.0832260354157,1.00285374086,-0.22447733202,0.095355810456,0.29154298201,-0.0160968537539,-0.126767314062,-0.02899306656,-0.087926126195,0.078528185365,1.00198478054,-0.22988647992,0.0910820228654
