bax0,bay0,baz0,bgx0,bgy0,bgz0,gax0,gay0,gaz0,bax1,bay1,baz1,bgx1,bgy1,bgz1,gax1,gay1,gaz1,bax2,bay2,baz2,bgx2,bgy2,bgz2,gax2,gay2,gaz2,bax3,bay3,baz3,bgx3,bgy3,bgz3,gax3,gay3,gaz3,bax4,bay4,baz4,bgx4,bgy4,bgz4,gax4,gay4,gaz4
0.290137561335,-0.0332074656229,-0.126215117002,-0.0217174677292,-0.0795901032518,0.0962562098293,1.00064182545,-0.230741675733,0.0932830193441,0.289121390949,-0.0067108496264,-0.114146868912,-0.0360359326605,-0.0662908596372,0.0896233256147,1.00107263883,-0.24217491482,0.0874509469133,0.296128297868,-0.00933844003329,-0.101418737362,-0.029117498599,-0.0813813948851,0.0839519373954,0.998008214105,-0.234661604128,0.0880319892088,0.298486784204,-0.00136026837062,-0.0912646560086,-0.0142250702572,-0.0761369209828,0.0832044602971,1.00066156708,-0.233539709886,0.0973212451316,0.280905559447,-0.0275181775278,-0.126777232632,-0.0460731542076,-0.0914492563436,0.101929333357,1.00393920271,-0.220445295773,0.101458633433
