bax0,bay0,baz0,bgx0,bgy0,bgz0,gax0,gay0,gaz0,bax1,bay1,baz1,bgx1,bgy1,bgz1,gax1,gay1,gaz1,bax2,bay2,baz2,bgx2,bgy2,bgz2,gax2,gay2,gaz2,bax3,bay3,baz3,bgx3,bgy3,bgz3,gax3,gay3,gaz3,bax4,bay4,baz4,bgx4,bgy4,bgz4,gax4,gay4,gaz4
0.285454817683,-0.0374796840003,-0.126846193665,-0.0339666838347,-0.0882116411589,0.102720328916,1.00042678215,-0.23064051778,0.0957334399499,0.290851517852,-0.028115493105,-0.130267297594,-0.027372846373,-0.0734792292497,0.0913018942231,1.00256887591,-0.232582172611,0.0915572606849,0.290670078342,-0.0193817379535,-0.127377211814,-0.0374086704698,-0.0696761094539,0.0782320147162,0.999475881411,-0.245208991279,0.0835431759545,0.297356014701,-0.00349246525686,-0.102759558557,-0.0237677112752,-0.0733935953136,0.0755849214507,0.999214976671,-0.233407220098,0.0810440566442,0.293233211519,-0.0040139657008,-0.107797997228,-0.00939699138099,-0.0797977148475,0.0992356441197,1.00333000875,-0.229471165524,0.0912275158398
