bax0,bay0,baz0,bgx0,bgy0,bgz0,gax0,gay0,gaz0,bax1,bay1,baz1,bgx1,bgy1,bgz1,gax1,gay1,gaz1,bax2,bay2,baz2,bgx2,bgy2,bgz2,gax2,gay2,gaz2,bax3,bay3,baz3,bgx3,bgy3,bgz3,gax3,gay3,gaz3,bax4,bay4,baz4,bgx4,bgy4,bgz4,gax4,gay4,gaz4
0.304255931446,-0.0233171395704,-0.121978624768,-0.00405562279261,-0.0836158154956,0.0444682919518,0.991419145932,-0.273623118089,-0.0184495728301,0.299785052343,-0.00303649563979,-0.114960408031,-0.0227451815895,-0.0900720361681,0.0792427510515,0.997822275102,-0.274639385541,-0.0248449606495,0.292099700635,-0.020322616058,-0.119845258426,-0.0357557275321,-0.0761711265149,0.0816734179537,0.999919662514,-0.265720071316,-0.0239065427294,0.298622936594,-0.0068659273783,-0.118921691173,-0.0341953204939,-0.0692624574813,0.0983262195833,1.0031703555,-0.266206309127,-0.0219344952089,0.288957692493,-0.0213783778837,-0.121975689667,-0.035220774239,-0.0820209651822,0.100206039888,0.996908978817,-0.259588629807,-0.0216078362221
