bax0,bay0,baz0,bgx0,bgy0,bgz0,gax0,gay0,gaz0,bax1,bay1,baz1,bgx1,bgy1,bgz1,gax1,gay1,gaz1,bax2,bay2,baz2,bgx2,bgy2,bgz2,gax2,gay2,gaz2,bax3,bay3,baz3,bgx3,bgy3,bgz3,gax3,gay3,gaz3,bax4,bay4,baz4,bgx4,bgy4,bgz4,gax4,gay4,gaz4
0.286814344665,-0.0326342099343,-0.129030832016,-0.0164602535075,-0.0757231987833,0.0800201165115,1.00050037278,-0.268989065988,-0.0269497402746,0.297607044559,-0.0101893458638,-0.0993432686621,-0.0213424028209,-0.0703897899877,0.0812804766663,0.996943543094,-0.2597023601,-0.0325811336425,0.297199614383,0.00532897767432,-0.100249286684,-0.0519100341904,-0.0661246662066,0.0909757811551,1.00020501331,-0.251720425687,-0.0260432267843,0.30173072826,0.0115843061818,-0.117558482486,-0.0258804593861,-0.093018584853,0.104695193533,0.999393793814,-0.245543472285,-0.0222650356097,0.285559846563,-0.0303414883883,-0.130367616022,-0.0197924950745,-0.084634003056,0.0990439466083,1.00355975107,-0.243668275909,-0.0281685538019
