bax0,bay0,baz0,bgx0,bgy0,bgz0,gax0,gay0,gaz0,bax1,bay1,baz1,bgx1,bgy1,bgz1,gax1,gay1,gaz1,bax2,bay2,baz2,bgx2,bgy2,bgz2,gax2,gay2,gaz2,bax3,bay3,baz3,bgx3,bgy3,bgz3,gax3,gay3,gaz3,bax4,bay4,baz4,bgx4,bgy4,bgz4,gax4,gay4,gaz4
0.268139909531,-0.00916813886617,-0.0892299383055,-0.000317141220141,-0.067782646477,0.0871172440078,1.00686184137,-0.244677044877,-0.0373930499155,0.296335222791,-0.0225300429789,-0.111264147392,-0.0413748882444,-0.0645281530024,0.0849681220998,0.990595654946,-0.254662232372,-0.0298246811268,0.29569708198,-0.0190029981004,-0.131666600781,0.0161564866757,-0.0693761646305,0.0911989894075,0.998202708344,-0.25639763215,-0.0206835869885,0.380571449156,0.0526889305438,0.0110918110218,-0.028273888541,0.105500983145,-0.0981942078041,0.967581533983,-0.307884720721,-0.0669690224814,0.288881613851,-0.00655584591752,-0.0879434671344,-0.0324746381308,-0.00129641374069,0.00735812428944,0.989688019682,-0.26793884171,-0.0292443797898
