bax0,bay0,baz0,bgx0,bgy0,bgz0,gax0,gay0,gaz0,bax1,bay1,baz1,bgx1,bgy1,bgz1,gax1,gay1,gaz1,bax2,bay2,baz2,bgx2,bgy2,bgz2,gax2,gay2,gaz2,bax3,bay3,baz3,bgx3,bgy3,bgz3,gax3,gay3,gaz3,bax4,bay4,baz4,bgx4,bgy4,bgz4,gax4,gay4,gaz4
0.294392140365,-0.00204151001192,-0.105421506789,-0.0166818363057,-0.0551627614874,0.0515115650463,0.99681258499,-0.270485792459,-0.0270306414082,0.296819784947,-0.00749065336722,-0.0826246006581,-0.0270700736313,-0.0920664665315,0.101770681798,0.995849540584,-0.260401203942,-0.0209612444115,0.294201619841,-0.0177323659767,-0.107874808443,-0.0345430833809,-0.0902687328056,0.112961546351,0.99909842033,-0.256518425707,-0.00889251022682,0.290118180243,-0.0204151361997,-0.109888071617,-0.0295692823385,-0.101302494914,0.108441172519,0.997323060378,-0.262507302239,-0.013479321437,0.298831794112,-0.0202466314476,-0.11119783731,-0.0263893308281,-0.0963966764001,0.108776570747,1.00424979464,-0.248534580799,-0.013570162433
