bax0,bay0,baz0,bgx0,bgy0,bgz0,gax0,gay0,gaz0,bax1,bay1,baz1,bgx1,bgy1,bgz1,gax1,gay1,gaz1,bax2,bay2,baz2,bgx2,bgy2,bgz2,gax2,gay2,gaz2,bax3,bay3,baz3,bgx3,bgy3,bgz3,gax3,gay3,gaz3,bax4,bay4,baz4,bgx4,bgy4,bgz4,gax4,gay4,gaz4
0.297530544989,-0.0159095370992,-0.113214387219,-0.0139279738504,-0.050397472414,0.0448504691758,0.999650994899,-0.268529388924,-0.0172398444357,0.300066041993,-0.00846902369051,-0.104423101353,-0.0333337281892,-0.0961803258265,0.102075777431,0.996094593848,-0.269231282888,-0.0231107502326,0.292015744783,-0.00695620030461,-0.112303640033,-0.0371934853619,-0.0879469516498,0.114849946216,0.998630461157,-0.252721110545,-0.0159894516521,0.298125520639,-0.0217805492671,-0.125071401244,-0.0329833614545,-0.0971382862765,0.111586531887,1.00045854035,-0.258188094048,-0.00984593136745,0.295207688124,-0.0209956816314,-0.11300930189,-0.0328135588235,-0.080932216904,0.10930022478,0.995632544805,-0.256238045152,-0.0137452624374
