bax0,bay0,baz0,bgx0,bgy0,bgz0,gax0,gay0,gaz0,bax1,bay1,baz1,bgx1,bgy1,bgz1,gax1,gay1,gaz1,bax2,bay2,baz2,bgx2,bgy2,bgz2,gax2,gay2,gaz2,bax3,bay3,baz3,bgx3,bgy3,bgz3,gax3,gay3,gaz3,bax4,bay4,baz4,bgx4,bgy4,bgz4,gax4,gay4,gaz4
0.289620955023,-0.042108271656,-0.1268643807,-0.0337755787666,-0.139293440745,0.0713890415586,1.03067670966,-0.0137897901512,0.00435780192472,0.27787901389,-0.0254083012922,-0.114682437604,-0.0380400273868,-0.024136606542,0.0492313135473,1.02460162908,-0.0201840805713,0.00681823814469,0.281703013235,-0.0129419143826,-0.0825291024794,-0.0524162006594,-0.0709760836481,0.0766909335061,1.0235548771,-0.0241093940108,0.00513931384649,0.301983758896,-0.0237509291057,-0.159927799667,-0.0455421458648,-0.133051420998,0.112422499756,1.02595388091,-0.023268417812,0.0125872713293,0.293113142302,-0.0278096683493,-0.161997759739,-0.0321779798385,-0.0808635189978,0.0825085369034,1.02517136573,-0.0246059418087,-0.00329687426215
