bax0,bay0,baz0,bgx0,bgy0,bgz0,gax0,gay0,gaz0,bax1,bay1,baz1,bgx1,bgy1,bgz1,gax1,gay1,gaz1,bax2,bay2,baz2,bgx2,bgy2,bgz2,gax2,gay2,gaz2,bax3,bay3,baz3,bgx3,bgy3,bgz3,gax3,gay3,gaz3,bax4,bay4,baz4,bgx4,bgy4,bgz4,gax4,gay4,gaz4
0.284150185884,-0.00967601093674,-0.13310461195,-0.0667452632585,-0.0696096924834,0.0786055798004,0.969959374373,-0.342835493024,0.0997856453337,0.255595565309,-0.0153494461602,-0.0785110532291,-0.110130067158,0.147081423037,-0.0659521579368,1.01387453801,-0.265922010014,0.00656257899852,0.294477868033,-0.0400748481031,-0.196075209411,-0.0593922420843,0.0508978727788,0.0461451288905,0.986403979686,-0.265071103217,0.0242194131939,0.291644545176,-0.0206917392945,-0.104000574315,-0.0315510723045,-0.0266505617358,0.0315515188263,0.99349989863,-0.287927616404,-0.0128892302168,0.305571590038,-0.0218031137554,-0.0967568289278,-0.0164584530728,-0.094461587297,0.0987354305038,0.988228133023,-0.292946454566,0.000106086961979
