bax0,bay0,baz0,bgx0,bgy0,bgz0,gax0,gay0,gaz0,bax1,bay1,baz1,bgx1,bgy1,bgz1,gax1,gay1,gaz1,bax2,bay2,baz2,bgx2,bgy2,bgz2,gax2,gay2,gaz2,bax3,bay3,baz3,bgx3,bgy3,bgz3,gax3,gay3,gaz3,bax4,bay4,baz4,bgx4,bgy4,bgz4,gax4,gay4,gaz4
0.294030604203,-0.010749727103,-0.0825288850547,-0.035425043332,-0.0522828190751,0.067296714619,1.02538979207,-0.0291492669767,-0.0216247150327,0.290591825754,-0.00860240685946,-0.0852385399097,-0.0234365879437,-0.060602828251,0.0866894000105,1.02684568391,-0.0242352526397,-0.0057822064048,0.293229126348,-0.0143370211386,-0.109105413234,-0.0140579785391,-0.0821942146117,0.0963970864552,1.02720887139,-0.0146348205407,0.000418317211571,0.290428503979,-0.0157299478477,-0.109275679931,-0.0382509941647,-0.0706681762139,0.0942425007805,1.02592004511,-0.0147231132401,-0.00156213498293,0.290805665071,-0.0171964215722,-0.115875888497,-0.0262773365734,-0.0818742578918,0.0916501323022,1.02647595088,-0.0258519529378,-0.00129241338435
