bax0,bay0,baz0,bgx0,bgy0,bgz0,gax0,gay0,gaz0,bax1,bay1,baz1,bgx1,bgy1,bgz1,gax1,gay1,gaz1,bax2,bay2,baz2,bgx2,bgy2,bgz2,gax2,gay2,gaz2,bax3,bay3,baz3,bgx3,bgy3,bgz3,gax3,gay3,gaz3,bax4,bay4,baz4,bgx4,bgy4,bgz4,gax4,gay4,gaz4
0.292796347341,-0.0177966019835,-0.109086047383,-0.0240202771164,-0.0744403568043,0.089211976483,1.02535180059,-0.0156177165871,0.00249112065843,0.288089258302,-0.0169029130773,-0.119484161492,-0.0222706389724,-0.0867785067562,0.0934623167077,1.02596147711,-0.0169843216216,-0.00656286126617,0.29260268936,-0.0240119732865,-0.124451683405,-0.0305228735601,-0.0849682751656,0.0905679217853,1.02500791226,-0.0167384382667,0.00286054598133,0.292791148243,-0.0207998344715,-0.12240589797,-0.0255769989868,-0.075805732941,0.0935631561673,1.0265058657,-0.0137649733144,-0.00634507915015,0.286663713356,-0.0198845918894,-0.122519413438,-0.026990430569,-0.0725453754367,0.0907356395624,1.02592896089,-0.0236684095597,-0.015364529256
