bax0,bay0,baz0,bgx0,bgy0,bgz0,gax0,gay0,gaz0,bax1,bay1,baz1,bgx1,bgy1,bgz1,gax1,gay1,gaz1,bax2,bay2,baz2,bgx2,bgy2,bgz2,gax2,gay2,gaz2,bax3,bay3,baz3,bgx3,bgy3,bgz3,gax3,gay3,gaz3,bax4,bay4,baz4,bgx4,bgy4,bgz4,gax4,gay4,gaz4
0.340536190913,-0.0190597578784,0.00365329783109,-0.0244711454574,-0.0230089823061,0.0848708142814,0.936746896591,-0.185807758545,-0.32275454453,0.310630677607,-0.0151665225569,-0.0838702078143,-0.0759959709411,-0.121253989296,0.128337825501,0.948206664904,-0.184082297977,-0.293889546964,0.283213278544,-0.0237037003316,-0.123540251508,-0.0527297595739,-0.116285088999,0.119384716631,0.965554997324,-0.179226877081,-0.286531996614,0.28457119197,-0.0273792602495,-0.122675598262,-0.0312592155564,-0.115699026344,0.102289399215,0.965382212231,-0.190262246213,-0.287877960232,0.289289807597,-0.0176890465469,-0.0970801249226,-0.0478601915952,-0.0727168518081,0.0816592290329,0.954750365723,-0.185799645339,-0.284852465601
