bax0,bay0,baz0,bgx0,bgy0,bgz0,gax0,gay0,gaz0,bax1,bay1,baz1,bgx1,bgy1,bgz1,gax1,gay1,gaz1,bax2,bay2,baz2,bgx2,bgy2,bgz2,gax2,gay2,gaz2,bax3,bay3,baz3,bgx3,bgy3,bgz3,gax3,gay3,gaz3,bax4,bay4,baz4,bgx4,bgy4,bgz4,gax4,gay4,gaz4
0.347407148569,-0.0180648749061,-0.0225078205182,-0.0227267865916,-0.0231257979467,0.0856554702985,0.937903892464,-0.182339403539,-0.338933397528,0.331955950367,-0.0191926090401,-0.0597614544873,-0.0867389466245,-0.102521075151,0.145779341051,0.960041051814,-0.186811159885,-0.298354883169,0.281213908302,-0.0248397656606,-0.12831626078,-0.0600143321049,-0.12455872769,0.12146010233,0.971051798509,-0.179060890062,-0.28350449707,0.289510928462,-0.028823547876,-0.127520061286,-0.0235799587961,-0.0990368280691,0.109828833558,0.958479618675,-0.188568604204,-0.287549093866,0.301835002611,-0.0118119528341,-0.095622315764,-0.0378570951751,-0.0694923109235,0.0964629756401,0.950818809924,-0.19138401779,-0.293820820274
