bax0,bay0,baz0,bgx0,bgy0,bgz0,gax0,gay0,gaz0,bax1,bay1,baz1,bgx1,bgy1,bgz1,gax1,gay1,gaz1,bax2,bay2,baz2,bgx2,bgy2,bgz2,gax2,gay2,gaz2,bax3,bay3,baz3,bgx3,bgy3,bgz3,gax3,gay3,gaz3,bax4,bay4,baz4,bgx4,bgy4,bgz4,gax4,gay4,gaz4
0.351375220878,-0.0200116093115,0.0241552384203,-0.0258306011699,-0.0324232931289,0.0789201995496,0.945913237466,-0.185989255394,-0.321920360131,0.31921320485,-0.0183383432876,-0.0716628064423,-0.0760595246798,-0.103057250768,0.150652494867,0.945034850209,-0.184930876831,-0.281758349488,0.281006844977,-0.0234047783496,-0.157506116507,-0.0591430332289,-0.110772827781,0.13549671419,0.971195941101,-0.181468226176,-0.28258423003,0.29346764992,-0.021355459985,-0.128813214943,-0.0354173934966,-0.102156880294,0.105314867809,0.958299980234,-0.183125721229,-0.288237311813,0.306611908101,-0.0155786880896,-0.137698250787,-0.0331296873324,-0.0829661559116,0.0918068376933,0.949726759971,-0.193463995758,-0.285372665686
