bax0,bay0,baz0,bgx0,bgy0,bgz0,gax0,gay0,gaz0,bax1,bay1,baz1,bgx1,bgy1,bgz1,gax1,gay1,gaz1,bax2,bay2,baz2,bgx2,bgy2,bgz2,gax2,gay2,gaz2,bax3,bay3,baz3,bgx3,bgy3,bgz3,gax3,gay3,gaz3,bax4,bay4,baz4,bgx4,bgy4,bgz4,gax4,gay4,gaz4
0.296778736378,-0.0123596806754,-0.101318496349,-0.0262665826222,-0.0682063185771,0.0778312884435,0.958113758797,-0.190021734437,-0.290626806272,0.297308007169,-0.0152743984143,-0.107165446704,-0.0224869151661,-0.0822988353131,0.0860356250942,0.959847134836,-0.178133642722,-0.282653360508,0.29535103465,-0.0231489213594,-0.106460229328,-0.0258618772721,-0.073050611843,0.078513318419,0.960188487748,-0.183611450072,-0.282537532749,0.293371504607,-0.00740009060124,-0.106423789825,-0.0323344416992,-0.0784767671203,0.0921694253456,0.966456943251,-0.182706742316,-0.277570286999,0.292033045069,-0.0124499286153,-0.118540422149,-0.0274679825275,-0.080438995082,0.0862682893116,0.960243315684,-0.171158158405,-0.274651333984
