bax0,bay0,baz0,bgx0,bgy0,bgz0,gax0,gay0,gaz0,bax1,bay1,baz1,bgx1,bgy1,bgz1,gax1,gay1,gaz1,bax2,bay2,baz2,bgx2,bgy2,bgz2,gax2,gay2,gaz2,bax3,bay3,baz3,bgx3,bgy3,bgz3,gax3,gay3,gaz3,bax4,bay4,baz4,bgx4,bgy4,bgz4,gax4,gay4,gaz4
0.287229338383,-0.0336046791149,-0.13865749747,-0.0250581074581,-0.0782840446544,0.098704300594,0.963797457707,-0.18359629348,-0.287834766646,0.284625187604,-0.025960120256,-0.103905627784,-0.012882670705,-0.0840510616656,0.0923349758036,0.96412669407,-0.175608039484,-0.259404034462,0.298777089159,0.00523095360362,-0.101446299831,-0.184468051889,-0.0053043615215,0.0827824851219,0.948132853415,-0.184579463511,-0.294919917959,0.267738093146,-0.0466068465824,-0.24584499301,-0.0163324926927,-0.197050818791,0.161142037599,1.02030010689,-0.0824126996963,-0.118304777869,0.24781069738,-0.0445039276752,-0.267874372693,-0.0479145875546,-0.0519819442013,0.0855656840939,1.00197231735,-0.0961801860964,-0.210597405184
