bax0,bay0,baz0,bgx0,bgy0,bgz0,gax0,gay0,gaz0,bax1,bay1,baz1,bgx1,bgy1,bgz1,gax1,gay1,gaz1,bax2,bay2,baz2,bgx2,bgy2,bgz2,gax2,gay2,gaz2,bax3,bay3,baz3,bgx3,bgy3,bgz3,gax3,gay3,gaz3,bax4,bay4,baz4,bgx4,bgy4,bgz4,gax4,gay4,gaz4
0.282266179545,-0.025269763122,-0.125642084831,-0.0362657062399,-0.0775554131048,0.094440145874,0.986482080186,-0.118038126971,-0.248577354868,0.289322569814,-0.0163142810724,-0.114897993602,-0.0257970849875,-0.0683356378374,0.0799224535756,0.983828353477,-0.123564908633,-0.252684641335,0.281209230861,-0.0176625187044,-0.126814341583,-0.0272268279892,-0.064500515767,0.0821295320122,0.978460626912,-0.121299455299,-0.251988871827,0.281051097206,-0.0242016339396,-0.125395675663,-0.0276407652817,-0.0746189960509,0.0916301566366,0.978347761886,-0.12164091756,-0.252335371643,0.299879868381,-0.0198234445413,-0.096507390073,-0.0297814032434,-0.0688121627152,0.0914847617607,0.979267411455,-0.123359029215,-0.269302501903
