bax0,bay0,baz0,bgx0,bgy0,bgz0,gax0,gay0,gaz0,bax1,bay1,baz1,bgx1,bgy1,bgz1,gax1,gay1,gaz1,bax2,bay2,baz2,bgx2,bgy2,bgz2,gax2,gay2,gaz2,bax3,bay3,baz3,bgx3,bgy3,bgz3,gax3,gay3,gaz3,bax4,bay4,baz4,bgx4,bgy4,bgz4,gax4,gay4,gaz4
0.286771125038,-0.0273418099184,-0.140740290794,-0.0721371043223,0.077144761534,0.0541417950903,0.898612837821,-0.176393755634,-0.422174464204,0.259936990261,-0.0290507646555,-0.160163534809,-0.0364843877069,0.0248448978786,0.0426641394611,0.900858554454,-0.178845906859,-0.418029862978,0.308085464693,-0.0202061982008,-0.0760093029595,-0.0315094004012,-0.062502638853,0.0620209836145,0.884218152917,-0.192108980707,-0.436285985474,0.301919038609,-0.0179352213932,-0.106122661065,-0.033788340754,-0.0931619835594,0.0924253237438,0.887961010719,-0.189309512106,-0.422290702069,0.279753295317,-0.0265732776356,-0.129046019206,-0.0289580234023,-0.122836969961,0.0954639878092,0.888868463112,-0.189266188901,-0.415578914535
