bax0,bay0,baz0,bgx0,bgy0,bgz0,gax0,gay0,gaz0,bax1,bay1,baz1,bgx1,bgy1,bgz1,gax1,gay1,gaz1,bax2,bay2,baz2,bgx2,bgy2,bgz2,gax2,gay2,gaz2,bax3,bay3,baz3,bgx3,bgy3,bgz3,gax3,gay3,gaz3,bax4,bay4,baz4,bgx4,bgy4,bgz4,gax4,gay4,gaz4
0.305306096575,-0.00874488827846,-0.103087921414,-0.0276954797987,-0.0713935553565,0.089618440865,0.882363299705,-0.189126863081,-0.427545955277,0.335447402059,-0.0186243700636,-0.0889773940602,-0.0132027489479,-0.0624275668085,0.0866945631688,0.886547449017,-0.190456290804,-0.4173133852,0.320606565809,-0.00753745883015,-0.077777485425,-0.0244736182959,-0.0797701879331,0.089281522297,0.904253660251,-0.187477553085,-0.407341149306,0.319288246411,-0.00670742929589,-0.0926868066355,-0.0584559015208,-0.0826593825134,0.11404522178,0.90615540964,-0.175608506424,-0.392880313083,0.282175452002,-0.0215823688663,-0.127492478585,-0.0449086018941,-0.0876803121808,0.106071704839,0.907339597013,-0.181161233702,-0.374097196003
