bax0,bay0,baz0,bgx0,bgy0,bgz0,gax0,gay0,gaz0,bax1,bay1,baz1,bgx1,bgy1,bgz1,gax1,gay1,gaz1,bax2,bay2,baz2,bgx2,bgy2,bgz2,gax2,gay2,gaz2,bax3,bay3,baz3,bgx3,bgy3,bgz3,gax3,gay3,gaz3,bax4,bay4,baz4,bgx4,bgy4,bgz4,gax4,gay4,gaz4
0.285743183074,-0.0193060472529,-0.112689803662,-0.0178141191135,-0.0922810317524,0.105644977902,1.00916506431,-0.145317242158,0.0892842825493,0.296364824318,-0.00867374755799,-0.128547561152,-0.0434085986689,-0.0737753557092,0.0998813386382,1.0103421148,-0.157597784837,0.0880761273657,0.28742558732,-0.0299427307241,-0.119664346238,-0.0267506189508,-0.0700081877674,0.0970471429639,1.01690730992,-0.169344105622,0.0609348957014,0.290747345776,-0.0163309381934,-0.101700890238,-0.0344540852138,-0.0557710545259,0.0371318789907,1.01695081317,-0.160826403122,0.0818682207731,0.314636755012,0.0144313076,-0.0692386952221,-0.00459228755824,0.152190800206,-0.201316159961,0.996659058422,-0.268400868567,-0.0305453298826
