bax0,bay0,baz0,bgx0,bgy0,bgz0,gax0,gay0,gaz0,bax1,bay1,baz1,bgx1,bgy1,bgz1,gax1,gay1,gaz1,bax2,bay2,baz2,bgx2,bgy2,bgz2,gax2,gay2,gaz2,bax3,bay3,baz3,bgx3,bgy3,bgz3,gax3,gay3,gaz3,bax4,bay4,baz4,bgx4,bgy4,bgz4,gax4,gay4,gaz4
0.290580769636,-0.00961404215801,-0.107338521375,-0.0315567324876,-0.0711718531982,0.0843737747417,0.99498103254,-0.297395141467,-0.0324732398476,0.297295351995,-0.0144273065577,-0.107786818059,-0.0340534023326,-0.0755297793364,0.0987210975214,0.994863599551,-0.293051685261,-0.0270846716896,0.287251652759,-0.0188962890808,-0.105672514912,-0.0231069236215,-0.0763691824926,0.103370845645,0.99772456083,-0.29542052251,-0.0293573371516,0.290799489364,-0.0125552792566,-0.116511817512,-0.027804233133,-0.0809787131875,0.0841768308158,0.994416214573,-0.293716421483,-0.0289870072163,0.289580728819,-0.0176238443171,-0.114536981361,-0.024799878758,-0.0748304430985,0.0945105657542,0.992879427825,-0.291400200564,-0.0310581200469
