bax0,bay0,baz0,bgx0,bgy0,bgz0,gax0,gay0,gaz0,bax1,bay1,baz1,bgx1,bgy1,bgz1,gax1,gay1,gaz1,bax2,bay2,baz2,bgx2,bgy2,bgz2,gax2,gay2,gaz2,bax3,bay3,baz3,bgx3,bgy3,bgz3,gax3,gay3,gaz3,bax4,bay4,baz4,bgx4,bgy4,bgz4,gax4,gay4,gaz4
0.309364811043,-0.0165785325986,-0.104920330505,-0.0212553557569,-0.0757072076932,0.0949697055579,0.892131172857,-0.191075643496,-0.432711331582,0.32602575205,-0.0138448175336,-0.0745754369738,-0.0272370232705,-0.0727251352403,0.0816055036146,0.884784690351,-0.184010308703,-0.422500361126,0.31311653342,-0.00980172004996,-0.0873452997944,-0.0263526613192,-0.0814133321239,0.0786798339302,0.90469447295,-0.17784926996,-0.41403429161,0.30370169757,-0.00451404805505,-0.096341486159,-0.0596916289073,-0.0828109617761,0.117083281538,0.900256355874,-0.17738660556,-0.378469793219,0.280514846762,-0.019329901603,-0.120529067991,-0.0563595414145,-0.0908938940017,0.110934882435,0.922942480472,-0.175295463241,-0.380259222127
