bax0,bay0,baz0,bgx0,bgy0,bgz0,gax0,gay0,gaz0,bax1,bay1,baz1,bgx1,bgy1,bgz1,gax1,gay1,gaz1,bax2,bay2,baz2,bgx2,bgy2,bgz2,gax2,gay2,gaz2,bax3,bay3,baz3,bgx3,bgy3,bgz3,gax3,gay3,gaz3,bax4,bay4,baz4,bgx4,bgy4,bgz4,gax4,gay4,gaz4
0.283208050726,-0.0169905324234,-0.110286496011,-0.0350968235597,-0.0709881717598,0.0829469028305,0.946658259111,-0.177039602993,0.320512768983,0.287893750956,-0.0179472896146,-0.10078476165,-0.0279340995405,-0.0607136620506,0.082773113153,0.949171408061,-0.182720059584,0.337430649695,0.290199693151,-0.0115353185791,-0.0954180681499,-0.028280101736,-0.080809436444,0.0891160918593,0.944428552525,-0.179070375533,0.342141485383,0.289243819922,-0.00806483225534,-0.113411557968,-0.0274057487466,-0.0917668604031,0.100740834603,0.943361400577,-0.167560335244,0.343368373182,0.293562087778,-0.0288803471352,-0.116770251274,-0.0334724702776,-0.109402266021,0.114835735626,0.939974997399,-0.158027703801,0.343681039894
