bax0,bay0,baz0,bgx0,bgy0,bgz0,gax0,gay0,gaz0,bax1,bay1,baz1,bgx1,bgy1,bgz1,gax1,gay1,gaz1,bax2,bay2,baz2,bgx2,bgy2,bgz2,gax2,gay2,gaz2,bax3,bay3,baz3,bgx3,bgy3,bgz3,gax3,gay3,gaz3,bax4,bay4,baz4,bgx4,bgy4,bgz4,gax4,gay4,gaz4
0.304138096943,-0.0331161009753,-0.134884705049,-0.0265757633535,-0.0965154020687,0.101170992561,0.93859470724,-0.169680587436,0.338224174843,0.302290533974,-0.0177829675203,-0.125237824261,-0.0286533369189,-0.0724723477803,0.0697026246851,0.951279042382,-0.178901308408,0.324628549424,0.287061419083,-0.0108387505869,-0.107645601285,-0.0280772620506,-0.0563102672233,0.0760300761769,0.948333489878,-0.177677500089,0.31832337203,0.283153026897,0.00238660032662,-0.105039136307,-0.0293754798819,-0.0729289762504,0.0793821067296,0.948290792082,-0.169508486223,0.331603748212,0.287927561199,-0.0251166084122,-0.114888981595,-0.0299737131555,-0.0833186950528,0.104509234616,0.945414681749,-0.174033789037,0.331283937568
