bax0,bay0,baz0,bgx0,bgy0,bgz0,gax0,gay0,gaz0,bax1,bay1,baz1,bgx1,bgy1,bgz1,gax1,gay1,gaz1,bax2,bay2,baz2,bgx2,bgy2,bgz2,gax2,gay2,gaz2,bax3,bay3,baz3,bgx3,bgy3,bgz3,gax3,gay3,gaz3,bax4,bay4,baz4,bgx4,bgy4,bgz4,gax4,gay4,gaz4
0.291084300731,-0.0258335492973,-0.117053172646,-0.0270050258206,-0.0726646805377,0.0944414882907,0.945212071878,-0.176839262527,0.333245769712,0.290450393709,-0.0248179013279,-0.114935092716,-0.0265812627738,-0.0803749493209,0.0795995194161,0.944242994976,-0.182127591901,0.331645871242,0.29150926047,-0.00715828757911,-0.105752042829,-0.0306047457026,-0.0821385328899,0.0953151555378,0.946846799344,-0.178725922707,0.331533827623,0.294826866187,-0.0200718890725,-0.116429823018,-0.0289261613321,-0.0802871449082,0.0892025170301,0.945995419176,-0.176485908017,0.333557980247,0.293093150598,-0.0150822830085,-0.123479610174,-0.0282625904732,-0.0681601291258,0.0810752550259,0.94422702757,-0.179267247946,0.326804302875
