bax0,bay0,baz0,bgx0,bgy0,bgz0,gax0,gay0,gaz0,bax1,bay1,baz1,bgx1,bgy1,bgz1,gax1,gay1,gaz1,bax2,bay2,baz2,bgx2,bgy2,bgz2,gax2,gay2,gaz2,bax3,bay3,baz3,bgx3,bgy3,bgz3,gax3,gay3,gaz3,bax4,bay4,baz4,bgx4,bgy4,bgz4,gax4,gay4,gaz4
0.287612526484,-0.0257059297652,-0.112361116252,-0.0264081899479,-0.0842660942532,0.0923729252806,0.944196065945,-0.181175234036,0.332492739776,0.29816640872,-0.0150559600661,-0.117747178152,-0.0272311204614,-0.0800397578784,0.0797763484813,0.944498606844,-0.180968666889,0.335887094205,0.291313788967,-0.0156295221025,-0.111116583456,-0.0289708681604,-0.083722598251,0.0816953686318,0.946641202965,-0.17841958635,0.331110073256,0.295307339913,-0.021133569716,-0.117891040506,-0.0266132770633,-0.0857389317393,0.0869884383657,0.946981009146,-0.175688492252,0.331499084755,0.293768493149,-0.0129545878678,-0.122805354865,-0.0284263469963,-0.0615110529153,0.0750947464922,0.946391569734,-0.175394688152,0.329968503944
