bax0,bay0,baz0,bgx0,bgy0,bgz0,gax0,gay0,gaz0,bax1,bay1,baz1,bgx1,bgy1,bgz1,gax1,gay1,gaz1,bax2,bay2,baz2,bgx2,bgy2,bgz2,gax2,gay2,gaz2,bax3,bay3,baz3,bgx3,bgy3,bgz3,gax3,gay3,gaz3,bax4,bay4,baz4,bgx4,bgy4,bgz4,gax4,gay4,gaz4
0.288605472958,-0.0158170862505,-0.111249627699,-0.0169912433181,-0.068405819221,0.104859844596,0.936517419351,-0.136474476132,0.366200108123,0.287078476115,-0.0182588508479,-0.113571819694,-0.0350986833745,-0.0805775678655,0.109506670732,0.935882545133,-0.12944175375,0.364604532685,0.28774200953,-0.0227199035911,-0.11247472975,-0.0386307786335,-0.0790296492422,0.0915944948437,0.931576775273,-0.133761493745,0.36895396814,0.292590310064,-0.0167119834674,-0.111518239254,-0.0300833550732,-0.070755774976,0.0857641667297,0.934374432383,-0.13495225378,0.372221547311,0.287897798531,-0.0137198985355,-0.105939821913,-0.0329638600047,-0.0762652014731,0.0898592943481,0.934792123583,-0.131500602364,0.366264161336
