bax0,bay0,baz0,bgx0,bgy0,bgz0,gax0,gay0,gaz0,bax1,bay1,baz1,bgx1,bgy1,bgz1,gax1,gay1,gaz1,bax2,bay2,baz2,bgx2,bgy2,bgz2,gax2,gay2,gaz2,bax3,bay3,baz3,bgx3,bgy3,bgz3,gax3,gay3,gaz3,bax4,bay4,baz4,bgx4,bgy4,bgz4,gax4,gay4,gaz4
0.291621823179,-0.0155020582214,-0.111033079526,-0.0163239129786,-0.0651124489118,0.11016118533,0.934585434601,-0.136107958091,0.367538968282,0.284608869388,-0.0160125823931,-0.107025299893,-0.0282384663016,-0.077919102872,0.100815217493,0.932973157207,-0.128956220712,0.369575751821,0.28843611807,-0.0209781722396,-0.113094515047,-0.0362417630989,-0.0917032037124,0.0850560514835,0.935410946552,-0.12839078042,0.369095455392,0.291583100472,-0.0164044067184,-0.114896480153,-0.03450884699,-0.0711317943507,0.0760461621291,0.9340084948,-0.134014393013,0.368049664186,0.290898287973,-0.0126163267148,-0.103617108549,-0.0249034550864,-0.075885203725,0.089050085979,0.934286717624,-0.12692841253,0.37163849624
