bax0,bay0,baz0,bgx0,bgy0,bgz0,gax0,gay0,gaz0,bax1,bay1,baz1,bgx1,bgy1,bgz1,gax1,gay1,gaz1,bax2,bay2,baz2,bgx2,bgy2,bgz2,gax2,gay2,gaz2,bax3,bay3,baz3,bgx3,bgy3,bgz3,gax3,gay3,gaz3,bax4,bay4,baz4,bgx4,bgy4,bgz4,gax4,gay4,gaz4
0.285628379094,-0.0165427224522,-0.110684597134,-0.021751533329,-0.0651621587339,0.122805508169,0.935334645076,-0.131471267166,0.365648910705,0.286117767853,-0.0164335406841,-0.106918694153,-0.0318831048552,-0.0796719694428,0.10005777579,0.937339956386,-0.128603264973,0.367667904936,0.286906964935,-0.0186943944826,-0.111636718538,-0.0351512725072,-0.0799710636663,0.0799975672348,0.93189469231,-0.13256287975,0.371419974438,0.289731910268,-0.0206388204528,-0.114166575189,-0.0342541290676,-0.0692970552782,0.0714898707957,0.931928720071,-0.135746362244,0.365542417482,0.288085696491,-0.00842600202276,-0.108701150379,-0.0236632117281,-0.07458686704,0.084541862131,0.931885249012,-0.131676357811,0.375140355138
