bax0,bay0,baz0,bgx0,bgy0,bgz0,gax0,gay0,gaz0,bax1,bay1,baz1,bgx1,bgy1,bgz1,gax1,gay1,gaz1,bax2,bay2,baz2,bgx2,bgy2,bgz2,gax2,gay2,gaz2,bax3,bay3,baz3,bgx3,bgy3,bgz3,gax3,gay3,gaz3,bax4,bay4,baz4,bgx4,bgy4,bgz4,gax4,gay4,gaz4
0.290583281553,-0.0280622410089,-0.106775551106,-0.0347185479464,-0.108786117757,0.0936898530518,1.01130803714,-0.165418018537,0.0997201756051,0.290213440476,-0.00955529040407,-0.126383167505,-0.0029271253976,-0.110244134556,0.0941770460959,1.01240365769,-0.173563298083,0.100141135754,0.292398709061,-0.00440274982501,-0.0967795609079,-0.00586594390683,-0.096799109424,0.0804434819955,1.0118501543,-0.159652931676,0.0947076659784,0.290130320648,-0.0203185061994,-0.119127289229,-0.0200635695963,-0.0967464169105,0.107823465608,1.01278123194,-0.154624719944,0.104181275299,0.292919065853,-0.0241702853574,-0.138903151136,-0.0253561516246,-0.0885221385255,0.10012937517,1.01311451659,-0.161755248182,0.107404258001
