bax0,bay0,baz0,bgx0,bgy0,bgz0,gax0,gay0,gaz0,bax1,bay1,baz1,bgx1,bgy1,bgz1,gax1,gay1,gaz1,bax2,bay2,baz2,bgx2,bgy2,bgz2,gax2,gay2,gaz2,bax3,bay3,baz3,bgx3,bgy3,bgz3,gax3,gay3,gaz3,bax4,bay4,baz4,bgx4,bgy4,bgz4,gax4,gay4,gaz4
0.29078259399,-0.0159003896278,-0.11429213095,-0.0339674123037,-0.0776004192672,0.0830359405593,1.01198248468,-0.164552629341,0.100259765075,0.293798941919,-0.019188967569,-0.110321872928,-0.0291721854737,-0.0755811346197,0.0944266705338,1.01225990387,-0.166936051581,0.100241930116,0.290550540296,-0.0163199218364,-0.116962795671,-0.0276044298351,-0.0772680379449,0.0887719226629,1.01155694415,-0.166374364781,0.0997354607204,0.293531763123,-0.0107301444126,-0.114988892476,-0.0286831572406,-0.077278574087,0.0931772931467,1.01341856109,-0.167187456603,0.0997980930581,0.292875359836,-0.0160700877315,-0.115734264392,-0.0276228885318,-0.0742822070428,0.0932728740863,1.01417698731,-0.164003101112,0.0992906000926
