bax0,bay0,baz0,bgx0,bgy0,bgz0,gax0,gay0,gaz0,bax1,bay1,baz1,bgx1,bgy1,bgz1,gax1,gay1,gaz1,bax2,bay2,baz2,bgx2,bgy2,bgz2,gax2,gay2,gaz2,bax3,bay3,baz3,bgx3,bgy3,bgz3,gax3,gay3,gaz3,bax4,bay4,baz4,bgx4,bgy4,bgz4,gax4,gay4,gaz4
0.29934021905,-0.0103874383104,-0.103630183575,-0.0354343203968,-0.0689315849142,0.0832835190464,0.993439106287,-0.29755460019,-0.032019853395,0.296182728835,-0.0165347381438,-0.114837067514,-0.0279891864477,-0.0670682956093,0.0919094933519,0.99472775222,-0.293001429733,-0.0270405904117,0.281879859897,-0.0217611324489,-0.1112503768,-0.0258458591099,-0.0800593611843,0.0971950211112,0.995315415784,-0.292562332896,-0.0273984548953,0.300108767668,-0.0121498468108,-0.118744448789,-0.0260843441839,-0.0787531892249,0.0793107611707,0.994672199219,-0.294044677349,-0.0288291119321,0.29272679761,-0.0175899177207,-0.111745247935,-0.0327291140362,-0.0703207618488,0.0995673342138,0.995487664952,-0.294456580243,-0.0322395881816
