bax0,bay0,baz0,bgx0,bgy0,bgz0,gax0,gay0,gaz0,bax1,bay1,baz1,bgx1,bgy1,bgz1,gax1,gay1,gaz1,bax2,bay2,baz2,bgx2,bgy2,bgz2,gax2,gay2,gaz2,bax3,bay3,baz3,bgx3,bgy3,bgz3,gax3,gay3,gaz3,bax4,bay4,baz4,bgx4,bgy4,bgz4,gax4,gay4,gaz4
0.287552315212,-0.0181967300769,-0.107807640503,-0.0320810787264,-0.116697216709,0.0615787852607,1.00859872314,-0.198510951032,0.0592966557422,0.28949881796,-0.018751686317,-0.113440751172,-0.0703147025622,-0.0837398909551,0.0698085571467,1.01212222839,-0.194043163903,0.0557885595171,0.292078027056,-0.0144044399865,-0.13570905712,-0.0504310384699,-0.0628915222336,0.0834545442513,1.01146732163,-0.196465968376,0.0492001153995,0.292973489341,-0.0230226169588,-0.10109779094,-0.0334916659054,-0.0632099641767,0.115424503287,1.01117789904,-0.191825276009,0.0501081504324,0.291590676647,-0.0182791013962,-0.0889800603047,-0.0276266964649,-0.063076831002,0.101631201675,1.0079186754,-0.197817299273,0.0383792836456
