bax0,bay0,baz0,bgx0,bgy0,bgz0,gax0,gay0,gaz0,bax1,bay1,baz1,bgx1,bgy1,bgz1,gax1,gay1,gaz1,bax2,bay2,baz2,bgx2,bgy2,bgz2,gax2,gay2,gaz2,bax3,bay3,baz3,bgx3,bgy3,bgz3,gax3,gay3,gaz3,bax4,bay4,baz4,bgx4,bgy4,bgz4,gax4,gay4,gaz4
0.299142240692,-0.0150275955917,-0.0993074856908,-0.0258363598278,-0.0697081980636,0.100135540284,1.01167785763,-0.18939601228,0.0487380490197,0.292765375963,-0.0171077410922,-0.125760049318,-0.0207272404655,-0.0968542855519,0.112099254036,1.01455358089,-0.193814286577,0.0581211288669,0.290628627987,-0.0218900065123,-0.122325447265,-0.0212290424224,-0.0773124580741,0.0935287036359,1.01214407918,-0.192122609876,0.0540603294143,0.296524479159,-0.00515541322149,-0.118907321129,-0.033692773515,-0.0671983187116,0.0767886287026,1.01013530575,-0.196857526975,0.0525522558495,0.298953932012,-0.00267956914663,-0.126158168437,-0.0403221642533,-0.0853243117189,0.0850355439988,1.01449400582,-0.188183904059,0.0565111057739
