bax0,bay0,baz0,bgx0,bgy0,bgz0,gax0,gay0,gaz0,bax1,bay1,baz1,bgx1,bgy1,bgz1,gax1,gay1,gaz1,bax2,bay2,baz2,bgx2,bgy2,bgz2,gax2,gay2,gaz2,bax3,bay3,baz3,bgx3,bgy3,bgz3,gax3,gay3,gaz3,bax4,bay4,baz4,bgx4,bgy4,bgz4,gax4,gay4,gaz4
0.290190451014,-0.0217100079224,-0.122268978501,-0.0258435016856,-0.0815571666296,0.102516091756,1.01570202771,-0.185113308839,0.0438856029255,0.294972764541,-0.0219775849979,-0.109190841132,-0.0260246530042,-0.073113704181,0.0921387898899,1.01483798432,-0.188119679721,0.0455324447252,0.295030650825,-0.0201532761967,-0.11690390874,-0.0312059218875,-0.0730451910749,0.0953545036763,1.01530755499,-0.192784506203,0.0377286949509,0.289683707878,-0.0210838197642,-0.124129029933,-0.0260192254309,-0.0758027062862,0.0900546298357,1.0152679359,-0.185747987108,0.0401429064759,0.287050602847,-0.0252475866819,-0.111560700967,-0.0254327219976,-0.077403253555,0.0914147624259,1.01488915523,-0.193678495557,0.0398284554649
