bax0,bay0,baz0,bgx0,bgy0,bgz0,gax0,gay0,gaz0,bax1,bay1,baz1,bgx1,bgy1,bgz1,gax1,gay1,gaz1,bax2,bay2,baz2,bgx2,bgy2,bgz2,gax2,gay2,gaz2,bax3,bay3,baz3,bgx3,bgy3,bgz3,gax3,gay3,gaz3,bax4,bay4,baz4,bgx4,bgy4,bgz4,gax4,gay4,gaz4
0.292620902047,-0.0213328673037,-0.124367983633,-0.0233777949896,-0.090627055451,0.108184724726,1.01512437076,-0.182826953245,0.0481545602557,0.290725294327,-0.0248780768804,-0.112394167577,-0.0266695842005,-0.073516268601,0.0996953714302,1.0158420801,-0.183637867823,0.038580001898,0.292786407101,-0.0229737521231,-0.116594792547,-0.0286510725763,-0.0805596579871,0.0923925881788,1.01440474286,-0.196272417081,0.040092809348,0.289671953234,-0.0264227629791,-0.116822492613,-0.0288941731587,-0.0721846883522,0.0930393162558,1.01464674499,-0.193473837261,0.0389892027578,0.289873692869,-0.0213371919615,-0.115280048248,-0.0260031095296,-0.0812463432154,0.0842345789244,1.01153717198,-0.196260213086,0.0414115454829
