bax0,bay0,baz0,bgx0,bgy0,bgz0,gax0,gay0,gaz0,bax1,bay1,baz1,bgx1,bgy1,bgz1,gax1,gay1,gaz1,bax2,bay2,baz2,bgx2,bgy2,bgz2,gax2,gay2,gaz2,bax3,bay3,baz3,bgx3,bgy3,bgz3,gax3,gay3,gaz3,bax4,bay4,baz4,bgx4,bgy4,bgz4,gax4,gay4,gaz4
0.294692500967,-0.0235994412535,-0.130368334338,-0.02791883424,-0.0813328673254,0.110430637784,1.01282594383,-0.182877793883,0.0473916761733,0.292049602012,-0.0264111784436,-0.118891200319,-0.0308313327271,-0.068852606619,0.0925059209479,1.01535105571,-0.183135770763,0.0461259603631,0.293645307753,-0.0222660698778,-0.126063661539,-0.0286735963181,-0.0747327640122,0.0981415659995,1.01644362474,-0.187940331121,0.0410222138734,0.287282663655,-0.0252627487961,-0.131829526489,-0.0293455344762,-0.0681975581336,0.0926041497142,1.01278016321,-0.18925936872,0.0429276939919,0.287113960871,-0.0235205810768,-0.11466051431,-0.0247633383659,-0.0825504560232,0.0927020873016,1.01298916902,-0.190568861793,0.0420543092816
