bax0,bay0,baz0,bgx0,bgy0,bgz0,gax0,gay0,gaz0,bax1,bay1,baz1,bgx1,bgy1,bgz1,gax1,gay1,gaz1,bax2,bay2,baz2,bgx2,bgy2,bgz2,gax2,gay2,gaz2,bax3,bay3,baz3,bgx3,bgy3,bgz3,gax3,gay3,gaz3,bax4,bay4,baz4,bgx4,bgy4,bgz4,gax4,gay4,gaz4
0.290587294404,-0.0305213968826,-0.134065469852,-0.0260207364809,-0.0699048107004,0.0905558601043,1.01396901988,-0.128376191288,0.119007347061,0.291807261778,-0.0197585196078,-0.116550126812,-0.0225550213952,-0.0716858773047,0.0773856377356,1.01689113878,-0.133468849532,0.108600390775,0.292408855865,-0.0194716685348,-0.119973652401,-0.0144682499848,-0.0595459645114,0.0896720552772,1.01466200342,-0.132966893393,0.104075939408,0.294513638196,-0.0259327063973,-0.116219219698,-0.0450932125757,-0.0636300566523,0.0960892553644,1.01633910998,-0.133131461012,0.107789615971,0.290026061283,-0.0290612285995,-0.134048560615,-0.0328384198064,-0.0963989416177,0.0897507088912,1.0169228049,-0.138408382734,0.114389152725
