bax0,bay0,baz0,bgx0,bgy0,bgz0,gax0,gay0,gaz0,bax1,bay1,baz1,bgx1,bgy1,bgz1,gax1,gay1,gaz1,bax2,bay2,baz2,bgx2,bgy2,bgz2,gax2,gay2,gaz2,bax3,bay3,baz3,bgx3,bgy3,bgz3,gax3,gay3,gaz3,bax4,bay4,baz4,bgx4,bgy4,bgz4,gax4,gay4,gaz4
0.288932037102,-0.018606487477,-0.121002986568,-0.021222753263,-0.0729953163008,0.0829872388566,1.0175440853,-0.141522433095,0.108512447437,0.289227127052,-0.0158223354382,-0.12443346747,-0.0266957790893,-0.0827802572705,0.0861480862745,1.01411817626,-0.141664152792,0.0941943962979,0.28962413807,-0.00489872565444,-0.087699959702,-0.0251559416576,-0.0639105386185,0.0634667335112,1.01561713177,-0.14528645631,0.106903029457,0.291454850562,0.00798399244471,-0.0677975081825,-0.0253562655879,-0.0705477989578,0.0593243294697,1.01528216368,-0.135924580276,0.113580195542,0.292799466656,-0.00324404165111,-0.110525412008,-0.0359301030244,-0.106430490466,0.10866882422,1.01252533878,-0.125157086481,0.126366231278
