bax0,bay0,baz0,bgx0,bgy0,bgz0,gax0,gay0,gaz0,bax1,bay1,baz1,bgx1,bgy1,bgz1,gax1,gay1,gaz1,bax2,bay2,baz2,bgx2,bgy2,bgz2,gax2,gay2,gaz2,bax3,bay3,baz3,bgx3,bgy3,bgz3,gax3,gay3,gaz3,bax4,bay4,baz4,bgx4,bgy4,bgz4,gax4,gay4,gaz4
0.305353373665,-0.0375720228516,-0.144682301324,0.0164532511778,-2.72113443014e-05,-0.0209228783247,1.00901934966,-0.144662613265,0.0992246975678,0.289425299543,-0.0274034503048,-0.119151156986,-0.0233508242173,-0.0599920822504,0.0654572593006,1.01509478002,-0.145846036989,0.0997801380682,0.289193231037,-0.0204621018348,-0.118106675481,-0.0264889267392,-0.0989974803376,0.0926196427105,1.01714197717,-0.150899984146,0.0814151586713,0.293725063302,-0.027874213393,-0.11728113596,-0.0177773784313,-0.104363678219,0.121505760381,1.01763549716,-0.152022419314,0.0933471847159,0.2911371369,-0.0269926781087,-0.126264631539,-0.0275057705242,-0.0696585302345,0.07173107549,1.01769450276,-0.151289891867,0.0741454194507
