bax0,bay0,baz0,bgx0,bgy0,bgz0,gax0,gay0,gaz0,bax1,bay1,baz1,bgx1,bgy1,bgz1,gax1,gay1,gaz1,bax2,bay2,baz2,bgx2,bgy2,bgz2,gax2,gay2,gaz2,bax3,bay3,baz3,bgx3,bgy3,bgz3,gax3,gay3,gaz3,bax4,bay4,baz4,bgx4,bgy4,bgz4,gax4,gay4,gaz4
0.291651233012,-0.0167401828402,-0.115277963542,-0.0313775728516,-0.0776843151926,0.0888488670094,1.01594099639,-0.152722710067,0.0798360922799,0.29337294014,-0.0192617427752,-0.114103508706,-0.0309203228761,-0.0742298865667,0.090653826588,1.01843659929,-0.149512915735,0.0800293570963,0.290954225449,-0.0117220164438,-0.112399159961,-0.0315440445834,-0.0731750453085,0.0919944216149,1.01771515413,-0.152844945041,0.0791725808302,0.291283484564,-0.0174665262394,-0.114428908606,-0.0296835836697,-0.0761705712868,0.0939193314853,1.01586735694,-0.145439785585,0.0793320215742,0.295282363441,-0.0192259657211,-0.123449011314,-0.0288616140694,-0.0792258499344,0.0922618712062,1.01610689314,-0.144233135004,0.0771629154622
