bax0,bay0,baz0,bgx0,bgy0,bgz0,gax0,gay0,gaz0,bax1,bay1,baz1,bgx1,bgy1,bgz1,gax1,gay1,gaz1,bax2,bay2,baz2,bgx2,bgy2,bgz2,gax2,gay2,gaz2,bax3,bay3,baz3,bgx3,bgy3,bgz3,gax3,gay3,gaz3,bax4,bay4,baz4,bgx4,bgy4,bgz4,gax4,gay4,gaz4
0.294971043775,-0.0181957617477,-0.120872903443,-0.0324375209272,-0.077228060933,0.0906244071903,1.01879915141,-0.148933430753,0.080329320982,0.293118704937,-0.0138869308206,-0.117315131562,-0.0303351192185,-0.0730413603143,0.0931472618624,1.01731964153,-0.150705828059,0.0795482899047,0.289769069732,-0.0140280635962,-0.114459111161,-0.0296521253273,-0.0761562009666,0.0904733342201,1.01997660934,-0.148934409523,0.0799911927134,0.291433493068,-0.0191096353389,-0.119191096581,-0.0306008739938,-0.0826354722977,0.0915431344244,1.01659451942,-0.146620951091,0.0810336448588,0.29423738951,-0.0177373417514,-0.120432271517,-0.0274044058334,-0.0825486814328,0.0905425172798,1.0153830146,-0.146829255317,0.08016716333
