bax0,bay0,baz0,bgx0,bgy0,bgz0,gax0,gay0,gaz0,bax1,bay1,baz1,bgx1,bgy1,bgz1,gax1,gay1,gaz1,bax2,bay2,baz2,bgx2,bgy2,bgz2,gax2,gay2,gaz2,bax3,bay3,baz3,bgx3,bgy3,bgz3,gax3,gay3,gaz3,bax4,bay4,baz4,bgx4,bgy4,bgz4,gax4,gay4,gaz4
0.289674149238,-0.0190652702395,-0.112690249829,-0.00520833974224,-0.0917753007143,0.124974543515,0.97819724561,-0.321992398827,-0.0685813885422,0.283788497425,-0.0297515633026,-0.118515441,-0.0263875273174,-0.0843170349832,0.0800338187904,0.97841354405,-0.326114415649,-0.0717662263468,0.289501463704,-0.0173914368944,-0.122290988322,-0.0607394729396,-0.0568329422703,0.0862833618145,0.97433514729,-0.333576470312,-0.0666071420523,0.290163290904,-0.0193119804782,-0.124252871466,-0.0359579094827,-0.0735274058586,0.0678457267441,0.976593321136,-0.336725604461,-0.0830745928983,0.300847940385,-0.00999197081225,-0.103087007635,-0.029348609754,-0.0737851694266,0.0841150470821,0.978614500122,-0.337365219498,-0.0887453455418
