bax0,bay0,baz0,bgx0,bgy0,bgz0,gax0,gay0,gaz0,bax1,bay1,baz1,bgx1,bgy1,bgz1,gax1,gay1,gaz1,bax2,bay2,baz2,bgx2,bgy2,bgz2,gax2,gay2,gaz2,bax3,bay3,baz3,bgx3,bgy3,bgz3,gax3,gay3,gaz3,bax4,bay4,baz4,bgx4,bgy4,bgz4,gax4,gay4,gaz4
0.294681080806,-0.0292780479359,-0.131819863965,-0.0229570763474,-0.0814144866667,0.0900685811175,1.01715410063,-0.153174654404,0.0861157389177,0.289954467763,-0.00592053886109,-0.106474832692,-0.0333908800828,-0.0887463679592,0.101369625893,1.02191500442,-0.15943785679,0.0691741912517,0.292700822132,-0.0238860042818,-0.125223676362,-0.0421064291579,-0.0741611621138,0.0980937586885,1.02067608808,-0.148277724307,0.0665273281963,0.303095066569,-0.0552969056583,-0.153288207017,-0.0422309346997,-0.162809547918,0.119508580534,1.01588187585,-0.0781069234325,0.145028740629,0.28398445607,-0.0654075809712,-0.184601057954,-0.0685730437569,-0.141711322907,0.0995519625394,1.01762700697,-0.100054879584,0.126216615828
