bax0,bay0,baz0,bgx0,bgy0,bgz0,gax0,gay0,gaz0,bax1,bay1,baz1,bgx1,bgy1,bgz1,gax1,gay1,gaz1,bax2,bay2,baz2,bgx2,bgy2,bgz2,gax2,gay2,gaz2,bax3,bay3,baz3,bgx3,bgy3,bgz3,gax3,gay3,gaz3,bax4,bay4,baz4,bgx4,bgy4,bgz4,gax4,gay4,gaz4
0.292417091328,-0.0411502776761,-0.176303113362,-0.0390662763407,-0.0871161807357,0.0753434947691,1.0170230899,-0.123901098439,0.0997133798289,0.292206662277,-0.0250700387798,-0.102396472911,-0.00283723061527,-0.0357978478117,0.0600152416454,1.01949966079,-0.137102826386,0.0764473541987,0.289778741572,-0.0119459893782,-0.0964573094026,-0.016907385157,-0.0504087287494,0.0632758019358,1.01859256674,-0.133649352354,0.0843140598065,0.288543807571,-0.0246348599277,-0.140404495665,-0.0340793540492,-0.0801755088225,0.107914111929,1.0180874825,-0.131180140387,0.0746423794317,0.292940074209,-0.0425056061024,-0.133291266279,-0.0253012497595,-0.0723768763478,0.0810134363074,1.02063684972,-0.147567375404,0.0794938002216
