bax0,bay0,baz0,bgx0,bgy0,bgz0,gax0,gay0,gaz0,bax1,bay1,baz1,bgx1,bgy1,bgz1,gax1,gay1,gaz1,bax2,bay2,baz2,bgx2,bgy2,bgz2,gax2,gay2,gaz2,bax3,bay3,baz3,bgx3,bgy3,bgz3,gax3,gay3,gaz3,bax4,bay4,baz4,bgx4,bgy4,bgz4,gax4,gay4,gaz4
0.294590325637,-0.0478427673969,-0.167405019288,-0.0437154047525,-0.0922245424094,0.0677652830459,1.01868354139,-0.1173297469,0.103530245812,0.295438624609,-0.0260815685135,-0.109248494044,-0.00627403983979,-0.0441853664878,0.0657201028083,1.01713316248,-0.148679468669,0.070984957113,0.291930598318,-0.0101656887142,-0.10105736898,-0.012918363312,-0.0566309547706,0.072639038803,1.0178402552,-0.134634218903,0.0822079432374,0.293264907887,-0.0179659393873,-0.120922607963,-0.0213238351073,-0.0829922276932,0.089799293526,1.01823288917,-0.136291283042,0.0814128740566,0.292554876398,-0.0315750426398,-0.146682440866,-0.0284604586905,-0.0702165850713,0.0930028262863,1.01835341307,-0.139587444345,0.0790815950331
