bax0,bay0,baz0,bgx0,bgy0,bgz0,gax0,gay0,gaz0,bax1,bay1,baz1,bgx1,bgy1,bgz1,gax1,gay1,gaz1,bax2,bay2,baz2,bgx2,bgy2,bgz2,gax2,gay2,gaz2,bax3,bay3,baz3,bgx3,bgy3,bgz3,gax3,gay3,gaz3,bax4,bay4,baz4,bgx4,bgy4,bgz4,gax4,gay4,gaz4
0.292469227334,-0.050014026376,-0.183091771394,-0.0399267317144,-0.107765074443,0.0583889168703,1.01620124419,-0.114695974214,0.0961394957622,0.295402492504,-0.0282060847259,-0.121671703764,-0.0124627135074,-0.0451925073509,0.0582161345954,1.01821011012,-0.134688507171,0.0771187307622,0.294944704602,-0.0242359549562,-0.112107672144,-0.0171230433286,-0.0654694324713,0.0756283197475,1.01813887135,-0.130839213208,0.0762671559301,0.291208987691,-0.0260200562667,-0.14144304719,-0.0309197930921,-0.0895029092075,0.103815420932,1.01931383651,-0.141372803249,0.0760952294211,0.288397062964,-0.0367654473713,-0.133550127603,-0.0412906433909,-0.0730462203967,0.0971209851348,1.0175252831,-0.138709217587,0.0753770565396
