bax0,bay0,baz0,bgx0,bgy0,bgz0,gax0,gay0,gaz0,bax1,bay1,baz1,bgx1,bgy1,bgz1,gax1,gay1,gaz1,bax2,bay2,baz2,bgx2,bgy2,bgz2,gax2,gay2,gaz2,bax3,bay3,baz3,bgx3,bgy3,bgz3,gax3,gay3,gaz3,bax4,bay4,baz4,bgx4,bgy4,bgz4,gax4,gay4,gaz4
0.294213899883,-0.0133140458001,-0.117433522419,-0.029739318664,-0.0787813782667,0.0919398118416,1.01752027549,-0.149508314741,0.0525889744202,0.28931125504,-0.0152994419446,-0.0891803573385,-0.0279306802259,-0.0668179596136,0.0845614941008,1.01833186012,-0.150465590189,0.0602114778362,0.28781262432,-0.00625251780541,-0.0916162394941,-0.0380747311087,-0.0655660204479,0.094047069881,1.01934742479,-0.147470515972,0.061188574668,0.28955319087,-0.0209853292651,-0.116785818189,-0.0348848336119,-0.0918906704875,0.108319746939,1.01702526715,-0.13930149713,0.0736472563827,0.292741903528,-0.0241255945748,-0.140300512142,-0.035947308795,-0.090945078233,0.100695792774,1.01727983659,-0.138837279596,0.0764864309067
