bax0,bay0,baz0,bgx0,bgy0,bgz0,gax0,gay0,gaz0,bax1,bay1,baz1,bgx1,bgy1,bgz1,gax1,gay1,gaz1,bax2,bay2,baz2,bgx2,bgy2,bgz2,gax2,gay2,gaz2,bax3,bay3,baz3,bgx3,bgy3,bgz3,gax3,gay3,gaz3,bax4,bay4,baz4,bgx4,bgy4,bgz4,gax4,gay4,gaz4
0.297178398684,-0.0120618311597,-0.109129918485,-0.019926177734,-0.0871978123581,0.0888548310958,1.01948337629,-0.148399673404,0.0634775734261,0.295251211809,-0.00750348499454,-0.0873041462418,-0.0162312780477,-0.0520621692973,0.087775696549,1.01780926194,-0.150957701264,0.0534370246989,0.288427135757,-0.0146907004071,-0.0843552966381,-0.0393600365418,-0.0723759570363,0.084617055911,1.01910365296,-0.145156401627,0.0670223019897,0.290018707527,-0.0330368919658,-0.104442666376,-0.0373831487813,-0.0975548227517,0.103796103667,1.01974720864,-0.139146223431,0.0837450977857,0.291290908221,-0.0399877709757,-0.133528016173,-0.0349867314647,-0.112066491621,0.103403325321,1.01594278919,-0.135881103139,0.0720594086738
