bax0,bay0,baz0,bgx0,bgy0,bgz0,gax0,gay0,gaz0,bax1,bay1,baz1,bgx1,bgy1,bgz1,gax1,gay1,gaz1,bax2,bay2,baz2,bgx2,bgy2,bgz2,gax2,gay2,gaz2,bax3,bay3,baz3,bgx3,bgy3,bgz3,gax3,gay3,gaz3,bax4,bay4,baz4,bgx4,bgy4,bgz4,gax4,gay4,gaz4
0.293164010254,-0.015789051797,-0.109284433613,-0.0198911045668,-0.0714882969788,0.0989825361412,1.02375938031,-0.156292037138,0.068959158638,0.275484333086,-0.0140065314747,-0.0856198527388,-0.0285614801296,-0.0584545820434,0.0717080240281,1.01674736496,-0.157429144501,0.0690096784537,0.423537789551,0.0685534454081,-0.0243786112766,0.0256962150932,0.0747387808372,-0.190204991278,0.960521803036,-0.232156637613,0.0269341115376,0.308410219786,0.0183341412946,-0.0878689967175,0.00843675262745,0.0166837751659,-0.0721172596965,1.00660946024,-0.207322176171,0.0711938079518,0.276827884175,-0.0376961500447,-0.122952948423,-0.00111074851012,-0.0538313761237,-0.0175543497747,1.00456357485,-0.183832346177,0.0802791947176
