bax0,bay0,baz0,bgx0,bgy0,bgz0,gax0,gay0,gaz0,bax1,bay1,baz1,bgx1,bgy1,bgz1,gax1,gay1,gaz1,bax2,bay2,baz2,bgx2,bgy2,bgz2,gax2,gay2,gaz2,bax3,bay3,baz3,bgx3,bgy3,bgz3,gax3,gay3,gaz3,bax4,bay4,baz4,bgx4,bgy4,bgz4,gax4,gay4,gaz4
0.279952952934,-0.0339642772496,-0.100670558887,-0.0174050305672,-0.068354619317,0.0862802707916,1.01316595956,-0.152473427346,0.065834544972,0.303908877085,-0.000245642875556,-0.0961166995513,-0.0175857709874,-0.0567420293895,0.0714355341762,1.02395462193,-0.168722527894,0.0672921566803,0.437222709621,0.0775447351315,-0.0170487001748,0.0449603559773,0.0755925322386,-0.212405230358,0.964285501237,-0.241854762039,0.0335060232774,0.277592632042,0.018438248823,-0.0796892895587,0.0129601476401,0.000408457461732,-0.115099065296,1.01229565384,-0.187704361266,0.0682109963634,0.291260266724,-0.028114503898,-0.130635533424,-0.00857320883295,-0.0558694946455,0.0631536787466,1.00954078114,-0.184982255067,0.0784984990344
