bax0,bay0,baz0,bgx0,bgy0,bgz0,gax0,gay0,gaz0,bax1,bay1,baz1,bgx1,bgy1,bgz1,gax1,gay1,gaz1,bax2,bay2,baz2,bgx2,bgy2,bgz2,gax2,gay2,gaz2,bax3,bay3,baz3,bgx3,bgy3,bgz3,gax3,gay3,gaz3,bax4,bay4,baz4,bgx4,bgy4,bgz4,gax4,gay4,gaz4
0.275206400972,-0.014782855899,-0.115388045451,-0.0189529740819,-0.0599643993251,0.10618738437,1.01836958897,-0.140890954095,0.0752038565995,0.300221373412,-0.00560817465582,-0.0873241113554,-0.0323149933764,-0.0728212940941,0.0765349753254,1.01358626883,-0.152059030251,0.0750194086072,0.438721808423,0.0492705785937,-0.0317409942935,0.0239911721064,0.0714744900871,-0.229138388108,0.964110800084,-0.23364403765,0.0490129550996,0.289708490919,0.0218511432877,-0.0792318494606,0.000476677390884,0.0116300722108,-0.115470427616,1.00734780013,-0.208164363975,0.0588286108513,0.280335137027,-0.0326713321116,-0.105344065891,-0.0198951850627,-0.0530125671101,-0.00130769560506,1.02115892511,-0.180265614735,0.0765647242157
