bax0,bay0,baz0,bgx0,bgy0,bgz0,gax0,gay0,gaz0,bax1,bay1,baz1,bgx1,bgy1,bgz1,gax1,gay1,gaz1,bax2,bay2,baz2,bgx2,bgy2,bgz2,gax2,gay2,gaz2,bax3,bay3,baz3,bgx3,bgy3,bgz3,gax3,gay3,gaz3,bax4,bay4,baz4,bgx4,bgy4,bgz4,gax4,gay4,gaz4
0.292225514791,-0.021261664509,-0.125662484791,-0.0276013512907,-0.07049443546,0.0863006554049,1.01010351842,-0.19425382346,0.0659186245265,0.292738299568,-0.0155263625097,-0.113662624898,-0.0299406761898,-0.0711960345053,0.0704898545841,1.01224751207,-0.195551107346,0.060291598247,0.296162394709,-0.0150743334408,-0.114379046006,-0.0301958153706,-0.063929663976,0.0834150144458,1.01408588346,-0.193799866624,0.0627043468866,0.289009490844,-0.00991438572533,-0.101746757389,-0.0280056383292,-0.0712913242565,0.0844279361796,1.0142107683,-0.186012261399,0.064496734631,0.294572082375,-0.0059709434145,-0.106816937494,-0.0293876001792,-0.0768736079725,0.0851300268262,1.01420579215,-0.181156895836,0.067262274252
