bax0,bay0,baz0,bgx0,bgy0,bgz0,gax0,gay0,gaz0,bax1,bay1,baz1,bgx1,bgy1,bgz1,gax1,gay1,gaz1,bax2,bay2,baz2,bgx2,bgy2,bgz2,gax2,gay2,gaz2,bax3,bay3,baz3,bgx3,bgy3,bgz3,gax3,gay3,gaz3,bax4,bay4,baz4,bgx4,bgy4,bgz4,gax4,gay4,gaz4
0.292587881354,-0.0210500745308,-0.124201372109,-0.00719838135549,-0.0900838102461,0.136307755322,0.987094473816,-0.321462600428,-0.0759142951595,0.289218584965,-0.0325642986345,-0.119513670115,-0.0189999770034,-0.08727793628,0.0845507593541,0.979303705952,-0.332030564089,-0.0773697623959,0.288126182779,-0.0156410111301,-0.133660893937,-0.0628987979541,-0.0625549769616,0.095840395221,0.976612173399,-0.33754856101,-0.0744553510219,0.29272332467,-0.0187232234875,-0.136004729818,-0.0390103220482,-0.0813698104218,0.0828932523476,0.972200497243,-0.346313495905,-0.0858251378874,0.303192095113,-0.0158399708476,-0.115859893271,-0.0171314378004,-0.0727056811703,0.071318771796,0.976452034612,-0.337446514298,-0.0835795410457
