bax0,bay0,baz0,bgx0,bgy0,bgz0,gax0,gay0,gaz0,bax1,bay1,baz1,bgx1,bgy1,bgz1,gax1,gay1,gaz1,bax2,bay2,baz2,bgx2,bgy2,bgz2,gax2,gay2,gaz2,bax3,bay3,baz3,bgx3,bgy3,bgz3,gax3,gay3,gaz3,bax4,bay4,baz4,bgx4,bgy4,bgz4,gax4,gay4,gaz4
0.288607264777,-0.0254841699826,-0.151353891164,-0.0356809793764,-0.0971519986052,0.0609047600874,1.01445309413,-0.185935900584,0.0303268194746,0.29026288417,-0.0255514964576,-0.117249465776,-0.0490265703843,-0.081444300397,0.0728319335176,1.01589440832,-0.201350354656,0.0103940117144,0.291196844532,-0.0123208468309,-0.113489281849,-0.0604950749081,-0.069072095155,0.070874004762,1.01435633831,-0.201937657938,0.0184296841319,0.292664355783,-0.0157538729889,-0.0926172199344,-0.0454646421645,-0.065039163988,0.0767325890557,1.01632397687,-0.208330831016,0.013894275469,0.290770162053,-0.0211824323261,-0.0983392366028,-0.0278905393254,-0.0784196468413,0.0908628604503,1.0138755898,-0.2011126311,0.0136468980843
