bax0,bay0,baz0,bgx0,bgy0,bgz0,gax0,gay0,gaz0,bax1,bay1,baz1,bgx1,bgy1,bgz1,gax1,gay1,gaz1,bax2,bay2,baz2,bgx2,bgy2,bgz2,gax2,gay2,gaz2,bax3,bay3,baz3,bgx3,bgy3,bgz3,gax3,gay3,gaz3,bax4,bay4,baz4,bgx4,bgy4,bgz4,gax4,gay4,gaz4
0.290966044981,-0.0348418849279,-0.15450442428,-0.0348722858509,-0.106293746187,0.054577157372,1.01508701126,-0.186032750163,0.0177877499396,0.290575610257,-0.0172325780076,-0.0995564691193,-0.0504020213043,-0.0851532708485,0.0721333886722,1.01464912667,-0.195388447306,0.0102070883597,0.29248606121,-0.0166646112985,-0.111437268471,-0.061253185825,-0.081701042773,0.0634894659542,1.01566341363,-0.203082907323,0.0123815607735,0.289699455562,-0.018169218266,-0.0972336806027,-0.0484996139698,-0.0637079731463,0.0774202382909,1.01314078663,-0.207047743651,0.0134737104993,0.293525323185,-0.0169341756258,-0.0976731727481,-0.0261687597599,-0.0791145934802,0.0796657074204,1.01556827917,-0.201551596686,0.0212205152387
