bax0,bay0,baz0,bgx0,bgy0,bgz0,gax0,gay0,gaz0,bax1,bay1,baz1,bgx1,bgy1,bgz1,gax1,gay1,gaz1,bax2,bay2,baz2,bgx2,bgy2,bgz2,gax2,gay2,gaz2,bax3,bay3,baz3,bgx3,bgy3,bgz3,gax3,gay3,gaz3,bax4,bay4,baz4,bgx4,bgy4,bgz4,gax4,gay4,gaz4
0.291552383021,-0.0173011511479,-0.114602025511,-0.0287919480288,-0.0769431869754,0.0939943552772,1.01337266322,-0.203920257861,0.022357831319,0.289370210162,-0.0173397275685,-0.1174453154,-0.0314753547186,-0.0869720630525,0.0972296885256,1.01406106442,-0.203181944524,0.0238079206491,0.289995085283,-0.0195205861427,-0.127778805208,-0.0320575141011,-0.0831982575444,0.0930666729415,1.01536134178,-0.201875840921,0.0224978933739,0.292506872987,-0.0204304357085,-0.121215513547,-0.0305243123569,-0.0683045058308,0.0926041673536,1.01223786543,-0.204111331046,0.0185958629714,0.29165380893,-0.015461442364,-0.105704450964,-0.0338174245407,-0.0792500891508,0.0865091569037,1.01225868676,-0.20471171502,0.0121940373039
