bax0,bay0,baz0,bgx0,bgy0,bgz0,gax0,gay0,gaz0,bax1,bay1,baz1,bgx1,bgy1,bgz1,gax1,gay1,gaz1,bax2,bay2,baz2,bgx2,bgy2,bgz2,gax2,gay2,gaz2,bax3,bay3,baz3,bgx3,bgy3,bgz3,gax3,gay3,gaz3,bax4,bay4,baz4,bgx4,bgy4,bgz4,gax4,gay4,gaz4
0.28900336136,-0.00820920868691,-0.110648989076,-0.0331433013779,-0.0634447154832,0.0843558224859,1.01369582269,-0.20215589555,0.0147119916725,0.297423603396,-0.0138734202562,-0.11268709208,-0.0330066321157,-0.0831042105037,0.0872756274172,1.01375173536,-0.197533228505,0.024723235571,0.294001492029,-0.0268516475077,-0.105801916052,-0.0337871599621,-0.0731695172651,0.0963666113977,1.01655850934,-0.196719192425,0.021452156211,0.287185732268,-0.0293491703255,-0.105120840459,-0.0356136967991,-0.0621302880769,0.104219558998,1.0152671501,-0.200440579503,0.0253759008926,0.295450982789,-0.0162995741208,-0.125590607892,-0.0294290671738,-0.0818023391178,0.0777900637652,1.01741134626,-0.202645428333,0.0228829880835
