bax0,bay0,baz0,bgx0,bgy0,bgz0,gax0,gay0,gaz0,bax1,bay1,baz1,bgx1,bgy1,bgz1,gax1,gay1,gaz1,bax2,bay2,baz2,bgx2,bgy2,bgz2,gax2,gay2,gaz2,bax3,bay3,baz3,bgx3,bgy3,bgz3,gax3,gay3,gaz3,bax4,bay4,baz4,bgx4,bgy4,bgz4,gax4,gay4,gaz4
0.293827017694,-0.0175005827614,-0.114318257413,-0.0278934964589,-0.0926782043695,0.102498043293,1.01605922307,-0.1869447567,0.0107348926034,0.293178587048,-0.0227358796572,-0.110102009287,-0.0309361359793,-0.083438460467,0.105279796116,1.01638288832,-0.185239018978,0.00957940787357,0.291606976,-0.0194740515338,-0.128175600461,-0.0289921199218,-0.0776563621331,0.0852881906543,1.01758142435,-0.18623006281,0.00831935376348,0.287814518879,-0.0131845292091,-0.119809734829,-0.0268841805469,-0.0673695114405,0.0831804523934,1.01854167976,-0.186343470767,0.00154365378608,0.289752133925,-0.0171531973144,-0.113739315156,-0.0268277801686,-0.0762045743723,0.0912224740866,1.01724183058,-0.183297799939,0.00237629203878
