bax0,bay0,baz0,bgx0,bgy0,bgz0,gax0,gay0,gaz0,bax1,bay1,baz1,bgx1,bgy1,bgz1,gax1,gay1,gaz1,bax2,bay2,baz2,bgx2,bgy2,bgz2,gax2,gay2,gaz2,bax3,bay3,baz3,bgx3,bgy3,bgz3,gax3,gay3,gaz3,bax4,bay4,baz4,bgx4,bgy4,bgz4,gax4,gay4,gaz4
0.294477349312,-0.0200333393164,-0.116434818611,-0.0320613204115,-0.0805532734189,0.108451661936,1.01619137386,-0.185138181061,0.0143753438126,0.289288043113,-0.0234857212854,-0.120775055537,-0.0294611408012,-0.0888696168663,0.0979016161325,1.01680261607,-0.186498252728,0.0117710962488,0.29419461423,-0.0226883924428,-0.119842215647,-0.0302051977321,-0.0806365487377,0.0888244979493,1.01537338251,-0.189221950602,0.00770005861177,0.290675409686,-0.0141348324023,-0.11018010785,-0.0299838230709,-0.064632689922,0.0857026873823,1.01783562072,-0.188540774978,0.00524885058154,0.291862882489,-0.0154744060257,-0.10965156176,-0.0271090121334,-0.0802332595894,0.101991193453,1.01708169058,-0.186489270895,0.00729571916152
