bax0,bay0,baz0,bgx0,bgy0,bgz0,gax0,gay0,gaz0,bax1,bay1,baz1,bgx1,bgy1,bgz1,gax1,gay1,gaz1,bax2,bay2,baz2,bgx2,bgy2,bgz2,gax2,gay2,gaz2,bax3,bay3,baz3,bgx3,bgy3,bgz3,gax3,gay3,gaz3,bax4,bay4,baz4,bgx4,bgy4,bgz4,gax4,gay4,gaz4
0.29038321626,-0.0210154520614,-0.124491644297,-0.0242652043319,-0.0806661527886,0.098051096841,1.01640470269,-0.18330434591,0.00267941414937,0.290399911652,-0.0216840541768,-0.129693098377,-0.0287336982407,-0.0726547347813,0.0903778543919,1.01698673389,-0.183567679314,0.00507094337843,0.292083862126,-0.0158322303949,-0.114472260475,-0.0275883623308,-0.0721079371114,0.089284211,1.01644082694,-0.191074951377,0.0026551314916,0.292933552403,-0.0201661672919,-0.113464515587,-0.0219738290976,-0.0681676889549,0.0952084262689,1.01717659133,-0.186236874481,0.00109868444177,0.291850037542,-0.0159190570917,-0.100530936982,-0.0318905560655,-0.0736649918199,0.0881355421962,1.01696869746,-0.186122484853,0.00503625760375
