bax0,bay0,baz0,bgx0,bgy0,bgz0,gax0,gay0,gaz0,bax1,bay1,baz1,bgx1,bgy1,bgz1,gax1,gay1,gaz1,bax2,bay2,baz2,bgx2,bgy2,bgz2,gax2,gay2,gaz2,bax3,bay3,baz3,bgx3,bgy3,bgz3,gax3,gay3,gaz3,bax4,bay4,baz4,bgx4,bgy4,bgz4,gax4,gay4,gaz4
0.291827059234,-0.0227038829798,-0.123118712894,-0.0299890996578,-0.0759523319763,0.0912210567433,1.01628231928,-0.182125312106,0.00699708065791,0.286717093727,-0.0212834794537,-0.117163374922,-0.0287969236483,-0.0740236455568,0.0916479658855,1.01724618774,-0.185790350353,0.00415320855222,0.291240108614,-0.015604922841,-0.112358201494,-0.0265171264564,-0.0735225510031,0.0915019170814,1.01698078146,-0.187247572925,0.00143574698929,0.290541270722,-0.0172274714078,-0.110254082733,-0.0220602696402,-0.076394978435,0.0938494389502,1.01822542262,-0.186754306528,0.000579047234621,0.291915118833,-0.0134635961515,-0.109918358713,-0.0287800937208,-0.0724743977269,0.0898105805851,1.01737968459,-0.18555536053,0.00608900281338
