bax0,bay0,baz0,bgx0,bgy0,bgz0,gax0,gay0,gaz0,bax1,bay1,baz1,bgx1,bgy1,bgz1,gax1,gay1,gaz1,bax2,bay2,baz2,bgx2,bgy2,bgz2,gax2,gay2,gaz2,bax3,bay3,baz3,bgx3,bgy3,bgz3,gax3,gay3,gaz3,bax4,bay4,baz4,bgx4,bgy4,bgz4,gax4,gay4,gaz4
0.293177206362,-0.024686334813,-0.128973573766,-0.0254357230455,-0.0815777910387,0.0924604668112,1.01729005031,-0.184375452802,0.00520542281838,0.289351182235,-0.0170387263707,-0.125517946662,-0.0267140893087,-0.0799268331216,0.0922213593394,1.01681516706,-0.186169677248,0.00515691916473,0.291133365762,-0.0179826451861,-0.111531375117,-0.0280340000734,-0.0810865903677,0.0913281409969,1.01744913216,-0.183693863272,-0.00136260990079,0.290973890098,-0.0205673298956,-0.109312244141,-0.0221854099245,-0.0765908616919,0.0919599971231,1.01704829132,-0.188064470999,-0.00364527182558,0.294784908173,-0.0181256735421,-0.108765267455,-0.0263639623419,-0.0772107005804,0.0886436910752,1.01774969323,-0.187740184321,0.000258767190668
