bax0,bay0,baz0,bgx0,bgy0,bgz0,gax0,gay0,gaz0,bax1,bay1,baz1,bgx1,bgy1,bgz1,gax1,gay1,gaz1,bax2,bay2,baz2,bgx2,bgy2,bgz2,gax2,gay2,gaz2,bax3,bay3,baz3,bgx3,bgy3,bgz3,gax3,gay3,gaz3,bax4,bay4,baz4,bgx4,bgy4,bgz4,gax4,gay4,gaz4
0.292065794995,-0.0169806770957,-0.10919772841,-0.031305569273,-0.0831626021605,0.0965956086042,1.00941473665,-0.213076097677,-0.0102890181392,0.289690733845,-0.0206910372837,-0.12708198102,-0.0321440268571,-0.082847040468,0.0981057927264,1.01105404838,-0.209237982108,-0.0153290079698,0.293439271894,-0.0203913082333,-0.116990588553,-0.02987439444,-0.0804192617491,0.0884045206053,1.01146409039,-0.214133530694,-0.0211091535289,0.294707804864,-0.0144725905478,-0.114701411304,-0.0304771009614,-0.0681128039213,0.0896706259138,1.01081510382,-0.216169465156,-0.0207945207492,0.28976331789,-0.0142560704882,-0.114241740335,-0.0260913150206,-0.0760797615991,0.0931888753852,1.01192135304,-0.21160427128,-0.0166638007523
