bax0,bay0,baz0,bgx0,bgy0,bgz0,gax0,gay0,gaz0,bax1,bay1,baz1,bgx1,bgy1,bgz1,gax1,gay1,gaz1,bax2,bay2,baz2,bgx2,bgy2,bgz2,gax2,gay2,gaz2,bax3,bay3,baz3,bgx3,bgy3,bgz3,gax3,gay3,gaz3,bax4,bay4,baz4,bgx4,bgy4,bgz4,gax4,gay4,gaz4
0.280182522397,-0.0143413382973,-0.114916031071,0.00986313787685,-0.0605161435764,0.0691798129673,1.00441216709,-0.0461727271738,0.178650971122,0.288360200163,0.0153784044929,-0.0880322366972,0.158652190841,-0.0667891420511,0.0500137289108,1.00262512639,-0.0566231967048,0.175051541496,0.294050889193,-0.00666271351657,-0.11740872335,-0.0402431263139,-0.0972360171733,0.118165514524,1.00286785775,-0.0315108037341,0.190906108999,0.293324613074,-0.0380664370261,-0.12003927968,-0.0463444217268,-0.0701719495401,0.107421268927,1.00589674182,-0.0207803877044,0.186351361398,0.281211415782,-0.0354494072941,-0.114375365405,-0.0286634862946,-0.0749759994171,0.0867794065098,1.00646222328,-0.0199958371483,0.18477892737
