bax0,bay0,baz0,bgx0,bgy0,bgz0,gax0,gay0,gaz0,bax1,bay1,baz1,bgx1,bgy1,bgz1,gax1,gay1,gaz1,bax2,bay2,baz2,bgx2,bgy2,bgz2,gax2,gay2,gaz2,bax3,bay3,baz3,bgx3,bgy3,bgz3,gax3,gay3,gaz3,bax4,bay4,baz4,bgx4,bgy4,bgz4,gax4,gay4,gaz4
0.291411741666,-0.0194634103388,-0.104599754149,-0.0309505392011,-0.0762348625323,0.0904938642045,1.0106907465,-0.209586440692,-0.0188773222813,0.29040996,-0.0231192161244,-0.0982515034285,-0.0243972209437,-0.0835857999659,0.0965484925408,1.01347461629,-0.209482171246,-0.0133120484382,0.290306430102,-0.0195643206405,-0.110032562181,-0.0354856092371,-0.091479477946,0.0918370534988,1.01177653023,-0.205963578125,-0.016766290917,0.291706790392,-0.0196475666517,-0.125361715238,-0.0315194548708,-0.0842191533487,0.0962029878657,1.0115622608,-0.209595881758,-0.0123008448997,0.289356040368,-0.025265662483,-0.13678675858,-0.0292624427786,-0.089207103354,0.0969653919805,1.01128312509,-0.210579180819,-0.0219157897344
