bax0,bay0,baz0,bgx0,bgy0,bgz0,gax0,gay0,gaz0,bax1,bay1,baz1,bgx1,bgy1,bgz1,gax1,gay1,gaz1,bax2,bay2,baz2,bgx2,bgy2,bgz2,gax2,gay2,gaz2,bax3,bay3,baz3,bgx3,bgy3,bgz3,gax3,gay3,gaz3,bax4,bay4,baz4,bgx4,bgy4,bgz4,gax4,gay4,gaz4
0.294598225156,-0.0184580506291,-0.104573535277,-0.0268602543064,-0.0773293075963,0.0889056113345,1.01072003266,-0.213236297647,-0.0173056531111,0.290894773312,-0.0139441387441,-0.0984722731945,-0.025186179065,-0.079546592852,0.0910284997761,1.01240972562,-0.209420169575,-0.0154472920462,0.288310062898,-0.0149685919061,-0.108983683311,-0.0277654435657,-0.0872244203822,0.0905159579219,1.01324796545,-0.210084178921,-0.00960960952684,0.293023175113,-0.0185626596498,-0.119637470235,-0.0257180502678,-0.0867515127387,0.100287555168,1.01194415987,-0.209168612302,-0.0181777309495,0.293618637246,-0.0277035533311,-0.129678123035,-0.0275336849704,-0.0855794188051,0.100867072348,1.01259477294,-0.210155567733,-0.016003597723
