bax0,bay0,baz0,bgx0,bgy0,bgz0,gax0,gay0,gaz0,bax1,bay1,baz1,bgx1,bgy1,bgz1,gax1,gay1,gaz1,bax2,bay2,baz2,bgx2,bgy2,bgz2,gax2,gay2,gaz2,bax3,bay3,baz3,bgx3,bgy3,bgz3,gax3,gay3,gaz3,bax4,bay4,baz4,bgx4,bgy4,bgz4,gax4,gay4,gaz4
0.29082194172,-0.0207385831385,-0.135388126801,-0.0260601904763,-0.076484109129,0.0897854694857,1.01106945958,-0.214877217881,-0.0274473728393,0.292503897416,-0.0187876473744,-0.112518447559,-0.0302549021012,-0.0605599806267,0.0866197503761,1.01050855575,-0.213285477446,-0.0320468382528,0.291610583862,-0.0138868655732,-0.104580140517,-0.0277506217431,-0.0644761300996,0.0850755047156,1.01204593116,-0.216867065456,-0.0359816877808,0.290802350506,-0.0214996823498,-0.110242369783,-0.0390268375906,-0.0784389640434,0.0893252103288,1.00890401999,-0.215426906757,-0.021655471548,0.289814328385,-0.0229419658112,-0.120246308452,-0.0234996599898,-0.0692530478752,0.091684759313,1.00914702566,-0.220889163547,-0.0271277222895
