bax0,bay0,baz0,bgx0,bgy0,bgz0,gax0,gay0,gaz0,bax1,bay1,baz1,bgx1,bgy1,bgz1,gax1,gay1,gaz1,bax2,bay2,baz2,bgx2,bgy2,bgz2,gax2,gay2,gaz2,bax3,bay3,baz3,bgx3,bgy3,bgz3,gax3,gay3,gaz3,bax4,bay4,baz4,bgx4,bgy4,bgz4,gax4,gay4,gaz4
0.290501685254,-0.0249909973434,-0.120903620514,-0.0272086263325,-0.0761452047105,0.0866732131148,1.00989184093,-0.216145622855,-0.0278858600539,0.290339530668,-0.0163585813248,-0.112183881348,-0.0265422274269,-0.0625354666019,0.0775176733961,1.01074283068,-0.219794575324,-0.0287568338875,0.290036370046,-0.0125331534166,-0.103376415953,-0.027984171453,-0.0711341951203,0.0895571464288,1.00916945409,-0.21573769955,-0.0295616510988,0.290637358476,-0.0242239715362,-0.107204703647,-0.0306942813902,-0.0834430509359,0.0967176360297,1.00838936408,-0.220546659556,-0.0271283954535,0.289584318953,-0.0244135919313,-0.109928826646,-0.0175411263648,-0.0699413023336,0.0870271317382,1.00983025546,-0.220074048244,-0.0266256370689
