bax0,bay0,baz0,bgx0,bgy0,bgz0,gax0,gay0,gaz0,bax1,bay1,baz1,bgx1,bgy1,bgz1,gax1,gay1,gaz1,bax2,bay2,baz2,bgx2,bgy2,bgz2,gax2,gay2,gaz2,bax3,bay3,baz3,bgx3,bgy3,bgz3,gax3,gay3,gaz3,bax4,bay4,baz4,bgx4,bgy4,bgz4,gax4,gay4,gaz4
0.283692521002,-0.0242137711815,-0.151007226402,-0.0612464547985,-0.0653912835241,0.0796699951978,1.01603994251,-0.189334941088,-0.026773231327,0.288444258799,-0.0156355484263,-0.122794981543,-0.0522633828915,-0.0643472759173,0.0790930460755,1.01345159264,-0.199824284271,-0.0383361737617,0.289608939527,-0.00477021865161,-0.0929607513512,-0.043098552238,-0.0699468623889,0.0873229979426,1.0137921716,-0.190087028894,-0.0401008836881,0.297009495276,-0.00324420047092,-0.0907503874261,-0.0355165673253,-0.0737637783703,0.0894744427367,1.01653625401,-0.19929982613,-0.0385224186726,0.298184671243,-0.0105340307611,-0.105194061551,-0.0300435738096,-0.0690800880347,0.0839893072366,1.01633011008,-0.18498552892,-0.0309952156815
