bax0,bay0,baz0,bgx0,bgy0,bgz0,gax0,gay0,gaz0,bax1,bay1,baz1,bgx1,bgy1,bgz1,gax1,gay1,gaz1,bax2,bay2,baz2,bgx2,bgy2,bgz2,gax2,gay2,gaz2,bax3,bay3,baz3,bgx3,bgy3,bgz3,gax3,gay3,gaz3,bax4,bay4,baz4,bgx4,bgy4,bgz4,gax4,gay4,gaz4
0.288863138324,-0.0363688813034,-0.151957675718,-0.069694315508,-0.0488498549664,0.0783902744831,1.01402339547,-0.189101576351,-0.0292011471239,0.29001297088,-0.0180141616253,-0.107050071966,-0.0430733048303,-0.0695947768942,0.0822252451667,1.01481354937,-0.201525232195,-0.0413783761764,0.292637337659,-0.0125254443255,-0.104625748753,-0.0136850995693,-0.0769726417926,0.0866868477468,1.01506970859,-0.198945627961,-0.0420476774309,0.294166902848,-0.00487021864528,-0.109857512482,-0.0261657777053,-0.0749163186123,0.0856387727993,1.01609945077,-0.188902891305,-0.0349767399056,0.293591191764,-0.0219707194536,-0.104379608875,-0.0340018099744,-0.0773259059241,0.084812291282,1.01801040412,-0.184680853144,-0.0365567966334
