bax0,bay0,baz0,bgx0,bgy0,bgz0,gax0,gay0,gaz0,bax1,bay1,baz1,bgx1,bgy1,bgz1,gax1,gay1,gaz1,bax2,bay2,baz2,bgx2,bgy2,bgz2,gax2,gay2,gaz2,bax3,bay3,baz3,bgx3,bgy3,bgz3,gax3,gay3,gaz3,bax4,bay4,baz4,bgx4,bgy4,bgz4,gax4,gay4,gaz4
0.295046231368,-0.0127667630575,-0.101491306368,-0.0276880497181,-0.079273089144,0.0990331283533,1.01455333504,-0.178661802795,-0.0337803706448,0.293640960742,-0.0216499791888,-0.115777728786,-0.0241082141284,-0.0835378877758,0.104539637417,1.01820836635,-0.175413230842,-0.0221941714537,0.288926206787,-0.020534569531,-0.114312317473,-0.0305902997309,-0.0865347654582,0.0853465662271,1.0188307845,-0.177098203416,-0.0158663916153,0.287709736395,-0.018399415481,-0.109200241079,-0.0297828264764,-0.0858291318726,0.0877001571576,1.01918903163,-0.173388690758,-0.0201713721268,0.285918448836,-0.0158383308242,-0.109285049783,-0.0280533976979,-0.0833522748693,0.0887931490113,1.01813534368,-0.176893515502,-0.0180525463594
