bax0,bay0,baz0,bgx0,bgy0,bgz0,gax0,gay0,gaz0,bax1,bay1,baz1,bgx1,bgy1,bgz1,gax1,gay1,gaz1,bax2,bay2,baz2,bgx2,bgy2,bgz2,gax2,gay2,gaz2,bax3,bay3,baz3,bgx3,bgy3,bgz3,gax3,gay3,gaz3,bax4,bay4,baz4,bgx4,bgy4,bgz4,gax4,gay4,gaz4
0.295798237551,-0.0126785625059,-0.101171060324,-0.0273973793087,-0.0807081850944,0.0989936597181,1.01637338441,-0.180358950953,-0.0262772591968,0.293348297239,-0.0215276187842,-0.110015883546,-0.0241834828165,-0.0805491699166,0.106977480514,1.01786583928,-0.176052905527,-0.0203974436181,0.290718930534,-0.0222702770153,-0.114724723344,-0.0289970793731,-0.087985097158,0.0937405473034,1.01857984904,-0.179656721679,-0.0209799702763,0.284803070305,-0.0173235801689,-0.113996023987,-0.0266804121303,-0.0825054117414,0.0952848038761,1.01713761751,-0.17788705155,-0.0188245448194,0.291191275886,-0.0220999555569,-0.117029686065,-0.0295534332889,-0.0778371775711,0.0955642226073,1.01738141927,-0.17524748431,-0.0175451861789
