bax0,bay0,baz0,bgx0,bgy0,bgz0,gax0,gay0,gaz0,bax1,bay1,baz1,bgx1,bgy1,bgz1,gax1,gay1,gaz1,bax2,bay2,baz2,bgx2,bgy2,bgz2,gax2,gay2,gaz2,bax3,bay3,baz3,bgx3,bgy3,bgz3,gax3,gay3,gaz3,bax4,bay4,baz4,bgx4,bgy4,bgz4,gax4,gay4,gaz4
0.293214734497,-0.02376749506,-0.115513306909,-0.0327162732692,-0.0770831685054,0.100624553597,1.01883697249,-0.1753735019,-0.0181470162285,0.291315946738,-0.0140943662547,-0.114955131364,-0.0226790741013,-0.0883746527177,0.0976922214373,1.0197333704,-0.180050520356,-0.0165758689744,0.279295848855,-0.0443909952716,-0.134935237594,-0.0191320270374,-0.090132704076,0.109810892456,1.01657363574,-0.186730404598,-0.0194345959176,0.283240215106,-0.0345621290784,-0.140667346267,-0.0247566275854,-0.0748941531857,0.0924176266933,1.01590772921,-0.188317280844,-0.0312972634716,0.293177819465,-0.0266118687597,-0.122849295956,-0.0277259889752,-0.0716220999501,0.0866575493996,1.01244140469,-0.200064514606,-0.0307248808649
