bax0,bay0,baz0,bgx0,bgy0,bgz0,gax0,gay0,gaz0,bax1,bay1,baz1,bgx1,bgy1,bgz1,gax1,gay1,gaz1,bax2,bay2,baz2,bgx2,bgy2,bgz2,gax2,gay2,gaz2,bax3,bay3,baz3,bgx3,bgy3,bgz3,gax3,gay3,gaz3,bax4,bay4,baz4,bgx4,bgy4,bgz4,gax4,gay4,gaz4
0.289163189074,-0.0133766875903,-0.126664765214,-0.0396140392917,-0.0493928374031,0.067298863218,1.00260894032,-0.264521937323,0.0236885573673,0.299682031446,0.00628264020751,-0.0937609334137,-0.0150496627877,-0.0575107824067,0.0662548579197,0.996180190454,-0.257786380104,0.0220238868047,0.295918043423,-0.0101613937912,-0.0925627374115,-0.00404862639587,-0.0780004421622,0.109802938135,1.00170385453,-0.25118520828,0.0276349872156,0.292251565364,-0.0208550889882,-0.108158828833,-0.0397604251034,-0.0732086982397,0.0819185115521,1.00262075935,-0.252484686838,0.0335304005169,0.290774368602,-0.00491396676362,-0.132059109527,-0.0355876452646,-0.0861266729874,0.0970299409499,1.00312366831,-0.243993971992,0.0432382971385
