bax0,bay0,baz0,bgx0,bgy0,bgz0,gax0,gay0,gaz0,bax1,bay1,baz1,bgx1,bgy1,bgz1,gax1,gay1,gaz1,bax2,bay2,baz2,bgx2,bgy2,bgz2,gax2,gay2,gaz2,bax3,bay3,baz3,bgx3,bgy3,bgz3,gax3,gay3,gaz3,bax4,bay4,baz4,bgx4,bgy4,bgz4,gax4,gay4,gaz4
0.295211141235,-0.0155431027282,-0.126487044191,-0.0363973997985,-0.0881599221968,0.0942706186552,1.02220885636,-0.0841163389689,0.0952728492249,0.289565192315,-0.0246128379186,-0.123073689962,-0.0390848355419,-0.0715241289158,0.109568602714,1.02118148995,-0.0735249050032,0.084345495797,0.285541453166,-0.0322685416319,-0.117292073436,-0.0390338242782,-0.0828906831091,0.100647893914,1.02367487031,-0.0749218067476,0.0883133959749,0.287350486939,-0.0294309145076,-0.1239101201,-0.0302617169069,-0.0765523674626,0.0895029814233,1.02309940857,-0.0855957578422,0.0777468862675,0.294342543834,-0.0250811610308,-0.125035046385,-0.0281954818865,-0.074187089002,0.0848783839103,1.02186978397,-0.0887393005575,0.0730169385581
