bax0,bay0,baz0,bgx0,bgy0,bgz0,gax0,gay0,gaz0,bax1,bay1,baz1,bgx1,bgy1,bgz1,gax1,gay1,gaz1,bax2,bay2,baz2,bgx2,bgy2,bgz2,gax2,gay2,gaz2,bax3,bay3,baz3,bgx3,bgy3,bgz3,gax3,gay3,gaz3,bax4,bay4,baz4,bgx4,bgy4,bgz4,gax4,gay4,gaz4
0.293147382738,-0.0295809744266,-0.128026083684,0.00294879684867,-0.0874016774683,0.118779981071,1.00388904022,-0.24134985279,0.0310595776392,0.286723732249,-0.0237648951149,-0.117593754297,-0.0295476972817,-0.0854032056369,0.104993362294,1.00845292053,-0.240350617397,0.0321602748555,0.286211149194,-0.0221202983575,-0.115615135053,-0.0357744652393,-0.0725286109756,0.0912580887112,1.00074172383,-0.244358953767,0.0240429012796,0.291530442197,-0.0217764364109,-0.116423978983,-0.0192453176206,-0.0674703552053,0.0734272456894,0.999903719541,-0.252997006879,0.0254797451221,0.301926507848,-0.0169887508742,-0.109722788789,-0.0235488300344,-0.0721192595148,0.0831214552022,1.00324455705,-0.250108614534,0.0253818130003
