bax0,bay0,baz0,bgx0,bgy0,bgz0,gax0,gay0,gaz0,bax1,bay1,baz1,bgx1,bgy1,bgz1,gax1,gay1,gaz1,bax2,bay2,baz2,bgx2,bgy2,bgz2,gax2,gay2,gaz2,bax3,bay3,baz3,bgx3,bgy3,bgz3,gax3,gay3,gaz3,bax4,bay4,baz4,bgx4,bgy4,bgz4,gax4,gay4,gaz4
0.287529170217,-0.0282602846965,-0.0868236528783,-0.0131171375731,-0.0873258969449,0.0948997891427,0.997072206418,-0.268655474069,-0.0523265961613,0.29021022398,-0.0180311663746,-0.0977582462451,-0.0398200922384,-0.0931342940562,0.0849571187842,0.990944011613,-0.271274949475,-0.0540935197598,0.292870480698,-0.00301432277304,-0.0939049813083,-0.0561367951692,-0.0678194270294,0.0770591480868,0.990761892489,-0.276974361705,-0.0431613382666,0.2923022091,-0.00506968166543,-0.140066105379,-0.0399804138424,-0.0888813318263,0.0847399818849,0.996845858098,-0.275219315559,-0.0478179471803,0.302729880028,-0.00623695466274,-0.132178185057,-0.0329318200781,-0.0932901544203,0.0872009898373,0.997708169985,-0.263670743504,-0.0470774124059
