bax0,bay0,baz0,bgx0,bgy0,bgz0,gax0,gay0,gaz0,bax1,bay1,baz1,bgx1,bgy1,bgz1,gax1,gay1,gaz1,bax2,bay2,baz2,bgx2,bgy2,bgz2,gax2,gay2,gaz2,bax3,bay3,baz3,bgx3,bgy3,bgz3,gax3,gay3,gaz3,bax4,bay4,baz4,bgx4,bgy4,bgz4,gax4,gay4,gaz4
0.261586172017,-0.0388560934067,-0.0636753469851,0.0211729632639,-0.103645357385,0.0893384555532,0.989141252454,-0.262964393075,-0.0468208800161,0.291428340168,-0.00450428800959,-0.104134088118,0.036422192344,-0.108165540151,0.0530910034893,0.998948157207,-0.268613077528,-0.0373871730733,0.301547315414,0.0218222813728,-0.14831659093,-0.0491074047207,-0.044911209974,0.124631095132,1.00035284698,-0.268476127653,-0.0419120464382,0.273453467161,-0.0497388834048,-0.0708524971437,-0.0617751167364,-0.0442013798122,0.154658190538,1.00501953198,-0.245850356906,-0.052098346808,0.28780463399,-0.0206678756979,-0.0846557255786,-0.0578960736645,-0.0796855623062,0.090207603153,0.999545469914,-0.247830610199,-0.027146516261
