bax0,bay0,baz0,bgx0,bgy0,bgz0,gax0,gay0,gaz0,bax1,bay1,baz1,bgx1,bgy1,bgz1,gax1,gay1,gaz1,bax2,bay2,baz2,bgx2,bgy2,bgz2,gax2,gay2,gaz2,bax3,bay3,baz3,bgx3,bgy3,bgz3,gax3,gay3,gaz3,bax4,bay4,baz4,bgx4,bgy4,bgz4,gax4,gay4,gaz4
0.289955428499,-0.0140947153928,-0.0797700195273,-0.0301480012426,-0.0752312065574,0.0412621616137,1.0015279937,-0.250821084023,-0.0167285911861,0.288740623231,-0.0218170606693,-0.129257183387,-0.0168609424794,-0.0781358585488,0.10097995661,1.00486643723,-0.246499885629,-0.013098865293,0.272369478273,-0.0225547027207,-0.140788864336,-0.0440478070524,-0.0715010421115,0.103179837413,1.00292504426,-0.241239616587,-0.0198776543058,0.307310354788,0.00924065498022,-0.0856959285523,0.000622680412342,-0.0732453638158,0.0353108919095,0.997162066909,-0.252726626895,-0.027204940847,0.333377170034,0.0916749762408,-0.046657106954,-0.0226317028,-0.029942770987,0.0404258479624,1.00086223109,-0.24272923909,-0.0107119462346
