bax0,bay0,baz0,bgx0,bgy0,bgz0,gax0,gay0,gaz0,bax1,bay1,baz1,bgx1,bgy1,bgz1,gax1,gay1,gaz1,bax2,bay2,baz2,bgx2,bgy2,bgz2,gax2,gay2,gaz2,bax3,bay3,baz3,bgx3,bgy3,bgz3,gax3,gay3,gaz3,bax4,bay4,baz4,bgx4,bgy4,bgz4,gax4,gay4,gaz4
0.305355326594,0.00332038014513,-0.102403148381,-0.0138105779017,-0.0839013646257,0.0296231723627,1.00191688177,-0.257628577424,-0.0150097638284,0.277676998723,-0.0387435854507,-0.122181679237,-0.0314642967043,-0.0882462591773,0.0949031358135,1.0062121515,-0.244758762413,-0.0121362386414,0.28081721538,-0.0437776892286,-0.143764035964,-0.0464890586924,-0.0729831783625,0.106505841905,1.004414627,-0.241641399642,-0.0125311417893,0.296770322792,0.0105318736861,-0.0994625631749,0.000119084855871,-0.0547471784381,0.0326285432024,0.998598450155,-0.258390606132,-0.0266518414093,0.333058056269,0.0985238118592,-0.0534526811425,-0.0249022973104,-0.0310569673155,0.0290048916394,1.00295272256,-0.241724281228,-0.0222592605651
