bax0,bay0,baz0,bgx0,bgy0,bgz0,gax0,gay0,gaz0,bax1,bay1,baz1,bgx1,bgy1,bgz1,gax1,gay1,gaz1,bax2,bay2,baz2,bgx2,bgy2,bgz2,gax2,gay2,gaz2,bax3,bay3,baz3,bgx3,bgy3,bgz3,gax3,gay3,gaz3,bax4,bay4,baz4,bgx4,bgy4,bgz4,gax4,gay4,gaz4
0.282326244749,-0.0117966025128,-0.0523402496831,-0.0909239332731,-0.0455190915437,0.142212508471,1.014032516,-0.207528741619,0.00523021266677,0.260064169283,-0.11560117393,-0.0919922405771,0.0107075088685,-0.176591190211,0.194273477035,1.01043081295,-0.209018642258,0.0601922972719,0.298872499334,-0.00676519299561,-0.161773108186,-0.0201662563574,-0.168772999909,0.0522442755308,1.00143675938,-0.244096329264,0.0407179991566,0.292345790694,-0.0636534748769,-0.0557196098172,0.0420035903411,-0.0413604992317,0.127697059144,0.996829770283,-0.248925673122,-0.0848009574787,0.295574636157,-0.0180636491263,-0.0915908811272,0.0526828175556,-0.124682766702,0.105034428026,0.989127733275,-0.263974408464,-0.0537238992966
