bax0,bay0,baz0,bgx0,bgy0,bgz0,gax0,gay0,gaz0,bax1,bay1,baz1,bgx1,bgy1,bgz1,gax1,gay1,gaz1,bax2,bay2,baz2,bgx2,bgy2,bgz2,gax2,gay2,gaz2,bax3,bay3,baz3,bgx3,bgy3,bgz3,gax3,gay3,gaz3,bax4,bay4,baz4,bgx4,bgy4,bgz4,gax4,gay4,gaz4
0.294474517395,-0.0317544142239,-0.0864971988157,0.0324983457755,-0.157590943089,0.0769460679454,0.98941495387,-0.274198026783,-0.0711802691341,0.299379706378,-0.00550261125355,-0.142304405591,-0.0174081696593,-0.0891348972376,0.067079566818,0.988347294583,-0.279952650467,-0.0596456452075,0.293993121528,-0.0028174461951,-0.10680831067,-0.0504145171733,-0.0650096978604,0.0845261372352,0.99351357409,-0.277658544314,-0.0645983364733,0.283887231294,0.00803072252416,-0.180477025943,-0.039107726726,-0.156790008088,0.0574450556842,0.992774870833,-0.270957087704,-0.0629423944692,0.287619977086,-0.00887453969298,-0.140425086071,0.00371736093986,-0.0778979681616,0.0861629275565,0.995093391618,-0.256283791129,-0.0810219345134
