bax0,bay0,baz0,bgx0,bgy0,bgz0,gax0,gay0,gaz0,bax1,bay1,baz1,bgx1,bgy1,bgz1,gax1,gay1,gaz1,bax2,bay2,baz2,bgx2,bgy2,bgz2,gax2,gay2,gaz2,bax3,bay3,baz3,bgx3,bgy3,bgz3,gax3,gay3,gaz3,bax4,bay4,baz4,bgx4,bgy4,bgz4,gax4,gay4,gaz4
0.295527478525,-0.0255272508769,-0.0618640646981,-0.0696775978977,0.0305652869129,0.132477135841,0.995062026055,-0.246264114949,-0.090430776903,0.29104638387,-0.0241739020989,-0.0965326031945,-0.0857665904211,-0.0661505776281,0.102359006928,0.993026378999,-0.256818891943,-0.0777661194019,0.288669302094,-0.0254103440759,-0.115628156407,0.0158817602107,-0.078938762233,0.0956139050664,0.995913110554,-0.257544217503,-0.0771077740148,0.291296282174,-0.0219310962006,-0.114591543927,-0.0303726450373,-0.0720725396471,0.0885937797992,0.993606368919,-0.261548752084,-0.0827781238554,0.291027299328,-0.0187210195563,-0.113909179197,-0.017537325898,-0.0675356353353,0.0760101465898,0.99397265616,-0.262187326825,-0.0786625732587
