bax0,bay0,baz0,bgx0,bgy0,bgz0,gax0,gay0,gaz0,bax1,bay1,baz1,bgx1,bgy1,bgz1,gax1,gay1,gaz1,bax2,bay2,baz2,bgx2,bgy2,bgz2,gax2,gay2,gaz2,bax3,bay3,baz3,bgx3,bgy3,bgz3,gax3,gay3,gaz3,bax4,bay4,baz4,bgx4,bgy4,bgz4,gax4,gay4,gaz4
0.296777341271,-0.0266095256658,-0.0696816939893,-0.0497543623558,0.0118886799865,0.118828703425,0.991433708698,-0.250144342941,-0.0970629339965,0.294111174015,-0.0312032018913,-0.0842109668101,-0.0919207505333,-0.0604731892527,0.0937901061283,0.99279671099,-0.254345259186,-0.0805504105656,0.291306819146,-0.0251965875255,-0.116975761073,0.0143595751989,-0.0881127557547,0.0871035549132,0.995878158848,-0.271650934026,-0.0816368221958,0.295057778954,-0.0119650701828,-0.115087181871,-0.0274492821683,-0.0755409604748,0.0814159508924,0.995582929083,-0.269375568448,-0.0796337583976,0.295708123489,-0.0146410166739,-0.12833129481,-0.0398800762222,-0.0728273101754,0.0916417394789,0.997149812362,-0.259576747925,-0.0792557310055
