bax0,bay0,baz0,bgx0,bgy0,bgz0,gax0,gay0,gaz0,bax1,bay1,baz1,bgx1,bgy1,bgz1,gax1,gay1,gaz1,bax2,bay2,baz2,bgx2,bgy2,bgz2,gax2,gay2,gaz2,bax3,bay3,baz3,bgx3,bgy3,bgz3,gax3,gay3,gaz3,bax4,bay4,baz4,bgx4,bgy4,bgz4,gax4,gay4,gaz4
0.285127283525,-0.0166266285811,-0.111812942358,-0.0148999619864,-0.0857848931785,0.0869567445239,0.992434952,-0.261426022367,-0.0937132764803,0.281862954641,-0.0290527188645,-0.144052215792,-0.0207555289129,-0.0910419388254,0.0986666674365,0.994688601692,-0.25837032469,-0.0862125860715,0.276892472982,-0.020473469774,-0.126117669373,-0.0567038881078,-0.0487465607036,0.0855226421621,0.991116380952,-0.264101903234,-0.0913654174505,0.298019425031,0.000978425524583,-0.0997470318562,-0.0482781860538,-0.0599752835611,0.0914805088631,0.991863109731,-0.266037047461,-0.0977784614645,0.260366097342,-0.0398332734085,-0.130993610533,-0.0391676523202,0.0118201444013,0.11056105768,0.994988853699,-0.255197642924,-0.0947293068103
