bax0,bay0,baz0,bgx0,bgy0,bgz0,gax0,gay0,gaz0,bax1,bay1,baz1,bgx1,bgy1,bgz1,gax1,gay1,gaz1,bax2,bay2,baz2,bgx2,bgy2,bgz2,gax2,gay2,gaz2,bax3,bay3,baz3,bgx3,bgy3,bgz3,gax3,gay3,gaz3,bax4,bay4,baz4,bgx4,bgy4,bgz4,gax4,gay4,gaz4
0.293298229022,-0.0115217707409,-0.132277836887,-0.0324314119078,-0.0803517129256,0.108670022502,1.02096269622,-0.079269766463,0.0841696406714,0.292344682328,-0.016380813807,-0.119085860964,-0.0386652802137,-0.0790091288817,0.108900344485,1.02263300877,-0.0714625384283,0.0862192594874,0.290077389013,-0.0367281637661,-0.111784449631,-0.0396376785973,-0.0798147166208,0.0963640844991,1.02305407543,-0.0858486216699,0.0859310039077,0.293597194978,-0.0298190791615,-0.120944499943,-0.0340249492733,-0.0813379507842,0.0876704523557,1.02178505703,-0.0834127129829,0.0866931397797,0.292524772773,-0.0314910095441,-0.116378231313,-0.0312532411037,-0.0745467783089,0.0856199265504,1.02225093349,-0.092265326767,0.0821646179363
