bax0,bay0,baz0,bgx0,bgy0,bgz0,gax0,gay0,gaz0,bax1,bay1,baz1,bgx1,bgy1,bgz1,gax1,gay1,gaz1,bax2,bay2,baz2,bgx2,bgy2,bgz2,gax2,gay2,gaz2,bax3,bay3,baz3,bgx3,bgy3,bgz3,gax3,gay3,gaz3,bax4,bay4,baz4,bgx4,bgy4,bgz4,gax4,gay4,gaz4
0.28480864904,-0.024986120647,-0.117258997085,-0.0499786200825,-0.0492434651583,0.124217342451,0.990239735419,-0.276728297368,-0.0996007429785,0.298702123544,-0.0167955518787,-0.0894627410232,-0.0309502576479,-0.0911500346656,0.116835963368,0.988829839517,-0.279558063469,-0.101976713519,0.289375138738,-0.0153143949396,-0.112686165637,-0.082593268035,-0.0670401229973,0.0951583664105,0.990919807646,-0.277580000655,-0.0863847263421,0.294468859844,-0.0158218337628,-0.120931307262,-0.0542209570155,-0.0727528322315,0.107349203014,0.989867068696,-0.27918165467,-0.0886740044433,0.287300776169,-0.0260133153065,-0.115663298052,-0.0358864843392,-0.0856902073587,0.102377773872,0.988710874603,-0.27669538575,-0.0945539381965
