bax0,bay0,baz0,bgx0,bgy0,bgz0,gax0,gay0,gaz0,bax1,bay1,baz1,bgx1,bgy1,bgz1,gax1,gay1,gaz1,bax2,bay2,baz2,bgx2,bgy2,bgz2,gax2,gay2,gaz2,bax3,bay3,baz3,bgx3,bgy3,bgz3,gax3,gay3,gaz3,bax4,bay4,baz4,bgx4,bgy4,bgz4,gax4,gay4,gaz4
0.296016597166,-0.021119118596,-0.108918021186,-0.0165443245028,-0.0772476753958,0.0895067829102,0.98414068067,-0.283930462033,-0.0919332046934,0.294202378417,-0.0152884576971,-0.0935378884409,-0.0196341511121,-0.0787849957134,0.0867281539086,0.985248641055,-0.281827259866,-0.0917937741485,0.29198065955,-0.0153264892844,-0.11739305184,-0.0808299628692,-0.0735377582314,0.0947418881441,0.990216674994,-0.285088344991,-0.0864318051905,0.294174458942,-0.0148207431313,-0.134738247485,-0.0720938468391,-0.0623686558175,0.104048889045,0.990547326395,-0.28111257276,-0.0903756068096,0.292860026465,-0.0113012638544,-0.132970133714,-0.00235649237133,-0.0796310450634,0.0857056503658,0.985712241936,-0.276047469865,-0.100103165327
