bax0,bay0,baz0,bgx0,bgy0,bgz0,gax0,gay0,gaz0,bax1,bay1,baz1,bgx1,bgy1,bgz1,gax1,gay1,gaz1,bax2,bay2,baz2,bgx2,bgy2,bgz2,gax2,gay2,gaz2,bax3,bay3,baz3,bgx3,bgy3,bgz3,gax3,gay3,gaz3,bax4,bay4,baz4,bgx4,bgy4,bgz4,gax4,gay4,gaz4
0.291503097592,-0.0333676267665,-0.0814384292985,-0.0323765207397,-0.104144427269,0.104463564621,1.02110020247,0.0191261037453,0.0688318557473,0.291308877229,-0.0181283320317,-0.0979954867841,-0.033366323742,-0.125970120333,0.0622537357494,1.02073266148,0.0168738404991,0.0807551765796,0.290870443678,-0.00494761121127,-0.110557184571,-0.0485732202624,-0.112358645336,0.0712795074106,1.02119353962,0.0146116361283,0.0804040712085,0.289284398113,-0.014149974666,-0.108079651712,-0.03005697822,-0.0873288561513,0.0719603582754,1.02260623922,0.0158868947553,0.0789739234849,0.293387109941,-0.0134206327454,-0.116292356882,-0.0386444324083,-0.0855210978889,0.0791277547496,1.02093848278,0.0157168271012,0.084274954969
