bax0,bay0,baz0,bgx0,bgy0,bgz0,gax0,gay0,gaz0,bax1,bay1,baz1,bgx1,bgy1,bgz1,gax1,gay1,gaz1,bax2,bay2,baz2,bgx2,bgy2,bgz2,gax2,gay2,gaz2,bax3,bay3,baz3,bgx3,bgy3,bgz3,gax3,gay3,gaz3,bax4,bay4,baz4,bgx4,bgy4,bgz4,gax4,gay4,gaz4
0.290641258163,-0.0137865763944,-0.115484068133,-0.0276028942285,-0.0791930253397,0.09284667751,1.02235305502,0.019311799365,0.0852383947419,0.28912265235,-0.0178484738677,-0.112855378767,-0.029644586375,-0.0770177663496,0.0954912724826,1.02008517624,0.02091979169,0.0850504002,0.290295920168,-0.0144166615438,-0.11015417227,-0.0307545309428,-0.0762533170692,0.0916685140333,1.01898703875,0.0226933523607,0.0834081723924,0.291045747344,-0.0119967790455,-0.109449442716,-0.0238118287991,-0.0729790713864,0.083879740175,1.01954279004,0.0254081354054,0.0831728966054,0.290285483678,-0.0171297342318,-0.112395867608,-0.0213059972452,-0.0753259779432,0.0983837621484,1.01948941573,0.0291285528225,0.08668826946
