bax0,bay0,baz0,bgx0,bgy0,bgz0,gax0,gay0,gaz0,bax1,bay1,baz1,bgx1,bgy1,bgz1,gax1,gay1,gaz1,bax2,bay2,baz2,bgx2,bgy2,bgz2,gax2,gay2,gaz2,bax3,bay3,baz3,bgx3,bgy3,bgz3,gax3,gay3,gaz3,bax4,bay4,baz4,bgx4,bgy4,bgz4,gax4,gay4,gaz4
0.290772113922,-0.0172799056268,-0.115976905779,-0.0242531055297,-0.0778039687243,0.0921129086231,1.02035772892,0.0233027057442,0.0815221020787,0.290273863927,-0.0143201345426,-0.110282436625,-0.0317274460732,-0.0800252034103,0.0935707918007,1.01899876763,0.0199577676424,0.0833739721988,0.288050393387,-0.0097058383252,-0.116375122702,-0.0318932970468,-0.0797905621628,0.0972366061681,1.02096016062,0.0223615702276,0.0869712804213,0.293352378047,-0.0134442368104,-0.108038226182,-0.0208657517312,-0.0735611984241,0.0867720916382,1.01639739651,0.0239069692387,0.0837839759351,0.289804480521,-0.0221671165119,-0.111095488235,-0.032553223418,-0.079375630717,0.0973556155329,1.01798977875,0.0262946110156,0.0862850123111
