bax0,bay0,baz0,bgx0,bgy0,bgz0,gax0,gay0,gaz0,bax1,bay1,baz1,bgx1,bgy1,bgz1,gax1,gay1,gaz1,bax2,bay2,baz2,bgx2,bgy2,bgz2,gax2,gay2,gaz2,bax3,bay3,baz3,bgx3,bgy3,bgz3,gax3,gay3,gaz3,bax4,bay4,baz4,bgx4,bgy4,bgz4,gax4,gay4,gaz4
0.292764869915,-0.0198110895567,-0.117672323068,-0.0257482921471,-0.0771595528813,0.107169223508,1.01970071302,0.0236889098459,0.0871905809639,0.288611886387,-0.025147305465,-0.10960631418,-0.0246425938314,-0.0713659362773,0.0829194282034,1.01946155075,0.0258748520028,0.0868231539806,0.288934108192,-0.00770197553829,-0.113763653074,-0.0256757571875,-0.0709275773979,0.0843508932187,1.0190779254,0.0277072408804,0.0839633215663,0.286971937192,-0.0169894250159,-0.112537211212,-0.0461645484055,-0.0954551404967,0.100625622046,1.0187938579,0.0327938105993,0.0875351996824,0.298069025926,-0.029005177348,-0.130788304493,-0.0343931071122,-0.0938542746059,0.107079049373,1.01990701658,0.0301488909454,0.085916066313
