bax0,bay0,baz0,bgx0,bgy0,bgz0,gax0,gay0,gaz0,bax1,bay1,baz1,bgx1,bgy1,bgz1,gax1,gay1,gaz1,bax2,bay2,baz2,bgx2,bgy2,bgz2,gax2,gay2,gaz2,bax3,bay3,baz3,bgx3,bgy3,bgz3,gax3,gay3,gaz3,bax4,bay4,baz4,bgx4,bgy4,bgz4,gax4,gay4,gaz4
0.293427900415,-0.0231159219163,-0.119113527245,-0.031702571128,-0.0809629729033,0.0989107673608,1.02499243472,-0.0214772658022,0.0514599837129,0.296954379994,-0.0251872371425,-0.119137724236,-0.0329050251483,-0.0839620362941,0.0985124109173,1.02675700883,-0.024591168603,0.0483129465239,0.291872813231,-0.0203982374781,-0.117942359168,-0.0293018388748,-0.0859075147509,0.0966178768602,1.02874133275,-0.0322724164546,0.0470155695435,0.29160151491,-0.0196935784074,-0.103736150387,-0.02923595015,-0.0775085933659,0.0872837822425,1.02422556296,-0.0281118068373,0.0460561666174,0.292345642808,-0.0170815885009,-0.0981986742658,-0.0282729778359,-0.0842537917548,0.0949034453088,1.02673499668,-0.0352491818093,0.0503881427614
