bax0,bay0,baz0,bgx0,bgy0,bgz0,gax0,gay0,gaz0,bax1,bay1,baz1,bgx1,bgy1,bgz1,gax1,gay1,gaz1,bax2,bay2,baz2,bgx2,bgy2,bgz2,gax2,gay2,gaz2,bax3,bay3,baz3,bgx3,bgy3,bgz3,gax3,gay3,gaz3,bax4,bay4,baz4,bgx4,bgy4,bgz4,gax4,gay4,gaz4
0.289113344026,-0.0191434875039,-0.114074447606,-0.0305114541973,-0.0806354909746,0.0790425898507,1.02398712734,-0.0313089530372,0.052982461947,0.294111076007,-0.0206516118659,-0.107928302529,-0.0320337660842,-0.0772872720633,0.0806252403237,1.02529649036,-0.0312747594589,0.0515665211843,0.293303575396,-0.0166796013176,-0.10639860325,-0.031481375784,-0.0854079312509,0.0962411537634,1.0253405446,-0.0245634050156,0.0599127169996,0.292523152604,-0.0176550127708,-0.106968782114,-0.0317436547869,-0.0820173971466,0.091921391052,1.02547769656,-0.0282888791683,0.0576481284502,0.29639538201,-0.0247006005869,-0.120315321531,-0.0302895674571,-0.0785568558364,0.0870133935104,1.02471830005,-0.0298993861564,0.055226503551
