bax0,bay0,baz0,bgx0,bgy0,bgz0,gax0,gay0,gaz0,bax1,bay1,baz1,bgx1,bgy1,bgz1,gax1,gay1,gaz1,bax2,bay2,baz2,bgx2,bgy2,bgz2,gax2,gay2,gaz2,bax3,bay3,baz3,bgx3,bgy3,bgz3,gax3,gay3,gaz3,bax4,bay4,baz4,bgx4,bgy4,bgz4,gax4,gay4,gaz4
0.290702809996,-0.0171638312608,-0.11277373305,-0.0307978344254,-0.0771587979178,0.0745999007974,1.0249366589,-0.0254268437046,0.0519478981056,0.293621102173,-0.0149134477713,-0.105850081823,-0.0287983937619,-0.080990990162,0.08812323442,1.02456662789,-0.0301749157642,0.0505070485017,0.290107228512,-0.0172064939103,-0.108963878722,-0.0327336543461,-0.0836743305925,0.0933156018044,1.02477541585,-0.0277461047502,0.0594116804964,0.288566842322,-0.0187264292815,-0.124186766748,-0.0326216222521,-0.0741300911557,0.0933998693756,1.02499135789,-0.0229519547825,0.0565121153381,0.29697554936,-0.0193521153615,-0.116513392601,-0.0265243630728,-0.0740607728993,0.0892552371321,1.02529650774,-0.0248264976472,0.0544619848432
