bax0,bay0,baz0,bgx0,bgy0,bgz0,gax0,gay0,gaz0,bax1,bay1,baz1,bgx1,bgy1,bgz1,gax1,gay1,gaz1,bax2,bay2,baz2,bgx2,bgy2,bgz2,gax2,gay2,gaz2,bax3,bay3,baz3,bgx3,bgy3,bgz3,gax3,gay3,gaz3,bax4,bay4,baz4,bgx4,bgy4,bgz4,gax4,gay4,gaz4
0.286460893061,-0.0114252631175,-0.103061041891,-0.0289412719536,-0.0790653968353,0.0853573634766,1.02672323086,-0.0335381175169,0.0554593156309,0.295744363126,-0.0209755296749,-0.14140433845,-0.0348728013291,-0.125673822143,0.0837820250616,1.02440305023,-0.0996836056657,0.0181016269821,0.288647851359,-0.0217215889986,-0.122723193222,-0.0292385394466,-0.0810476486805,0.0871249854193,1.02380528156,-0.0965392454456,0.0102732303024,0.293052925955,-0.0183000021079,-0.1088132069,-0.0312463063204,-0.0673693920681,0.0880324768911,1.02693217177,-0.11427308734,0.00966592691954,0.290299659783,-0.0243140004367,-0.107094399166,-0.0227609508118,-0.0862388387425,0.0853886483902,1.02306830167,-0.1034459041,0.00879371515471
