bax0,bay0,baz0,bgx0,bgy0,bgz0,gax0,gay0,gaz0,bax1,bay1,baz1,bgx1,bgy1,bgz1,gax1,gay1,gaz1,bax2,bay2,baz2,bgx2,bgy2,bgz2,gax2,gay2,gaz2,bax3,bay3,baz3,bgx3,bgy3,bgz3,gax3,gay3,gaz3,bax4,bay4,baz4,bgx4,bgy4,bgz4,gax4,gay4,gaz4
0.295650395372,-0.00664020058071,-0.133238121267,-0.0308349894675,-0.0914789139255,0.104411796281,1.02142804062,-0.0870187917296,0.0885786482791,0.292465109587,-0.0155142639145,-0.117160573002,-0.0343484683737,-0.0743278176003,0.107167569925,1.02221829471,-0.0709984965043,0.0828511124656,0.290958923155,-0.0344165100019,-0.121268111371,-0.0400536581062,-0.0763756683671,0.0894229036573,1.02108051575,-0.0779279282703,0.0838939251126,0.291540007512,-0.0263990298546,-0.124262916129,-0.0346460201671,-0.0773287639323,0.0840448039458,1.02156981884,-0.0904833774844,0.0769586278016,0.294722505236,-0.0200244351465,-0.120043788068,-0.0290371603712,-0.0734282629858,0.086602438708,1.02223198993,-0.088832584909,0.0704625841798
