bax0,bay0,baz0,bgx0,bgy0,bgz0,gax0,gay0,gaz0,bax1,bay1,baz1,bgx1,bgy1,bgz1,gax1,gay1,gaz1,bax2,bay2,baz2,bgx2,bgy2,bgz2,gax2,gay2,gaz2,bax3,bay3,baz3,bgx3,bgy3,bgz3,gax3,gay3,gaz3,bax4,bay4,baz4,bgx4,bgy4,bgz4,gax4,gay4,gaz4
0.289626763998,-0.0171055834254,-0.115055524307,-0.0263205886868,-0.0772455915323,0.0909509087883,1.02602037496,-0.109490409288,0.00384000097732,0.29060087953,-0.015835616513,-0.108886806911,-0.0273946196824,-0.0768186065929,0.0788471957174,1.023883626,-0.113666506864,0.00365916334196,0.289574654162,-0.00816838908109,-0.114029003983,-0.0317132181774,-0.0855581023742,0.0917418675117,1.0236013751,-0.11543417969,0.00570317917281,0.296216188601,-0.0168642094507,-0.114928495926,-0.030498616899,-0.0784934018901,0.0893076720946,1.02192157829,-0.107890245261,0.00408745457036,0.291266306508,-0.0137050146618,-0.110996771299,-0.0301128526918,-0.0731015600878,0.0918418481623,1.02597964622,-0.112699668508,0.00634573456441
