bax0,bay0,baz0,bgx0,bgy0,bgz0,gax0,gay0,gaz0,bax1,bay1,baz1,bgx1,bgy1,bgz1,gax1,gay1,gaz1,bax2,bay2,baz2,bgx2,bgy2,bgz2,gax2,gay2,gaz2,bax3,bay3,baz3,bgx3,bgy3,bgz3,gax3,gay3,gaz3,bax4,bay4,baz4,bgx4,bgy4,bgz4,gax4,gay4,gaz4
0.290574595329,-0.0258087517199,-0.117408763265,-0.0274919477042,-0.0745926935081,0.0849621144814,1.02535318907,-0.113224852428,0.00331347938619,0.28605224365,-0.01368188103,-0.107606225094,-0.0288022085493,-0.0719562177324,0.0774599254172,1.02496245373,-0.122652383983,0.00553581855476,0.289549622923,-0.0149905189375,-0.112518641147,-0.0313899475856,-0.0775995361156,0.0864521098186,1.02151526819,-0.107210709025,0.00621847355005,0.294097038431,-0.0189758274416,-0.117019421006,-0.0285420012418,-0.0751817014609,0.0911039564433,1.02474743624,-0.110174047991,0.00521370102695,0.290696908407,-0.022793938025,-0.113542460653,-0.0278706949811,-0.0758368423097,0.0992242815485,1.02539813536,-0.106987838017,0.00590321241915
