bax0,bay0,baz0,bgx0,bgy0,bgz0,gax0,gay0,gaz0,bax1,bay1,baz1,bgx1,bgy1,bgz1,gax1,gay1,gaz1,bax2,bay2,baz2,bgx2,bgy2,bgz2,gax2,gay2,gaz2,bax3,bay3,baz3,bgx3,bgy3,bgz3,gax3,gay3,gaz3,bax4,bay4,baz4,bgx4,bgy4,bgz4,gax4,gay4,gaz4
0.292709605228,-0.0174484224819,-0.11558750672,-0.0286568410036,-0.0720830780778,0.0753015266176,1.02538438929,-0.113931787248,0.0052359304853,0.289957220542,-0.0119039990781,-0.109823674397,-0.0280412137511,-0.0725706811584,0.0823971194604,1.02320012882,-0.117256530011,0.0018763372727,0.293581524924,-0.0155205702264,-0.112484356521,-0.0290970858161,-0.0794627482702,0.0954724406929,1.0247823355,-0.113779893733,0.00573925797001,0.289814649351,-0.022460138912,-0.113976667801,-0.0297666275691,-0.0778420571956,0.0894476303382,1.02461212352,-0.110484900187,0.0043590000346,0.292958990042,-0.0166059361195,-0.109231868521,-0.0316703363507,-0.0783854790634,0.0919606477362,1.02672090519,-0.109175417014,0.00330784114803
