bax0,bay0,baz0,bgx0,bgy0,bgz0,gax0,gay0,gaz0,bax1,bay1,baz1,bgx1,bgy1,bgz1,gax1,gay1,gaz1,bax2,bay2,baz2,bgx2,bgy2,bgz2,gax2,gay2,gaz2,bax3,bay3,baz3,bgx3,bgy3,bgz3,gax3,gay3,gaz3,bax4,bay4,baz4,bgx4,bgy4,bgz4,gax4,gay4,gaz4
0.28211799612,-0.013712394646,-0.106767684008,-0.0296807718925,-0.0830894721309,0.0849195047739,1.02302386781,-0.110000423785,0.00640897593585,0.32413579768,0.00851100751218,-0.116954576129,-0.0252629240181,-0.00887389518642,0.0292641627582,1.01387762916,-0.135208236186,0.00712624309953,0.287142387953,-0.0190523271383,-0.134034740248,-0.0332176574303,-0.0226504922319,0.07798677768,1.02788797861,-0.117500421286,0.00185909694647,0.302719771637,-0.0192568222861,-0.118261477159,-0.0233769524407,-0.0617673573595,0.0648121178361,1.02142547822,-0.128114440044,-0.00960359073321,0.308604790924,-0.00888930946544,-0.112317722255,-0.0319082938006,-0.0769073558895,0.0853815518628,1.02485648505,-0.13783431511,-0.0121256847072
