bax0,bay0,baz0,bgx0,bgy0,bgz0,gax0,gay0,gaz0,bax1,bay1,baz1,bgx1,bgy1,bgz1,gax1,gay1,gaz1,bax2,bay2,baz2,bgx2,bgy2,bgz2,gax2,gay2,gaz2,bax3,bay3,baz3,bgx3,bgy3,bgz3,gax3,gay3,gaz3,bax4,bay4,baz4,bgx4,bgy4,bgz4,gax4,gay4,gaz4
0.297443166913,-0.017091574571,-0.120184616304,-0.0295985230735,-0.0873610449564,0.088157337794,1.03004239313,-0.11220209791,0.0091006898094,0.32443304423,0.00395825555993,-0.115901359382,-0.0202242087262,0.000528409626686,0.0128676484192,1.01274716433,-0.129900762401,0.00484187082607,0.289188313359,-0.0368312569694,-0.139421187594,-0.0295322015719,-0.0289975185186,0.0601220736597,1.02644391306,-0.118065319647,0.00107537730068,0.287472838092,-0.0143952295408,-0.119033734566,-0.0303672134264,-0.0535069238926,0.0822969215344,1.02563225499,-0.133621512832,-0.00625139729122,0.276346286428,-0.0200535072007,-0.106665041471,-0.0340779828094,-0.0585266876404,0.10468363971,1.02524292505,-0.129281340701,-0.0165749466431
