bax0,bay0,baz0,bgx0,bgy0,bgz0,gax0,gay0,gaz0,bax1,bay1,baz1,bgx1,bgy1,bgz1,gax1,gay1,gaz1,bax2,bay2,baz2,bgx2,bgy2,bgz2,gax2,gay2,gaz2,bax3,bay3,baz3,bgx3,bgy3,bgz3,gax3,gay3,gaz3,bax4,bay4,baz4,bgx4,bgy4,bgz4,gax4,gay4,gaz4
0.28908698578,-0.0139401540321,-0.101472134781,-0.0204038251908,-0.0851065596318,0.10026496331,1.02851137675,-0.109795034363,0.00530303470609,0.322673485074,0.00741958243407,-0.118111892574,-0.0205158984152,-0.00405081144086,0.00300614626015,1.01582315339,-0.134990276288,0.00356185165047,0.288642661474,-0.029315599587,-0.139336693125,-0.0284170346985,-0.0101002829894,0.0912711680367,1.02474685909,-0.122531597812,-0.00167020713654,0.282362563282,-0.0156967661025,-0.126664457591,-0.0365535654987,-0.0536456907917,0.0673301111829,1.02164930012,-0.127180056899,-0.00644966444537,0.292303394658,-0.0118328842008,-0.118157457231,-0.0346635177132,-0.0682519973128,0.0880382387612,1.01713753931,-0.130189556721,-0.00933842929882
