bax0,bay0,baz0,bgx0,bgy0,bgz0,gax0,gay0,gaz0,bax1,bay1,baz1,bgx1,bgy1,bgz1,gax1,gay1,gaz1,bax2,bay2,baz2,bgx2,bgy2,bgz2,gax2,gay2,gaz2,bax3,bay3,baz3,bgx3,bgy3,bgz3,gax3,gay3,gaz3,bax4,bay4,baz4,bgx4,bgy4,bgz4,gax4,gay4,gaz4
0.288976704536,-0.0154160704518,-0.124622899079,-0.0267679221073,-0.0874183586439,0.101344919639,1.02450538531,-0.12585751366,-0.0136235590118,0.291873666139,-0.0188215655765,-0.108796545816,-0.0131581947649,-0.0802538447574,0.0894991300915,1.02073453145,-0.123725820076,-0.00501242532891,0.29139103558,-0.0179944039283,-0.0915460210379,-0.0147013896718,-0.068558276119,0.0676683385115,1.02457927799,-0.12603297626,-0.00688474640134,0.296094650301,-0.00677191105253,-0.0988024604709,-0.0276777189187,-0.0844835235686,0.0925191982653,1.02305851288,-0.122980933107,-0.00338127840123,0.299029039617,-0.024981174242,-0.113288049964,-0.0270336864766,-0.0893292730338,0.106184709926,1.02455506899,-0.116231140063,-0.00266721649778
