bax0,bay0,baz0,bgx0,bgy0,bgz0,gax0,gay0,gaz0,bax1,bay1,baz1,bgx1,bgy1,bgz1,gax1,gay1,gaz1,bax2,bay2,baz2,bgx2,bgy2,bgz2,gax2,gay2,gaz2,bax3,bay3,baz3,bgx3,bgy3,bgz3,gax3,gay3,gaz3,bax4,bay4,baz4,bgx4,bgy4,bgz4,gax4,gay4,gaz4
0.286583753901,-0.0182837663198,-0.124575718798,-0.035580274127,-0.0804233942867,0.0918932009952,1.02489568972,-0.119075660163,-0.000124998222409,0.290789234925,-0.0165568802647,-0.108800907676,-0.0332344743167,-0.0781689757667,0.0900955373434,1.02400961758,-0.121974265894,-0.00594984050018,0.290758958816,-0.0242048488287,-0.115120863217,-0.028235836522,-0.0769333029492,0.0943275814165,1.02335504585,-0.12416898045,-0.00197238413418,0.292666081272,-0.0174898018126,-0.118184202284,-0.0333325097713,-0.0746435388031,0.0881855115074,1.02373942238,-0.122612547368,-0.00375715372752,0.295107957078,-0.0196336472104,-0.115509283857,-0.0306825349758,-0.0790728304917,0.0876907679834,1.02301964405,-0.129813989946,-0.00543032776398
