bax0,bay0,baz0,bgx0,bgy0,bgz0,gax0,gay0,gaz0,bax1,bay1,baz1,bgx1,bgy1,bgz1,gax1,gay1,gaz1,bax2,bay2,baz2,bgx2,bgy2,bgz2,gax2,gay2,gaz2,bax3,bay3,baz3,bgx3,bgy3,bgz3,gax3,gay3,gaz3,bax4,bay4,baz4,bgx4,bgy4,bgz4,gax4,gay4,gaz4
0.291497156279,-0.0223490848154,-0.109885301901,-0.0294713737152,-0.076141807021,0.0891149305964,1.02359647876,-0.121415709368,-0.00792776650216,0.292832511041,-0.0282624047233,-0.116111098041,-0.0289990075553,-0.0786592979938,0.0908736010003,1.0239896995,-0.121802114483,-0.00481933994814,0.288479499782,-0.0296001228408,-0.118281953127,-0.0299904016356,-0.0781820712453,0.0797787966571,1.02328648796,-0.128090570775,-0.00628882668322,0.290321080504,-0.0167306408947,-0.10234946159,-0.0312512837561,-0.0738887878289,0.0741084827715,1.02318077294,-0.129413677205,-0.00493186801833,0.294261737929,-0.01211571508,-0.114956069689,-0.0288525588281,-0.0797690402019,0.0948308096587,1.02203375651,-0.123053302124,-0.00309848797194
