bax0,bay0,baz0,bgx0,bgy0,bgz0,gax0,gay0,gaz0,bax1,bay1,baz1,bgx1,bgy1,bgz1,gax1,gay1,gaz1,bax2,bay2,baz2,bgx2,bgy2,bgz2,gax2,gay2,gaz2,bax3,bay3,baz3,bgx3,bgy3,bgz3,gax3,gay3,gaz3,bax4,bay4,baz4,bgx4,bgy4,bgz4,gax4,gay4,gaz4
0.282541784584,-0.0124169194018,-0.102372221204,-0.0465303632545,-0.122342600173,0.122291188026,1.02521150846,-0.0673860850174,0.0687643811112,0.289347335236,-0.0162404383776,-0.113303925683,-0.0404694756643,-0.12477071811,0.123139106746,1.0253788048,-0.0688759059674,0.0685901542825,0.297194464172,-0.0275782101601,-0.117426593984,-0.0269824795257,-0.109194627185,0.0922903989003,1.02346129948,-0.0684306978157,0.0698202180218,0.29030836157,-0.000966866545574,-0.112541035204,-0.0220400185873,-0.0933419173167,0.0843657466049,1.02237988595,-0.0668300103129,0.0692421518435,0.287744996033,-0.00144414307596,-0.106322856677,-0.0280819985917,-0.0780345373421,0.0946784744154,1.02291132735,-0.0579514693045,0.0675006413699
