bax0,bay0,baz0,bgx0,bgy0,bgz0,gax0,gay0,gaz0,bax1,bay1,baz1,bgx1,bgy1,bgz1,gax1,gay1,gaz1,bax2,bay2,baz2,bgx2,bgy2,bgz2,gax2,gay2,gaz2,bax3,bay3,baz3,bgx3,bgy3,bgz3,gax3,gay3,gaz3,bax4,bay4,baz4,bgx4,bgy4,bgz4,gax4,gay4,gaz4
0.280098951581,-0.023303415174,-0.139623490948,-0.0296804773902,-0.102291579044,0.0916159637442,1.02942509619,-0.0969876496248,0.081663078395,0.293948842878,-0.032190439293,-0.106148512421,-0.0331095866032,-0.0825018655322,0.0776789022923,1.02104172914,-0.0937441773723,0.0659634976591,0.279280207324,-0.0297253630721,-0.121949123094,-0.024213029243,-0.0812102162593,0.0763800221092,1.02873317438,-0.0871875999127,0.0899261987226,0.261166554507,0.0273723245818,0.259852608606,-0.242878537728,0.380675612986,-0.0561120047897,1.00836007378,-0.0443595718152,0.0541546096231,0.270671263511,-0.0180673826528,-0.0134920532668,-0.12858928423,0.124903537399,0.0154117474653,0.996785948166,-0.0460099535379,0.221713538209
