bax0,bay0,baz0,bgx0,bgy0,bgz0,gax0,gay0,gaz0,bax1,bay1,baz1,bgx1,bgy1,bgz1,gax1,gay1,gaz1,bax2,bay2,baz2,bgx2,bgy2,bgz2,gax2,gay2,gaz2,bax3,bay3,baz3,bgx3,bgy3,bgz3,gax3,gay3,gaz3,bax4,bay4,baz4,bgx4,bgy4,bgz4,gax4,gay4,gaz4
0.288176383677,-0.0205492493411,-0.0980876557084,-0.0362545199453,-0.0679521233175,0.0774144927936,1.02320937702,-0.0489340011807,0.0828715099508,0.286024105353,-0.030025505224,-0.153755511219,-0.0903900639798,-0.154916256104,0.140163423882,1.02511625921,-0.0598323501571,0.0840300405705,0.296147417774,-0.0300768896975,-0.300358300847,-0.0806573419286,-0.134732455194,0.142538957904,1.02279432491,-0.0492688179482,0.0508719728485,0.288084635007,-0.0715428460233,-0.150298411803,0.00548247705829,-0.0184799960837,0.131382877728,1.02503776942,-0.0641611366079,-0.0182070154818,0.286402050735,-0.0299989277924,0.0349142567796,0.021751332561,0.0284472771267,0.0123236679024,1.02598427974,-0.11253504879,-0.0335614634724
