bax0,bay0,baz0,bgx0,bgy0,bgz0,gax0,gay0,gaz0,bax1,bay1,baz1,bgx1,bgy1,bgz1,gax1,gay1,gaz1,bax2,bay2,baz2,bgx2,bgy2,bgz2,gax2,gay2,gaz2,bax3,bay3,baz3,bgx3,bgy3,bgz3,gax3,gay3,gaz3,bax4,bay4,baz4,bgx4,bgy4,bgz4,gax4,gay4,gaz4
0.285986723554,-0.0245118743606,-0.0559463357131,-0.0215856105485,-0.0758718088288,0.0773142623223,1.0261173916,-0.05759031451,0.0626491612993,0.289828160614,-0.0264001765754,-0.163184973564,-0.0970972913074,-0.144793676527,0.113521913688,1.02190337752,-0.0590736395797,0.0693927828099,0.294715839789,-0.0342816621536,-0.275448315482,-0.0610931548804,-0.13715658185,0.150687270668,1.02377069923,-0.0668772837954,0.0624340742167,0.287487811933,-0.0743228993858,-0.131465637958,-0.00160444215657,-0.0194622039929,0.115060718893,1.02422914086,-0.0726085415053,0.00375198507304,0.280614141875,-0.0491547825916,0.0170968111678,0.0447144300402,0.00593723937061,0.0251724682889,1.02200334419,-0.0996461780464,-0.0120883926241
