bax0,bay0,baz0,bgx0,bgy0,bgz0,gax0,gay0,gaz0,bax1,bay1,baz1,bgx1,bgy1,bgz1,gax1,gay1,gaz1,bax2,bay2,baz2,bgx2,bgy2,bgz2,gax2,gay2,gaz2,bax3,bay3,baz3,bgx3,bgy3,bgz3,gax3,gay3,gaz3,bax4,bay4,baz4,bgx4,bgy4,bgz4,gax4,gay4,gaz4
0.289936338121,-0.00203620399278,-0.0822759306595,-0.0385222363545,-0.0253890097147,0.0328907962212,1.01688924085,-0.111063370876,0.0153041238459,0.29217675279,-0.0251596507331,-0.100964023519,-0.0120519918753,0.152461984758,-0.0814276559518,1.00374204563,-0.20491424643,-0.0819918761386,0.297007031195,-0.0210755548905,-0.0855737533977,-0.0462932528967,0.0122381561711,0.00843877277062,1.00827123102,-0.191388794175,-0.0828006491208,0.294444204883,0.0011273085005,-0.109089126207,-0.0449630713468,-0.0607376594919,0.0727011922328,1.0058272587,-0.219980508023,-0.0491537439149,0.290120084266,-0.00843259671655,-0.102204846165,-0.0320238592737,-0.0917068326245,0.100207137512,1.00117017554,-0.184465754328,-0.0585548387572
