bax0,bay0,baz0,bgx0,bgy0,bgz0,gax0,gay0,gaz0,bax1,bay1,baz1,bgx1,bgy1,bgz1,gax1,gay1,gaz1,bax2,bay2,baz2,bgx2,bgy2,bgz2,gax2,gay2,gaz2,bax3,bay3,baz3,bgx3,bgy3,bgz3,gax3,gay3,gaz3,bax4,bay4,baz4,bgx4,bgy4,bgz4,gax4,gay4,gaz4
0.294373380079,-0.0158004442781,-0.125189489251,-0.020786875231,-0.0900589192619,0.1092127398,1.00767249724,-0.2088095903,-0.0641964413438,0.289073061632,-0.0137157005642,-0.116478455347,-0.0408782460539,-0.0935107559852,0.109955775241,1.01103754098,-0.205740054081,-0.0663325525115,0.294205343581,0.00323422481543,-0.121948636406,-0.0487703546986,-0.0775007438997,0.0844312770547,1.00901474434,-0.210997933435,-0.0699310377609,0.296578799118,-0.00873297770911,-0.116350197363,-0.0214036089881,-0.0879356717087,0.0886673259848,1.01116362393,-0.200999535739,-0.0721974189132,0.287386031746,-0.0276706283505,-0.129695138566,-0.0155728144393,-0.0999418444829,0.103607204732,1.01093199235,-0.196427298924,-0.0724654105255
