bax0,bay0,baz0,bgx0,bgy0,bgz0,gax0,gay0,gaz0,bax1,bay1,baz1,bgx1,bgy1,bgz1,gax1,gay1,gaz1,bax2,bay2,baz2,bgx2,bgy2,bgz2,gax2,gay2,gaz2,bax3,bay3,baz3,bgx3,bgy3,bgz3,gax3,gay3,gaz3,bax4,bay4,baz4,bgx4,bgy4,bgz4,gax4,gay4,gaz4
0.292437548484,-0.0149499420021,-0.112393398648,-0.00291234370485,-0.0714264062738,0.0645802453217,1.0111995319,-0.202750873234,-0.0786514391171,0.294184581783,-0.00328958920129,-0.0943448401658,-0.014076839483,-0.0647895791939,0.0856369036945,1.0090067039,-0.198983411839,-0.0865264940775,0.2890246159,-0.0196491044758,-0.106127281831,-0.0254364954193,-0.0705374163631,0.0946083283846,1.01214628146,-0.194107750239,-0.0747854613112,0.296202118564,-0.0194498030995,-0.103693590686,-0.0342360719854,-0.077906966083,0.0967530943936,1.01267937348,-0.191388331289,-0.0718982578699,0.295734133496,-0.0131504533132,-0.102208902118,-0.0349742673713,-0.0738198964474,0.0881720200767,1.00843306496,-0.194458873248,-0.064250156711
