bax0,bay0,baz0,bgx0,bgy0,bgz0,gax0,gay0,gaz0,bax1,bay1,baz1,bgx1,bgy1,bgz1,gax1,gay1,gaz1,bax2,bay2,baz2,bgx2,bgy2,bgz2,gax2,gay2,gaz2,bax3,bay3,baz3,bgx3,bgy3,bgz3,gax3,gay3,gaz3,bax4,bay4,baz4,bgx4,bgy4,bgz4,gax4,gay4,gaz4
0.293959463492,-0.0241812525881,-0.101919963274,-0.0320282190439,-0.0784073051549,0.0998364771202,1.00920030971,-0.19724071615,-0.0645605627361,0.287508357043,-0.0153894094429,-0.115561817338,-0.0270083127686,-0.0876732085109,0.112426450908,1.00897442757,-0.177918484613,-0.0615164243479,0.29484882688,-0.0635734733102,-0.172852155765,-0.00740317438269,-0.0445240825685,-0.00876304169824,1.01993193015,-0.0591666307225,0.090392458935,0.286697728717,0.0706661110178,-0.0862542557783,-0.0289744730673,-0.0522404954228,-0.0122253752621,1.01673002882,-0.0838434166553,0.0855855388397,0.295761514908,0.033603218052,-0.0796472066669,-0.0175804439705,-0.0783538225057,0.0896734212313,1.02066612509,-0.0104580267326,0.100853168038
