bax0,bay0,baz0,bgx0,bgy0,bgz0,gax0,gay0,gaz0,bax1,bay1,baz1,bgx1,bgy1,bgz1,gax1,gay1,gaz1,bax2,bay2,baz2,bgx2,bgy2,bgz2,gax2,gay2,gaz2,bax3,bay3,baz3,bgx3,bgy3,bgz3,gax3,gay3,gaz3,bax4,bay4,baz4,bgx4,bgy4,bgz4,gax4,gay4,gaz4
0.292614896156,-0.0165335576706,-0.124393702413,-0.0301153615009,-0.0673554942777,0.125071103673,1.01804907267,0.0263449615741,0.104348745243,0.295241903886,-0.0239121425292,-0.118146052783,-0.0519776438025,-0.0781968997073,0.128710313503,1.01798246924,0.0283456588073,0.106279496485,0.293140245937,-0.0112815532451,-0.103343219417,-0.0187034843,-0.0710036878958,0.0869491752919,1.01797994404,0.0296253419899,0.0999716195883,0.283190130334,-0.00303990012985,-0.113274399863,-0.0405684672702,-0.0948608847899,0.0987652899989,1.01716457769,0.022177454472,0.105392670407,0.286335797366,-0.00166217372571,-0.112151395443,-0.022622528539,-0.0736717545629,0.0909638399161,1.01633039938,0.0336396007524,0.103752767217
