bax0,bay0,baz0,bgx0,bgy0,bgz0,gax0,gay0,gaz0,bax1,bay1,baz1,bgx1,bgy1,bgz1,gax1,gay1,gaz1,bax2,bay2,baz2,bgx2,bgy2,bgz2,gax2,gay2,gaz2,bax3,bay3,baz3,bgx3,bgy3,bgz3,gax3,gay3,gaz3,bax4,bay4,baz4,bgx4,bgy4,bgz4,gax4,gay4,gaz4
0.290247225046,-0.023864113312,-0.126141379591,-0.0270870372396,-0.0701221859974,0.126000785427,1.01718678486,0.0255644857256,0.105972862025,0.291003118056,-0.0332013429841,-0.123812306501,-0.0596042603335,-0.0826829485525,0.131671259483,1.01744298262,0.0229594529639,0.0956511948298,0.285180339275,-0.0198129610106,-0.105425756086,-0.0266726460122,-0.0746750547334,0.0938928050465,1.02000838775,0.0210384575319,0.103811771924,0.284713797521,0.00129204191398,-0.116936757559,-0.0451290277892,-0.0920842072854,0.0840338940775,1.01929447275,0.020262993605,0.103492883262,0.278968164725,0.00845553260345,-0.110243279966,-0.0219873525238,-0.0819084298061,0.087474133081,1.01555776438,0.032473614622,0.103290591419
