bax0,bay0,baz0,bgx0,bgy0,bgz0,gax0,gay0,gaz0,bax1,bay1,baz1,bgx1,bgy1,bgz1,gax1,gay1,gaz1,bax2,bay2,baz2,bgx2,bgy2,bgz2,gax2,gay2,gaz2,bax3,bay3,baz3,bgx3,bgy3,bgz3,gax3,gay3,gaz3,bax4,bay4,baz4,bgx4,bgy4,bgz4,gax4,gay4,gaz4
0.294491838183,-0.015370615834,-0.11466040672,-0.0320738828312,-0.0881237068759,0.0728870309892,1.01388568461,0.0270289542238,0.0815700049776,0.287172075434,-0.0198427211149,-0.126577153594,-0.0225796620805,-0.0972269927435,0.0966066515881,1.0166031776,0.0483222751168,0.0964805585642,0.284434785592,-0.0178689220522,-0.126433683098,-0.0186770367987,0.0685810152089,0.0163797574296,1.01581233766,-0.113677854063,0.0471023963891,0.286832575769,-0.0183630528348,-0.121301155989,-0.0286797034069,-0.0430212503374,0.111379083713,1.02919924381,-0.111014240776,0.0514939330821,0.285262462259,-0.0486357053531,-0.139655235129,-0.0186059787695,-0.0879855174782,0.13416033217,1.023321655,-0.131199702111,0.0605699873982
