bax0,bay0,baz0,bgx0,bgy0,bgz0,gax0,gay0,gaz0,bax1,bay1,baz1,bgx1,bgy1,bgz1,gax1,gay1,gaz1,bax2,bay2,baz2,bgx2,bgy2,bgz2,gax2,gay2,gaz2,bax3,bay3,baz3,bgx3,bgy3,bgz3,gax3,gay3,gaz3,bax4,bay4,baz4,bgx4,bgy4,bgz4,gax4,gay4,gaz4
0.293266312809,-0.0257989698445,-0.147535711465,-0.0717848437737,-0.120822676708,0.192713043637,1.02171036061,-0.080419995429,0.0682504951708,0.295684064439,-0.0996774827278,-0.223690817313,-0.0253791221931,-0.0907226548548,0.100519526095,1.01978768479,-0.0972646173663,0.0527867830956,0.291923510989,-0.0346742186862,-0.0890591337207,-0.014625381527,-0.0562703555448,0.0914524077966,1.02031653069,-0.146421521101,0.0146248598015,0.297139726322,-0.00400429132091,-0.0985747557885,0.00681737482079,-0.0310392064105,0.0475239488986,1.02085762714,-0.159009394355,0.0106098247226,0.287500268489,-0.0401803435796,-0.124953202405,-0.0631909362292,-0.0709105304451,0.0881474316252,1.02058899084,-0.149963189599,0.0290781552577
