bax0,bay0,baz0,bgx0,bgy0,bgz0,gax0,gay0,gaz0,bax1,bay1,baz1,bgx1,bgy1,bgz1,gax1,gay1,gaz1,bax2,bay2,baz2,bgx2,bgy2,bgz2,gax2,gay2,gaz2,bax3,bay3,baz3,bgx3,bgy3,bgz3,gax3,gay3,gaz3,bax4,bay4,baz4,bgx4,bgy4,bgz4,gax4,gay4,gaz4
0.290013009514,-0.0295110972304,-0.0796119074197,-0.0444987409639,-0.0519748353224,0.0823889946362,1.02160091827,-0.0911820295352,0.0634084067495,0.277062646078,-0.01134252907,-0.0707122823861,-0.0243818550234,-0.113527606004,0.0766162184621,1.02275748585,-0.0992774365536,0.0952234593151,0.300428389851,-0.0189531050938,-0.134462433554,-0.042010625083,-0.0696936219505,0.0784356731002,1.02082041165,-0.08316513554,0.0847505998757,0.257216131608,0.011880329631,0.271624117694,-0.234417113984,0.412383010877,-0.0861057749509,1.01652871548,-0.0424768084412,0.0733043472426,0.27573798597,-0.0134940022374,-0.0143819943477,-0.122587552006,0.0436141531205,0.0122856780195,1.00583363636,-0.0378395645677,0.190512598158
