bax0,bay0,baz0,bgx0,bgy0,bgz0,gax0,gay0,gaz0,bax1,bay1,baz1,bgx1,bgy1,bgz1,gax1,gay1,gaz1,bax2,bay2,baz2,bgx2,bgy2,bgz2,gax2,gay2,gaz2,bax3,bay3,baz3,bgx3,bgy3,bgz3,gax3,gay3,gaz3,bax4,bay4,baz4,bgx4,bgy4,bgz4,gax4,gay4,gaz4
0.293924429131,-0.0258761942015,-0.13055244754,-0.0204690606857,0.0254906777537,-0.0144090041464,0.999267453467,-0.274413199464,-0.0106767900717,0.294741305466,-0.015276342096,-0.124672203685,-0.0107940139679,-0.040517557657,0.0677874111797,1.00127661968,-0.275990777754,-0.00540376253337,0.293250405015,-0.0178366793435,-0.11291188072,-0.0152944943476,-0.0751545500549,0.0774889544468,1.00233211327,-0.278136490251,-0.0113114130012,0.293283310357,-0.0170021428664,-0.109498953586,-0.0205211382478,-0.10246019543,0.108625987689,1.0000846816,-0.277569871711,-0.0125552422949,0.29000389769,-0.0130916868036,-0.113936413844,-0.0356930200629,-0.111788519227,0.108634850241,1.0014839391,-0.279926459,-0.00960512321823
