bax0,bay0,baz0,bgx0,bgy0,bgz0,gax0,gay0,gaz0,bax1,bay1,baz1,bgx1,bgy1,bgz1,gax1,gay1,gaz1,bax2,bay2,baz2,bgx2,bgy2,bgz2,gax2,gay2,gaz2,bax3,bay3,baz3,bgx3,bgy3,bgz3,gax3,gay3,gaz3,bax4,bay4,baz4,bgx4,bgy4,bgz4,gax4,gay4,gaz4
0.30735124584,-0.0342047486171,-0.186148382899,-0.065469771881,-0.0576029959703,0.0585498266124,0.997077634257,-0.0185157362047,0.233544582679,0.289815547521,-0.0107532850233,-0.13562209285,-0.0758857039277,-0.140003110041,0.0765887329813,1.00007589391,-0.0211540654413,0.2061905901,0.293142385037,-0.00945333677469,-0.126991987193,-0.0575653878863,-0.125191411777,0.102076262476,1.00042504677,-0.0162638242227,0.19472773407,0.287706641873,-0.0245763310325,-0.087067394927,-0.0142602274513,-0.0784989894316,0.118480637534,1.00348357872,-0.0154595363889,0.193623975837,0.289124584724,-0.00256663188785,-0.124322791567,-0.00737238448376,-0.114978639742,0.0675419654111,1.00069346737,-0.019931510355,0.200582967127
