bax0,bay0,baz0,bgx0,bgy0,bgz0,gax0,gay0,gaz0,bax1,bay1,baz1,bgx1,bgy1,bgz1,gax1,gay1,gaz1,bax2,bay2,baz2,bgx2,bgy2,bgz2,gax2,gay2,gaz2,bax3,bay3,baz3,bgx3,bgy3,bgz3,gax3,gay3,gaz3,bax4,bay4,baz4,bgx4,bgy4,bgz4,gax4,gay4,gaz4
0.303671970048,-0.0314059597235,-0.191282265036,-0.0683993983309,-0.0731101717399,0.0764106003882,0.997081761687,-0.0241850593385,0.230962084708,0.296303243811,-0.00616383304368,-0.147538864849,-0.100335125486,-0.133518811657,0.0684634450979,0.999536601782,-0.0238864319629,0.205122353036,0.291926981852,-0.014438924059,-0.132485265153,-0.0592325277122,-0.109318415276,0.1087199326,1.00086962913,-0.0192783795347,0.197053962348,0.28895287835,-0.0271967511535,-0.10073477821,-0.0252743092271,-0.0739943126868,0.112080872729,0.997761535348,-0.0210731108471,0.197332603688,0.292614822951,-0.00624333927106,-0.122451600807,-0.0160370661249,-0.119243799832,0.0674964902443,0.998251567103,-0.017025613804,0.20381639872
