bax0,bay0,baz0,bgx0,bgy0,bgz0,gax0,gay0,gaz0,bax1,bay1,baz1,bgx1,bgy1,bgz1,gax1,gay1,gaz1,bax2,bay2,baz2,bgx2,bgy2,bgz2,gax2,gay2,gaz2,bax3,bay3,baz3,bgx3,bgy3,bgz3,gax3,gay3,gaz3,bax4,bay4,baz4,bgx4,bgy4,bgz4,gax4,gay4,gaz4
0.281340977392,0.00411255155721,-0.111267117827,-0.0310786620297,-0.0893469380899,0.085563011297,1.00852097195,0.0101039073379,0.171796410411,0.281734774251,-0.0372140411558,-0.10797895674,-0.043527477203,-0.0958507810258,0.0838195278908,0.999428693581,0.0117923227549,0.170195583915,0.453331539375,0.224515266381,-0.133729337893,-0.0278058776969,-0.0781064482796,-0.0651612422815,0.975642261636,-0.136876207633,0.0569482228494,0.265507023991,-0.0216606126821,-0.0442983125005,-0.0404639416661,-0.10505707235,0.11418628514,1.02401407713,-0.0199215770899,0.0946078529929,0.284648218513,-0.0199306895875,-0.151789729288,-0.0576775517339,-0.103961099816,0.160787335743,1.01591488855,-0.000433983014245,0.116269559836
