bax0,bay0,baz0,bgx0,bgy0,bgz0,gax0,gay0,gaz0,bax1,bay1,baz1,bgx1,bgy1,bgz1,gax1,gay1,gaz1,bax2,bay2,baz2,bgx2,bgy2,bgz2,gax2,gay2,gaz2,bax3,bay3,baz3,bgx3,bgy3,bgz3,gax3,gay3,gaz3,bax4,bay4,baz4,bgx4,bgy4,bgz4,gax4,gay4,gaz4
0.297249619778,-0.0129953756313,-0.119512834181,-0.0462060631454,-0.104183096158,0.118231207709,1.01570363445,-0.0162033078267,0.112786363484,0.286969717423,-0.00735895489153,-0.0910489199675,-0.0307853712403,-0.0773249340308,0.117765393698,1.01986735091,-0.017522634206,0.104712593504,0.293448158391,-0.0237772160171,-0.118170570976,-0.00950627829321,-0.0763061468823,0.101687915783,1.01948294149,-0.0167238532383,0.114403903232,0.291480208322,-0.0223190501562,-0.117793715106,-0.0399193221206,-0.085497856102,0.0800071956265,1.01751926941,-0.0169998849406,0.10683419319,0.288819613777,-0.00849016875065,-0.0779834282937,-0.0509021899295,-0.0762745325345,0.0881180278341,1.02007636977,-0.0148559271509,0.106051066004
