bax0,bay0,baz0,bgx0,bgy0,bgz0,gax0,gay0,gaz0,bax1,bay1,baz1,bgx1,bgy1,bgz1,gax1,gay1,gaz1,bax2,bay2,baz2,bgx2,bgy2,bgz2,gax2,gay2,gaz2,bax3,bay3,baz3,bgx3,bgy3,bgz3,gax3,gay3,gaz3,bax4,bay4,baz4,bgx4,bgy4,bgz4,gax4,gay4,gaz4
0.286119425184,-0.00885097185632,-0.119262331717,-0.0248440966826,-0.0791162426871,0.0978906474271,1.01782723501,-0.00467180842247,0.112060620548,0.294844810712,-0.041904809543,-0.117951162456,-0.0232750037185,-0.0893664884151,0.121513051521,1.01671894149,-0.00838485472708,0.111936959813,0.294976695909,-0.0281912548702,-0.123258643926,-0.0234937759529,-0.0818294833525,0.0831531544168,1.01724703332,-0.0181058726445,0.112206725776,0.292444860827,-0.0134115835172,-0.118687597625,-0.0255967032669,-0.0628000419301,0.0651490207239,1.02175162463,-0.0273343991684,0.111785046789,0.289617005271,4.47917960047e-05,-0.10097647984,-0.0291272948797,-0.0764556720851,0.0801590346909,1.01944095812,-0.0297753778514,0.106751481207
