bax0,bay0,baz0,bgx0,bgy0,bgz0,gax0,gay0,gaz0,bax1,bay1,baz1,bgx1,bgy1,bgz1,gax1,gay1,gaz1,bax2,bay2,baz2,bgx2,bgy2,bgz2,gax2,gay2,gaz2,bax3,bay3,baz3,bgx3,bgy3,bgz3,gax3,gay3,gaz3,bax4,bay4,baz4,bgx4,bgy4,bgz4,gax4,gay4,gaz4
0.293122630713,-0.00747454407576,-0.119973303848,-0.0271590181646,-0.0805483842198,0.091122724955,1.01829704562,-0.0118832488496,0.110252903714,0.293253745612,-0.0379942691614,-0.113296438708,-0.0209006510271,-0.0814619132939,0.122480834586,1.01790454137,-0.0120993287325,0.114561852941,0.295872489119,-0.0440661016444,-0.123437761032,-0.0205360047582,-0.0765006561549,0.0916627685018,1.01792231837,-0.0221901848533,0.114084221738,0.295677146962,-0.0133041024998,-0.113312353811,-0.0264232880011,-0.0685822187537,0.0638622615873,1.01993616076,-0.0286406769493,0.10313442999,0.289679311883,-0.0109497188492,-0.0994174623039,-0.0299168779861,-0.0860204137345,0.0761088919582,1.01997006731,-0.0279797858662,0.100038335166
