bax0,bay0,baz0,bgx0,bgy0,bgz0,gax0,gay0,gaz0,bax1,bay1,baz1,bgx1,bgy1,bgz1,gax1,gay1,gaz1,bax2,bay2,baz2,bgx2,bgy2,bgz2,gax2,gay2,gaz2,bax3,bay3,baz3,bgx3,bgy3,bgz3,gax3,gay3,gaz3,bax4,bay4,baz4,bgx4,bgy4,bgz4,gax4,gay4,gaz4
0.294695899878,-0.0263400194979,-0.116804003618,-0.0261075046524,-0.0984487345237,0.089212856327,1.00457739554,-0.19230717687,0.140269652688,0.290490657301,-0.0206457175254,-0.113507563706,-0.0314259163693,-0.087800221581,0.0930086385731,1.00281083192,-0.195749485144,0.136920854228,0.286186715391,-0.0152765421769,-0.0965858225549,-0.0283482823625,-0.0839048061514,0.0923683672392,1.00444266111,-0.195801053246,0.136406567204,0.290277089998,-0.0222391081242,-0.116576665702,-0.0339219102574,-0.0862954887572,0.0879620247219,1.00426220279,-0.193544715466,0.140642375378,0.299150105217,-0.0236275734582,-0.12278514483,-0.0346301851278,-0.0863955532826,0.0881948075399,1.00357664393,-0.191142916126,0.136887666418
