bax0,bay0,baz0,bgx0,bgy0,bgz0,gax0,gay0,gaz0,bax1,bay1,baz1,bgx1,bgy1,bgz1,gax1,gay1,gaz1,bax2,bay2,baz2,bgx2,bgy2,bgz2,gax2,gay2,gaz2,bax3,bay3,baz3,bgx3,bgy3,bgz3,gax3,gay3,gaz3,bax4,bay4,baz4,bgx4,bgy4,bgz4,gax4,gay4,gaz4
0.298687428551,-0.023528957421,-0.106900017525,-0.0284995838938,-0.0754486845197,0.0702245589731,1.00470950381,-0.189476461901,0.140410125418,0.290313843831,-0.00847522228305,-0.119279903602,-0.026782535927,-0.08133605586,0.0942590171281,1.01256648473,-0.196558354968,0.141114384359,0.289300588938,-0.00698542179524,-0.118345685138,-0.0308365971542,-0.0810358006537,0.0872602707346,1.00688151216,-0.181062654417,0.143346272645,0.379252843509,0.0487298087467,-0.122053311303,-0.0354580602413,-0.104458631157,-0.0907505217781,0.977300178228,-0.311545571735,0.135032157834,0.276851944512,-0.03634676348,-0.170188367177,-0.0454726350276,-0.0490307930418,-0.0200603768605,1.00144572015,-0.253647256532,0.13528508939
