bax0,bay0,baz0,bgx0,bgy0,bgz0,gax0,gay0,gaz0,bax1,bay1,baz1,bgx1,bgy1,bgz1,gax1,gay1,gaz1,bax2,bay2,baz2,bgx2,bgy2,bgz2,gax2,gay2,gaz2,bax3,bay3,baz3,bgx3,bgy3,bgz3,gax3,gay3,gaz3,bax4,bay4,baz4,bgx4,bgy4,bgz4,gax4,gay4,gaz4
0.282579943236,-0.0370285208904,-0.11747262148,-0.0351406329789,-0.0516933785199,0.0735982014854,0.990903291187,-0.262949820974,0.11503846071,0.287761096229,-0.0345486148124,-0.1057443505,-0.0307639728026,-0.0674636734188,0.0741786232236,0.990162715149,-0.282451965143,0.117020520378,0.294610871064,-0.0115289072002,-0.0993475670638,-0.040762648501,-0.0705237991013,0.0907206339421,0.987227801499,-0.279605565284,0.125403915204,0.293049529347,0.000327982461327,-0.0943166098225,-0.0396698518768,-0.0872248518724,0.103471965423,0.987758490601,-0.280670225436,0.123131987606,0.283974152797,-0.0242801369165,-0.129106143205,-0.0365080411622,-0.0694019107049,0.119785848925,0.984451806232,-0.270519577444,0.125691399391
