bax0,bay0,baz0,bgx0,bgy0,bgz0,gax0,gay0,gaz0,bax1,bay1,baz1,bgx1,bgy1,bgz1,gax1,gay1,gaz1,bax2,bay2,baz2,bgx2,bgy2,bgz2,gax2,gay2,gaz2,bax3,bay3,baz3,bgx3,bgy3,bgz3,gax3,gay3,gaz3,bax4,bay4,baz4,bgx4,bgy4,bgz4,gax4,gay4,gaz4
0.283979258015,-0.0407033332648,-0.118195965195,-0.0327608223006,-0.0544120015274,0.0659911174954,0.996785273137,-0.269890304969,0.116936911475,0.290884475852,-0.0195998029415,-0.0904811707197,-0.0338331755984,-0.0708817193864,0.0758135245717,0.990870209716,-0.273198365388,0.119642846622,0.290609535069,-0.0146138960672,-0.115133398807,-0.0428172106484,-0.0730092352788,0.085046278786,0.984198564671,-0.2841561125,0.120021422328,0.294681259891,-0.000415372979726,-0.0906561589139,-0.0362081126977,-0.0705610819927,0.113283051239,0.988345564999,-0.273851984843,0.120619031514,0.288197513905,-0.0412025664351,-0.121712181073,-0.0408598006831,-0.0740929812116,0.108025991508,0.986213718269,-0.262441629522,0.129280617425
