bax0,bay0,baz0,bgx0,bgy0,bgz0,gax0,gay0,gaz0,bax1,bay1,baz1,bgx1,bgy1,bgz1,gax1,gay1,gaz1,bax2,bay2,baz2,bgx2,bgy2,bgz2,gax2,gay2,gaz2,bax3,bay3,baz3,bgx3,bgy3,bgz3,gax3,gay3,gaz3,bax4,bay4,baz4,bgx4,bgy4,bgz4,gax4,gay4,gaz4
0.29259837694,-0.0193051897803,-0.122116076932,-0.0180508036885,0.0390473121005,-0.0104595512651,0.997298982225,-0.275456815903,-6.96598555094e-05,0.291860528084,-0.0128311808755,-0.125088169328,-0.0141755833429,-0.0378739016153,0.0799466259241,1.00116139861,-0.277707835533,-0.00514223369599,0.292059505732,-0.0114995086394,-0.111597269289,0.00152069625953,-0.0653562776947,0.0840273847203,1.00123132184,-0.277000421097,-0.00657382235714,0.295017434522,-0.0171423003424,-0.112422725135,-0.0306442984646,-0.0769246295131,0.138265860896,1.00255832741,-0.277591612913,-0.0124598864048,0.288508306213,-0.0173411628847,-0.117092931435,-0.0326398779951,-0.0923417770675,0.0906365257528,1.00233153538,-0.274194075505,-0.00817030178228
