bax0,bay0,baz0,bgx0,bgy0,bgz0,gax0,gay0,gaz0,bax1,bay1,baz1,bgx1,bgy1,bgz1,gax1,gay1,gaz1,bax2,bay2,baz2,bgx2,bgy2,bgz2,gax2,gay2,gaz2,bax3,bay3,baz3,bgx3,bgy3,bgz3,gax3,gay3,gaz3,bax4,bay4,baz4,bgx4,bgy4,bgz4,gax4,gay4,gaz4
0.28265660843,-0.0442098726459,-0.145776264455,-0.0301041120056,-0.0974679151083,0.0951855366261,0.985330146255,-0.271134347809,0.119770977912,0.291308383757,-0.0186367379919,-0.132236312031,-0.0219653708229,-0.105990343436,0.103378161779,0.985723048989,-0.294878291728,0.117066366854,0.282274499766,-0.0189821962305,-0.115357382639,-0.00937396598214,-0.064922990415,0.0844192454631,0.985858460556,-0.30699024886,0.112012663506,0.289559621604,-0.0203513806515,-0.10366141096,-0.0222927498376,-0.0667367647119,0.0730436933928,0.97920301834,-0.299775229384,0.111590851806,0.301431268262,-0.0146993234839,-0.122201677287,-0.0245807003006,-0.101722982686,0.095948777507,0.981308231293,-0.300363340344,0.114847260586
