bax0,bay0,baz0,bgx0,bgy0,bgz0,gax0,gay0,gaz0,bax1,bay1,baz1,bgx1,bgy1,bgz1,gax1,gay1,gaz1,bax2,bay2,baz2,bgx2,bgy2,bgz2,gax2,gay2,gaz2,bax3,bay3,baz3,bgx3,bgy3,bgz3,gax3,gay3,gaz3,bax4,bay4,baz4,bgx4,bgy4,bgz4,gax4,gay4,gaz4
0.292011517346,-0.0499107614653,-0.14286926337,-0.0359877375819,-0.0844657514376,0.09303343156,0.987531641826,-0.280423027054,0.126657457266,0.288656695758,-0.0178421182297,-0.130513231314,-0.0133465932825,-0.090141908641,0.104438775282,0.984014947336,-0.302174019346,0.117657075349,0.285961510543,-0.0138239397268,-0.124280330253,-0.014517285766,-0.0680579736011,0.0886655676726,0.982755896739,-0.291696364885,0.112761841727,0.288918004643,-0.0146863236789,-0.110081398974,-0.0234933449314,-0.0609474772932,0.0720388373156,0.980608988717,-0.304871961214,0.112034559573,0.298925031683,-0.013282474088,-0.136599788963,-0.0280310196434,-0.0910312198751,0.0974632861049,0.979647468615,-0.298912993086,0.113235508493
