bax0,bay0,baz0,bgx0,bgy0,bgz0,gax0,gay0,gaz0,bax1,bay1,baz1,bgx1,bgy1,bgz1,gax1,gay1,gaz1,bax2,bay2,baz2,bgx2,bgy2,bgz2,gax2,gay2,gaz2,bax3,bay3,baz3,bgx3,bgy3,bgz3,gax3,gay3,gaz3,bax4,bay4,baz4,bgx4,bgy4,bgz4,gax4,gay4,gaz4
0.292899396379,-0.0198778156654,-0.127993027521,-0.0342486464833,-0.0802833356159,0.0821133187995,0.985284765686,-0.296102402716,0.107681929256,0.295010248118,-0.0175239188609,-0.095077538645,-0.0378877145071,-0.0527045114937,0.0834669294437,0.986345621484,-0.300129191499,0.100248926066,0.29139245119,-0.0154075729036,-0.102575128936,-0.0378368117986,-0.0706164703025,0.084024445862,0.985697000077,-0.302155887872,0.111890663232,0.292619923722,-0.0200052868159,-0.115455938962,-0.0376614727557,-0.081289424928,0.0872701964518,0.985194480201,-0.292969863105,0.115325737433,0.288181841968,-0.0182334879125,-0.102614394421,-0.056127873426,-0.0864120936582,0.103263130008,0.985071801639,-0.291598196649,0.110862840102
