bax0,bay0,baz0,bgx0,bgy0,bgz0,gax0,gay0,gaz0,bax1,bay1,baz1,bgx1,bgy1,bgz1,gax1,gay1,gaz1,bax2,bay2,baz2,bgx2,bgy2,bgz2,gax2,gay2,gaz2,bax3,bay3,baz3,bgx3,bgy3,bgz3,gax3,gay3,gaz3,bax4,bay4,baz4,bgx4,bgy4,bgz4,gax4,gay4,gaz4
0.292380732656,-0.0203146100599,-0.130374160015,-0.0266622930219,-0.0785355432309,0.0777364180764,0.984100789444,-0.300292293361,0.104258309374,0.291717757326,-0.0106599453355,-0.101547501353,-0.0310964987136,-0.0646763382496,0.0822854291032,0.982900514098,-0.306350195418,0.0997017627455,0.291921262058,-0.0147615111606,-0.0900549222589,-0.0370541993343,-0.0620960352474,0.0782762727442,0.986060138922,-0.298811674672,0.10979377097,0.28723583215,-0.011141852544,-0.110740891825,-0.0492560669226,-0.0867130140212,0.0956161419348,0.986493629643,-0.290365182598,0.118068163724,0.287353316069,-0.0168395520977,-0.115359108583,-0.0617184516287,-0.0827614796577,0.0944312655674,0.987401312543,-0.288918896276,0.110911121604
