bax0,bay0,baz0,bgx0,bgy0,bgz0,gax0,gay0,gaz0,bax1,bay1,baz1,bgx1,bgy1,bgz1,gax1,gay1,gaz1,bax2,bay2,baz2,bgx2,bgy2,bgz2,gax2,gay2,gaz2,bax3,bay3,baz3,bgx3,bgy3,bgz3,gax3,gay3,gaz3,bax4,bay4,baz4,bgx4,bgy4,bgz4,gax4,gay4,gaz4
0.279926597175,-0.0603899514855,-0.234859468446,0.0220073253376,0.290491527421,-0.0612037238566,1.02378874816,-0.166487982756,0.0407206770391,0.296000561054,-0.0204497509918,-0.15788747255,-0.0286736377552,0.105888387873,0.060245824923,1.01423022566,-0.191487589141,-0.00790724030566,0.287616612689,-0.0242736378665,-0.0570963273649,-0.0109456036088,0.0435908397073,0.0906018425115,1.01916753432,-0.190932429303,-0.0113995373777,0.285621764447,-0.00916622954131,-0.0307735120456,-0.0487806476632,-0.0858745927658,0.0972570524754,1.01637893178,-0.190260455293,0.0370452226755,0.29269301311,-0.0249542389405,-0.215215698152,-0.0356849223578,-0.224996120401,0.116366709144,1.01231032579,-0.179496977276,0.0561716506866
