bax0,bay0,baz0,bgx0,bgy0,bgz0,gax0,gay0,gaz0,bax1,bay1,baz1,bgx1,bgy1,bgz1,gax1,gay1,gaz1,bax2,bay2,baz2,bgx2,bgy2,bgz2,gax2,gay2,gaz2,bax3,bay3,baz3,bgx3,bgy3,bgz3,gax3,gay3,gaz3,bax4,bay4,baz4,bgx4,bgy4,bgz4,gax4,gay4,gaz4
0.279055246689,-0.0422752393644,-0.254208614232,-0.0244560671795,-0.131064368172,0.125491510376,1.01259782704,-0.188008661677,0.000869936162199,0.288865574034,-0.0230655304005,-0.114401825602,-0.0359754696074,-0.0121334704715,0.0890465306798,1.01187060692,-0.203468592756,-0.0421083753194,0.295817153118,-0.0114329286424,-0.0823308290426,-0.0384751178521,-0.0580152344027,0.0765854225386,1.0130997533,-0.207323438622,-0.0327107620372,0.292090487977,-0.0212737890598,-0.111854497926,-0.0223788413096,-0.0726714172561,0.104938915178,1.01491753321,-0.196818560889,-0.018181822844,0.289220297634,-0.0171261692333,-0.145450962793,-0.0216593348071,-0.074529026169,0.0850928789103,1.01736576312,-0.202679261038,-0.0202289296956
