bax0,bay0,baz0,bgx0,bgy0,bgz0,gax0,gay0,gaz0,bax1,bay1,baz1,bgx1,bgy1,bgz1,gax1,gay1,gaz1,bax2,bay2,baz2,bgx2,bgy2,bgz2,gax2,gay2,gaz2,bax3,bay3,baz3,bgx3,bgy3,bgz3,gax3,gay3,gaz3,bax4,bay4,baz4,bgx4,bgy4,bgz4,gax4,gay4,gaz4
0.287186466903,-0.0284719320286,-0.26337191292,-0.0229916059525,-0.115597734068,0.12190663677,1.01662354745,-0.194515094249,0.0153118584032,0.293076273623,-0.0140064188634,-0.101229163926,-0.044002040234,-0.0329651169465,0.0865471568143,1.0154880786,-0.207060071003,-0.0345969313497,0.298682405593,-0.00489809373823,-0.058847674286,-0.0307334164334,-0.0600579644063,0.0647149518893,1.01227089794,-0.202422319313,-0.0319970208648,0.286103481068,-0.0181322117446,-0.0985721727572,-0.0134722321325,-0.0637478317365,0.104429246875,1.01764800701,-0.191624553182,-0.0155612462152,0.289145783098,-0.020468513865,-0.158915451386,-0.0195563167547,-0.0985555655167,0.0948044691374,1.01525387423,-0.19958591915,-0.0324021875987
