bax0,bay0,baz0,bgx0,bgy0,bgz0,gax0,gay0,gaz0,bax1,bay1,baz1,bgx1,bgy1,bgz1,gax1,gay1,gaz1,bax2,bay2,baz2,bgx2,bgy2,bgz2,gax2,gay2,gaz2,bax3,bay3,baz3,bgx3,bgy3,bgz3,gax3,gay3,gaz3,bax4,bay4,baz4,bgx4,bgy4,bgz4,gax4,gay4,gaz4
0.277731399698,-0.0495353660543,-0.127701309829,-0.0492742092622,-0.0917292182055,0.0407018876723,0.977894648008,-0.270083827869,-0.198080285103,0.267775734145,-0.0456332152388,-0.142578390562,-0.0377765224182,-0.109062160924,0.0756771593284,0.971243177742,-0.280630450965,-0.206331016719,0.297475495037,-0.0074057800329,-0.0800366386422,-0.0236368600284,-0.0596119986413,0.0824044099534,0.965790184761,-0.288765497756,-0.21210841612,0.30666113218,-0.00766496343086,-0.105086072195,-0.0408028763419,-0.0896000291153,0.101192082632,0.974835229517,-0.283700610522,-0.203134140073,0.274102645738,-0.0050478154764,-0.147660727064,-0.0290571565468,-0.100089808777,0.118966468077,0.970095962045,-0.282709774569,-0.195178769003
