bax0,bay0,baz0,bgx0,bgy0,bgz0,gax0,gay0,gaz0,bax1,bay1,baz1,bgx1,bgy1,bgz1,gax1,gay1,gaz1,bax2,bay2,baz2,bgx2,bgy2,bgz2,gax2,gay2,gaz2,bax3,bay3,baz3,bgx3,bgy3,bgz3,gax3,gay3,gaz3,bax4,bay4,baz4,bgx4,bgy4,bgz4,gax4,gay4,gaz4
0.277923411013,-0.0198193311736,-0.137444973142,-0.0250412382413,-0.0866254337667,0.0903807380391,0.972266290383,-0.27481729396,-0.214627443211,0.287385521661,-0.0197148688853,-0.117412491516,-0.0165621172829,-0.0817033698774,0.0995008171445,0.96653868668,-0.275289996544,-0.216829850648,0.286774511051,-0.0249553033765,-0.110144163724,-0.0228011075752,-0.0742738136029,0.0894063490915,0.969297937809,-0.279365592561,-0.216490730023,0.287964808068,-0.0219787938464,-0.127047815399,-0.031344543657,-0.0711124887321,0.0792235385001,0.965532669787,-0.280369354027,-0.21380470845,0.291618557046,-0.0207985367373,-0.115082697367,-0.0272973869393,-0.055982035959,0.102262893719,0.963497804363,-0.281454534239,-0.221820436863
