bax0,bay0,baz0,bgx0,bgy0,bgz0,gax0,gay0,gaz0,bax1,bay1,baz1,bgx1,bgy1,bgz1,gax1,gay1,gaz1,bax2,bay2,baz2,bgx2,bgy2,bgz2,gax2,gay2,gaz2,bax3,bay3,baz3,bgx3,bgy3,bgz3,gax3,gay3,gaz3,bax4,bay4,baz4,bgx4,bgy4,bgz4,gax4,gay4,gaz4
0.284809016086,-0.0182678597412,-0.130881015361,-0.0277674220876,-0.0956018195164,0.0991324838623,0.971967682448,-0.279136084446,-0.213822768162,0.285766485793,-0.0236230545265,-0.127207980933,-0.0223999867188,-0.0703625969123,0.0963333890372,0.967230841581,-0.277681530527,-0.218735832311,0.28717350313,-0.0269486718788,-0.115404694446,-0.0253635087696,-0.0761024004827,0.0916212811447,0.967658251318,-0.282509871852,-0.219495751123,0.287738898442,-0.0195411215772,-0.132288069075,-0.0321294583722,-0.0735358919051,0.0843541554598,0.963844610752,-0.288494021829,-0.222509069659,0.291848318121,-0.0149315022196,-0.119623247921,-0.0334407586901,-0.0682414492296,0.0939845406561,0.963370371057,-0.288302569019,-0.230890309229
