bax0,bay0,baz0,bgx0,bgy0,bgz0,gax0,gay0,gaz0,bax1,bay1,baz1,bgx1,bgy1,bgz1,gax1,gay1,gaz1,bax2,bay2,baz2,bgx2,bgy2,bgz2,gax2,gay2,gaz2,bax3,bay3,baz3,bgx3,bgy3,bgz3,gax3,gay3,gaz3,bax4,bay4,baz4,bgx4,bgy4,bgz4,gax4,gay4,gaz4
0.292504898596,-0.0250352209474,-0.132410184837,-0.00922789395934,0.0199017477924,-0.015874951071,0.997775895983,-0.275079712384,-0.00534778416387,0.294018068745,-0.0227851217082,-0.115443613487,-0.0167106227477,-0.0631158633173,0.069090106115,1.001481257,-0.279037927665,-0.0054928974729,0.295139096346,-0.0148051189345,-0.116655153303,-0.00809231915112,-0.0899356475456,0.106621515794,1.00444329857,-0.279682955483,-0.016166880928,0.290933941597,-0.0227183703094,-0.112161017021,-0.0309819363611,-0.108349994748,0.115335705812,1.00211822036,-0.278936055733,-0.010675469617,0.286056073577,-0.0237534621243,-0.11465435447,-0.0360679345513,-0.0752259252665,0.111650729889,1.00092089748,-0.277658756982,-0.00829624825408
