bax0,bay0,baz0,bgx0,bgy0,bgz0,gax0,gay0,gaz0,bax1,bay1,baz1,bgx1,bgy1,bgz1,gax1,gay1,gaz1,bax2,bay2,baz2,bgx2,bgy2,bgz2,gax2,gay2,gaz2,bax3,bay3,baz3,bgx3,bgy3,bgz3,gax3,gay3,gaz3,bax4,bay4,baz4,bgx4,bgy4,bgz4,gax4,gay4,gaz4
0.2864251461,-0.0293701541309,-0.110875276552,-0.0333647445283,-0.0931423386661,0.110828368853,1.01082929036,-0.10423260804,-0.168766356153,0.292562933682,-0.0167804389589,-0.0982537707287,-0.0323525056701,-0.0658323096797,0.0828083670572,1.00903268835,-0.111028706676,-0.17500504304,0.294759903748,-0.0342245025757,-0.0937062392314,-0.0126567607163,-0.0915343279998,0.0881087071252,1.01027187482,-0.100983111336,-0.158287992363,0.288362976079,-0.0376192764248,-0.152171501569,-0.0218316029169,-0.0941322103185,0.0831301612016,1.01009913919,-0.106544984585,-0.15696959411,0.293388045506,-0.0139768376465,-0.121114897568,-0.0320194648677,-0.0662268112496,0.0648522450862,1.00938796186,-0.126185115974,-0.170998968093
