bax0,bay0,baz0,bgx0,bgy0,bgz0,gax0,gay0,gaz0,bax1,bay1,baz1,bgx1,bgy1,bgz1,gax1,gay1,gaz1,bax2,bay2,baz2,bgx2,bgy2,bgz2,gax2,gay2,gaz2,bax3,bay3,baz3,bgx3,bgy3,bgz3,gax3,gay3,gaz3,bax4,bay4,baz4,bgx4,bgy4,bgz4,gax4,gay4,gaz4
0.284786163543,-0.0245082618867,-0.12170725522,-0.0283980774065,-0.095576832956,0.10832594716,1.01024109616,-0.0901065792299,-0.177155320062,0.29585597749,-0.0200042672396,-0.096717448758,-0.0318566787512,-0.0586397325424,0.0902875381014,1.00959753269,-0.11116925236,-0.176688120212,0.292217662044,-0.0326329121593,-0.0980069810323,-0.0129537714286,-0.0964071832108,0.0985093599911,1.0118462435,-0.103909969499,-0.165846758812,0.288939788095,-0.0339581056711,-0.13894134614,-0.0200444475423,-0.0932442460772,0.0913621119358,1.01094139207,-0.109070374234,-0.158849609152,0.28896373128,-0.0215112855959,-0.106571062133,-0.0338540932194,-0.0686720756418,0.0914749548148,1.0078527535,-0.118719427286,-0.167857027681
