bax0,bay0,baz0,bgx0,bgy0,bgz0,gax0,gay0,gaz0,bax1,bay1,baz1,bgx1,bgy1,bgz1,gax1,gay1,gaz1,bax2,bay2,baz2,bgx2,bgy2,bgz2,gax2,gay2,gaz2,bax3,bay3,baz3,bgx3,bgy3,bgz3,gax3,gay3,gaz3,bax4,bay4,baz4,bgx4,bgy4,bgz4,gax4,gay4,gaz4
0.296245616602,-0.0047853900245,-0.122726080852,-0.0557105737667,-0.078490992501,0.079797361094,1.00545828351,-0.119820001523,-0.171733673322,0.287225349543,-0.00408229870884,-0.1291774919,-0.0248898689778,-0.0758652783016,0.098587965727,1.01245029494,-0.107863804775,-0.176819621909,0.283529354215,-0.0278750022528,-0.140385924297,-0.0202018322356,-0.0779682218699,0.0971065637689,1.0090847797,-0.109151442358,-0.174737193773,0.290062792309,-0.0283442034542,-0.127501464064,-0.0120285127764,-0.0693987244083,0.0900978227774,1.00381771237,-0.107185659438,-0.18024977097,0.295211237186,-0.0136815243863,-0.12566841716,-0.00334953390409,-0.0842391263689,0.0833175016022,1.00285326626,-0.114119578633,-0.186240469518
