bax0,bay0,baz0,bgx0,bgy0,bgz0,gax0,gay0,gaz0,bax1,bay1,baz1,bgx1,bgy1,bgz1,gax1,gay1,gaz1,bax2,bay2,baz2,bgx2,bgy2,bgz2,gax2,gay2,gaz2,bax3,bay3,baz3,bgx3,bgy3,bgz3,gax3,gay3,gaz3,bax4,bay4,baz4,bgx4,bgy4,bgz4,gax4,gay4,gaz4
0.443289049947,0.0161127120573,0.0830980525131,-0.0121312672253,0.020348539215,0.0778944400501,0.959277441006,-0.0853261285613,-0.308034884564,0.321109038399,-0.0442841259529,-0.0727261276,-0.0113134719922,-0.0401175601782,0.0492283034896,1.00714137927,-0.0810078708461,-0.239393889318,0.301662841862,-0.0175627284571,-0.0741512961201,-0.0132868002744,-0.0932314946727,0.0694568151039,0.993130904592,-0.0899288215443,-0.215146816613,0.302077658404,-0.016412996091,-0.102159249887,-0.0230659923113,-0.139346255774,0.087513355693,0.999588956803,-0.0879977581719,-0.223545152384,0.28247150107,-0.0253172512271,-0.125810533691,-0.0286129256266,-0.0953861939186,0.0994117661578,0.998454344492,-0.0852548545006,-0.231386684099
