bax0,bay0,baz0,bgx0,bgy0,bgz0,gax0,gay0,gaz0,bax1,bay1,baz1,bgx1,bgy1,bgz1,gax1,gay1,gaz1,bax2,bay2,baz2,bgx2,bgy2,bgz2,gax2,gay2,gaz2,bax3,bay3,baz3,bgx3,bgy3,bgz3,gax3,gay3,gaz3,bax4,bay4,baz4,bgx4,bgy4,bgz4,gax4,gay4,gaz4
0.420233312183,0.0197750675609,0.0784120242765,-0.00744297445777,0.00995930834897,0.0769463120717,0.94877301553,-0.0968396560297,-0.293292611494,0.307569299805,-0.0586235547678,-0.0976868129105,-0.0147709590471,-0.0528716595775,0.0489770684117,0.969559046883,-0.0645805783289,-0.220548485859,0.286415854191,-0.0127188218788,-0.0734172331986,-0.00940214348315,-0.100281651152,0.0623712005647,0.999353141261,-0.088154890352,-0.217163503192,0.326199694786,-0.0209514533445,-0.106270392906,-0.0218227597733,-0.104064114185,0.08472984937,1.0019925456,-0.0832199504996,-0.216262070104,0.27356419062,-0.0118143164538,-0.152827801485,-0.0373370637232,-0.110595408085,0.0998098322873,0.994424854365,-0.0920153782438,-0.197768310388
