bax0,bay0,baz0,bgx0,bgy0,bgz0,gax0,gay0,gaz0,bax1,bay1,baz1,bgx1,bgy1,bgz1,gax1,gay1,gaz1,bax2,bay2,baz2,bgx2,bgy2,bgz2,gax2,gay2,gaz2,bax3,bay3,baz3,bgx3,bgy3,bgz3,gax3,gay3,gaz3,bax4,bay4,baz4,bgx4,bgy4,bgz4,gax4,gay4,gaz4
0.456232202075,0.0119548072126,0.108066326535,-0.00741908816662,0.00581458297108,0.0749736421276,0.957493825347,-0.0876752120006,-0.306025575431,0.288486349971,-0.0612392440444,-0.0691242646181,-0.0114552536094,-0.0467010106544,0.0587373128445,1.00794950911,-0.07171885132,-0.222858886558,0.298301187493,-0.00683561157473,-0.0866588777482,-0.00797100303778,-0.0878574377565,0.0621359920621,0.988522751622,-0.0958805920001,-0.223965305183,0.298865271031,-0.00465821058438,-0.131131192195,-0.0200553401245,-0.103810593675,0.0805736688337,1.01099106626,-0.0934226096007,-0.217853447012,0.271951287993,-0.0184771320139,-0.140768494589,-0.0322037229914,-0.124753925518,0.0931764293173,1.00551212724,-0.0898658782993,-0.220579798605
