bax0,bay0,baz0,bgx0,bgy0,bgz0,gax0,gay0,gaz0,bax1,bay1,baz1,bgx1,bgy1,bgz1,gax1,gay1,gaz1,bax2,bay2,baz2,bgx2,bgy2,bgz2,gax2,gay2,gaz2,bax3,bay3,baz3,bgx3,bgy3,bgz3,gax3,gay3,gaz3,bax4,bay4,baz4,bgx4,bgy4,bgz4,gax4,gay4,gaz4
0.293302771731,-0.023731389619,-0.100336190907,-0.0375424019477,-0.0721312972551,0.108707070244,0.998714436426,-0.0880163097921,-0.218215031929,0.291592365971,-0.0197990208664,-0.092717831524,-0.0367209693669,-0.0869223269864,0.0993907361237,0.997393577208,-0.0929214866523,-0.216754455529,0.28977862666,-0.0173511356645,-0.121637011437,-0.0459640662844,-0.0851194656863,0.100475405596,1.00052361294,-0.0908702493172,-0.213392211891,0.292175337167,-0.0243879703475,-0.105161908471,-0.026336534683,-0.0678288004479,0.0837921529398,0.997160682485,-0.0847815069871,-0.216971698168,0.287081533319,-0.0242697997268,-0.129901066621,-0.0230358061875,-0.0702969410999,0.0891430019278,0.996620485432,-0.100198309319,-0.217042133661
