bax0,bay0,baz0,bgx0,bgy0,bgz0,gax0,gay0,gaz0,bax1,bay1,baz1,bgx1,bgy1,bgz1,gax1,gay1,gaz1,bax2,bay2,baz2,bgx2,bgy2,bgz2,gax2,gay2,gaz2,bax3,bay3,baz3,bgx3,bgy3,bgz3,gax3,gay3,gaz3,bax4,bay4,baz4,bgx4,bgy4,bgz4,gax4,gay4,gaz4
0.293045040374,-0.0251309027192,-0.104078180865,-0.0399831692429,-0.064759703921,0.0988208806494,0.997074667082,-0.087267584609,-0.221334989622,0.287538059669,-0.0217011124465,-0.116355633502,-0.0423291465794,-0.0924284466359,0.100170009954,0.998615750852,-0.0921349117888,-0.215013141863,0.288928626911,-0.0177242048284,-0.124056535351,-0.0403836468724,-0.0874946196172,0.104502701217,0.998089697949,-0.0898633905161,-0.215194015952,0.2942341029,-0.0364791951091,-0.11930760576,-0.0279092155495,-0.0547868085612,0.0891953561318,0.997714444079,-0.0931928080112,-0.217961448747,0.292456917127,-0.0326101178038,-0.127893367253,-0.0219720703797,-0.0783927694046,0.0855962033557,0.996800053599,-0.0981796340676,-0.215550264446
