bax0,bay0,baz0,bgx0,bgy0,bgz0,gax0,gay0,gaz0,bax1,bay1,baz1,bgx1,bgy1,bgz1,gax1,gay1,gaz1,bax2,bay2,baz2,bgx2,bgy2,bgz2,gax2,gay2,gaz2,bax3,bay3,baz3,bgx3,bgy3,bgz3,gax3,gay3,gaz3,bax4,bay4,baz4,bgx4,bgy4,bgz4,gax4,gay4,gaz4
0.292527085906,-0.0252153354278,-0.106110338345,-0.0248958527254,-0.0736779232656,0.0745276016422,0.998244526765,-0.117405681038,-0.235703892692,0.28990500621,-0.0165157966229,-0.100930758542,-0.0104267370162,-0.0737701098425,0.0847463706158,0.994949021509,-0.103311434167,-0.181481017226,0.28720698296,-0.0284602731968,-0.148004422012,-0.0346024795494,-0.0710121828534,0.0902116352127,0.995277025008,-0.0933705949865,-0.220319517287,0.304449562134,-0.0543250831473,-0.207993436619,-0.0233084140599,-0.233102833078,0.152721023481,1.00457668908,-0.169015007723,0.0687513589125,0.28847973497,-0.0333829480439,-0.140766189743,-0.0403099251897,-0.0726114016333,0.0976568455384,1.00862605239,-0.18648142954,0.08639616182
