bax0,bay0,baz0,bgx0,bgy0,bgz0,gax0,gay0,gaz0,bax1,bay1,baz1,bgx1,bgy1,bgz1,gax1,gay1,gaz1,bax2,bay2,baz2,bgx2,bgy2,bgz2,gax2,gay2,gaz2,bax3,bay3,baz3,bgx3,bgy3,bgz3,gax3,gay3,gaz3,bax4,bay4,baz4,bgx4,bgy4,bgz4,gax4,gay4,gaz4
0.28882828829,0.0088576555632,-0.0379450433121,-0.0758554295584,0.053449451103,0.00625075607156,1.00873884971,-0.206361176541,0.0786704992139,0.297257802148,-0.000178854272475,-0.0877634109344,-0.0438848367384,-0.0650136154013,0.0580625839591,1.00825197856,-0.183706429349,0.0942422843733,0.297434151427,0.00963687883527,-0.121287593891,-0.0185704298125,-0.100812927561,0.0803757106584,1.00899595615,-0.169738498059,0.119612312661,0.285053187864,-0.0237757273284,-0.136687364668,-0.0429996799559,-0.0757734661133,0.114304452226,1.00949790267,-0.165090017635,0.1197562309,0.283031040683,-0.0467478660934,-0.107457503898,-0.0191738178464,-0.0775977635807,0.101561758023,1.00934834023,-0.16445228378,0.112482864007
