bax0,bay0,baz0,bgx0,bgy0,bgz0,gax0,gay0,gaz0,bax1,bay1,baz1,bgx1,bgy1,bgz1,gax1,gay1,gaz1,bax2,bay2,baz2,bgx2,bgy2,bgz2,gax2,gay2,gaz2,bax3,bay3,baz3,bgx3,bgy3,bgz3,gax3,gay3,gaz3,bax4,bay4,baz4,bgx4,bgy4,bgz4,gax4,gay4,gaz4
0.289870673702,-0.013097459047,-0.112643252267,-0.0290044777372,-0.0848984599771,0.0995399936157,0.999780599191,-0.273547074022,-0.0132112328559,0.289364532268,-0.0159335978882,-0.10872896506,-0.0318923723032,-0.0825909545398,0.0977792947277,1.00057225691,-0.272773444085,-0.0109411602381,0.288791883665,-0.0185380758191,-0.112697030567,-0.0317290075986,-0.0775388721328,0.100917301666,0.999897522292,-0.273874663925,-0.0103376150554,0.292249501961,-0.0183004330854,-0.113334574905,-0.0274554825824,-0.0719692117194,0.0820257591078,1.00002726731,-0.277779276296,-0.0153772860871,0.296382668547,-0.0161324490561,-0.102461327352,-0.026953649923,-0.0755008357581,0.0838036021062,1.00005044997,-0.280459601621,-0.0124070444078
