bax0,bay0,baz0,bgx0,bgy0,bgz0,gax0,gay0,gaz0,bax1,bay1,baz1,bgx1,bgy1,bgz1,gax1,gay1,gaz1,bax2,bay2,baz2,bgx2,bgy2,bgz2,gax2,gay2,gaz2,bax3,bay3,baz3,bgx3,bgy3,bgz3,gax3,gay3,gaz3,bax4,bay4,baz4,bgx4,bgy4,bgz4,gax4,gay4,gaz4
0.376259606304,0.0803124033879,0.102792291075,-0.0436760577405,-0.149291179835,0.0589340413236,0.994562919283,-0.155330603779,0.0682033724214,0.316277940426,-0.0481043503185,-0.155739219591,-0.0473441006545,-0.150704557235,0.0856835741289,1.01167741368,-0.108606451734,0.128722910629,0.307721400602,-0.0030489047537,-0.154121739565,-0.0270786680975,-0.144351709219,0.0886023205999,1.01519331061,-0.114020516933,0.131548051313,0.300593270152,-0.0364375745864,-0.123920529277,-0.0207050675091,-0.111314208604,0.0960939657618,1.01971960989,-0.112811660195,0.101638961265,0.295932132525,-0.0254552294327,-0.0942512178946,-0.0301391160071,-0.0883553440227,0.0988753111043,1.01961351889,-0.135767386853,0.0958155510485
