bax0,bay0,baz0,bgx0,bgy0,bgz0,gax0,gay0,gaz0,bax1,bay1,baz1,bgx1,bgy1,bgz1,gax1,gay1,gaz1,bax2,bay2,baz2,bgx2,bgy2,bgz2,gax2,gay2,gaz2,bax3,bay3,baz3,bgx3,bgy3,bgz3,gax3,gay3,gaz3,bax4,bay4,baz4,bgx4,bgy4,bgz4,gax4,gay4,gaz4
0.311771630187,0.0232807850108,0.0380440111913,-0.0320659882577,0.318014993964,-0.0347163938396,1.01491017285,-0.0990698485152,0.0179469427766,0.28606966086,-0.0402250752252,-0.110266284536,-0.0258896607949,-0.0250602417923,0.0788758707244,1.02054067377,-0.0699583041751,0.087113615192,0.292301634342,-0.0359672802201,-0.130633578522,-0.021124843093,-0.115526797853,0.167329264634,1.02251438896,-0.0839687375143,0.0829130673247,0.288008269262,-0.049971678768,-0.137996157846,-0.0366374085163,-0.136634101161,0.125054470618,1.01803164278,-0.101685864729,0.0635436163798,0.290910118509,-0.00560073847708,-0.0894163649134,-0.038891258438,-0.0710908606093,0.0678322343059,1.02485938683,-0.111855370204,0.0530636492566
