bax0,bay0,baz0,bgx0,bgy0,bgz0,gax0,gay0,gaz0,bax1,bay1,baz1,bgx1,bgy1,bgz1,gax1,gay1,gaz1,bax2,bay2,baz2,bgx2,bgy2,bgz2,gax2,gay2,gaz2,bax3,bay3,baz3,bgx3,bgy3,bgz3,gax3,gay3,gaz3,bax4,bay4,baz4,bgx4,bgy4,bgz4,gax4,gay4,gaz4
0.309808032098,0.0167116729038,0.0531702221983,-0.044263849013,0.312589241333,-0.0242501592549,1.01669743152,-0.0879905088987,0.0297076023431,0.281539241563,-0.0345389972338,-0.106880203653,-0.0249504073743,0.0369164482773,0.0585031258141,1.0222681763,-0.070432988851,0.0665879227416,0.290944321908,-0.0474300515177,-0.14636998921,-0.0237286877139,-0.14022410987,0.13875034787,1.023557621,-0.0795106216186,0.0945282373601,0.288298558707,-0.052266967186,-0.138516168907,-0.0243176248732,-0.18234069522,0.10140728403,1.0276556035,-0.0964073156693,0.0736618220209,0.300469764405,-0.000640636438625,-0.0977318281329,-0.0471026230482,-0.107894109743,0.0938953682193,1.02302727361,-0.105027777563,0.0553711786611
