bax0,bay0,baz0,bgx0,bgy0,bgz0,gax0,gay0,gaz0,bax1,bay1,baz1,bgx1,bgy1,bgz1,gax1,gay1,gaz1,bax2,bay2,baz2,bgx2,bgy2,bgz2,gax2,gay2,gaz2,bax3,bay3,baz3,bgx3,bgy3,bgz3,gax3,gay3,gaz3,bax4,bay4,baz4,bgx4,bgy4,bgz4,gax4,gay4,gaz4
0.29159649203,-0.0028993382044,-0.105312034575,-0.0347511852573,-0.0829642138436,0.0998088672975,1.02205120673,-0.100681745468,0.0638068367919,0.292229800013,-0.0284438871787,-0.0900520279072,-0.0271570545573,-0.0753577556314,0.0932461920025,1.0248697381,-0.0993247260441,0.0770032979462,0.290034814091,-0.0160094137485,-0.0954885273639,-0.0267638482696,-0.0867399042183,0.0909849871451,1.02336469837,-0.0922352846445,0.0892581471872,0.291328156468,-0.0228464049712,-0.110747564992,-0.0349150105361,-0.0915958909942,0.091360729899,1.02173668866,-0.0969362918005,0.0935605619118,0.289913692045,-0.0168154667754,-0.111987362384,-0.0312068850103,-0.0849112467095,0.0856313495077,1.0219904459,-0.0942857637034,0.0872351536084
