bax0,bay0,baz0,bgx0,bgy0,bgz0,gax0,gay0,gaz0,bax1,bay1,baz1,bgx1,bgy1,bgz1,gax1,gay1,gaz1,bax2,bay2,baz2,bgx2,bgy2,bgz2,gax2,gay2,gaz2,bax3,bay3,baz3,bgx3,bgy3,bgz3,gax3,gay3,gaz3,bax4,bay4,baz4,bgx4,bgy4,bgz4,gax4,gay4,gaz4
0.286565738702,-0.00509838923007,-0.130037188914,-0.0341851436829,-0.0805523150038,0.0765467864927,1.02226616454,-0.103298044527,0.072952723742,0.292145986526,-0.0197983373744,-0.130647988563,-0.0297194732331,-0.0741649376636,0.107048834622,1.0211872545,-0.096495038624,0.0960328206193,0.289481821201,-0.0234718575076,-0.10944783032,-0.0181101365365,-0.0708959211214,0.0939009316912,1.02232926789,-0.0959588582228,0.0732503303746,0.319042639202,0.0399878716319,-0.0838987898403,0.0115845694345,0.189168751299,-0.204811579943,1.00875864779,-0.215848955511,-0.070072909599,0.288550695111,-0.00858694432859,-0.10851530417,-0.010853223957,0.070750286033,-0.0927069212036,1.02119379665,-0.195400261665,-0.0603366956644
