bax0,bay0,baz0,bgx0,bgy0,bgz0,gax0,gay0,gaz0,bax1,bay1,baz1,bgx1,bgy1,bgz1,gax1,gay1,gaz1,bax2,bay2,baz2,bgx2,bgy2,bgz2,gax2,gay2,gaz2,bax3,bay3,baz3,bgx3,bgy3,bgz3,gax3,gay3,gaz3,bax4,bay4,baz4,bgx4,bgy4,bgz4,gax4,gay4,gaz4
0.293712814808,-0.0156025284363,-0.106394089065,-0.0144986571702,-0.0207623992318,0.0293958273782,1.01812332964,-0.17432472438,-0.0597119711465,0.294281091341,-0.0158710369561,-0.107117571764,-0.024878952689,-0.0692670527273,0.10131530111,1.02037887832,-0.176720225912,-0.0596708933025,0.292558500857,-0.0162327413792,-0.110018360023,-0.0371648370343,-0.0823011388085,0.109083534633,1.0189697505,-0.175645520813,-0.0523286024644,0.290058939367,-0.0135706210074,-0.112571602567,-0.0236044087755,-0.0701201089053,0.113106191901,1.02045465438,-0.175317705357,-0.0549202035663,0.291961011716,-0.0184726735061,-0.111489107872,-0.0339541298099,-0.0861960592242,0.108686565803,1.02014257085,-0.174080944362,-0.0487936890705
