bax0,bay0,baz0,bgx0,bgy0,bgz0,gax0,gay0,gaz0,bax1,bay1,baz1,bgx1,bgy1,bgz1,gax1,gay1,gaz1,bax2,bay2,baz2,bgx2,bgy2,bgz2,gax2,gay2,gaz2,bax3,bay3,baz3,bgx3,bgy3,bgz3,gax3,gay3,gaz3,bax4,bay4,baz4,bgx4,bgy4,bgz4,gax4,gay4,gaz4
0.290756419516,-0.0339168745504,-0.130697539394,-0.0111279004586,-0.0884246564501,0.102038542645,1.01888675584,-0.177081572262,-0.0534737485921,0.283676367016,-0.0152414047042,-0.0700413110834,-0.014870037654,-0.10890541074,0.098778740328,1.01568119673,-0.163818409401,-0.0271887821767,0.294729436151,0.0266201193483,0.100288675044,0.107498329336,0.390479644766,-0.0410334307841,1.02753854453,-0.0489833052773,-0.123247445716,0.272958056496,-0.0388550336348,-0.186139604129,0.0486454239037,0.162631244203,0.0863767119447,1.028963019,0.00400494193541,-0.068702216972,0.292506206622,-0.0115738518448,-0.10728511305,0.00699002233182,0.0214386721689,0.13438260359,1.01888469509,-0.0444619768526,-0.0948688479971
