bax0,bay0,baz0,bgx0,bgy0,bgz0,gax0,gay0,gaz0,bax1,bay1,baz1,bgx1,bgy1,bgz1,gax1,gay1,gaz1,bax2,bay2,baz2,bgx2,bgy2,bgz2,gax2,gay2,gaz2,bax3,bay3,baz3,bgx3,bgy3,bgz3,gax3,gay3,gaz3,bax4,bay4,baz4,bgx4,bgy4,bgz4,gax4,gay4,gaz4
0.297820531171,-0.0189941033147,-0.136405616644,-0.0154603791165,-0.131782996207,0.0792202588526,1.01584753422,-0.179249514682,-0.0585871889841,0.293204336599,-0.0175006155957,-0.12223046401,-0.0315668214268,-0.125098440244,0.0997976608348,1.0170345029,-0.142447850118,-0.0430591936442,0.296911923609,0.0386078429318,0.0610370096541,0.104370661758,0.376133268181,-0.0377187023372,1.0198772032,-0.0281957584749,-0.132049618562,0.27362281341,-0.0361603950079,-0.169461850127,0.0307423988935,0.154605508757,0.0687784294396,1.02290068057,-0.00446091521413,-0.0569710867988,0.295915108521,-0.00732095114363,-0.127271495502,0.00243883723427,0.0315338310179,0.102261609646,1.0228595423,-0.0422497119423,-0.0788815823432
