bax0,bay0,baz0,bgx0,bgy0,bgz0,gax0,gay0,gaz0,bax1,bay1,baz1,bgx1,bgy1,bgz1,gax1,gay1,gaz1,bax2,bay2,baz2,bgx2,bgy2,bgz2,gax2,gay2,gaz2,bax3,bay3,baz3,bgx3,bgy3,bgz3,gax3,gay3,gaz3,bax4,bay4,baz4,bgx4,bgy4,bgz4,gax4,gay4,gaz4
0.291915562729,-0.021102869775,-0.128703917347,-0.0317753987076,-0.07499518875,0.104793378279,1.02321999181,-0.0246729042309,-0.093934622761,0.288949663095,-0.013401721938,-0.108328890295,-0.0353426183407,-0.100458032638,0.0977689805333,1.02140668264,-0.0238031669989,-0.0925184783663,0.291886960522,-0.0145721595342,-0.106154535498,-0.0334438566285,-0.102730290087,0.0884892644041,1.02088911381,-0.0288125962503,-0.0938446838461,0.293432220912,-0.0198103569015,-0.110316838474,-0.0327487164767,-0.0970427842398,0.0918788329852,1.02101789011,-0.0246095288544,-0.0881248702478,0.293710414124,-0.0142832559684,-0.11208890539,-0.0329389044333,-0.0991059672003,0.0970209302829,1.02161143862,-0.0223754955496,-0.0899744827106
