bax0,bay0,baz0,bgx0,bgy0,bgz0,gax0,gay0,gaz0,bax1,bay1,baz1,bgx1,bgy1,bgz1,gax1,gay1,gaz1,bax2,bay2,baz2,bgx2,bgy2,bgz2,gax2,gay2,gaz2,bax3,bay3,baz3,bgx3,bgy3,bgz3,gax3,gay3,gaz3,bax4,bay4,baz4,bgx4,bgy4,bgz4,gax4,gay4,gaz4
0.293003766808,-0.0192959485838,-0.121257681729,-0.0300131373633,-0.0715664375137,0.108181793814,1.02078156666,-0.0192820306846,-0.0910758530081,0.289821034971,-0.0172928628532,-0.110611254365,-0.03523774233,-0.0946432870115,0.100656747658,1.01986271033,-0.0234498906645,-0.0924018842779,0.287598010602,-0.0164944887502,-0.113198644806,-0.0384558424214,-0.102994277597,0.0998573273238,1.02081988364,-0.0239821136061,-0.0950445842517,0.2953485895,-0.0175305598004,-0.102451695052,-0.0323402478461,-0.0805724085512,0.100035783532,1.02042744657,-0.0246625543481,-0.0901760390036,0.286428624574,-0.0143585451324,-0.113723583552,-0.0310908272159,-0.0921282040281,0.092294400945,1.02105801054,-0.0200581583034,-0.0914856176611
