bax0,bay0,baz0,bgx0,bgy0,bgz0,gax0,gay0,gaz0,bax1,bay1,baz1,bgx1,bgy1,bgz1,gax1,gay1,gaz1,bax2,bay2,baz2,bgx2,bgy2,bgz2,gax2,gay2,gaz2,bax3,bay3,baz3,bgx3,bgy3,bgz3,gax3,gay3,gaz3,bax4,bay4,baz4,bgx4,bgy4,bgz4,gax4,gay4,gaz4
0.297541547146,-0.00193800389173,-0.120056156701,-0.0304272486707,-0.113780095509,0.146820706094,0.970858219092,-0.362664378796,0.0107040217613,0.286614725627,-0.0273566744727,-0.120150463127,-0.030090067332,-0.103115443269,0.137086825514,0.976299767187,-0.353141861754,0.00662845217683,0.278953882667,-0.0347959224794,-0.119568988297,-0.0293174233033,-0.111798611836,0.111402370907,0.97290261755,-0.348763646701,0.00317267913605,0.290683899611,-0.0185753797969,-0.136889655666,-0.0324390914438,-0.0858971931857,0.0789942782331,0.967496698284,-0.361668089403,0.00362619195414,0.28120710439,-0.0128077041982,-0.11766585059,-0.0261073289843,-0.0691041337306,0.0949737595697,0.974802156366,-0.360400084199,-0.00237647096324
