bax0,bay0,baz0,bgx0,bgy0,bgz0,gax0,gay0,gaz0,bax1,bay1,baz1,bgx1,bgy1,bgz1,gax1,gay1,gaz1,bax2,bay2,baz2,bgx2,bgy2,bgz2,gax2,gay2,gaz2,bax3,bay3,baz3,bgx3,bgy3,bgz3,gax3,gay3,gaz3,bax4,bay4,baz4,bgx4,bgy4,bgz4,gax4,gay4,gaz4
0.292938477471,-0.0195954244021,-0.130514046054,-0.0274303427938,-0.0879634202236,0.0985170103106,1.02085223987,-0.0211881090959,-0.0914328308615,0.291680627595,-0.0203619216966,-0.13078269954,-0.0291377299177,-0.0810870632809,0.0897612532265,1.02198096693,-0.0276117090096,-0.0967409805152,0.29254673075,-0.0206545411518,-0.101940838641,-0.0285921914727,-0.0675835329488,0.0876210570959,1.02100142196,-0.0268202143683,-0.10132952276,0.294373510161,-0.0101214901939,-0.117439864169,-0.0313574620795,-0.0788016884395,0.0905292191569,1.02196720505,-0.026574515063,-0.0929627236446,0.292597723439,-0.0175076036684,-0.113516094341,-0.0296954612621,-0.0688136002203,0.089343830323,1.02045498332,-0.0243049076334,-0.0963958837657
