bax0,bay0,baz0,bgx0,bgy0,bgz0,gax0,gay0,gaz0,bax1,bay1,baz1,bgx1,bgy1,bgz1,gax1,gay1,gaz1,bax2,bay2,baz2,bgx2,bgy2,bgz2,gax2,gay2,gaz2,bax3,bay3,baz3,bgx3,bgy3,bgz3,gax3,gay3,gaz3,bax4,bay4,baz4,bgx4,bgy4,bgz4,gax4,gay4,gaz4
0.290799628377,-0.0200461104467,-0.134455115931,-0.0303882821736,-0.0922791039396,0.0979710761759,1.02242310455,-0.0212848660829,-0.0902694551386,0.290473881912,-0.0192961636604,-0.124544786855,-0.0325186623586,-0.0710134296184,0.085883252313,1.02043302766,-0.0226562590307,-0.096510592033,0.29187779942,-0.0139306431979,-0.104133024839,-0.0317187043548,-0.0646738364596,0.0887535222718,1.02001351553,-0.029199886955,-0.101674649717,0.29478172306,-0.0192172573225,-0.11040621804,-0.0299422091103,-0.0787697816908,0.0944952376461,1.0195189661,-0.0234925205543,-0.0996459217351,0.290327415182,-0.0174261702377,-0.112094115916,-0.0236918408412,-0.0721736512663,0.0917167083592,1.02192253152,-0.0226607890105,-0.102398527704
