bax0,bay0,baz0,bgx0,bgy0,bgz0,gax0,gay0,gaz0,bax1,bay1,baz1,bgx1,bgy1,bgz1,gax1,gay1,gaz1,bax2,bay2,baz2,bgx2,bgy2,bgz2,gax2,gay2,gaz2,bax3,bay3,baz3,bgx3,bgy3,bgz3,gax3,gay3,gaz3,bax4,bay4,baz4,bgx4,bgy4,bgz4,gax4,gay4,gaz4
0.288387985201,-0.0272937854744,-0.139927323104,-0.0314947786164,-0.0798111620926,0.0931382489973,1.01985182266,-0.0210843679347,-0.0861473882598,0.293877610723,-0.0150522590313,-0.124518233468,-0.0337269007804,-0.0720097587738,0.082416980534,1.02284576187,-0.0246462677319,-0.0896829742058,0.29201316898,-0.0165925259631,-0.103217571069,-0.032581319914,-0.0631215028568,0.0877289512879,1.01908577057,-0.0268144879852,-0.0983706646729,0.292317270305,-0.0139441445688,-0.110373947268,-0.0292934643986,-0.0808017856637,0.0936421293882,1.02079083446,-0.0241834161822,-0.100046513787,0.285925046856,-0.0186891440504,-0.114306269915,-0.0265338181701,-0.0721809951794,0.0943766002933,1.02144043462,-0.0246177129568,-0.0952177856531
