bax0,bay0,baz0,bgx0,bgy0,bgz0,gax0,gay0,gaz0,bax1,bay1,baz1,bgx1,bgy1,bgz1,gax1,gay1,gaz1,bax2,bay2,baz2,bgx2,bgy2,bgz2,gax2,gay2,gaz2,bax3,bay3,baz3,bgx3,bgy3,bgz3,gax3,gay3,gaz3,bax4,bay4,baz4,bgx4,bgy4,bgz4,gax4,gay4,gaz4
0.281973690468,0.00453967995099,-0.0974289329057,-0.021949638065,-0.0189866235886,0.0624089789065,1.01829479232,-0.00188912929825,-0.0987373963657,0.313452030165,-0.0124980529599,-0.112936184074,-0.0321697303215,-0.10509827823,0.0774718210831,1.02462730019,-0.0305719393327,-0.087321105123,0.284207773326,-0.0178024072582,-0.124903450545,-0.0333268861483,-0.0639308897505,0.123530404028,1.0223980014,-0.0325911943646,-0.123515168449,0.267240050761,-0.017288397836,-0.494964112086,-0.0236909721065,0.456903251912,-0.293235447869,0.937075917153,-0.11356594098,-0.210959091572,0.349848667447,0.0301065870491,-0.00918310796347,0.0126824652064,0.291393841967,-0.0427067868525,0.936011039002,-0.146873742348,-0.320477192515
