bax0,bay0,baz0,bgx0,bgy0,bgz0,gax0,gay0,gaz0,bax1,bay1,baz1,bgx1,bgy1,bgz1,gax1,gay1,gaz1,bax2,bay2,baz2,bgx2,bgy2,bgz2,gax2,gay2,gaz2,bax3,bay3,baz3,bgx3,bgy3,bgz3,gax3,gay3,gaz3,bax4,bay4,baz4,bgx4,bgy4,bgz4,gax4,gay4,gaz4
0.277288744322,-0.00783699983728,-0.0910004997841,-0.0334078357362,-0.0635893715948,0.0966803302511,1.00836908833,-0.0446244921031,-0.0937473102297,0.293011925283,-0.0171110715711,-0.107167646501,-0.0349536391216,-0.0552854454613,0.0873493362165,1.02489173034,-0.0115324200555,-0.0820948075995,0.286224486835,-0.00887191989727,-0.0869959057428,-0.0296652023262,-0.0786376899092,0.0675084116796,1.01426298832,-0.00922834750823,-0.121703867088,0.266531189864,-0.00465464279112,-0.506520406744,-0.0266992556483,0.447234313092,-0.30185984022,0.936789039811,-0.141368162895,-0.203974304864,0.361513188409,0.0461087549404,-0.0159237615302,0.00670934862995,0.282296348412,-0.0855373960619,0.943572449828,-0.134167326471,-0.358417227824
