bax0,bay0,baz0,bgx0,bgy0,bgz0,gax0,gay0,gaz0,bax1,bay1,baz1,bgx1,bgy1,bgz1,gax1,gay1,gaz1,bax2,bay2,baz2,bgx2,bgy2,bgz2,gax2,gay2,gaz2,bax3,bay3,baz3,bgx3,bgy3,bgz3,gax3,gay3,gaz3,bax4,bay4,baz4,bgx4,bgy4,bgz4,gax4,gay4,gaz4
0.301045966455,-0.0218469851992,-0.0969387302167,-0.0189929983437,0.121058128715,0.0204624502169,0.961600093404,-0.117174643604,-0.311839340362,0.30216332163,-0.0181460841348,-0.0974352138183,-0.0202817782149,3.28906773422e-06,0.0681570621927,0.969072774039,-0.117800871402,-0.304003360081,0.294530068775,-0.0223704103052,-0.103696607581,-0.0372048926576,-0.103835146774,0.0978732943586,0.971174167452,-0.117421052293,-0.29983502208,0.289496943251,-0.0216834082595,-0.116987385419,-0.0415561889928,-0.0939133298423,0.106297016568,0.971007027328,-0.119146314325,-0.29171631379,0.293440451071,-0.0187356698222,-0.111221666848,-0.0393194504093,-0.0923045863306,0.0917811297956,0.968178336931,-0.114996292467,-0.286907105337
