bax0,bay0,baz0,bgx0,bgy0,bgz0,gax0,gay0,gaz0,bax1,bay1,baz1,bgx1,bgy1,bgz1,gax1,gay1,gaz1,bax2,bay2,baz2,bgx2,bgy2,bgz2,gax2,gay2,gaz2,bax3,bay3,baz3,bgx3,bgy3,bgz3,gax3,gay3,gaz3,bax4,bay4,baz4,bgx4,bgy4,bgz4,gax4,gay4,gaz4
0.304297916884,-0.0195679403372,-0.103301174387,-0.0201762504679,-0.0926542445244,0.0970312477188,0.971135565482,-0.116702260642,-0.290683862991,0.306783650445,-0.0161439628931,-0.0978955410664,-0.0455554021621,-0.0517792185553,0.0974240230301,0.976236464306,-0.115301876704,-0.283183806825,0.316031298512,-0.0132567629339,-0.0506119799745,-0.0211781046564,-0.0671967339538,0.0860487068801,0.977517474413,-0.119168760276,-0.277085596572,0.278555157541,-0.0188551834323,-0.0909397259237,-0.0176830040513,-0.140520495367,0.0982542393319,0.984335339321,-0.114131172383,-0.261288191599,0.274503634716,-0.0265251876323,-0.168178906595,-0.0293359986322,-0.107557919438,0.0911376093498,0.986442035757,-0.116526338266,-0.264730583036
