bax0,bay0,baz0,bgx0,bgy0,bgz0,gax0,gay0,gaz0,bax1,bay1,baz1,bgx1,bgy1,bgz1,gax1,gay1,gaz1,bax2,bay2,baz2,bgx2,bgy2,bgz2,gax2,gay2,gaz2,bax3,bay3,baz3,bgx3,bgy3,bgz3,gax3,gay3,gaz3,bax4,bay4,baz4,bgx4,bgy4,bgz4,gax4,gay4,gaz4
0.288572468819,-0.0354827000518,-0.111734184532,-0.0856727428839,-0.150000786378,0.0831280491176,0.983701384671,-0.180069715743,0.236974415446,0.283680608887,-0.0128737331702,-0.110668733754,-0.0652860566951,-0.134208850172,0.0817120034045,0.98375043637,-0.182877816213,0.231910903067,0.285170314659,-0.0195081194231,-0.110305796158,-0.0434402088103,-0.112446232262,0.105461800066,0.981769251528,-0.182963905028,0.238755686147,0.288681778576,-0.0127028315653,-0.103109017938,-0.0069071883905,-0.102429358012,0.0977893527841,0.983715405093,-0.183529912257,0.236870255581,0.288589459422,-0.0145942463239,-0.106246755237,-0.0281649614686,-0.0762852681865,0.115194020581,0.98173872043,-0.1763170699,0.241911507636
