bax0,bay0,baz0,bgx0,bgy0,bgz0,gax0,gay0,gaz0,bax1,bay1,baz1,bgx1,bgy1,bgz1,gax1,gay1,gaz1,bax2,bay2,baz2,bgx2,bgy2,bgz2,gax2,gay2,gaz2,bax3,bay3,baz3,bgx3,bgy3,bgz3,gax3,gay3,gaz3,bax4,bay4,baz4,bgx4,bgy4,bgz4,gax4,gay4,gaz4
0.290557704636,-0.0270203213657,-0.104595080818,-0.0874965666388,-0.137080782856,0.0811934908983,0.983240526131,-0.180783904639,0.228117699951,0.285442420215,-0.00887098721051,-0.113990519759,-0.0551111192506,-0.137839769484,0.0897076773556,0.984586115397,-0.181812641603,0.235429234995,0.290205689736,-0.00630714714739,-0.112206304651,-0.0462346864947,-0.110538470838,0.100562652083,0.985309934152,-0.178370390183,0.232850845963,0.293361785751,-0.0124970439948,-0.103310763534,0.00194295532235,-0.0734972886391,0.11134969877,0.983790388762,-0.17773018641,0.238224610762,0.290364776986,-0.0132915205498,-0.103621433315,-0.0201056971011,-0.0821927398867,0.104934965299,0.984524508766,-0.175026853878,0.23936725859
