bax0,bay0,baz0,bgx0,bgy0,bgz0,gax0,gay0,gaz0,bax1,bay1,baz1,bgx1,bgy1,bgz1,gax1,gay1,gaz1,bax2,bay2,baz2,bgx2,bgy2,bgz2,gax2,gay2,gaz2,bax3,bay3,baz3,bgx3,bgy3,bgz3,gax3,gay3,gaz3,bax4,bay4,baz4,bgx4,bgy4,bgz4,gax4,gay4,gaz4
0.297528733181,-0.0160527443991,-0.114110987619,-0.0216965411617,-0.0801630257662,0.093627470251,1.01359942371,-0.184087685481,0.0827841270413,0.291208092024,-0.0203732533818,-0.11101254261,-0.0288669236592,-0.0746149453194,0.092147518579,1.01691825642,-0.182396449575,0.084036403438,0.291328854316,-0.0192911756426,-0.113884163104,-0.0263170516169,-0.0767508559338,0.0955676637758,1.01447759203,-0.18058728571,0.0837201781316,0.290091952294,-0.0154004484353,-0.117942779604,-0.0273847869913,-0.0773481601279,0.0913145668086,1.01246254069,-0.178451267691,0.0815612633259,0.292431328875,-0.0137365821749,-0.116639705773,-0.0237044915613,-0.0821592619725,0.0916080735327,1.01337502388,-0.182026940249,0.0843192102475
