bax0,bay0,baz0,bgx0,bgy0,bgz0,gax0,gay0,gaz0,bax1,bay1,baz1,bgx1,bgy1,bgz1,gax1,gay1,gaz1,bax2,bay2,baz2,bgx2,bgy2,bgz2,gax2,gay2,gaz2,bax3,bay3,baz3,bgx3,bgy3,bgz3,gax3,gay3,gaz3,bax4,bay4,baz4,bgx4,bgy4,bgz4,gax4,gay4,gaz4
0.290555968672,-0.0219612391384,-0.117125924907,-0.0269793437994,-0.090025261578,0.101810444425,0.972669160761,-0.362581670276,-0.0333211453846,0.292711533049,-0.0205662227112,-0.117967235788,-0.0303446370103,-0.0921216489774,0.106873375417,0.969929923412,-0.36906843903,-0.0302840939228,0.292462265545,-0.0140721581123,-0.122689221353,-0.0300005188987,-0.0832364610224,0.0967008239289,0.967476427917,-0.366879269554,-0.0417780669354,0.29310682857,-0.017527433916,-0.119468022423,-0.028996785013,-0.0761315086287,0.0971691985975,0.970123958888,-0.364553401055,-0.0409314138933,0.287540913714,-0.0224102538473,-0.115420812096,-0.0312052340871,-0.0780138894211,0.0779649942456,0.967913213661,-0.363722695902,-0.0460920697725
