bax0,bay0,baz0,bgx0,bgy0,bgz0,gax0,gay0,gaz0,bax1,bay1,baz1,bgx1,bgy1,bgz1,gax1,gay1,gaz1,bax2,bay2,baz2,bgx2,bgy2,bgz2,gax2,gay2,gaz2,bax3,bay3,baz3,bgx3,bgy3,bgz3,gax3,gay3,gaz3,bax4,bay4,baz4,bgx4,bgy4,bgz4,gax4,gay4,gaz4
0.303612783407,0.00440197565953,-0.113510106172,-0.0253522040889,-0.0544230843442,-0.116363695072,1.0132189835,-0.208228291046,0.0696266930519,0.28011309867,-0.0445331169695,-0.123545067087,-0.0142241871194,-0.0632224665868,0.0232796329307,1.01891684038,-0.181060538939,0.0738013747367,0.291370925397,-0.00846930298188,-0.12222424944,-0.0261968395994,-0.0590849181915,0.0846411039371,1.01452434551,-0.193695215619,0.0726015964018,0.289340067306,-0.0239045293049,-0.122203682173,-0.0293014018684,-0.0773673293604,0.0848916793979,1.01411348498,-0.194881444253,0.0627892670658,0.29657000891,-0.0199660152464,-0.114427336719,-0.0310148920703,-0.0798803590039,0.0933918443775,1.01232149102,-0.186038785628,0.0691918810338
