bax0,bay0,baz0,bgx0,bgy0,bgz0,gax0,gay0,gaz0,bax1,bay1,baz1,bgx1,bgy1,bgz1,gax1,gay1,gaz1,bax2,bay2,baz2,bgx2,bgy2,bgz2,gax2,gay2,gaz2,bax3,bay3,baz3,bgx3,bgy3,bgz3,gax3,gay3,gaz3,bax4,bay4,baz4,bgx4,bgy4,bgz4,gax4,gay4,gaz4
0.285790416731,-0.0183257770561,-0.111001666972,-0.0241396779225,-0.0780479236405,0.0977697252248,1.01550656057,-0.195921455015,0.0645399676041,0.291006941161,-0.0193185871942,-0.113103496841,-0.0320396248774,-0.077482038321,0.0960842287757,1.01380635065,-0.194584031499,0.0641899817252,0.291859171915,-0.0171598963327,-0.119298833476,-0.0369145784103,-0.0792497596852,0.0974074984308,1.01392282995,-0.190166962757,0.0663356930246,0.291115466558,-0.0203742155707,-0.117639297071,-0.0397430505958,-0.0763859849605,0.0979765329693,1.01437624486,-0.191318574488,0.0632307651098,0.292250524275,-0.0161373860334,-0.112610800382,-0.0204890656902,-0.0784531985841,0.0746449464013,1.01436542908,-0.197648860283,0.0610110905998
