bax0,bay0,baz0,bgx0,bgy0,bgz0,gax0,gay0,gaz0,bax1,bay1,baz1,bgx1,bgy1,bgz1,gax1,gay1,gaz1,bax2,bay2,baz2,bgx2,bgy2,bgz2,gax2,gay2,gaz2,bax3,bay3,baz3,bgx3,bgy3,bgz3,gax3,gay3,gaz3,bax4,bay4,baz4,bgx4,bgy4,bgz4,gax4,gay4,gaz4
0.291840392347,-0.0174978853905,-0.114222946389,-0.0179385887662,-0.0794313868813,0.0958027481589,1.01401375526,-0.193408289486,0.0648004128074,0.290347089834,-0.0128478874676,-0.112111614987,-0.0202386436854,-0.078767957556,0.0921281653658,1.01390711278,-0.190745839884,0.0659653606125,0.292958734249,-0.0256031923565,-0.114975162397,-0.0378863676612,-0.0751489986115,0.104899540966,1.0148284449,-0.190317542402,0.0667127594335,0.291619637804,-0.0238729935785,-0.126361965635,-0.0307269353338,-0.0759738150836,0.0943070751152,1.01528241219,-0.194836952477,0.0620032242904,0.293479153852,-0.0132380392741,-0.107354169145,-0.0259310828537,-0.0764038528448,0.082189418241,1.01541583403,-0.197961829379,0.0632631836663
