bax0,bay0,baz0,bgx0,bgy0,bgz0,gax0,gay0,gaz0,bax1,bay1,baz1,bgx1,bgy1,bgz1,gax1,gay1,gaz1,bax2,bay2,baz2,bgx2,bgy2,bgz2,gax2,gay2,gaz2,bax3,bay3,baz3,bgx3,bgy3,bgz3,gax3,gay3,gaz3,bax4,bay4,baz4,bgx4,bgy4,bgz4,gax4,gay4,gaz4
0.291813096047,-0.0202150600658,-0.116877752943,-0.0189930417798,-0.0821091133942,0.109420980859,1.01487975557,-0.194906545868,0.0635863459612,0.294278274049,-0.0151989376598,-0.114662551921,-0.0356373166342,-0.0801740474156,0.096425721207,1.01538231794,-0.193492190686,0.0671111865214,0.295099856642,-0.017111882543,-0.120001001455,-0.0386826857081,-0.080727139236,0.102300094915,1.01233516782,-0.194847791107,0.0666089349283,0.290472523641,-0.0194587909937,-0.125644466731,-0.0319871095308,-0.0738460154646,0.0879225456808,1.01725418151,-0.194071967785,0.0607085925081,0.289583138717,-0.0090894836419,-0.113665901599,-0.0267652173628,-0.0768907513256,0.0770904485398,1.01400583522,-0.193248288134,0.0622347726637
