bax0,bay0,baz0,bgx0,bgy0,bgz0,gax0,gay0,gaz0,bax1,bay1,baz1,bgx1,bgy1,bgz1,gax1,gay1,gaz1,bax2,bay2,baz2,bgx2,bgy2,bgz2,gax2,gay2,gaz2,bax3,bay3,baz3,bgx3,bgy3,bgz3,gax3,gay3,gaz3,bax4,bay4,baz4,bgx4,bgy4,bgz4,gax4,gay4,gaz4
0.307359746452,0.0107408989066,-0.100833794966,-0.0343850267423,-0.0743935811399,0.0827133448362,0.972432907803,-0.219126206047,-0.26143009659,0.297869125915,-0.014040614078,-0.0915658941033,-0.0407775154893,-0.0834101848007,0.129667629412,0.97647329192,-0.196435223751,-0.244501928919,0.298297640088,-0.0148224499578,-0.0945293009136,-0.0288352443216,-0.0955643923694,0.102182324359,0.978135956787,-0.200870828057,-0.236984356488,0.292072415303,-0.00766022788454,-0.102420167558,-0.0358782207417,-0.0892934958817,0.0951395939113,0.982221974165,-0.206193927796,-0.239184809872,0.297728209117,-0.00489328566938,-0.111175264409,-0.0296384052925,-0.0857101054069,0.101525331834,0.991375006081,-0.200172121636,-0.231243223416
