bax0,bay0,baz0,bgx0,bgy0,bgz0,gax0,gay0,gaz0,bax1,bay1,baz1,bgx1,bgy1,bgz1,gax1,gay1,gaz1,bax2,bay2,baz2,bgx2,bgy2,bgz2,gax2,gay2,gaz2,bax3,bay3,baz3,bgx3,bgy3,bgz3,gax3,gay3,gaz3,bax4,bay4,baz4,bgx4,bgy4,bgz4,gax4,gay4,gaz4
0.29641857127,-0.011233124669,-0.112831450876,-0.03039575325,-0.0716044612708,0.0884448925065,0.983494788189,-0.21304241661,-0.240415742046,0.309141079934,-0.0121743003951,-0.114597823995,-0.0226345131109,-0.0831444300518,0.0933112503165,0.979877469796,-0.189911924558,-0.246341774499,0.420473913179,0.0711239646667,0.0145684610749,0.0129221580025,0.106810723662,-0.0299076762267,0.877802897797,-0.26300517415,-0.3843775615,0.276589615441,-0.0261062803998,-0.13168208032,-0.0194373981191,-0.0341816640356,0.0777827440185,0.936409886648,-0.215673143703,-0.336981393225,0.267004424505,-0.0330933213504,-0.133819225581,-0.0264780189561,-0.0361284879167,0.0987279654273,0.950025162602,-0.227609510831,-0.336316614904
