bax0,bay0,baz0,bgx0,bgy0,bgz0,gax0,gay0,gaz0,bax1,bay1,baz1,bgx1,bgy1,bgz1,gax1,gay1,gaz1,bax2,bay2,baz2,bgx2,bgy2,bgz2,gax2,gay2,gaz2,bax3,bay3,baz3,bgx3,bgy3,bgz3,gax3,gay3,gaz3,bax4,bay4,baz4,bgx4,bgy4,bgz4,gax4,gay4,gaz4
0.297519105561,-0.0317505957527,-0.122812261654,-0.0329632643351,-0.0549451080905,0.0709320692649,0.985392040729,-0.199664580722,-0.243648907699,0.30944367255,-0.01668889441,-0.0961058745981,-0.0227899790613,-0.0755823442668,0.101983942909,0.976929113299,-0.212098653832,-0.233703725982,0.420591039023,0.0567928205758,0.0112822033222,0.0156980747523,0.0844117000549,0.00340571059279,0.89361731689,-0.279419522295,-0.39130501379,0.278325088209,-0.0361554051707,-0.122185625966,-0.0159881309898,-0.014056302223,0.0869676405012,0.934326804174,-0.217476406652,-0.355992613471,0.28638499637,-0.0260289665453,-0.145996600605,-0.0291203094975,-0.0511125454431,0.0982819805284,0.934160000142,-0.223327054829,-0.331690022626
