bax0,bay0,baz0,bgx0,bgy0,bgz0,gax0,gay0,gaz0,bax1,bay1,baz1,bgx1,bgy1,bgz1,gax1,gay1,gaz1,bax2,bay2,baz2,bgx2,bgy2,bgz2,gax2,gay2,gaz2,bax3,bay3,baz3,bgx3,bgy3,bgz3,gax3,gay3,gaz3,bax4,bay4,baz4,bgx4,bgy4,bgz4,gax4,gay4,gaz4
0.289487379325,-0.0215620856293,-0.112579671732,-0.0271276971261,-0.0769445431036,0.10137915753,0.920394589007,-0.236180142848,-0.362533919577,0.294768536649,-0.0224972713121,-0.117059593027,-0.0271254155406,-0.0951949255887,0.0975345358828,0.919496894695,-0.233683968246,-0.361917484463,0.279417331778,-0.0292928089736,-0.122215895532,-0.0313572757566,-0.090358516942,0.0937431803964,0.921097444838,-0.239869381913,-0.367451748217,0.294830973076,-0.0214846651056,-0.0983525379883,-0.029299766972,-0.0773989919911,0.0776461246144,0.921894323006,-0.241490339866,-0.371723665457,0.294094664836,-0.0187552182075,-0.11225787817,-0.0271182098973,-0.0809939201803,0.077018525531,0.920094804322,-0.24137653321,-0.366303230217
