bax0,bay0,baz0,bgx0,bgy0,bgz0,gax0,gay0,gaz0,bax1,bay1,baz1,bgx1,bgy1,bgz1,gax1,gay1,gaz1,bax2,bay2,baz2,bgx2,bgy2,bgz2,gax2,gay2,gaz2,bax3,bay3,baz3,bgx3,bgy3,bgz3,gax3,gay3,gaz3,bax4,bay4,baz4,bgx4,bgy4,bgz4,gax4,gay4,gaz4
0.293268207169,-0.014155202356,-0.114046922468,-0.0260384893708,-0.0821999231015,0.115862133459,0.92069662867,-0.235054559308,-0.360624059639,0.283211486473,-0.0183565399475,-0.126387605099,-0.0298252136297,-0.0970570802541,0.106641618187,0.922860826787,-0.23320943644,-0.358885898666,0.282374759601,-0.0242939529806,-0.135492370315,-0.0249052399292,-0.0896094840709,0.0903179788139,0.921114749867,-0.238909160543,-0.364813542615,0.294574802169,-0.0141369341305,-0.10324485139,-0.0292018157007,-0.0721668515078,0.0727268309437,0.917017943325,-0.241434397352,-0.370064575878,0.29297518732,-0.0145425184328,-0.122482083459,-0.029008637569,-0.0841048587854,0.0731206005492,0.921629735779,-0.240488111392,-0.363144151824
