bax0,bay0,baz0,bgx0,bgy0,bgz0,gax0,gay0,gaz0,bax1,bay1,baz1,bgx1,bgy1,bgz1,gax1,gay1,gaz1,bax2,bay2,baz2,bgx2,bgy2,bgz2,gax2,gay2,gaz2,bax3,bay3,baz3,bgx3,bgy3,bgz3,gax3,gay3,gaz3,bax4,bay4,baz4,bgx4,bgy4,bgz4,gax4,gay4,gaz4
0.29312851051,-0.0168857207964,-0.107869517026,-0.0211269878696,-0.0814026826377,0.102224806365,0.921283893008,-0.240222629969,-0.363934265799,0.289856369588,-0.0214976824691,-0.113805906912,-0.0273399603746,-0.0971320429467,0.103899485838,0.923612666562,-0.235198841445,-0.364855670783,0.278790468468,-0.0208074319322,-0.126302883939,-0.0203393427457,-0.0881233471979,0.100822428774,0.919539913157,-0.238082759519,-0.366887272682,0.289459596352,-0.0215761259146,-0.11030134558,-0.02919686362,-0.0771809179743,0.0835239519368,0.918074730426,-0.240876643045,-0.36881361712,0.293073040271,-0.014114685462,-0.109328009316,-0.032581848327,-0.0773442512222,0.0687634509412,0.918598274986,-0.241976839485,-0.364354240547
