bax0,bay0,baz0,bgx0,bgy0,bgz0,gax0,gay0,gaz0,bax1,bay1,baz1,bgx1,bgy1,bgz1,gax1,gay1,gaz1,bax2,bay2,baz2,bgx2,bgy2,bgz2,gax2,gay2,gaz2,bax3,bay3,baz3,bgx3,bgy3,bgz3,gax3,gay3,gaz3,bax4,bay4,baz4,bgx4,bgy4,bgz4,gax4,gay4,gaz4
0.253052077999,-0.0378378696387,0.216177654476,0.11589727202,0.318582106887,-0.0910387073288,1.00802442865,-0.28676992865,-0.0374411191453,0.278282274977,-0.0274885168611,-0.0767768856906,-0.00727879954174,0.0116404431382,0.0697092781976,0.994603359702,-0.288809213503,0.0587263794228,0.296969808522,-0.00857285792701,-0.112776800626,-0.0316487584666,-0.112446002129,0.137538948253,0.987446716171,-0.290228298505,0.0989821502786,0.268411858877,-0.0310832203036,-0.0875025081499,-0.0143008192962,-0.165087276154,0.172924538298,0.99048586352,-0.300771332896,0.101999426378,0.287600135526,-0.0149563643277,-0.139306048287,-0.00083920500452,-0.147363187686,0.0805803202605,0.990405933838,-0.30156866138,0.0668230426686
