bax0,bay0,baz0,bgx0,bgy0,bgz0,gax0,gay0,gaz0,bax1,bay1,baz1,bgx1,bgy1,bgz1,gax1,gay1,gaz1,bax2,bay2,baz2,bgx2,bgy2,bgz2,gax2,gay2,gaz2,bax3,bay3,baz3,bgx3,bgy3,bgz3,gax3,gay3,gaz3,bax4,bay4,baz4,bgx4,bgy4,bgz4,gax4,gay4,gaz4
0.31382145822,-0.00575384008351,-0.106734219006,-0.0242402723868,-0.0712815408073,0.0786626592453,0.920687732984,-0.237841066866,-0.363139759651,0.303483398033,-0.0178460110086,-0.0926055021599,-0.0222311132313,-0.078563591902,0.108033438572,0.92752277978,-0.231948568082,-0.359925559367,0.284353141686,-0.0252598559869,-0.130360583658,-0.0358179672416,-0.0858203555864,0.10472495812,0.927188583575,-0.231327109138,-0.350482748019,0.290146635802,-0.0153062426815,-0.126008200319,-0.0453579601205,-0.0791765912912,0.0997765825004,0.920089481253,-0.236859013723,-0.35553599838,0.289070884611,-0.00754174263413,-0.124520179642,-0.0350271611045,-0.0736498176088,0.0898601196744,0.924676342665,-0.231263487437,-0.357890343568
