bax0,bay0,baz0,bgx0,bgy0,bgz0,gax0,gay0,gaz0,bax1,bay1,baz1,bgx1,bgy1,bgz1,gax1,gay1,gaz1,bax2,bay2,baz2,bgx2,bgy2,bgz2,gax2,gay2,gaz2,bax3,bay3,baz3,bgx3,bgy3,bgz3,gax3,gay3,gaz3,bax4,bay4,baz4,bgx4,bgy4,bgz4,gax4,gay4,gaz4
0.30501469113,-0.00697383824791,-0.100250152993,-0.0196536655021,-0.0681183513024,0.0836585747759,0.923301001321,-0.239596177929,-0.362704848004,0.299932975768,-0.0139165000212,-0.098551067545,-0.0192206770891,-0.0778782144293,0.106460865086,0.924331751631,-0.2288784135,-0.36117475584,0.291709175872,-0.035901344127,-0.122333319214,-0.0398256158679,-0.0916698004755,0.116412784178,0.929038410188,-0.22215878843,-0.352141200428,0.289593017168,-0.00938943198738,-0.126746150952,-0.0380036062508,-0.0848988459038,0.0912825862617,0.927449952029,-0.232994552401,-0.355547050578,0.291955287695,-0.00975589250439,-0.125056231308,-0.027112661888,-0.0776769734909,0.0914720999197,0.92083705326,-0.232578211135,-0.36864916232
