bax0,bay0,baz0,bgx0,bgy0,bgz0,gax0,gay0,gaz0,bax1,bay1,baz1,bgx1,bgy1,bgz1,gax1,gay1,gaz1,bax2,bay2,baz2,bgx2,bgy2,bgz2,gax2,gay2,gaz2,bax3,bay3,baz3,bgx3,bgy3,bgz3,gax3,gay3,gaz3,bax4,bay4,baz4,bgx4,bgy4,bgz4,gax4,gay4,gaz4
0.315768014669,-0.0076704615307,-0.10225021257,-0.0210030050063,-0.0769250176505,0.0897507457815,0.929416938132,-0.235668658234,-0.368073420393,0.304031383737,-0.0156298280034,-0.105815904183,-0.0213006948412,-0.0758349601974,0.101377473863,0.925393844772,-0.228594195181,-0.35483070271,0.283107277256,-0.0310179851013,-0.119822233604,-0.0457624936581,-0.0885287547473,0.10372184813,0.923190351791,-0.23239984694,-0.355928997215,0.296217512559,-0.0248675908818,-0.127776737322,-0.0380933724979,-0.0774004286365,0.0788232530411,0.93056525103,-0.23124686737,-0.355965719906,0.284209178486,-0.006808357207,-0.114419551794,-0.0310721525257,-0.076095944073,0.0868051360949,0.920871988746,-0.229434017591,-0.356451024639
