bax0,bay0,baz0,bgx0,bgy0,bgz0,gax0,gay0,gaz0,bax1,bay1,baz1,bgx1,bgy1,bgz1,gax1,gay1,gaz1,bax2,bay2,baz2,bgx2,bgy2,bgz2,gax2,gay2,gaz2,bax3,bay3,baz3,bgx3,bgy3,bgz3,gax3,gay3,gaz3,bax4,bay4,baz4,bgx4,bgy4,bgz4,gax4,gay4,gaz4
0.276779671585,-0.0179712681437,-0.130365247431,-0.0371909354395,-0.09058049891,0.0922791971094,0.907724287261,-0.275034656263,-0.367031223755,0.283954975315,-0.022645722943,-0.126929777686,-0.0377282117395,-0.0625301440324,0.0887262458209,0.907396136954,-0.273955784551,-0.373754170713,0.303696680647,-0.00672206343247,-0.0950054676986,-0.0255067202166,-0.0764957112777,0.0889516781195,0.903748936588,-0.272816286159,-0.377228078593,0.281525282812,-0.0281488339838,-0.119912978365,-0.0298773379393,-0.0947079364746,0.0982022396144,0.908031886174,-0.270547471775,-0.3714693433,0.28338057147,-0.0203886669931,-0.121546942117,-0.0251152467261,-0.0797078163497,0.0845149905024,0.905297469944,-0.273826974624,-0.371499441967
