bax0,bay0,baz0,bgx0,bgy0,bgz0,gax0,gay0,gaz0,bax1,bay1,baz1,bgx1,bgy1,bgz1,gax1,gay1,gaz1,bax2,bay2,baz2,bgx2,bgy2,bgz2,gax2,gay2,gaz2,bax3,bay3,baz3,bgx3,bgy3,bgz3,gax3,gay3,gaz3,bax4,bay4,baz4,bgx4,bgy4,bgz4,gax4,gay4,gaz4
0.284972992054,-0.0282313225867,-0.134569162533,-0.0341590209146,-0.0859174332856,0.0880195977239,0.906637531573,-0.271800319296,-0.369338891543,0.282832167799,-0.0186624613043,-0.12444760665,-0.0306894580164,-0.0701673465819,0.0768311460452,0.908456295617,-0.276884546066,-0.376534225517,0.301453422688,-0.0163808050732,-0.102502033512,-0.0258596897725,-0.0888647439684,0.0913845597368,0.903605589622,-0.272032400826,-0.37831142049,0.283814432646,-0.0174366465127,-0.123481611363,-0.0243216935549,-0.0845327695484,0.0970023407928,0.90509098969,-0.274290042483,-0.374449100537,0.286667395706,-0.0248028491308,-0.119862855465,-0.0276816406096,-0.0762534589284,0.0846337906135,0.904219047125,-0.274287138201,-0.377346380338
