bax0,bay0,baz0,bgx0,bgy0,bgz0,gax0,gay0,gaz0,bax1,bay1,baz1,bgx1,bgy1,bgz1,gax1,gay1,gaz1,bax2,bay2,baz2,bgx2,bgy2,bgz2,gax2,gay2,gaz2,bax3,bay3,baz3,bgx3,bgy3,bgz3,gax3,gay3,gaz3,bax4,bay4,baz4,bgx4,bgy4,bgz4,gax4,gay4,gaz4
0.419011795584,0.0168036224792,-0.0327623294782,-0.0101293327597,0.0847742911224,0.0133023335388,0.816559284338,-0.264205905367,-0.508455192038,0.27638903506,-0.0339503359539,-0.138816935453,0.00114810697585,-0.012179221614,0.0521181339714,0.856266022513,-0.248190355894,-0.482849916733,0.349221502007,0.00882113471799,-0.075792327188,-0.0160936674617,-0.0293257494921,0.0550081169127,0.832587705489,-0.251872692499,-0.473629180805,0.324516598559,-0.012031226387,-0.0811082188186,-0.023633191346,-0.0717154438792,0.12666453316,0.841582776936,-0.245696549773,-0.471699268623,0.277827093918,-0.0372053946301,-0.129383218234,-0.0439618923572,-0.127645870121,0.14020094037,0.865007125681,-0.236082144711,-0.460108655397
