bax0,bay0,baz0,bgx0,bgy0,bgz0,gax0,gay0,gaz0,bax1,bay1,baz1,bgx1,bgy1,bgz1,gax1,gay1,gaz1,bax2,bay2,baz2,bgx2,bgy2,bgz2,gax2,gay2,gaz2,bax3,bay3,baz3,bgx3,bgy3,bgz3,gax3,gay3,gaz3,bax4,bay4,baz4,bgx4,bgy4,bgz4,gax4,gay4,gaz4
0.417877786022,0.0222435426077,-0.0166250101622,-0.00524079491947,0.0828077409168,-0.0208902288148,0.804797874246,-0.264486893693,-0.498023721901,0.25624564232,-0.0260759476899,-0.128153250257,0.0105836845515,-0.0198689936855,0.0281150968977,0.850823572927,-0.241154218931,-0.468479083644,0.343609651989,-0.00705059120929,-0.0724762606777,-0.0143644813061,-0.0187204739257,0.0667527019476,0.83785731196,-0.240970134297,-0.480057026885,0.308476138548,-0.00880550813129,-0.0829988463352,-0.0268223049364,-0.0940054787946,0.124035835589,0.854904203784,-0.241389801228,-0.479918986032,0.272136341566,-0.0310305517233,-0.120143657509,-0.0429632544382,-0.123299216405,0.151132546459,0.870832795372,-0.236044368335,-0.448092563409
