bax0,bay0,baz0,bgx0,bgy0,bgz0,gax0,gay0,gaz0,bax1,bay1,baz1,bgx1,bgy1,bgz1,gax1,gay1,gaz1,bax2,bay2,baz2,bgx2,bgy2,bgz2,gax2,gay2,gaz2,bax3,bay3,baz3,bgx3,bgy3,bgz3,gax3,gay3,gaz3,bax4,bay4,baz4,bgx4,bgy4,bgz4,gax4,gay4,gaz4
0.288458322691,-0.00617574147832,-0.120402391721,-0.0301496023834,-0.0586728525881,0.0849256633235,0.86740988541,-0.244293704193,-0.455334125437,0.311543452656,-0.0107181452858,-0.109407634468,-0.0267232561321,-0.0844277394137,0.0918704568518,0.869732973273,-0.233031468606,-0.449549934612,0.286804483362,-0.0220203151939,-0.120965938675,-0.0286833655446,-0.0938891050558,0.0948734179584,0.86901191094,-0.234040415745,-0.450990793744,0.281254429727,-0.0223906431288,-0.131007018427,-0.0231207494688,-0.067862611424,0.0796238068311,0.869088460207,-0.233991923088,-0.452705872909,0.290666467198,-0.0160520101824,-0.0962871044596,-0.024231705004,-0.0820248134269,0.0917828007281,0.863164254956,-0.237486805383,-0.456686759516
