bax0,bay0,baz0,bgx0,bgy0,bgz0,gax0,gay0,gaz0,bax1,bay1,baz1,bgx1,bgy1,bgz1,gax1,gay1,gaz1,bax2,bay2,baz2,bgx2,bgy2,bgz2,gax2,gay2,gaz2,bax3,bay3,baz3,bgx3,bgy3,bgz3,gax3,gay3,gaz3,bax4,bay4,baz4,bgx4,bgy4,bgz4,gax4,gay4,gaz4
0.286085171446,-0.00459767999442,-0.115555201198,-0.0285185422297,-0.0560714625549,0.0853915435176,0.86716336365,-0.244087380081,-0.457660490243,0.30176979944,-0.0118292067805,-0.114100018759,-0.0273658391571,-0.0886601971062,0.0927368645064,0.87110231332,-0.244647304635,-0.450253125465,0.293953840703,-0.0197372118828,-0.111555112272,-0.0317239338628,-0.0844906250952,0.096337557397,0.87329432636,-0.232521970025,-0.447937865891,0.282027130304,-0.0257117704437,-0.122247941306,-0.0254587000949,-0.0796601393665,0.0777212223507,0.870368727296,-0.228374254735,-0.449791975625,0.294402443325,-0.0144923066881,-0.107391311106,-0.0256000059803,-0.0795395393769,0.0938057721996,0.867557046366,-0.233424733098,-0.456279102793
