bax0,bay0,baz0,bgx0,bgy0,bgz0,gax0,gay0,gaz0,bax1,bay1,baz1,bgx1,bgy1,bgz1,gax1,gay1,gaz1,bax2,bay2,baz2,bgx2,bgy2,bgz2,gax2,gay2,gaz2,bax3,bay3,baz3,bgx3,bgy3,bgz3,gax3,gay3,gaz3,bax4,bay4,baz4,bgx4,bgy4,bgz4,gax4,gay4,gaz4
0.298614477471,-0.0299148977574,-0.144349122297,-0.0199233601241,0.159855773679,0.0565707246461,1.00504137504,-0.146963708847,0.14479943838,0.304988107604,-0.0158043023997,-0.114479290293,-0.0290522594434,-0.0654265138432,0.0841897504122,1.00934476378,-0.152330533115,0.137216072243,0.294045742918,-0.0186718987265,-0.100058648087,-0.0236872239977,-0.0839419101106,0.101603908523,1.00927046902,-0.152823984567,0.137472892418,0.297131029721,-0.00864551482206,-0.123510374246,-0.0326489401804,-0.117423308962,0.0956733350005,1.00887502082,-0.146377809288,0.141157792114,0.292279652934,-0.014594594052,-0.123763440979,-0.0264523588716,-0.102730296323,0.0921730691642,1.0096239257,-0.150061088654,0.137073605341
