bax0,bay0,baz0,bgx0,bgy0,bgz0,gax0,gay0,gaz0,bax1,bay1,baz1,bgx1,bgy1,bgz1,gax1,gay1,gaz1,bax2,bay2,baz2,bgx2,bgy2,bgz2,gax2,gay2,gaz2,bax3,bay3,baz3,bgx3,bgy3,bgz3,gax3,gay3,gaz3,bax4,bay4,baz4,bgx4,bgy4,bgz4,gax4,gay4,gaz4
0.312118684583,-0.0280631501198,-0.0825337169256,-0.015321866843,-0.0682480212258,0.0938940205973,1.01613150309,-0.147804914804,0.0854611629523,0.311025730897,-0.0245283805563,-0.103990880421,0.0156311991845,-0.0854956831954,0.117848640528,1.01332006229,-0.138904570139,0.0975632189868,0.270161041687,-0.0269538376838,-0.131685787166,-0.0151742302679,-0.0676841095388,0.120512263971,1.01565614775,-0.140209029349,0.0955855475673,0.291048197142,-0.0329117430282,-0.129957614707,-0.0692382810083,-0.0720784930157,0.0782182222894,1.01343662394,-0.145432730586,0.0915900676005,0.298736105358,-0.0341691455364,-0.118844851326,-0.0301737496847,-0.0860567683925,0.0678471462771,1.01563043684,-0.146043755143,0.0831224708847
