bax0,bay0,baz0,bgx0,bgy0,bgz0,gax0,gay0,gaz0,bax1,bay1,baz1,bgx1,bgy1,bgz1,gax1,gay1,gaz1,bax2,bay2,baz2,bgx2,bgy2,bgz2,gax2,gay2,gaz2,bax3,bay3,baz3,bgx3,bgy3,bgz3,gax3,gay3,gaz3,bax4,bay4,baz4,bgx4,bgy4,bgz4,gax4,gay4,gaz4
0.298229673829,0.023561421989,-0.101130881856,0.0018749144899,-0.112365427534,-0.0100765807346,1.00815431429,-0.161629911235,0.125152939349,0.285654896362,0.018390341889,-0.0840304459628,-0.0392106600835,-0.057819180182,0.0414976248595,1.00634294057,-0.135483116563,0.117498419636,0.311830589092,-0.00829406859457,-0.0744313037963,-0.0294518611691,-0.0702293231396,0.129777170211,1.00613185021,-0.121050539165,0.147280430804,0.282331319362,-0.0132828225686,-0.140126032057,-0.0488888441203,-0.0706576932866,0.149427592542,1.00554622035,-0.108749610977,0.146822133519,0.284059466184,-0.0178617490084,-0.137773745469,-0.0572778064633,-0.049893101331,0.138415635185,1.00264941253,-0.103333221212,0.146471739796
