bax0,bay0,baz0,bgx0,bgy0,bgz0,gax0,gay0,gaz0,bax1,bay1,baz1,bgx1,bgy1,bgz1,gax1,gay1,gaz1,bax2,bay2,baz2,bgx2,bgy2,bgz2,gax2,gay2,gaz2,bax3,bay3,baz3,bgx3,bgy3,bgz3,gax3,gay3,gaz3,bax4,bay4,baz4,bgx4,bgy4,bgz4,gax4,gay4,gaz4
0.292137979097,0.0323301487922,-0.110535178718,-0.00858729023114,-0.123953478137,-0.00320421284592,1.00661339463,-0.148419488303,0.127935645907,0.300758070317,0.00621981681912,-0.0671229000907,-0.0475484371871,-0.0630379084313,0.0535805444499,1.00359993959,-0.126199735418,0.131124254389,0.312945402622,-0.0166904705111,-0.0717040196646,-0.0204180358121,-0.0833856360343,0.116035276317,1.00630747638,-0.114615748895,0.142044773045,0.279984581568,-0.0191004965178,-0.140330778784,-0.0631258748464,-0.0800114957912,0.133083736141,1.00395000204,-0.10661149911,0.151996213502,0.270368992967,-0.0215074517986,-0.140033934219,-0.0617589870966,-0.0344754775003,0.133305631701,1.00435621988,-0.117552248488,0.151683087465
