bax0,bay0,baz0,bgx0,bgy0,bgz0,gax0,gay0,gaz0,bax1,bay1,baz1,bgx1,bgy1,bgz1,gax1,gay1,gaz1,bax2,bay2,baz2,bgx2,bgy2,bgz2,gax2,gay2,gaz2,bax3,bay3,baz3,bgx3,bgy3,bgz3,gax3,gay3,gaz3,bax4,bay4,baz4,bgx4,bgy4,bgz4,gax4,gay4,gaz4
0.300908291105,0.0264420920146,-0.10239408863,-0.0124743371769,-0.119121821824,-0.0212592590581,1.00654071347,-0.170027230458,0.123438034527,0.28829068298,0.0159482183923,-0.0672751234829,-0.0421073941355,-0.0468275728357,0.0405781774006,1.00713978246,-0.130828164942,0.131007974666,0.319631712423,-0.0199331627257,-0.0756513942371,-0.0289325252537,-0.0717091176931,0.0844178915808,1.00101351404,-0.109784615872,0.142934998215,0.284821932619,-0.0187258672821,-0.135213602563,-0.0541270914108,-0.0691120760284,0.138991675549,1.00433296355,-0.107096583211,0.140691197229,0.293527387109,-0.0157964280472,-0.154537556787,-0.0714126060659,-0.047060582388,0.160394873593,1.00328219692,-0.102229959766,0.140460453549
