bax0,bay0,baz0,bgx0,bgy0,bgz0,gax0,gay0,gaz0,bax1,bay1,baz1,bgx1,bgy1,bgz1,gax1,gay1,gaz1,bax2,bay2,baz2,bgx2,bgy2,bgz2,gax2,gay2,gaz2,bax3,bay3,baz3,bgx3,bgy3,bgz3,gax3,gay3,gaz3,bax4,bay4,baz4,bgx4,bgy4,bgz4,gax4,gay4,gaz4
0.244136646215,-0.0190336588872,-0.133271275455,-0.0625851425086,-0.0558312396888,0.122853375441,1.00766114895,-0.115158765562,0.134143767524,0.212015206316,-0.0271778071302,-0.0974101294696,-0.0637828702936,-0.0845758032182,0.107032097905,1.01406231493,-0.114718127717,0.125895238695,0.343524150633,-0.0410901989135,-0.0551131828236,-0.027724460544,-0.0647527562813,0.117786073823,1.00753337414,-0.120547928777,0.124142122543,0.339403212865,-0.0432321223711,-0.139354592035,-0.0320090199202,-0.0429080389413,0.0847015928756,1.00533719434,-0.129588621918,0.123067538253,0.223109216321,-0.0222638579236,-0.142456760361,0.0148810296578,-0.124459829752,0.0422946560607,0.997378802609,-0.124617205691,0.118524005998
