bax0,bay0,baz0,bgx0,bgy0,bgz0,gax0,gay0,gaz0,bax1,bay1,baz1,bgx1,bgy1,bgz1,gax1,gay1,gaz1,bax2,bay2,baz2,bgx2,bgy2,bgz2,gax2,gay2,gaz2,bax3,bay3,baz3,bgx3,bgy3,bgz3,gax3,gay3,gaz3,bax4,bay4,baz4,bgx4,bgy4,bgz4,gax4,gay4,gaz4
0.228620305677,-0.022106906042,-0.119478872389,-0.0781110446356,-0.0485202145599,0.118496668916,1.00663287893,-0.11268693626,0.13849986668,0.239366769291,-0.0208492267769,-0.0887087545019,-0.0721820020385,-0.0865271946122,0.131829980476,1.01476541847,-0.121695395307,0.12999239403,0.358416640323,-0.0520324260483,-0.0671318733778,-0.00407203209721,-0.0697619360776,0.108927068307,1.01296340361,-0.117735171301,0.127643766405,0.351290754,-0.0479713565186,-0.128708213423,-0.0303291900963,-0.0335126918871,0.0923910448901,1.00529840393,-0.122366715126,0.12784446405,0.224501169907,-0.0135489259269,-0.141600578499,0.00368887765524,-0.125306591675,0.0561254392263,1.00111744281,-0.13125685204,0.124053763826
