bax0,bay0,baz0,bgx0,bgy0,bgz0,gax0,gay0,gaz0,bax1,bay1,baz1,bgx1,bgy1,bgz1,gax1,gay1,gaz1,bax2,bay2,baz2,bgx2,bgy2,bgz2,gax2,gay2,gaz2,bax3,bay3,baz3,bgx3,bgy3,bgz3,gax3,gay3,gaz3,bax4,bay4,baz4,bgx4,bgy4,bgz4,gax4,gay4,gaz4
0.215023557501,-0.00351219002406,-0.134558192649,0.0718322152451,-0.146880939458,0.121256408659,1.00099853099,-0.125261867417,0.124869017141,0.280547096762,0.0206201215372,-0.0925121542125,-0.0252963825903,-0.0563693855921,0.0878965295528,1.0025000191,-0.12505580678,0.116049725963,0.418799444697,-0.0167528859997,-0.142089850565,-0.0445966312534,-0.10991795518,0.0400281028989,1.00424703885,-0.123682416741,0.125697244712,0.332995435674,-0.026975002635,-0.160363475032,-0.043218828635,-0.034640640219,0.0609577445976,1.0185928968,-0.118972177713,0.115565069539,0.176454791618,-0.00788947825188,-0.110640054503,-0.0866161838043,-0.0350770125402,0.0921693334086,1.01585399353,-0.12571873631,0.110852140766
