bax0,bay0,baz0,bgx0,bgy0,bgz0,gax0,gay0,gaz0,bax1,bay1,baz1,bgx1,bgy1,bgz1,gax1,gay1,gaz1,bax2,bay2,baz2,bgx2,bgy2,bgz2,gax2,gay2,gaz2,bax3,bay3,baz3,bgx3,bgy3,bgz3,gax3,gay3,gaz3,bax4,bay4,baz4,bgx4,bgy4,bgz4,gax4,gay4,gaz4
0.272335936449,-0.0236073171941,-0.132409171775,0.321688940334,-0.179407742628,0.0257949611919,1.00493746926,-0.158038040632,0.120355958895,0.365075742119,-0.0354536616864,-0.115192289421,0.189268084497,-0.14937257703,0.155249654307,1.0024345518,-0.158517970156,0.110227653662,0.345199882685,-0.0350745026648,-0.156795622423,0.0222053516739,-0.0940487675356,0.0662341169581,1.00546328931,-0.15474226452,0.101871781837,0.221284948629,0.00924427785881,-0.118686004962,-0.0398277724845,-0.114044011483,0.0582952990054,1.00994553555,-0.145227850956,0.0967965803941,0.283683697467,0.0182377228413,-0.0935407593878,0.00653939866595,-0.152190141506,0.128174776936,1.01839092053,-0.131957070077,0.103445493146
