bax0,bay0,baz0,bgx0,bgy0,bgz0,gax0,gay0,gaz0,bax1,bay1,baz1,bgx1,bgy1,bgz1,gax1,gay1,gaz1,bax2,bay2,baz2,bgx2,bgy2,bgz2,gax2,gay2,gaz2,bax3,bay3,baz3,bgx3,bgy3,bgz3,gax3,gay3,gaz3,bax4,bay4,baz4,bgx4,bgy4,bgz4,gax4,gay4,gaz4
0.247419182227,-0.0138811825987,-0.130106186723,0.0537425209139,-0.211866820986,0.12991270687,1.00731200944,-0.138556596102,0.122643773967,0.273586448066,-0.0133995596748,-0.149757520032,0.00111212711747,-0.170117274521,0.162770343228,1.0115443031,-0.142568191834,0.118392669371,0.297818495603,0.0115526942629,-0.0620639940214,-0.0425168158598,-0.034289284584,0.111182661666,1.01543786025,-0.139107399604,0.114388088848,0.315603684487,0.00986824663544,-0.0838137590888,-0.0632381184769,-0.101360720939,0.0356300206361,1.01231430169,-0.148600813398,0.116352333681,0.364172324896,-0.0240356158846,-0.156416158606,-0.0620288364445,-0.0473871387457,0.0135469290473,1.00149427635,-0.136617350269,0.12606659515
