bax0,bay0,baz0,bgx0,bgy0,bgz0,gax0,gay0,gaz0,bax1,bay1,baz1,bgx1,bgy1,bgz1,gax1,gay1,gaz1,bax2,bay2,baz2,bgx2,bgy2,bgz2,gax2,gay2,gaz2,bax3,bay3,baz3,bgx3,bgy3,bgz3,gax3,gay3,gaz3,bax4,bay4,baz4,bgx4,bgy4,bgz4,gax4,gay4,gaz4
0.357365163201,-0.0149887458521,-0.086307822912,0.057867615002,-0.144048849625,0.176781169881,1.00600549756,-0.154971607073,0.104029446454,0.395149701345,-0.0417939855131,-0.129965579111,-0.0260538751707,-0.0637258717317,0.155120553384,0.999688540727,-0.1521405328,0.107632996974,0.297656186397,-0.0607333915906,-0.12619793995,-0.0595393812241,-0.0591193327133,0.0677526875119,1.00677799154,-0.161106030439,0.100367209074,0.208862272105,-0.0308619789124,-0.101839483606,-0.0280878777568,-0.0977559498791,0.0680385267849,1.02337579544,-0.160198095426,0.103129409517,0.233306627071,0.0146291966735,-0.113100021462,-0.00233969504485,-0.13292666427,0.142874407898,1.01271372304,-0.1558101347,0.105684732093
