bax0,bay0,baz0,bgx0,bgy0,bgz0,gax0,gay0,gaz0,bax1,bay1,baz1,bgx1,bgy1,bgz1,gax1,gay1,gaz1,bax2,bay2,baz2,bgx2,bgy2,bgz2,gax2,gay2,gaz2,bax3,bay3,baz3,bgx3,bgy3,bgz3,gax3,gay3,gaz3,bax4,bay4,baz4,bgx4,bgy4,bgz4,gax4,gay4,gaz4
0.331085559768,0.0229405263014,-0.108567397382,-0.0438448498901,-0.0659618363246,0.090269701395,1.0088680635,-0.157545399105,0.100716010731,0.357892372637,-0.0209920891846,-0.120616179043,-0.0528502516793,-0.0761677980787,0.0101389737835,1.01164507663,-0.160571159886,0.0965780802914,0.362195483676,-0.0146072021867,-0.116034382229,-0.0212880146218,-0.0822256680211,0.0388317912126,1.0133420901,-0.156778798411,0.10181986938,0.216443788531,0.00893091605364,-0.105141313777,-0.049878312074,-0.0421509810964,0.137765531392,1.0131677795,-0.153279280051,0.0994364619866,0.208562547022,-0.00915361562483,-0.0845870881929,-0.0634484802374,-0.061026902749,0.140376768754,1.00960095169,-0.147729543069,0.105515390057
