bax0,bay0,baz0,bgx0,bgy0,bgz0,gax0,gay0,gaz0,bax1,bay1,baz1,bgx1,bgy1,bgz1,gax1,gay1,gaz1,bax2,bay2,baz2,bgx2,bgy2,bgz2,gax2,gay2,gaz2,bax3,bay3,baz3,bgx3,bgy3,bgz3,gax3,gay3,gaz3,bax4,bay4,baz4,bgx4,bgy4,bgz4,gax4,gay4,gaz4
0.230431638654,-0.0268313254044,-0.149541074339,-0.0594981657594,-0.0759940973596,0.0983482305742,1.00842045477,-0.163691431119,-0.0432077181356,0.283035175856,-0.00442369958734,-0.0705141400072,-0.0862719285146,-0.0710848987109,0.131897650659,1.01868204698,-0.168174668453,-0.0437344552833,0.392956964969,-0.0261605783416,-0.0775469742758,-0.0495805123955,-0.0205500037819,0.11495471025,1.01412764473,-0.173779836172,-0.0252382481489,0.265381816245,-0.0420672053062,-0.131342545533,0.0109511812869,-0.0459764497725,0.0825075894355,1.00926018352,-0.16537890851,-0.0090973319767,0.227460352534,-0.00771378528003,-0.116547965344,0.0955088391729,-0.121931803616,0.0472047748286,1.02254799568,-0.160364101471,-0.0090015788626
