bax0,bay0,baz0,bgx0,bgy0,bgz0,gax0,gay0,gaz0,bax1,bay1,baz1,bgx1,bgy1,bgz1,gax1,gay1,gaz1,bax2,bay2,baz2,bgx2,bgy2,bgz2,gax2,gay2,gaz2,bax3,bay3,baz3,bgx3,bgy3,bgz3,gax3,gay3,gaz3,bax4,bay4,baz4,bgx4,bgy4,bgz4,gax4,gay4,gaz4
0.320916923198,-0.00364823424464,-0.128256494857,0.0403800590068,-0.147424794801,0.0552204477466,1.02934738492,-0.162989211275,-0.0224154835916,0.299213133413,-0.00958674914019,-0.115403773925,-0.0369407006806,-0.115022188386,0.111753232486,1.01697130522,-0.157845329702,-0.0156277506888,0.2874651509,-0.0274961286547,-0.0982244732487,-0.138904319384,-0.0842861400798,0.152713373048,1.02121043129,-0.159532483005,-0.0226331023769,0.370458820786,-0.0285841415334,-0.10901670141,-0.0511441704711,-0.0358759625203,0.097567767414,1.01924819062,-0.149996191186,-0.0249863878571,0.305971827438,0.00451258980279,-0.15773190031,-0.583953647002,0.238984842814,0.250089533832,1.01499282503,-0.193451764629,0.00164047629791
