bax0,bay0,baz0,bgx0,bgy0,bgz0,gax0,gay0,gaz0,bax1,bay1,baz1,bgx1,bgy1,bgz1,gax1,gay1,gaz1,bax2,bay2,baz2,bgx2,bgy2,bgz2,gax2,gay2,gaz2,bax3,bay3,baz3,bgx3,bgy3,bgz3,gax3,gay3,gaz3,bax4,bay4,baz4,bgx4,bgy4,bgz4,gax4,gay4,gaz4
0.232647681551,0.00508529545781,-0.161566594625,-0.362535835283,0.0778500628196,0.239889133672,1.02060414944,-0.179442398524,-0.019392995022,0.325500941055,-0.0413327370872,-0.0924222357289,-0.189720800072,0.0296693904498,0.178594732317,1.01771852286,-0.172579174474,-0.0477866139769,0.318096690833,-0.0325014047382,-0.135784112735,-0.0470678176895,-0.0225467717791,0.130825651022,1.02186475838,-0.180974784605,-0.0550624718128,0.198023207462,-0.00327432993865,-0.0952917938714,-0.03657739028,-0.0845722683232,0.0307066885266,1.02345760331,-0.174688322183,-0.0496028076662,0.297906765982,0.0022495395349,-0.067017660962,0.0156376084714,-0.173686153531,0.0233174888469,1.01938628657,-0.173235743097,-0.0361911492925
