bax0,bay0,baz0,bgx0,bgy0,bgz0,gax0,gay0,gaz0,bax1,bay1,baz1,bgx1,bgy1,bgz1,gax1,gay1,gaz1,bax2,bay2,baz2,bgx2,bgy2,bgz2,gax2,gay2,gaz2,bax3,bay3,baz3,bgx3,bgy3,bgz3,gax3,gay3,gaz3,bax4,bay4,baz4,bgx4,bgy4,bgz4,gax4,gay4,gaz4
0.236408873254,0.00725847878911,-0.0938550458846,-0.186452816038,-0.00151905391512,0.0291836924212,1.03025741092,-0.170405223397,-0.0240712406512,0.330001648983,0.00351877869811,-0.0845796714174,0.0188511995686,-0.0805078347615,0.0159808143088,1.02187843711,-0.148093833106,-0.00794423171119,0.341350548973,-0.0303300734956,-0.119201184591,0.169199530733,-0.115726174722,0.12880276903,1.03205685757,-0.155336195965,-0.00285793668327,0.276659795595,-0.0503591001962,-0.19364377079,-0.580766871272,0.351927208616,0.418036541025,0.993582625037,-0.233064380837,-0.170193382639,0.269872730268,-0.0392524348045,-0.172258110387,-0.334062225932,0.0876295670772,0.268452634046,0.972859720385,-0.245435961617,-0.228385502146
