bax0,bay0,baz0,bgx0,bgy0,bgz0,gax0,gay0,gaz0,bax1,bay1,baz1,bgx1,bgy1,bgz1,gax1,gay1,gaz1,bax2,bay2,baz2,bgx2,bgy2,bgz2,gax2,gay2,gaz2,bax3,bay3,baz3,bgx3,bgy3,bgz3,gax3,gay3,gaz3,bax4,bay4,baz4,bgx4,bgy4,bgz4,gax4,gay4,gaz4
0.241670197762,0.00658979504109,-0.102894452066,-0.184625569236,-0.0186408264281,0.254959488979,0.974644449096,-0.233180296941,-0.220651110567,0.346520800366,-0.0274025705193,-0.100656994398,-0.0316032927306,-0.0641936398917,0.132073493091,0.972167872148,-0.220119684984,-0.223915863479,0.3510604485,-0.0524240418717,-0.158418811864,0.0148250251428,-0.0252997306403,0.112202063177,0.968794456548,-0.230464141423,-0.226723621499,0.202109470303,-0.00356762271813,-0.125264200464,0.0061151418182,-0.0395744796233,0.0080194580725,0.963226715752,-0.233720316689,-0.224604393706,0.307252234314,0.0104413908814,-0.0698807199356,0.00413693377934,-0.163194771314,0.011223689831,0.968075853478,-0.224378788046,-0.228387102069
