bax0,bay0,baz0,bgx0,bgy0,bgz0,gax0,gay0,gaz0,bax1,bay1,baz1,bgx1,bgy1,bgz1,gax1,gay1,gaz1,bax2,bay2,baz2,bgx2,bgy2,bgz2,gax2,gay2,gaz2,bax3,bay3,baz3,bgx3,bgy3,bgz3,gax3,gay3,gaz3,bax4,bay4,baz4,bgx4,bgy4,bgz4,gax4,gay4,gaz4
0.377493295616,-0.0134665595039,-0.138530565316,0.00660982176918,-0.149240111899,0.0808193852541,0.960895302616,-0.228677317286,-0.231067822074,0.283547154833,-0.0281509515094,-0.122448421552,-0.0702290246727,-0.0377630069894,0.190628944183,0.957833481848,-0.230819800136,-0.231140346004,0.300085584406,-0.00111278656726,-0.078875769283,-0.0668825756373,-0.117280070634,0.134172590767,0.966221001783,-0.228952280224,-0.230327690595,0.338575347402,-0.0357557460899,-0.134306687398,-0.00842991966704,-0.0399863679893,0.10744959125,0.973720963739,-0.225839306142,-0.227283272331,0.263590907666,-0.0441291491226,-0.146793332189,-0.0198774461417,0.0309590014689,0.0727338836313,0.982474830551,-0.227405485215,-0.230846068675
