bax0,bay0,baz0,bgx0,bgy0,bgz0,gax0,gay0,gaz0,bax1,bay1,baz1,bgx1,bgy1,bgz1,gax1,gay1,gaz1,bax2,bay2,baz2,bgx2,bgy2,bgz2,gax2,gay2,gaz2,bax3,bay3,baz3,bgx3,bgy3,bgz3,gax3,gay3,gaz3,bax4,bay4,baz4,bgx4,bgy4,bgz4,gax4,gay4,gaz4
0.23365971887,0.0077618237772,-0.114228072786,-0.0335748620428,-0.0765246693664,0.0185591842858,0.969815924767,-0.227947223407,-0.228843969097,0.299597721416,0.0051172549128,-0.0828111302841,-0.0511851739581,-0.0945795848854,0.0499945346338,0.97814890231,-0.222439972657,-0.22727353655,0.264165240814,-0.0597550543993,-0.197307914532,-0.61405393065,0.403783614172,0.47625542555,0.976047063561,-0.215977528509,-0.217258478338,0.257794520011,0.00609934526136,-0.173356118259,-0.344839557829,0.115500885886,0.37281905948,0.965045804218,-0.220521742229,-0.22673621721,0.17248915915,-0.00837224829922,-0.110646384449,-0.290055160759,-0.0238127205624,0.348301385244,0.962937796462,-0.232559849815,-0.240832189646
