bax0,bay0,baz0,bgx0,bgy0,bgz0,gax0,gay0,gaz0,bax1,bay1,baz1,bgx1,bgy1,bgz1,gax1,gay1,gaz1,bax2,bay2,baz2,bgx2,bgy2,bgz2,gax2,gay2,gaz2,bax3,bay3,baz3,bgx3,bgy3,bgz3,gax3,gay3,gaz3,bax4,bay4,baz4,bgx4,bgy4,bgz4,gax4,gay4,gaz4
0.30489848423,-0.0417166664214,-0.125233412216,-0.101295826694,0.0103625283823,0.148074452285,0.950900261903,-0.226035804969,-0.258791494972,0.386001101478,-0.0445799186446,-0.0919367289631,-0.000979800637895,-0.0440222210627,0.063987039883,0.954626129486,-0.225122890751,-0.254125564156,0.261482514804,0.00408008799595,-0.110716078498,0.0727348064939,-0.13299496778,-0.0359933849735,0.9563353572,-0.222389293889,-0.234209571537,0.307559106837,0.0087860139069,-0.107918761392,0.0896680191787,-0.143143516735,0.0577907880354,0.975412470225,-0.225013077518,-0.240213822778,0.360463651514,-0.00264400756296,-0.138813663394,-0.0537739409701,-0.142005540265,0.0554824362975,0.966855592991,-0.22199191774,-0.249523332033
