bax0,bay0,baz0,bgx0,bgy0,bgz0,gax0,gay0,gaz0,bax1,bay1,baz1,bgx1,bgy1,bgz1,gax1,gay1,gaz1,bax2,bay2,baz2,bgx2,bgy2,bgz2,gax2,gay2,gaz2,bax3,bay3,baz3,bgx3,bgy3,bgz3,gax3,gay3,gaz3,bax4,bay4,baz4,bgx4,bgy4,bgz4,gax4,gay4,gaz4
0.300931963643,-0.0301302871986,-0.110314635757,-0.122257185888,-0.00825740573179,0.16411481382,0.945249862277,-0.222185058061,-0.259522628017,0.383704238719,-0.0490545748752,-0.0837871703773,-0.0233741306761,-0.0152006604149,0.0616791703953,0.94300322714,-0.231100372629,-0.255502128152,0.259267902403,-0.0151268270818,-0.108149502418,0.114080842798,-0.146402510607,-0.015541017125,0.956242901302,-0.224061561699,-0.241557499072,0.289657907336,-0.00262901039623,-0.0962400692128,0.104554993123,-0.144304820093,0.0607256293463,0.975612886669,-0.224198986389,-0.237510244759,0.336003777675,-0.00821007897042,-0.148301643574,-0.0511114081486,-0.18362065035,0.0564276213476,0.969267971128,-0.224542948697,-0.252448657571
