bax0,bay0,baz0,bgx0,bgy0,bgz0,gax0,gay0,gaz0,bax1,bay1,baz1,bgx1,bgy1,bgz1,gax1,gay1,gaz1,bax2,bay2,baz2,bgx2,bgy2,bgz2,gax2,gay2,gaz2,bax3,bay3,baz3,bgx3,bgy3,bgz3,gax3,gay3,gaz3,bax4,bay4,baz4,bgx4,bgy4,bgz4,gax4,gay4,gaz4
0.275019081845,-0.025030866159,-0.130169099029,-0.0668672951167,-0.0953571422551,0.111772441208,0.962329127078,-0.226519304538,-0.247398377068,0.247292734377,-0.0281894908267,-0.0748119163319,-0.04515113006,-0.0625555279696,0.136633751653,0.955988659943,-0.229578443457,-0.244007978153,0.345327512835,-0.0188041593931,-0.103426060155,-0.0421347854955,-0.0469924714367,0.125545015449,0.960961928101,-0.230567291118,-0.243009496338,0.289549372443,-0.0408243130702,-0.162057594994,-0.0202699165682,-0.00270324666932,0.0885525771643,0.962880980637,-0.22017085198,-0.243812853505,0.230010240365,-0.023455605031,-0.10739935229,-0.010184200165,-0.0329525964825,0.0644562538602,0.955131101672,-0.215709668609,-0.256588942671
