bax0,bay0,baz0,bgx0,bgy0,bgz0,gax0,gay0,gaz0,bax1,bay1,baz1,bgx1,bgy1,bgz1,gax1,gay1,gaz1,bax2,bay2,baz2,bgx2,bgy2,bgz2,gax2,gay2,gaz2,bax3,bay3,baz3,bgx3,bgy3,bgz3,gax3,gay3,gaz3,bax4,bay4,baz4,bgx4,bgy4,bgz4,gax4,gay4,gaz4
0.274499723883,-0.0231561675429,-0.136319027282,-0.0766750867527,-0.0735177513791,0.124724606751,0.966829689116,-0.217231274784,-0.256967012338,0.264730676516,-0.027447403586,-0.0689755998351,-0.0658792240688,-0.0715172455929,0.132748047695,0.960425425786,-0.230696415664,-0.250910689928,0.338121534543,-0.0202120708733,-0.124508703448,-0.0462858911859,-0.0506695087928,0.111486916833,0.967572339747,-0.231822282926,-0.23924975634,0.290199787822,-0.0247878581313,-0.173990984769,-0.0137856109779,-0.00325845433272,0.0987542558802,0.958820928382,-0.217437215207,-0.238824810044,0.227273888764,-0.0258868207059,-0.115968744459,-0.00238693767641,-0.060916335944,0.0625935469174,0.955414939836,-0.217383397864,-0.249080038997
