bax0,bay0,baz0,bgx0,bgy0,bgz0,gax0,gay0,gaz0,bax1,bay1,baz1,bgx1,bgy1,bgz1,gax1,gay1,gaz1,bax2,bay2,baz2,bgx2,bgy2,bgz2,gax2,gay2,gaz2,bax3,bay3,baz3,bgx3,bgy3,bgz3,gax3,gay3,gaz3,bax4,bay4,baz4,bgx4,bgy4,bgz4,gax4,gay4,gaz4
0.329146087691,-0.0109266786168,-0.0979143708119,-0.499972046235,0.233368425056,0.281761269936,1.00062009635,-0.228256971167,-0.121870256653,0.364664698793,-0.0180809346249,-0.144754042367,-0.215672333605,0.0300183535818,0.132783521762,0.997050349957,-0.230899982152,-0.117757878181,0.273143082893,-0.0272762543221,-0.130653157412,-0.0796839085268,-0.0420106686106,0.170235491265,0.996817772553,-0.236907846057,-0.1176747237,0.191670628075,-0.0213089219132,-0.107522252369,-0.0604838730421,-0.0204310842337,0.179061666275,0.997355768001,-0.238040553192,-0.120576369769,0.312907992044,-0.0209940388966,-0.0697138907516,-0.0478582352578,-0.0440515470964,0.0823689239011,0.994196803009,-0.23770099067,-0.122291904021
