bax0,bay0,baz0,bgx0,bgy0,bgz0,gax0,gay0,gaz0,bax1,bay1,baz1,bgx1,bgy1,bgz1,gax1,gay1,gaz1,bax2,bay2,baz2,bgx2,bgy2,bgz2,gax2,gay2,gaz2,bax3,bay3,baz3,bgx3,bgy3,bgz3,gax3,gay3,gaz3,bax4,bay4,baz4,bgx4,bgy4,bgz4,gax4,gay4,gaz4
0.329673292676,-0.00868285038523,-0.0874548902124,-0.49596360694,0.256437264781,0.272581460049,1.00882217007,-0.232812113371,-0.125291763105,0.385856712247,-0.00586132005522,-0.132431953597,-0.243379264287,0.0227706611134,0.140979460081,0.991772391938,-0.234916154701,-0.113647278718,0.262570519014,-0.0296070881913,-0.150257521691,-0.062861526179,-0.0172613706206,0.17721109858,0.998514202937,-0.234954003925,-0.11480981362,0.196464620728,-0.0265456932225,-0.104126033882,-0.0501871368291,-0.0254123339144,0.189570937011,0.991932892965,-0.239155900254,-0.121540719949,0.318007172892,-0.0155976022381,-0.0729881429302,-0.0260870790703,-0.0148408667544,0.108855095179,0.994905036826,-0.232022950479,-0.121468969034
