bax0,bay0,baz0,bgx0,bgy0,bgz0,gax0,gay0,gaz0,bax1,bay1,baz1,bgx1,bgy1,bgz1,gax1,gay1,gaz1,bax2,bay2,baz2,bgx2,bgy2,bgz2,gax2,gay2,gaz2,bax3,bay3,baz3,bgx3,bgy3,bgz3,gax3,gay3,gaz3,bax4,bay4,baz4,bgx4,bgy4,bgz4,gax4,gay4,gaz4
0.334567877122,-0.0141902534855,-0.0764523518344,0.0387074691945,-0.0702864834374,0.0827659679469,0.990490875709,-0.238964589636,-0.119752326471,0.247013635728,-0.0578428516314,-0.117569705091,0.0587402736238,-0.177027073932,0.0388698661551,0.993596024402,-0.238803248467,-0.109047320737,0.212273218617,0.0101271783275,-0.136165435979,-0.0174145881277,-0.176861681685,0.0600788912863,0.988940198798,-0.240684868023,-0.111681468084,0.336773024307,0.0172614609926,-0.101515093638,0.000619491681401,-0.103063629156,0.0619689590182,0.996129621681,-0.236210139165,-0.120116873996,0.428474565525,-0.0274110486083,-0.154300283465,-0.024910861653,-0.0600116140958,0.02332872169,0.996939996265,-0.230335335401,-0.113259874343
