bax0,bay0,baz0,bgx0,bgy0,bgz0,gax0,gay0,gaz0,bax1,bay1,baz1,bgx1,bgy1,bgz1,gax1,gay1,gaz1,bax2,bay2,baz2,bgx2,bgy2,bgz2,gax2,gay2,gaz2,bax3,bay3,baz3,bgx3,bgy3,bgz3,gax3,gay3,gaz3,bax4,bay4,baz4,bgx4,bgy4,bgz4,gax4,gay4,gaz4
0.231522584561,-0.0403277154221,-0.163144336361,-0.0754364878875,-0.0127206341857,0.141129480787,0.995241724215,-0.236085602834,-0.12831570556,0.180722702201,-0.0236463080172,-0.058321114807,-0.0621789154165,-0.0755074167836,0.141214856089,0.997819830611,-0.235603783278,-0.13610660228,0.323685234399,-0.0147756003411,-0.0526347689452,-0.0856477722645,-0.0623056575821,0.0608125867996,0.991462722841,-0.247637166806,-0.101576656216,0.199873331693,-0.0416919732575,-0.0733620303764,-0.750223590631,0.423170482124,0.474466729827,0.988615337885,-0.22700092193,-0.160652344755,0.246133902255,-0.0182010910846,-0.00102165092863,-0.400897616326,0.206881095725,0.316477406489,0.978989002491,-0.231897953062,-0.166024305816
