bax0,bay0,baz0,bgx0,bgy0,bgz0,gax0,gay0,gaz0,bax1,bay1,baz1,bgx1,bgy1,bgz1,gax1,gay1,gaz1,bax2,bay2,baz2,bgx2,bgy2,bgz2,gax2,gay2,gaz2,bax3,bay3,baz3,bgx3,bgy3,bgz3,gax3,gay3,gaz3,bax4,bay4,baz4,bgx4,bgy4,bgz4,gax4,gay4,gaz4
0.370348817729,-0.036629221501,-0.0793469955846,-0.0980454620248,-0.00224693417111,0.155952194501,0.973144485009,-0.236875512753,-0.1481157206,0.229016941496,-0.0285054703926,-0.126547409902,0.0110375642872,-0.178464395952,0.124870084379,0.988917703399,-0.223805265417,-0.139077031119,0.228054169127,-0.00450053593011,-0.143244804599,0.0312643401631,-0.184313666991,0.0589480230087,0.989786944172,-0.23432774225,-0.137322542576,0.374405508175,-0.0143175228288,-0.155175944749,0.00155781407982,-0.129329750616,-0.0188863254973,0.972789534849,-0.242379145028,-0.145586576846,0.333737209578,0.00176116345142,-0.146445215808,-0.0553300281603,-0.00601919772715,0.125738406503,0.982589349953,-0.235799321119,-0.150766110855
