bax0,bay0,baz0,bgx0,bgy0,bgz0,gax0,gay0,gaz0,bax1,bay1,baz1,bgx1,bgy1,bgz1,gax1,gay1,gaz1,bax2,bay2,baz2,bgx2,bgy2,bgz2,gax2,gay2,gaz2,bax3,bay3,baz3,bgx3,bgy3,bgz3,gax3,gay3,gaz3,bax4,bay4,baz4,bgx4,bgy4,bgz4,gax4,gay4,gaz4
0.391299673363,-0.029774481757,-0.0862378811611,-0.0833160277354,-0.0285001399692,0.139387517672,0.982772325233,-0.232369968461,-0.151216720718,0.240431667757,-0.0283532170272,-0.123149683461,0.0292281695036,-0.173704433574,0.112598252742,0.987362085325,-0.232992360048,-0.145550601669,0.211775896469,-0.0180112503252,-0.141151606212,0.0279593462718,-0.187514546398,0.0317782395644,0.986005098002,-0.230660567334,-0.146943335162,0.360434418385,-0.00864458142119,-0.145444073043,0.00428837251917,-0.151504173391,-0.0450514922003,0.979979150204,-0.241664390678,-0.147991503537,0.327917188416,-0.00748306244612,-0.124756333441,-0.0356439021236,-0.0159875517097,0.145098605789,0.983830386854,-0.24040364824,-0.161770624679
