bax0,bay0,baz0,bgx0,bgy0,bgz0,gax0,gay0,gaz0,bax1,bay1,baz1,bgx1,bgy1,bgz1,gax1,gay1,gaz1,bax2,bay2,baz2,bgx2,bgy2,bgz2,gax2,gay2,gaz2,bax3,bay3,baz3,bgx3,bgy3,bgz3,gax3,gay3,gaz3,bax4,bay4,baz4,bgx4,bgy4,bgz4,gax4,gay4,gaz4
0.175048954172,-0.0201254507998,-0.0599411778772,-0.11796921654,0.0134633688284,0.222693491555,0.975369275646,-0.237412879901,-0.14898674438,0.34831047173,-0.0142601201382,-0.0497525390025,-0.0415187987613,-0.0523685259556,0.106081692891,0.98395281394,-0.240293186136,-0.137122059767,0.34157027003,-0.0539693117695,-0.129893923394,0.045332059965,-0.140831457967,0.029012358681,0.988260905565,-0.240876015436,-0.128685593301,0.178760762232,-0.0205337806515,-0.126448191233,0.0601355400515,-0.193221602609,-0.00818297038515,0.984115520501,-0.239669665964,-0.132102368325,0.360142426886,0.0238929198485,-0.113069963243,-0.0136119087608,-0.0822726853824,0.0670914631288,0.978759871892,-0.241818576315,-0.139754249259
