bax0,bay0,baz0,bgx0,bgy0,bgz0,gax0,gay0,gaz0,bax1,bay1,baz1,bgx1,bgy1,bgz1,gax1,gay1,gaz1,bax2,bay2,baz2,bgx2,bgy2,bgz2,gax2,gay2,gaz2,bax3,bay3,baz3,bgx3,bgy3,bgz3,gax3,gay3,gaz3,bax4,bay4,baz4,bgx4,bgy4,bgz4,gax4,gay4,gaz4
0.388426975769,-0.0287344022498,-0.130978982373,-0.0753817698763,-0.0176971127415,0.0658420422606,0.98008743159,-0.234026777953,-0.139113542386,0.296533151709,-0.0344332357564,-0.11775871598,-0.778503111076,0.34418634072,0.452722220895,0.990037888993,-0.226687486134,-0.136676949804,0.367667500714,-0.0371564280717,-0.118947865566,-0.442771863306,0.264000038713,0.267282961519,0.984423380389,-0.240637519866,-0.158865675168,0.214801291154,-0.00313607942526,-0.0963432731779,-0.0654621317305,-0.108535426214,0.0927960986992,0.980346893396,-0.241200204832,-0.166167489768,0.274114114495,0.0136595470944,-0.113141897451,0.026923329385,-0.156201794105,0.0669648713529,0.989595388109,-0.243768942951,-0.14874484202
