bax0,bay0,baz0,bgx0,bgy0,bgz0,gax0,gay0,gaz0,bax1,bay1,baz1,bgx1,bgy1,bgz1,gax1,gay1,gaz1,bax2,bay2,baz2,bgx2,bgy2,bgz2,gax2,gay2,gaz2,bax3,bay3,baz3,bgx3,bgy3,bgz3,gax3,gay3,gaz3,bax4,bay4,baz4,bgx4,bgy4,bgz4,gax4,gay4,gaz4
0.389714055833,-0.0422367203924,-0.143042492183,-0.0448832407117,0.0114104709612,0.087625651446,0.984100470846,-0.232547248623,-0.128151437425,0.282455243789,-0.0377353095084,-0.118565823078,-0.767430503803,0.375626489246,0.42669567352,0.992089093997,-0.230701410561,-0.143618655768,0.352845350428,-0.0456158972536,-0.124773672664,-0.483765647602,0.250062121439,0.229647518078,0.986434706411,-0.233669413844,-0.149626855983,0.225593068704,-0.0105485105637,-0.0871284216776,-0.0533735334379,-0.0491165345573,0.0992445722908,0.984782265568,-0.246638497728,-0.165875116349,0.271295588725,0.0140349563731,-0.108012681776,-0.0509811180352,-0.100211229339,0.0832290617285,0.992779799834,-0.240073967876,-0.153539646894
