bax0,bay0,baz0,bgx0,bgy0,bgz0,gax0,gay0,gaz0,bax1,bay1,baz1,bgx1,bgy1,bgz1,gax1,gay1,gaz1,bax2,bay2,baz2,bgx2,bgy2,bgz2,gax2,gay2,gaz2,bax3,bay3,baz3,bgx3,bgy3,bgz3,gax3,gay3,gaz3,bax4,bay4,baz4,bgx4,bgy4,bgz4,gax4,gay4,gaz4
0.392950706343,-0.0320179712274,-0.14066786322,-0.0448182694077,-0.00564351851148,0.0624922993313,0.989022156538,-0.230576785306,-0.137341225326,0.311536551037,-0.0470947539186,-0.123928668823,-0.793855043672,0.4438214645,0.393559752337,0.992570674995,-0.226051014697,-0.146059726389,0.372924729755,-0.0368901960036,-0.124372738286,-0.392427480033,0.246697085547,0.244597391742,0.977240058876,-0.234434238931,-0.158588227292,0.206315741679,-0.0277211451162,-0.0908075860932,-0.0594194738788,-0.0833430680432,0.0560960693933,0.982265327758,-0.238025295418,-0.161538252824,0.304055326365,0.00951237101034,-0.109087761678,0.001329787928,-0.146058897355,0.0761103024742,0.992661643973,-0.235900196249,-0.159194239049
