bax0,bay0,baz0,bgx0,bgy0,bgz0,gax0,gay0,gaz0,bax1,bay1,baz1,bgx1,bgy1,bgz1,gax1,gay1,gaz1,bax2,bay2,baz2,bgx2,bgy2,bgz2,gax2,gay2,gaz2,bax3,bay3,baz3,bgx3,bgy3,bgz3,gax3,gay3,gaz3,bax4,bay4,baz4,bgx4,bgy4,bgz4,gax4,gay4,gaz4
0.409307297435,-0.029010675617,-0.157400067694,-0.0290167739704,-0.120443132396,0.0537584611868,0.992074796391,-0.239056804702,-0.145660870661,0.235879365915,-0.017352957634,-0.112080455475,-0.0354135973253,-0.105329861048,0.13718620363,0.989217565487,-0.245542607034,-0.159089332247,0.19362277066,-0.025722361097,-0.0901943383254,-0.0239998960401,-0.116025621094,0.127289923987,0.986640827247,-0.241711265288,-0.147236378849,0.366376487364,-0.0471372101884,-0.0954038447061,-0.0108383409588,0.00630373663521,0.115936958417,0.986956175495,-0.243215240044,-0.152328874277,0.351902192485,-0.0212002525706,-0.110740204411,-0.0231040990527,-0.0404133613132,0.110300759591,0.990717164791,-0.240686322933,-0.160824970253
