bax0,bay0,baz0,bgx0,bgy0,bgz0,gax0,gay0,gaz0,bax1,bay1,baz1,bgx1,bgy1,bgz1,gax1,gay1,gaz1,bax2,bay2,baz2,bgx2,bgy2,bgz2,gax2,gay2,gaz2,bax3,bay3,baz3,bgx3,bgy3,bgz3,gax3,gay3,gaz3,bax4,bay4,baz4,bgx4,bgy4,bgz4,gax4,gay4,gaz4
0.278856933179,-0.0523081841678,-0.0351236717356,0.318335107963,-0.122882397762,0.0751387201525,1.02044235166,-0.112783174263,0.0978526551281,0.272103035459,-0.0399444832123,-0.125800580447,0.119444532515,-0.0556125940635,0.112259665463,1.00289983669,-0.132878930206,0.121769364859,0.188439906994,-0.000957378449289,-0.111091605982,-0.0607897841205,-0.109518537149,0.109627767454,1.01145283233,-0.146640717931,0.133596668111,0.269664383568,0.0211423595952,-0.0491655189118,-0.060340879341,-0.0975506113267,0.0829177747155,1.02417289185,-0.133783099419,0.125508536832,0.34212336902,-0.0284986792752,-0.09868893733,-0.00296739528681,-0.0378658467122,0.126488878429,1.00858981847,-0.126917863537,0.12796179373
