bax0,bay0,baz0,bgx0,bgy0,bgz0,gax0,gay0,gaz0,bax1,bay1,baz1,bgx1,bgy1,bgz1,gax1,gay1,gaz1,bax2,bay2,baz2,bgx2,bgy2,bgz2,gax2,gay2,gaz2,bax3,bay3,baz3,bgx3,bgy3,bgz3,gax3,gay3,gaz3,bax4,bay4,baz4,bgx4,bgy4,bgz4,gax4,gay4,gaz4
0.287337017711,-0.0618557377374,-0.0452719270096,0.293751595339,-0.106643552158,0.0797683395461,1.01191421383,-0.123265454491,0.0944628038543,0.280656476861,-0.0584835225603,-0.137269614008,0.173406281032,-0.0281128436689,0.13098723101,1.00070953562,-0.13642153861,0.145526653528,0.155553137105,0.0321559134123,-0.0838026795983,-0.0458803539949,-0.121923238983,0.109725541294,1.00314613458,-0.151457001932,0.125715595218,0.291323669608,0.0142932070187,-0.0489271816771,-0.0360094231133,-0.0906158186375,0.089613160135,1.01493022715,-0.138463448323,0.11693557283,0.351059922488,-0.0382948700176,-0.0933730239162,-0.0446645532746,-0.021929194102,0.13839979148,1.01257882107,-0.128188403345,0.132317919439
