bax0,bay0,baz0,bgx0,bgy0,bgz0,gax0,gay0,gaz0,bax1,bay1,baz1,bgx1,bgy1,bgz1,gax1,gay1,gaz1,bax2,bay2,baz2,bgx2,bgy2,bgz2,gax2,gay2,gaz2,bax3,bay3,baz3,bgx3,bgy3,bgz3,gax3,gay3,gaz3,bax4,bay4,baz4,bgx4,bgy4,bgz4,gax4,gay4,gaz4
0.228193108826,-0.0120770375197,-0.104952442094,-0.0679186190934,0.0950758074763,0.0812105013487,1.00425344674,-0.139525811977,0.123699251241,0.141860270464,-0.00341641019457,-0.069848724734,-0.0518653973624,-0.0676544337848,0.0794841831747,1.00223890118,-0.129688038066,0.131716574993,0.362170320245,0.00218038027114,-0.0644783978555,-0.0463797784544,-0.107381949148,0.0926774179685,1.00160190062,-0.127461408868,0.124078686771,0.310588762646,-0.00494969422145,-0.221639039811,-0.33651780146,0.0196553777856,0.0237768605352,1.0009552214,-0.138802650485,0.162176284034,0.333468182247,-0.00171464426279,-0.163539571439,-0.201440826165,-0.143892821633,0.0819609055889,1.013334412,-0.143601063966,0.133865515782
