bax0,bay0,baz0,bgx0,bgy0,bgz0,gax0,gay0,gaz0,bax1,bay1,baz1,bgx1,bgy1,bgz1,gax1,gay1,gaz1,bax2,bay2,baz2,bgx2,bgy2,bgz2,gax2,gay2,gaz2,bax3,bay3,baz3,bgx3,bgy3,bgz3,gax3,gay3,gaz3,bax4,bay4,baz4,bgx4,bgy4,bgz4,gax4,gay4,gaz4
0.360678880326,-0.0355727769435,-0.146415985216,-0.092593614701,0.0211867494275,0.0520160935231,1.00889324041,-0.135541941704,0.125027819135,0.229691689292,-0.0243508303872,-0.144176576589,-0.0509601392051,0.0470579132929,0.0863596205942,1.00705616417,-0.139103268195,0.123611812834,0.269366230457,-0.00189800681638,-0.0485655694021,-0.0141549442561,-0.0788267787325,0.0665288012509,1.01314953867,-0.141434702199,0.122879392426,0.374850914942,-0.00960605772901,-0.08468229083,0.0182216272642,-0.113737256833,0.154092160574,1.00813098506,-0.133464299594,0.121094969726,0.225332967217,-0.0443887293863,-0.126032391212,0.0244951419717,-0.17543464228,0.121187138015,1.00773161275,-0.132728789079,0.126225450593
