bax0,bay0,baz0,bgx0,bgy0,bgz0,gax0,gay0,gaz0,bax1,bay1,baz1,bgx1,bgy1,bgz1,gax1,gay1,gaz1,bax2,bay2,baz2,bgx2,bgy2,bgz2,gax2,gay2,gaz2,bax3,bay3,baz3,bgx3,bgy3,bgz3,gax3,gay3,gaz3,bax4,bay4,baz4,bgx4,bgy4,bgz4,gax4,gay4,gaz4
0.231208999576,-0.00418361739743,-0.111626523667,0.0059108395075,-0.102866676311,0.105720050155,1.01054498859,-0.137941537446,0.130264634536,0.306930123053,0.0147106943648,-0.107589654249,-0.032668473025,-0.124739604862,0.0736212269261,1.00153118784,-0.135948367655,0.13567515717,0.382470825607,-0.0302733028297,-0.137044655708,-0.0348088869507,-0.0729651065207,0.0154983895937,1.00118986561,-0.133909650958,0.138396908246,0.299849103451,-0.0231231761074,-0.132028757719,-0.0448344240542,0.10669840217,0.0710983222459,0.998510632886,-0.132285188849,0.137235358486,0.151951989899,-0.0051143856018,-0.0855826794854,-0.0467554548171,-0.00527981316093,0.0878871511659,0.996721799554,-0.130633090737,0.139014415705
