bax0,bay0,baz0,bgx0,bgy0,bgz0,gax0,gay0,gaz0,bax1,bay1,baz1,bgx1,bgy1,bgz1,gax1,gay1,gaz1,bax2,bay2,baz2,bgx2,bgy2,bgz2,gax2,gay2,gaz2,bax3,bay3,baz3,bgx3,bgy3,bgz3,gax3,gay3,gaz3,bax4,bay4,baz4,bgx4,bgy4,bgz4,gax4,gay4,gaz4
0.299590449541,0.0112946036993,-0.13279331548,-0.0603570147162,-0.0390566086325,0.127636460039,1.01340642074,-0.125343777249,0.0736196592218,0.341651348355,-0.0163444113174,-0.139940052182,-0.0779308176506,-0.155170272092,0.0694006542795,1.01998636283,-0.133019352916,0.0674217941348,0.383335973358,-0.046250925757,-0.150921038828,-0.0273595872712,-0.0746241983564,0.0366550164447,1.0203511404,-0.136464475163,0.0709213816702,0.22843284186,-0.0156482252593,-0.145790703771,-0.0977343580302,0.102902474996,0.094020663968,1.01401764834,-0.129650596872,0.0767701749924,0.161543174832,-0.00433378758501,-0.0956368667113,-0.0363531749886,-0.040193424085,0.109243347642,1.01344684933,-0.12556222522,0.0750451489553
