bax0,bay0,baz0,bgx0,bgy0,bgz0,gax0,gay0,gaz0,bax1,bay1,baz1,bgx1,bgy1,bgz1,gax1,gay1,gaz1,bax2,bay2,baz2,bgx2,bgy2,bgz2,gax2,gay2,gaz2,bax3,bay3,baz3,bgx3,bgy3,bgz3,gax3,gay3,gaz3,bax4,bay4,baz4,bgx4,bgy4,bgz4,gax4,gay4,gaz4
0.329298498437,-0.00587161718241,-0.0498853577883,0.0159366933387,-0.100768158766,0.10973775279,1.01467704882,-0.122768400972,0.0640267350571,0.376636352516,-0.0305590725703,-0.101146534157,-0.0062544392817,-0.0387622013664,0.116653207692,1.00824941948,-0.126545501599,0.0726760057943,0.244584318957,-0.0229766079171,-0.117919247563,-0.0303124196789,-0.117971586244,0.0774659151137,1.00919556582,-0.126119199449,0.0650834369172,0.238514131521,-0.00761405122659,-0.085402715618,-0.00993056094723,-0.137626431551,0.0759005990709,1.01545389287,-0.124316725034,0.0689393447723,0.277306329999,-0.010174287421,-0.148385399532,0.0091657364824,-0.0890522120523,0.15530325608,1.01265232337,-0.113303219267,0.0739560974475
