bax0,bay0,baz0,bgx0,bgy0,bgz0,gax0,gay0,gaz0,bax1,bay1,baz1,bgx1,bgy1,bgz1,gax1,gay1,gaz1,bax2,bay2,baz2,bgx2,bgy2,bgz2,gax2,gay2,gaz2,bax3,bay3,baz3,bgx3,bgy3,bgz3,gax3,gay3,gaz3,bax4,bay4,baz4,bgx4,bgy4,bgz4,gax4,gay4,gaz4
0.327985378822,-0.0202847722949,-0.0429390256694,0.0138857399239,-0.0871221679533,0.103253402578,1.01052461439,-0.123930827066,0.0637290969733,0.383831565616,-0.0405605029022,-0.106850039501,-0.00621542717886,-0.0353032152798,0.110657721101,1.01466065905,-0.120614779239,0.0637605779568,0.25673435709,-0.0278150042463,-0.0946173467531,-0.027782421473,-0.0890308476856,0.0797659758334,1.01091017738,-0.130756009778,0.0644477753099,0.223344986935,-0.00200564834171,-0.0950188180354,-0.00728072645661,-0.126312152141,0.0846967481699,1.01419001865,-0.125135712248,0.0740562429667,0.283117077215,-0.0203506834918,-0.147093543438,-0.0128173899452,-0.0687519306579,0.131655844781,1.01180444127,-0.117613941934,0.0796770624225
