bax0,bay0,baz0,bgx0,bgy0,bgz0,gax0,gay0,gaz0,bax1,bay1,baz1,bgx1,bgy1,bgz1,gax1,gay1,gaz1,bax2,bay2,baz2,bgx2,bgy2,bgz2,gax2,gay2,gaz2,bax3,bay3,baz3,bgx3,bgy3,bgz3,gax3,gay3,gaz3,bax4,bay4,baz4,bgx4,bgy4,bgz4,gax4,gay4,gaz4
0.136590413823,-0.0286591725753,-0.0204756479879,0.305194693508,-0.107535476873,0.0762778592378,1.02176564037,-0.138833440257,0.0419268916239,0.300333724649,0.00547177706786,-0.0773439526755,0.138669811074,-0.125964884534,0.126054122635,1.01441490968,-0.134532056857,0.0621256330974,0.331363214163,-0.0449425147082,-0.10483490801,0.0492575965172,-0.132494431173,0.105910090872,1.01196766482,-0.141271255858,0.0623929166021,0.18962720624,-0.00178751594423,-0.132766695918,-0.0659278992332,-0.188426911705,0.0974777161706,1.00898990022,-0.133171171283,0.0634285146219,0.305774918184,-0.00274235722086,-0.101734913345,-0.071939037187,-0.0911572526597,0.1385176318,1.00996371175,-0.128780924605,0.0678458746229
