bax0,bay0,baz0,bgx0,bgy0,bgz0,gax0,gay0,gaz0,bax1,bay1,baz1,bgx1,bgy1,bgz1,gax1,gay1,gaz1,bax2,bay2,baz2,bgx2,bgy2,bgz2,gax2,gay2,gaz2,bax3,bay3,baz3,bgx3,bgy3,bgz3,gax3,gay3,gaz3,bax4,bay4,baz4,bgx4,bgy4,bgz4,gax4,gay4,gaz4
0.115594658248,-0.0264859054235,-0.0101404731364,0.319827109682,-0.110177198327,0.059945117108,1.02445360426,-0.1383778041,0.035870539609,0.320108493556,0.00608463168964,-0.0589298031711,0.124372726529,-0.138782915547,0.13928289488,1.01356794246,-0.139278959375,0.0723936941866,0.362378790889,-0.0330996961922,-0.0863527941708,0.00806431884129,-0.147198353865,0.116393892716,1.00983139562,-0.130905449178,0.0738198388626,0.187410310567,-0.0164327744328,-0.124854608922,-0.0309314936048,-0.180354455577,0.0848604589434,1.01113253283,-0.133753956979,0.0569742862507,0.29019838908,0.00224904916995,-0.112379243398,-0.0867858526498,-0.0977650196456,0.13687567834,1.00902237003,-0.128127071947,0.0622659064464
