bax0,bay0,baz0,bgx0,bgy0,bgz0,gax0,gay0,gaz0,bax1,bay1,baz1,bgx1,bgy1,bgz1,gax1,gay1,gaz1,bax2,bay2,baz2,bgx2,bgy2,bgz2,gax2,gay2,gaz2,bax3,bay3,baz3,bgx3,bgy3,bgz3,gax3,gay3,gaz3,bax4,bay4,baz4,bgx4,bgy4,bgz4,gax4,gay4,gaz4
0.373824237684,-0.0269984615611,-0.120622738225,-0.03131975429,-0.137945455745,0.0685631275176,1.0250618004,-0.131975380215,0.0635975273486,0.281785454261,-0.0271939681847,-0.167082770355,-0.0606975917469,0.00596681419444,0.0583041328355,1.01938574185,-0.135368437314,0.0649963528153,0.150599603073,-0.0194558890876,-0.0755734072314,-0.06922839865,0.0132038426865,0.0975440744494,1.01738449324,-0.132071179575,0.0647273547339,0.369737867276,-0.0204190726144,-0.0530635534515,-0.0287672126895,-0.0488143488003,0.0923612061274,1.011234393,-0.131269249394,0.0664821784486,0.393583542614,-0.0331525955862,-0.0870239983358,-0.0231704949064,-0.0284720243386,0.118442234132,1.02458108695,-0.134637160227,0.0699104494263
