bax0,bay0,baz0,bgx0,bgy0,bgz0,gax0,gay0,gaz0,bax1,bay1,baz1,bgx1,bgy1,bgz1,gax1,gay1,gaz1,bax2,bay2,baz2,bgx2,bgy2,bgz2,gax2,gay2,gaz2,bax3,bay3,baz3,bgx3,bgy3,bgz3,gax3,gay3,gaz3,bax4,bay4,baz4,bgx4,bgy4,bgz4,gax4,gay4,gaz4
0.292399135703,0.00430662600462,-0.107311096804,-0.0146777621513,-0.0570683780666,0.102214445566,1.00842551789,-0.173963731252,-0.0324769552496,0.2592377508,-0.026046770323,-0.112835931427,-0.564178308585,0.171050956261,0.109223326067,1.01339717273,-0.173081831105,-0.0388394380041,0.296070113947,-0.032438084129,-0.0989763377891,-0.250819945399,0.0956037403841,0.118218922548,1.00982227932,-0.173261742527,-0.0361502229977,0.333525845374,-0.0166452278127,-0.107985098217,-0.12357160437,0.0542154040719,0.102768235495,1.01180711798,-0.171748747005,-0.0313597294367,0.283365754213,-0.0208578436441,-0.129500964272,-0.0244119033048,-0.0344184245194,0.116417640382,1.01138591382,-0.168915935359,-0.0270922350581
