bax0,bay0,baz0,bgx0,bgy0,bgz0,gax0,gay0,gaz0,bax1,bay1,baz1,bgx1,bgy1,bgz1,gax1,gay1,gaz1,bax2,bay2,baz2,bgx2,bgy2,bgz2,gax2,gay2,gaz2,bax3,bay3,baz3,bgx3,bgy3,bgz3,gax3,gay3,gaz3,bax4,bay4,baz4,bgx4,bgy4,bgz4,gax4,gay4,gaz4
0.286808591505,-0.029973746611,-0.1131556372,-0.054023340053,-0.045543200366,0.0602129704021,1.00962824631,-0.175397781794,-0.0414419742519,0.243928437351,-0.0185135650204,-0.0739864045405,-0.0399025486005,-0.106884175172,0.083155066176,1.01969080996,-0.181021199288,-0.0303985105368,0.262125973464,-0.0178555536164,-0.0697339213833,-0.00936614075682,-0.122223938661,0.100385577798,1.02080347278,-0.174444454061,-0.0230806868409,0.297882987776,-0.0115577806732,-0.111653118619,-0.0385201102714,-0.0898062053696,0.0928526731146,1.01427121282,-0.17320113048,-0.0224345942807,0.287203767439,-0.0287550708588,-0.118530910886,-0.0221378079203,-0.0717955011702,0.119739353298,1.01327531826,-0.171953399842,-0.0227121896465
