bax0,bay0,baz0,bgx0,bgy0,bgz0,gax0,gay0,gaz0,bax1,bay1,baz1,bgx1,bgy1,bgz1,gax1,gay1,gaz1,bax2,bay2,baz2,bgx2,bgy2,bgz2,gax2,gay2,gaz2,bax3,bay3,baz3,bgx3,bgy3,bgz3,gax3,gay3,gaz3,bax4,bay4,baz4,bgx4,bgy4,bgz4,gax4,gay4,gaz4
0.323227597093,-0.0462353400543,-0.121737315921,-0.0448552909954,-0.0580446310829,0.13272401975,1.01146367787,-0.175933850157,-0.0247305826462,0.370030938298,-0.00603427641394,-0.066531472942,-0.0634771939313,-0.037554659665,0.105125562553,1.0113408846,-0.180945316332,-0.0480495704318,0.3114036372,-0.025532743001,-0.0758697790992,-0.0484774453532,-0.00181428810115,0.0544777933745,1.01621752765,-0.194229697275,-0.0282255987155,0.348072969039,-0.0659885330024,-0.00692485100754,-0.496720521314,0.102461666522,0.0296092506156,1.00928000535,-0.148927527186,-0.0111583860042,0.417819717946,-0.0166402688132,-0.0968542507248,-0.192342714636,0.0842161355092,0.0614682908599,1.00174865555,-0.172668868458,0.00805815925325
