bax0,bay0,baz0,bgx0,bgy0,bgz0,gax0,gay0,gaz0,bax1,bay1,baz1,bgx1,bgy1,bgz1,gax1,gay1,gaz1,bax2,bay2,baz2,bgx2,bgy2,bgz2,gax2,gay2,gaz2,bax3,bay3,baz3,bgx3,bgy3,bgz3,gax3,gay3,gaz3,bax4,bay4,baz4,bgx4,bgy4,bgz4,gax4,gay4,gaz4
0.337627554485,-0.0314723504126,-0.105990141048,-0.0388670727767,-0.0500346231088,0.13320112301,1.01141531098,-0.174842659417,-0.010889223737,0.369015068588,-0.0104523857111,-0.0688373042832,-0.0120130184441,-0.0187879661552,0.106169912848,1.01347463387,-0.166799113945,-0.0360805221572,0.319860872875,-0.0389622164534,-0.062540417895,-0.0437821660889,-0.00329527580307,0.0333094568331,1.01332391777,-0.192450433709,-0.0210979912518,0.333197821361,-0.0520161091474,-0.00407812189842,-0.45549994109,0.0942372951994,0.0208112372717,1.01132975631,-0.15634286083,0.000508806160923,0.404720202256,-0.0229766050619,-0.0962281578946,-0.177325374915,0.0895556425101,0.0755148867533,1.00693664318,-0.163616678976,0.0049939267805
