bax0,bay0,baz0,bgx0,bgy0,bgz0,gax0,gay0,gaz0,bax1,bay1,baz1,bgx1,bgy1,bgz1,gax1,gay1,gaz1,bax2,bay2,baz2,bgx2,bgy2,bgz2,gax2,gay2,gaz2,bax3,bay3,baz3,bgx3,bgy3,bgz3,gax3,gay3,gaz3,bax4,bay4,baz4,bgx4,bgy4,bgz4,gax4,gay4,gaz4
0.259807221139,0.00190680231753,-0.127414724103,-0.0021833968867,-0.102869388121,0.166573156678,1.01984753424,-0.160390390435,0.0267597611837,0.27270797286,0.0086260530018,-0.103842201146,-0.0194271469034,-0.113848957329,0.145619895864,1.00948122564,-0.161576580349,0.0297722933825,0.310378892897,-0.0314164177001,-0.157348421117,-0.0204371531916,-0.107955541,0.0646383642929,1.00519477438,-0.158438215281,0.0404780231261,0.335365738886,-0.0241651720992,-0.141944076087,-0.0269394854412,-0.147869553547,0.0103988744354,1.0158135629,-0.157210101694,0.0283136439192,0.323461360184,-0.0185369225026,-0.127826205453,-0.0304772985367,-0.0860684035588,0.0434125212788,1.01294032959,-0.168450357112,0.0210670144833
