bax0,bay0,baz0,bgx0,bgy0,bgz0,gax0,gay0,gaz0,bax1,bay1,baz1,bgx1,bgy1,bgz1,gax1,gay1,gaz1,bax2,bay2,baz2,bgx2,bgy2,bgz2,gax2,gay2,gaz2,bax3,bay3,baz3,bgx3,bgy3,bgz3,gax3,gay3,gaz3,bax4,bay4,baz4,bgx4,bgy4,bgz4,gax4,gay4,gaz4
0.22624269924,-0.00653013135025,-0.0996592633489,-0.227313393337,0.0878492833026,0.112692850256,1.0064771923,-0.160520128276,0.0268893554142,0.192055480106,-0.0233512256985,-0.067941640844,-0.0814728141315,-0.102788807641,0.108805243622,1.00710307408,-0.162786794472,0.0287435163226,0.311826091462,-0.0225446426072,-0.0505395047265,-0.020891360864,-0.176648939105,0.0653044468068,1.00936782575,-0.157899026044,0.024373731603,0.41551030361,-0.00281087696709,-0.0515218736341,-0.031421411704,-0.0399551988501,0.0897243620687,1.02687569649,-0.146882421033,0.0290896690665,0.318981289124,-0.0310534228962,-0.0833253262024,0.0125548221741,-0.0069564862417,0.129684855513,1.02341151628,-0.150247785651,0.0331971962042
