bax0,bay0,baz0,bgx0,bgy0,bgz0,gax0,gay0,gaz0,bax1,bay1,baz1,bgx1,bgy1,bgz1,gax1,gay1,gaz1,bax2,bay2,baz2,bgx2,bgy2,bgz2,gax2,gay2,gaz2,bax3,bay3,baz3,bgx3,bgy3,bgz3,gax3,gay3,gaz3,bax4,bay4,baz4,bgx4,bgy4,bgz4,gax4,gay4,gaz4
0.286172785638,-0.0385461008134,-0.143370637684,-0.473084612712,0.0898624346802,0.230803131633,0.992984520111,-0.260202267672,-0.0338758288084,0.26846815196,-0.0693190755252,-0.0965833739969,0.111074692842,-0.288843020893,0.0780923043958,0.989908790011,-0.261199055773,-0.0311644430071,0.259611609026,0.0172336619896,-0.128800307641,0.208849161591,-0.273795162781,0.105888451277,0.986965855385,-0.274299157896,-0.0296997322658,0.345919929854,-0.0134380616501,-0.164294795628,0.132941742332,-0.192871759544,0.0202201105093,0.998480067302,-0.268849141056,-0.0331944366367,0.30726919954,-0.0223402726679,-0.159769827134,0.0271722531333,-0.00525586988451,0.0153861805297,0.990914882681,-0.270654968092,-0.0336855051393
