bax0,bay0,baz0,bgx0,bgy0,bgz0,gax0,gay0,gaz0,bax1,bay1,baz1,bgx1,bgy1,bgz1,gax1,gay1,gaz1,bax2,bay2,baz2,bgx2,bgy2,bgz2,gax2,gay2,gaz2,bax3,bay3,baz3,bgx3,bgy3,bgz3,gax3,gay3,gaz3,bax4,bay4,baz4,bgx4,bgy4,bgz4,gax4,gay4,gaz4
0.257636717272,0.0116164426863,-0.0659160953439,-0.0563610690771,0.0772188908278,0.0954222109302,0.994863094863,-0.266720548348,-0.0292370317449,0.331859166665,0.00678249762892,-0.0490980481226,-0.0410065287147,-0.105878770501,0.157893453158,0.995968332058,-0.259836910232,-0.0315624229588,0.25977729576,-0.0524867596903,-0.116870521456,-0.0261880063931,-0.250424417649,0.137381385338,0.996504107038,-0.252004133979,-0.0242364381974,0.318847535217,-0.0301597834201,-0.133900566088,-0.2432319574,0.064705813522,0.0487058543204,0.99257186724,-0.273710877055,-0.020745493152,0.293977231374,-0.0481564215255,-0.0792637611873,-0.0798043683772,-0.10823393599,0.185477692938,0.993412333932,-0.272873972821,-0.0385854180037
