bax0,bay0,baz0,bgx0,bgy0,bgz0,gax0,gay0,gaz0,bax1,bay1,baz1,bgx1,bgy1,bgz1,gax1,gay1,gaz1,bax2,bay2,baz2,bgx2,bgy2,bgz2,gax2,gay2,gaz2,bax3,bay3,baz3,bgx3,bgy3,bgz3,gax3,gay3,gaz3,bax4,bay4,baz4,bgx4,bgy4,bgz4,gax4,gay4,gaz4
0.241551548593,-0.0106530006984,-0.113243159954,0.0174942478544,-0.30957769666,0.193373522576,0.995108459231,-0.266852439353,-0.0337158755542,0.33371985403,-0.0195426332164,-0.185320831597,-0.0216073508596,-0.152707048443,0.116196999756,0.987780478919,-0.267841577612,-0.0297890665463,0.294799107573,-0.03023041904,-0.1523090804,-0.0521806497537,0.114828397488,0.0262987803184,0.984479779191,-0.264544865447,-0.0423659066774,0.3289474232,-0.0098889466112,-0.0520276810503,-0.0111423697993,0.0931061655346,0.121642735923,0.982527561059,-0.27808328555,-0.0354688825944,0.36440589636,-0.0107325129719,-0.0814231713569,-0.0235987592394,-0.192598807148,0.107714644356,0.998694753892,-0.274059175338,-0.0293451529985
