bax0,bay0,baz0,bgx0,bgy0,bgz0,gax0,gay0,gaz0,bax1,bay1,baz1,bgx1,bgy1,bgz1,gax1,gay1,gaz1,bax2,bay2,baz2,bgx2,bgy2,bgz2,gax2,gay2,gaz2,bax3,bay3,baz3,bgx3,bgy3,bgz3,gax3,gay3,gaz3,bax4,bay4,baz4,bgx4,bgy4,bgz4,gax4,gay4,gaz4
0.292174209414,-0.0301887601566,-0.232718545926,0.180085177798,-0.0918328886275,-0.0410961472391,0.993928602647,-0.273500068769,-0.0183068735344,0.241651403007,-0.0179392388832,-0.0949520524892,0.0177669689404,0.0512819583394,0.0587971014069,0.992394695805,-0.26893836326,-0.0436579154729,0.29874349314,-0.0251407365933,-0.0494291233844,-0.0352994625754,-0.0647836545555,0.184157146115,0.989248427552,-0.279607129439,-0.0345780746634,0.276850807568,-0.0133483730429,-0.0914373531225,-0.0183071473332,-0.164359221001,0.142847751133,0.976304791086,-0.282256026139,-0.0278236824222,0.255441425714,0.010040204262,-0.132374571909,-0.0370367971397,-0.25529556431,0.0715462435136,0.981240231251,-0.285687534264,-0.0277556265475
