bax0,bay0,baz0,bgx0,bgy0,bgz0,gax0,gay0,gaz0,bax1,bay1,baz1,bgx1,bgy1,bgz1,gax1,gay1,gaz1,bax2,bay2,baz2,bgx2,bgy2,bgz2,gax2,gay2,gaz2,bax3,bay3,baz3,bgx3,bgy3,bgz3,gax3,gay3,gaz3,bax4,bay4,baz4,bgx4,bgy4,bgz4,gax4,gay4,gaz4
0.300403745258,-0.00271545865095,-0.134402614041,-0.214393390825,-0.103029721695,0.0821013556348,0.988821049615,-0.277021329483,-0.0334126944609,0.325124646314,-0.0113035431524,-0.146158549521,-0.0980498815957,0.04411566233,0.0257420449833,0.994417183886,-0.275871823087,-0.0260689434142,0.211553258781,-0.0139080800881,-0.0729732858701,0.0259740669139,0.076077297829,0.0995546963291,0.991078395256,-0.268433416896,-0.0205743186525,0.296137893396,-0.0204796911163,-0.0411272209872,0.0368158506596,-0.0613034980121,0.139275391678,0.989929605787,-0.258539670826,-0.0207739037908,0.364001221664,-0.0151820543937,-0.0813563461204,-0.00292817566862,-0.171170402161,0.115732950515,0.992456366328,-0.254488356877,-0.0183378364722
