bax0,bay0,baz0,bgx0,bgy0,bgz0,gax0,gay0,gaz0,bax1,bay1,baz1,bgx1,bgy1,bgz1,gax1,gay1,gaz1,bax2,bay2,baz2,bgx2,bgy2,bgz2,gax2,gay2,gaz2,bax3,bay3,baz3,bgx3,bgy3,bgz3,gax3,gay3,gaz3,bax4,bay4,baz4,bgx4,bgy4,bgz4,gax4,gay4,gaz4
0.302673557639,-0.00240374028105,-0.153650120546,-0.204474316979,-0.0853425680645,0.0852345256963,0.992930581359,-0.291660806563,-0.0355874950413,0.348303055788,-0.00961310762244,-0.121348871496,-0.132237257945,0.054777818511,0.0310765300505,0.990769296907,-0.276293796752,-0.0362058032032,0.203317015091,-0.00815490499449,-0.067133202617,0.0047669825535,0.0274681474893,0.101263669147,0.995742336385,-0.265097217821,-0.0249941996351,0.333619768426,-0.0115581883752,-0.0443642813789,0.0632841104446,-0.0792067869843,0.135627438935,0.990523734065,-0.269661672967,-0.00541431370538,0.390336370304,-0.0239684721923,-0.0629866645529,0.0276055571002,-0.161611595585,0.0971966208516,0.987837703738,-0.269791357213,-0.0189330332038
