bax0,bay0,baz0,bgx0,bgy0,bgz0,gax0,gay0,gaz0,bax1,bay1,baz1,bgx1,bgy1,bgz1,gax1,gay1,gaz1,bax2,bay2,baz2,bgx2,bgy2,bgz2,gax2,gay2,gaz2,bax3,bay3,baz3,bgx3,bgy3,bgz3,gax3,gay3,gaz3,bax4,bay4,baz4,bgx4,bgy4,bgz4,gax4,gay4,gaz4
0.308639370449,-0.0080038753583,-0.135948762519,-0.213940290762,-0.0919619389047,0.0885261997612,0.984838392238,-0.282571624895,-0.0399108547691,0.330567227574,-0.0112555928261,-0.138710337025,-0.097993424317,0.0372745033572,0.0324999653573,0.995199337107,-0.27567486052,-0.0281889395205,0.227693827225,-0.00693425755129,-0.100129853294,0.0227561203175,0.0279184891006,0.104747787056,0.995318216736,-0.265167778763,-0.0201600037172,0.32420634048,-0.0151590690396,-0.0348064375266,0.0823011838591,-0.0944768013148,0.129021565721,0.993658684147,-0.267316056645,-0.016694174945,0.350515664092,-0.0227522274543,-0.0688226160582,-0.0319108172671,-0.17967215124,0.110811576835,0.985918637362,-0.26385467199,-0.01853123425
