bax0,bay0,baz0,bgx0,bgy0,bgz0,gax0,gay0,gaz0,bax1,bay1,baz1,bgx1,bgy1,bgz1,gax1,gay1,gaz1,bax2,bay2,baz2,bgx2,bgy2,bgz2,gax2,gay2,gaz2,bax3,bay3,baz3,bgx3,bgy3,bgz3,gax3,gay3,gaz3,bax4,bay4,baz4,bgx4,bgy4,bgz4,gax4,gay4,gaz4
0.228129444723,-0.0404394921297,-0.141478507642,-0.0153905412951,-0.237869132141,0.0947218193572,0.997311931559,-0.250658109923,-0.018594468816,0.274363444093,-0.00991343113019,-0.125475535612,-0.012610882257,-0.110616444,0.121315720617,0.998257951773,-0.25423554834,-0.0156780352332,0.301249818954,0.00833098462962,-0.118684499247,-0.083970739527,-0.128410748005,0.113981550949,1.00007479603,-0.267072171631,-0.0156263237724,0.312579514665,-0.0271753025177,-0.163632870013,-0.0583232018004,-0.156196361808,-0.0063041846911,0.997220611219,-0.255370804137,-0.019918827298,0.346357971315,-0.0383938789358,-0.191991556179,-0.00135946928087,0.00540574047524,0.0375536824765,0.996893195776,-0.254071162149,-0.021404797701
