bax0,bay0,baz0,bgx0,bgy0,bgz0,gax0,gay0,gaz0,bax1,bay1,baz1,bgx1,bgy1,bgz1,gax1,gay1,gaz1,bax2,bay2,baz2,bgx2,bgy2,bgz2,gax2,gay2,gaz2,bax3,bay3,baz3,bgx3,bgy3,bgz3,gax3,gay3,gaz3,bax4,bay4,baz4,bgx4,bgy4,bgz4,gax4,gay4,gaz4
0.237101055588,-0.0479908517302,-0.127907862496,-0.00590909436539,-0.266797850082,0.103936413201,0.993988301633,-0.266560044052,-0.0174860404344,0.27728615285,-0.0102796496737,-0.125593150857,-0.0109589025266,-0.137345702063,0.112564992718,0.999843180566,-0.256666852107,-0.0194067418592,0.313243939618,0.0266615500482,-0.125879779919,-0.0745848078467,-0.138270728844,0.0884447496463,0.999545830033,-0.257056230572,-0.0173842896762,0.310522844925,-0.036414178624,-0.157892517813,-0.0485002402688,-0.176325116278,-0.0256666433331,0.997967127787,-0.250849395952,-0.0155787683533,0.335935880608,-0.0447934623785,-0.19495529971,-0.0122076923974,0.0238614951481,0.0212360640707,0.997768344788,-0.253738673554,-0.0309835597796
