bax0,bay0,baz0,bgx0,bgy0,bgz0,gax0,gay0,gaz0,bax1,bay1,baz1,bgx1,bgy1,bgz1,gax1,gay1,gaz1,bax2,bay2,baz2,bgx2,bgy2,bgz2,gax2,gay2,gaz2,bax3,bay3,baz3,bgx3,bgy3,bgz3,gax3,gay3,gaz3,bax4,bay4,baz4,bgx4,bgy4,bgz4,gax4,gay4,gaz4
0.252782697997,-0.0332583983405,-0.107153412594,-0.028837859963,0.138706277353,0.132103007467,0.998462976596,-0.24522179415,-0.0400013699532,0.191434716523,-0.0179689153167,-0.050347171633,-0.0394169128163,0.0146901637208,0.0851129808543,1.00811333299,-0.263046992764,-0.0459766585256,0.282850398901,-0.026223253611,-0.064783093589,0.0771186545751,-0.145907000394,-0.0243447002033,0.966579930448,-0.33228706844,-0.134082386646,0.315139395692,-0.000409586366518,-0.108807941775,0.0175385799676,-0.152124525544,0.0916752231626,0.97119228152,-0.352979398877,-0.137767364981,0.364369204714,-0.0230872828964,-0.0702924543539,-0.0673425437669,-0.130218877852,0.121882937635,0.967475739086,-0.318511933364,-0.113033017477
