bax0,bay0,baz0,bgx0,bgy0,bgz0,gax0,gay0,gaz0,bax1,bay1,baz1,bgx1,bgy1,bgz1,gax1,gay1,gaz1,bax2,bay2,baz2,bgx2,bgy2,bgz2,gax2,gay2,gaz2,bax3,bay3,baz3,bgx3,bgy3,bgz3,gax3,gay3,gaz3,bax4,bay4,baz4,bgx4,bgy4,bgz4,gax4,gay4,gaz4
0.248031367694,-0.0242211016873,-0.122332811308,-0.0342254299692,0.127502260536,0.144527358886,0.997413824549,-0.259792367741,-0.0358795889079,0.202686802633,-0.0124201504287,-0.053338960159,-0.0266365073146,-0.0238322563906,0.0699444673304,0.997543275567,-0.271000146608,-0.0380914611931,0.261920588133,-0.0261201146362,-0.0742987938323,0.0689604556294,-0.142495134578,-0.00395549518261,0.968144097139,-0.335164954065,-0.138037958256,0.28508022898,-0.000226411525413,-0.0872072165299,0.00848040310259,-0.139842039997,0.0730951426234,0.960761294929,-0.347787323476,-0.126321855058,0.343358825573,-0.0118149593461,-0.0671675132045,-0.0504051188473,-0.12394632609,0.113783003081,0.969516840485,-0.330702437702,-0.118605658299
