bax0,bay0,baz0,bgx0,bgy0,bgz0,gax0,gay0,gaz0,bax1,bay1,baz1,bgx1,bgy1,bgz1,gax1,gay1,gaz1,bax2,bay2,baz2,bgx2,bgy2,bgz2,gax2,gay2,gaz2,bax3,bay3,baz3,bgx3,bgy3,bgz3,gax3,gay3,gaz3,bax4,bay4,baz4,bgx4,bgy4,bgz4,gax4,gay4,gaz4
0.265858055372,-0.0185974625134,-0.117044166823,-0.0223431625937,0.143049339706,0.141832113153,1.00374504511,-0.257409884831,-0.0348242627543,0.194075989519,-0.0287380183372,-0.0447836401668,-0.0452267288009,0.00242282518475,0.0884907662446,0.999074648767,-0.264098506784,-0.0483607588262,0.248151020627,-0.0142863605636,-0.0704663627331,0.0664431044988,-0.135847202822,-0.0102076859044,0.980064236952,-0.319409034969,-0.117893815962,0.286689490889,0.0174715155469,-0.0829477748706,0.0123644962262,-0.152195529458,0.0773588077018,0.966592601222,-0.343376350555,-0.125346595515,0.338241716421,-0.0195609102233,-0.0785076201655,-0.0489100863913,-0.109958915821,0.108843800325,0.968155862412,-0.329271968228,-0.116652606261
