bax0,bay0,baz0,bgx0,bgy0,bgz0,gax0,gay0,gaz0,bax1,bay1,baz1,bgx1,bgy1,bgz1,gax1,gay1,gaz1,bax2,bay2,baz2,bgx2,bgy2,bgz2,gax2,gay2,gaz2,bax3,bay3,baz3,bgx3,bgy3,bgz3,gax3,gay3,gaz3,bax4,bay4,baz4,bgx4,bgy4,bgz4,gax4,gay4,gaz4
0.337095133408,-0.0153522106604,-0.0790965208422,-0.0307491327047,-0.0699107972849,0.131766814536,0.967555750504,-0.325407724155,-0.116428220129,0.26670125661,-0.0329715176027,-0.0958257640881,-0.023045159391,-0.128942550711,0.149523996947,0.963995629007,-0.325093138206,-0.10889095019,0.237986000364,-0.0316330961998,-0.143742537313,-0.0284086866983,-0.173821069063,0.101585097612,0.966635491903,-0.308960362382,-0.1006124499,0.271794744109,-0.0139535728633,-0.127227482824,-0.0154071552291,-0.160648802144,0.0885291723273,0.966862500524,-0.320888584738,-0.108034927321,0.315990119747,0.00450302408493,-0.132837959304,-0.0443124513826,-0.0400015587316,0.114712398097,0.960780915857,-0.313734410064,-0.109023728364
