bax0,bay0,baz0,bgx0,bgy0,bgz0,gax0,gay0,gaz0,bax1,bay1,baz1,bgx1,bgy1,bgz1,gax1,gay1,gaz1,bax2,bay2,baz2,bgx2,bgy2,bgz2,gax2,gay2,gaz2,bax3,bay3,baz3,bgx3,bgy3,bgz3,gax3,gay3,gaz3,bax4,bay4,baz4,bgx4,bgy4,bgz4,gax4,gay4,gaz4
0.324539608926,-0.0209763563166,-0.0570147473753,-0.0259790683269,-0.0511562241924,0.126293087723,0.970147668588,-0.327507318006,-0.114099397599,0.289162298726,-0.0049428297511,-0.112892284487,-0.0253458108443,-0.106473226693,0.153299848508,0.967824645361,-0.318986638503,-0.108909632154,0.2436098782,-0.0378013537184,-0.141631338827,-0.0276646412668,-0.202635809599,0.0989689377079,0.96627603954,-0.317162226017,-0.0978302935304,0.241986500647,-0.0157293687863,-0.119541084881,-0.0156289526044,-0.137692903389,0.0957241423551,0.964204977671,-0.309953349601,-0.111112425251,0.292634763212,0.011742713297,-0.133536030191,-0.0448895301462,-0.0696465046445,0.123934370037,0.958976321621,-0.323160916118,-0.118246907535
