bax0,bay0,baz0,bgx0,bgy0,bgz0,gax0,gay0,gaz0,bax1,bay1,baz1,bgx1,bgy1,bgz1,gax1,gay1,gaz1,bax2,bay2,baz2,bgx2,bgy2,bgz2,gax2,gay2,gaz2,bax3,bay3,baz3,bgx3,bgy3,bgz3,gax3,gay3,gaz3,bax4,bay4,baz4,bgx4,bgy4,bgz4,gax4,gay4,gaz4
0.337434435642,-0.0162417945489,-0.0479164736165,-0.0268179433006,-0.0609727454426,0.119722471457,0.965226132157,-0.322969080186,-0.111693822809,0.290066904433,-0.0182256172063,-0.112456898415,-0.0221392505731,-0.118293734036,0.147030128877,0.964752344331,-0.324497337339,-0.104739932656,0.225683444032,-0.0381828299349,-0.158501984548,-0.0187402331699,-0.178862514053,0.102444926821,0.968393518239,-0.316010351158,-0.10282628338,0.252962679468,-0.0141663798673,-0.128463007627,-0.0164103132944,-0.157074793845,0.0903088156974,0.964679344034,-0.318857714399,-0.107567705264,0.312559094177,0.00911673825382,-0.120105559706,-0.0373298585815,-0.066074241851,0.11646057653,0.960373272092,-0.32123827914,-0.115222254631
