bax0,bay0,baz0,bgx0,bgy0,bgz0,gax0,gay0,gaz0,bax1,bay1,baz1,bgx1,bgy1,bgz1,gax1,gay1,gaz1,bax2,bay2,baz2,bgx2,bgy2,bgz2,gax2,gay2,gaz2,bax3,bay3,baz3,bgx3,bgy3,bgz3,gax3,gay3,gaz3,bax4,bay4,baz4,bgx4,bgy4,bgz4,gax4,gay4,gaz4
0.296997441436,-0.0255554798207,-0.20918548365,-0.246538688195,0.041730632392,0.105994210996,0.97530216493,-0.31408375115,-0.0870637131302,0.366841669155,-0.0370723891339,-0.138775042121,-0.140750743835,-0.0598173848178,-0.00952578385858,0.958549709348,-0.328963355645,-0.108752849252,0.290343162065,-0.0228625846065,-0.117024771383,-0.0897134022337,0.118435863481,0.0810507313141,0.968197958782,-0.328335466882,-0.0998269360957,0.231637831982,0.0104891110544,-0.0940136241803,-0.0279487528652,0.103995763744,0.139896627172,0.976796791983,-0.322648618537,-0.103239504955,0.278223841931,-0.00186965760864,-0.0508368776935,-0.00522878381495,-0.0942850320112,0.0971338423132,0.979620018153,-0.319937843174,-0.113076404656
