bax0,bay0,baz0,bgx0,bgy0,bgz0,gax0,gay0,gaz0,bax1,bay1,baz1,bgx1,bgy1,bgz1,gax1,gay1,gaz1,bax2,bay2,baz2,bgx2,bgy2,bgz2,gax2,gay2,gaz2,bax3,bay3,baz3,bgx3,bgy3,bgz3,gax3,gay3,gaz3,bax4,bay4,baz4,bgx4,bgy4,bgz4,gax4,gay4,gaz4
0.273061241217,-0.0266546390764,-0.234642132521,-0.207658238686,0.0558341806877,0.10546998434,0.976809556833,-0.318621468503,-0.0878323219346,0.348059213855,-0.0371119794066,-0.106960079755,-0.103912327129,-0.0648590240867,0.0207652361373,0.962750616513,-0.326579657844,-0.122084477998,0.31510685258,-0.0243465922613,-0.114770918087,-0.0541231252166,0.0686801268564,0.0671163630507,0.96384919931,-0.324894608955,-0.107661915067,0.23856478016,0.00126981091169,-0.113219959419,-0.0591478575969,0.0899327431465,0.153801243069,0.977260505665,-0.32177297235,-0.10889584395,0.272738803575,0.000702816065098,-0.0336845317657,-0.0119582749856,-0.0742545469252,0.0763019732657,0.982321202235,-0.321220850265,-0.123064228361
