bax0,bay0,baz0,bgx0,bgy0,bgz0,gax0,gay0,gaz0,bax1,bay1,baz1,bgx1,bgy1,bgz1,gax1,gay1,gaz1,bax2,bay2,baz2,bgx2,bgy2,bgz2,gax2,gay2,gaz2,bax3,bay3,baz3,bgx3,bgy3,bgz3,gax3,gay3,gaz3,bax4,bay4,baz4,bgx4,bgy4,bgz4,gax4,gay4,gaz4
0.364815510441,-0.0161629308649,-0.0582034196008,-0.0191562482732,-0.06340995591,0.0854442306697,0.981029247767,-0.315672865867,-0.114891394395,0.329662494312,-0.038334073361,-0.0997380925109,-0.0193541822354,-0.116109005034,0.136847587839,0.978500078594,-0.309551333809,-0.102720975717,0.227704845675,-0.0366990414664,-0.1223023963,0.0142954639551,-0.280975447141,0.0961466478838,0.98025238015,-0.315352994647,-0.0968598753066,0.228151971879,-0.0263852434635,-0.15447812102,0.00719706787762,-0.169672355057,0.104809647032,0.985499633151,-0.30920623232,-0.106974097556,0.288749686186,0.0049456658838,-0.153162354906,-0.0246345123362,-0.0854209059654,0.137262585482,0.980353154985,-0.322895571355,-0.105081461012
