bax0,bay0,baz0,bgx0,bgy0,bgz0,gax0,gay0,gaz0,bax1,bay1,baz1,bgx1,bgy1,bgz1,gax1,gay1,gaz1,bax2,bay2,baz2,bgx2,bgy2,bgz2,gax2,gay2,gaz2,bax3,bay3,baz3,bgx3,bgy3,bgz3,gax3,gay3,gaz3,bax4,bay4,baz4,bgx4,bgy4,bgz4,gax4,gay4,gaz4
0.378759188034,-0.00821946358485,-0.0538437729598,-0.0153938395674,-0.0674667286739,0.0743852975348,0.984454735998,-0.317507627183,-0.109736696731,0.351449662314,-0.0357009331306,-0.109660425699,-0.0144713132364,-0.128240395298,0.118819480287,0.978780455861,-0.317650765724,-0.0976973074422,0.245792289852,-0.0247129172917,-0.120810374752,0.0247044420951,-0.29696836594,0.0867824412185,0.982861362977,-0.304084999463,-0.100013686985,0.216507059903,-0.0306263532117,-0.162744334343,0.00643720396571,-0.17384248908,0.102078831931,0.982786833637,-0.306466279266,-0.105741312902,0.30033159976,0.00323914387817,-0.12524420326,-0.0266991036461,-0.089972141365,0.125589667281,0.983090455254,-0.320685917006,-0.115066665777
