bax0,bay0,baz0,bgx0,bgy0,bgz0,gax0,gay0,gaz0,bax1,bay1,baz1,bgx1,bgy1,bgz1,gax1,gay1,gaz1,bax2,bay2,baz2,bgx2,bgy2,bgz2,gax2,gay2,gaz2,bax3,bay3,baz3,bgx3,bgy3,bgz3,gax3,gay3,gaz3,bax4,bay4,baz4,bgx4,bgy4,bgz4,gax4,gay4,gaz4
0.414687431427,0.0213999176947,-0.0719129277778,-0.0661487804193,-0.0465387505586,0.166347572546,0.949238392305,-0.360526558653,-0.140466899549,0.352388492761,-0.0105835778661,-0.09285065839,-0.0888584028329,-0.0233354154506,0.168158522445,0.958557674687,-0.349384765765,-0.125736559874,0.257738550182,-0.0271171274736,-0.0979991410201,-0.0533039061649,-0.123437777943,0.140216746292,0.963853953605,-0.339002248323,-0.122052100043,0.288779211248,-0.0292420481538,-0.147183050929,-0.019873598969,-0.189342822374,0.141171475791,0.962699390365,-0.320237299226,-0.117211752016,0.300291044862,-0.0171857735794,-0.125377573043,-0.00304915129081,-0.0653497844278,0.146226828326,0.97643924371,-0.327723898587,-0.115030404549
