bax0,bay0,baz0,bgx0,bgy0,bgz0,gax0,gay0,gaz0,bax1,bay1,baz1,bgx1,bgy1,bgz1,gax1,gay1,gaz1,bax2,bay2,baz2,bgx2,bgy2,bgz2,gax2,gay2,gaz2,bax3,bay3,baz3,bgx3,bgy3,bgz3,gax3,gay3,gaz3,bax4,bay4,baz4,bgx4,bgy4,bgz4,gax4,gay4,gaz4
0.235539662295,0.00775951473178,-0.108676410679,-0.0694635823635,-0.0865631093084,0.109701618089,0.977479495534,-0.324332902992,-0.117431286086,0.260060730272,-0.0561975249293,-0.245883984514,-0.416928238531,0.0885878631755,0.101202410422,0.97711459662,-0.323677958746,-0.0808956854989,0.238937329313,-0.000907588136803,-0.110811394847,-0.221290253899,-0.0927461027053,0.131563190997,0.972917439522,-0.34135894521,-0.122348522406,0.227827836642,-0.012968954852,-0.0973685219099,-0.0491855792263,-0.145799002314,0.0899331784448,0.976097639165,-0.335603016562,-0.117810642846,0.286853286034,0.00339047911169,-0.140156141569,0.00881192638927,-0.124688688217,0.130661258637,0.977983539027,-0.329637816189,-0.107071583087
