bax0,bay0,baz0,bgx0,bgy0,bgz0,gax0,gay0,gaz0,bax1,bay1,baz1,bgx1,bgy1,bgz1,gax1,gay1,gaz1,bax2,bay2,baz2,bgx2,bgy2,bgz2,gax2,gay2,gaz2,bax3,bay3,baz3,bgx3,bgy3,bgz3,gax3,gay3,gaz3,bax4,bay4,baz4,bgx4,bgy4,bgz4,gax4,gay4,gaz4
0.309054003455,0.00445903280211,-0.116179967585,-0.0230692838107,-0.0454761409966,0.0887990685448,0.9997308211,-0.279261254463,-0.129050938594,0.274319908128,-0.0582966432091,-0.155978073677,-0.237156900248,0.0558259830179,0.175750515174,1.0064391258,-0.251118383495,-0.100801467246,0.227744094096,0.00356562283262,-0.0958269807218,-0.158998176125,-0.0607458446046,0.212848324607,0.991705231734,-0.274071363092,-0.114994218728,0.280231881026,-0.0259916650856,-0.105766526235,-0.035135778203,-0.0666656583422,0.104538282044,0.990371833103,-0.275916140139,-0.107981546447,0.365124949501,-0.0116098514401,-0.138241396705,-0.038406965237,-0.0741550217533,-0.0218911590656,0.981997012221,-0.278584361566,-0.116648049813
