bax0,bay0,baz0,bgx0,bgy0,bgz0,gax0,gay0,gaz0,bax1,bay1,baz1,bgx1,bgy1,bgz1,gax1,gay1,gaz1,bax2,bay2,baz2,bgx2,bgy2,bgz2,gax2,gay2,gaz2,bax3,bay3,baz3,bgx3,bgy3,bgz3,gax3,gay3,gaz3,bax4,bay4,baz4,bgx4,bgy4,bgz4,gax4,gay4,gaz4
0.284389985624,-0.00054719129472,-0.118705390629,-0.0114215289803,-0.0279570116695,0.0740687397578,1.00205251075,-0.277166281054,-0.127387989694,0.264974848416,-0.0639562536696,-0.164173799048,-0.201660358656,0.0484958366088,0.149906581879,0.995465215581,-0.246679465891,-0.107908865429,0.216812090515,-0.000215075448977,-0.0968854957127,-0.156403453563,-0.0664153697944,0.197476389355,0.98437321735,-0.283383115729,-0.12009665283,0.257485184699,-0.0228607851873,-0.106206594366,-0.0356564356155,-0.0563498797006,0.121238152974,0.992862902997,-0.276348438848,-0.113111615652,0.357286257812,-0.0179321784933,-0.127196909862,-0.0548653216381,-0.0683720872559,0.00491318634737,0.990091959677,-0.277863460032,-0.115495794629
