bax0,bay0,baz0,bgx0,bgy0,bgz0,gax0,gay0,gaz0,bax1,bay1,baz1,bgx1,bgy1,bgz1,gax1,gay1,gaz1,bax2,bay2,baz2,bgx2,bgy2,bgz2,gax2,gay2,gaz2,bax3,bay3,baz3,bgx3,bgy3,bgz3,gax3,gay3,gaz3,bax4,bay4,baz4,bgx4,bgy4,bgz4,gax4,gay4,gaz4
0.309226874305,-0.0212916537214,-0.173410950015,-0.0539646423835,-0.0701081073282,0.0481983454061,0.984504968927,-0.283174768368,-0.119684008172,0.23007607216,-0.0374423671678,-0.118467333126,-0.0895031769449,-0.0237691304402,0.106047714586,0.984570221457,-0.278728704796,-0.14934629659,0.242347568049,-0.00534922367056,-0.0784755041123,-0.0408437263407,-0.0567266183088,0.0672923952673,0.986875301657,-0.279033698426,-0.140647113076,0.295160043253,0.0176710252861,-0.019975903272,0.00407496105615,-0.135661560828,0.106679522199,0.991660761773,-0.280049481058,-0.123794006077,0.400847760037,-0.0238082408557,-0.141239726188,-0.0207809704887,-0.121736406675,0.180074321988,0.994097768189,-0.260061363333,-0.106949159647
