bax0,bay0,baz0,bgx0,bgy0,bgz0,gax0,gay0,gaz0,bax1,bay1,baz1,bgx1,bgy1,bgz1,gax1,gay1,gaz1,bax2,bay2,baz2,bgx2,bgy2,bgz2,gax2,gay2,gaz2,bax3,bay3,baz3,bgx3,bgy3,bgz3,gax3,gay3,gaz3,bax4,bay4,baz4,bgx4,bgy4,bgz4,gax4,gay4,gaz4
0.286195206661,0.0161024366194,-0.116154830843,-0.0375295461973,-0.0828137453623,0.0919235422591,0.984790093331,-0.275792900685,-0.128034217276,0.260341824782,-0.0332811760671,-0.136628014606,0.275622958382,-0.238108355442,-0.133743029265,0.990624132587,-0.270008839296,-0.143847666902,0.389989426603,-0.00710241351655,-0.118483886626,0.0559046353024,-0.107315181704,0.0017054437256,0.967476547612,-0.289304089795,-0.155125399094,0.310633094626,-0.0547199826901,-0.123608161201,-0.026670694367,-0.0565338018165,0.147289541031,0.978192993998,-0.268091625376,-0.157410406567,0.2362653138,-0.043339100106,-0.141674937205,-0.0424209395644,-0.15090713151,0.122092008739,0.982882312641,-0.278839405631,-0.144140971863
