bax0,bay0,baz0,bgx0,bgy0,bgz0,gax0,gay0,gaz0,bax1,bay1,baz1,bgx1,bgy1,bgz1,gax1,gay1,gaz1,bax2,bay2,baz2,bgx2,bgy2,bgz2,gax2,gay2,gaz2,bax3,bay3,baz3,bgx3,bgy3,bgz3,gax3,gay3,gaz3,bax4,bay4,baz4,bgx4,bgy4,bgz4,gax4,gay4,gaz4
0.227174284874,0.038109599682,-0.146441829557,-0.0491832948547,-0.0518509340251,0.121691685372,0.988147217598,-0.28706696928,-0.159257696604,0.341196604149,0.00389082524138,-0.119676099732,-0.0178280980294,-0.0537334531455,0.0501297721789,0.99112082106,-0.27094819672,-0.166140738254,0.395062924532,-0.0129657511293,-0.129944680578,-0.00966468720777,-0.0304140824513,0.0127702282761,0.989226550515,-0.270862975199,-0.176131087378,0.235518820482,-0.0233246238165,-0.100570656073,-0.0715413995434,-0.0320524997187,0.0948604301753,0.998755690549,-0.268221521614,-0.170463569345,0.199129660444,-0.022958614004,-0.0564490504032,-0.0283315550471,-0.101994171211,0.112426257309,0.985021236117,-0.262761264931,-0.167755398009
