bax0,bay0,baz0,bgx0,bgy0,bgz0,gax0,gay0,gaz0,bax1,bay1,baz1,bgx1,bgy1,bgz1,gax1,gay1,gaz1,bax2,bay2,baz2,bgx2,bgy2,bgz2,gax2,gay2,gaz2,bax3,bay3,baz3,bgx3,bgy3,bgz3,gax3,gay3,gaz3,bax4,bay4,baz4,bgx4,bgy4,bgz4,gax4,gay4,gaz4
0.270536825905,-0.0131353848483,-0.0943776298878,-0.0381229464001,-0.106013953038,0.0765241296409,0.971613414512,-0.274792485431,-0.15777457797,0.343292242725,0.00724894641965,-0.110161615299,-0.0683357911822,-0.171463111425,0.125290027772,0.976145079049,-0.278363946157,-0.15017588645,0.351953323191,-0.0412883853748,-0.146253390581,-0.0524358787224,-0.0914014741725,0.1695418063,0.976456818432,-0.26972355913,-0.154224795711,0.282430759631,-0.0427855283047,-0.133446780649,-0.0455244881794,-0.0362963795796,0.0524936905835,0.973127619304,-0.265447015781,-0.162304260415,0.25735687036,-0.00605616162722,-0.104162074424,-0.0504427768562,-0.0761660823808,0.0735552870372,0.974993870613,-0.271044775124,-0.165306146621
