bax0,bay0,baz0,bgx0,bgy0,bgz0,gax0,gay0,gaz0,bax1,bay1,baz1,bgx1,bgy1,bgz1,gax1,gay1,gaz1,bax2,bay2,baz2,bgx2,bgy2,bgz2,gax2,gay2,gaz2,bax3,bay3,baz3,bgx3,bgy3,bgz3,gax3,gay3,gaz3,bax4,bay4,baz4,bgx4,bgy4,bgz4,gax4,gay4,gaz4
0.290380159471,-0.0136273863344,-0.0905010202007,-0.033623430518,-0.099347608738,0.0707848759809,0.971445685576,-0.27230206694,-0.155828749868,0.351114689227,0.0205589359752,-0.0986985384809,-0.0613975663978,-0.158045659739,0.120902255147,0.97954010064,-0.274770325543,-0.153038148084,0.325514979443,-0.0375666945645,-0.139914977025,-0.0516687116362,-0.0673072378805,0.163749346505,0.979681995766,-0.26231047499,-0.161703329036,0.289685469225,-0.0436763619287,-0.130716596669,-0.0491750759823,-0.0513043573182,0.0651253495709,0.9759292278,-0.270477875171,-0.163979112928,0.267134411744,0.00753840994634,-0.127177243789,-0.0534815752172,-0.0732612099678,0.0793002375016,0.974403013477,-0.265522699185,-0.161383549516
