bax0,bay0,baz0,bgx0,bgy0,bgz0,gax0,gay0,gaz0,bax1,bay1,baz1,bgx1,bgy1,bgz1,gax1,gay1,gaz1,bax2,bay2,baz2,bgx2,bgy2,bgz2,gax2,gay2,gaz2,bax3,bay3,baz3,bgx3,bgy3,bgz3,gax3,gay3,gaz3,bax4,bay4,baz4,bgx4,bgy4,bgz4,gax4,gay4,gaz4
0.202915872112,-0.0272505416398,-0.182014085161,0.329856157123,-0.269464349566,-0.133812988378,0.990870013953,-0.257967151601,-0.155690501911,0.278550588834,0.00488234772419,-0.0993628019491,0.132998888099,-0.155403473656,0.0808912005343,0.972547660093,-0.274399749333,-0.166273580296,0.377831146058,-0.0400531222766,-0.102362605894,-0.0458978468069,-0.0507377739847,0.0571119858137,0.961635062027,-0.263827261472,-0.176193373117,0.331358041698,-0.0457028660276,-0.136876568288,-0.0488033573454,-0.037987221294,0.0464780969057,0.970239961091,-0.275718827289,-0.172539562237,0.263365327869,-0.0106625786582,-0.107273603137,-0.105267977418,-0.0613570010485,0.0941216992894,0.971676572128,-0.278059569661,-0.174025460701
