bax0,bay0,baz0,bgx0,bgy0,bgz0,gax0,gay0,gaz0,bax1,bay1,baz1,bgx1,bgy1,bgz1,gax1,gay1,gaz1,bax2,bay2,baz2,bgx2,bgy2,bgz2,gax2,gay2,gaz2,bax3,bay3,baz3,bgx3,bgy3,bgz3,gax3,gay3,gaz3,bax4,bay4,baz4,bgx4,bgy4,bgz4,gax4,gay4,gaz4
0.189658438348,-0.0448131392426,-0.189677702316,0.285738205917,-0.290122805277,-0.0993615968833,0.98218357079,-0.255867764284,-0.143483488802,0.297267414498,0.0183058214489,-0.100638213818,0.0900044980101,-0.136681271364,0.0923716219628,0.968352826482,-0.270227372259,-0.177678465138,0.348480544316,-0.0224202421469,-0.12057845662,-0.0405400136209,-0.0269725035112,0.0155637192974,0.978803698527,-0.267553475582,-0.179341992323,0.36373067169,-0.0574522486946,-0.1236044729,-0.0658737312461,-0.0478966029259,0.0535464619135,0.959416093,-0.273080222272,-0.168864819111,0.251478861238,-0.00159373263939,-0.103116903684,-0.0668160805005,-0.054281047532,0.0758385199313,0.974305421142,-0.271782856032,-0.174998061898
