bax0,bay0,baz0,bgx0,bgy0,bgz0,gax0,gay0,gaz0,bax1,bay1,baz1,bgx1,bgy1,bgz1,gax1,gay1,gaz1,bax2,bay2,baz2,bgx2,bgy2,bgz2,gax2,gay2,gaz2,bax3,bay3,baz3,bgx3,bgy3,bgz3,gax3,gay3,gaz3,bax4,bay4,baz4,bgx4,bgy4,bgz4,gax4,gay4,gaz4
0.233673827484,-0.0409728190507,-0.174521018947,0.295830033099,-0.277149565344,-0.098616599243,0.984922120239,-0.259513557425,-0.156446739572,0.291605206117,0.0195425912571,-0.106971516656,0.105817253531,-0.132553460547,0.059848276607,0.967945217889,-0.275951957582,-0.17410954034,0.352656797485,-0.0347024837885,-0.0963284543797,-0.0252388946696,-0.00853295126768,0.0260188349578,0.96663666251,-0.269674179922,-0.176815843002,0.343758998849,-0.037266669176,-0.132191950757,-0.107013285995,-0.0676275961124,0.055092843585,0.962657467342,-0.266995853859,-0.165505371168,0.26917044024,-0.00954651553325,-0.114722168313,-0.0674656056021,-0.00892645802662,0.0969263410031,0.975275286327,-0.277935813503,-0.160383036613
