bax0,bay0,baz0,bgx0,bgy0,bgz0,gax0,gay0,gaz0,bax1,bay1,baz1,bgx1,bgy1,bgz1,gax1,gay1,gaz1,bax2,bay2,baz2,bgx2,bgy2,bgz2,gax2,gay2,gaz2,bax3,bay3,baz3,bgx3,bgy3,bgz3,gax3,gay3,gaz3,bax4,bay4,baz4,bgx4,bgy4,bgz4,gax4,gay4,gaz4
0.249160682901,0.00433750213741,-0.0666719816049,-0.0435640445511,-0.0691542157779,0.1092291102,0.980811349438,-0.266644471088,-0.18076425698,0.3419827873,-0.00239631800194,-0.100393846051,-0.0293098226616,-0.126268380635,0.141592125839,0.985017991454,-0.261107999883,-0.175422347502,0.377499595962,-0.0394276833233,-0.143456747873,-0.0394586623712,-0.0480376549705,0.161025674051,0.982816306658,-0.277165792627,-0.184956296557,0.287915210006,-0.0565664155953,-0.13620231291,-0.0108647115233,-0.0628786561528,0.0981104213342,0.990263759231,-0.28158021899,-0.189752641999,0.247788757393,-0.0134483325319,-0.121594898264,0.020955750022,-0.149453384594,0.0699890107713,0.971896292987,-0.280819604209,-0.185023709482
