bax0,bay0,baz0,bgx0,bgy0,bgz0,gax0,gay0,gaz0,bax1,bay1,baz1,bgx1,bgy1,bgz1,gax1,gay1,gaz1,bax2,bay2,baz2,bgx2,bgy2,bgz2,gax2,gay2,gaz2,bax3,bay3,baz3,bgx3,bgy3,bgz3,gax3,gay3,gaz3,bax4,bay4,baz4,bgx4,bgy4,bgz4,gax4,gay4,gaz4
0.249810284547,-0.00332405397263,-0.0666592382391,-0.0558372623439,-0.0972036565734,0.114951553566,0.984510726554,-0.269055498468,-0.17468279054,0.330923560042,-0.00492354456089,-0.0891360190176,-0.0521741690798,-0.151361409049,0.126907628953,0.985426457915,-0.272236095155,-0.182091970098,0.364380596656,-0.0397858484398,-0.149547086784,-0.0301111292639,-0.0290090124299,0.142727455012,0.98195551443,-0.274955783616,-0.182795369551,0.297007968597,-0.0503792363423,-0.134561583338,-0.0206237719547,-0.0611093713007,0.0842324103846,0.982812889765,-0.27635067922,-0.19370151127,0.247476143779,-0.00168044822876,-0.106596755324,0.00345421990541,-0.127710119213,0.0699404185696,0.978429300512,-0.278797819866,-0.185588132021
