bax0,bay0,baz0,bgx0,bgy0,bgz0,gax0,gay0,gaz0,bax1,bay1,baz1,bgx1,bgy1,bgz1,gax1,gay1,gaz1,bax2,bay2,baz2,bgx2,bgy2,bgz2,gax2,gay2,gaz2,bax3,bay3,baz3,bgx3,bgy3,bgz3,gax3,gay3,gaz3,bax4,bay4,baz4,bgx4,bgy4,bgz4,gax4,gay4,gaz4
0.275217537974,-0.0610204980265,-0.0539128141992,-0.463714011815,0.0976345186298,0.0092015261015,1.02708270426,-0.0914389319968,-0.0524370113386,0.345465431158,-0.00768911985144,-0.0929546140202,-0.155842080829,-0.0618824356466,0.108734917516,1.02654814789,-0.103049043116,-0.0248169962948,0.307884272616,-0.0303064036573,-0.11994821677,-0.0476428285954,-0.107601989225,0.116028216477,1.02503648144,-0.109623442111,-0.0253670419882,0.290453494417,-0.0389186402175,-0.121965813876,0.0334983017578,-0.10293567957,0.0483831687438,1.02699888159,-0.0929752985826,-0.0253568784244,0.302265645506,-0.00403258323818,-0.119028947249,-0.0036256781738,-0.0931029837621,0.0466726582112,1.01995664708,-0.0891870973413,-0.0190808070069
