bax0,bay0,baz0,bgx0,bgy0,bgz0,gax0,gay0,gaz0,bax1,bay1,baz1,bgx1,bgy1,bgz1,gax1,gay1,gaz1,bax2,bay2,baz2,bgx2,bgy2,bgz2,gax2,gay2,gaz2,bax3,bay3,baz3,bgx3,bgy3,bgz3,gax3,gay3,gaz3,bax4,bay4,baz4,bgx4,bgy4,bgz4,gax4,gay4,gaz4
0.360203213363,-0.0074188851153,-0.104519777691,-0.0421796816296,-0.139379204491,0.118892127142,1.02092611548,-0.0663190552475,-0.0177662629443,0.311612253462,-0.0377198670785,-0.115777628266,-0.0242677424869,-0.146560781686,0.126001328278,1.01137859895,-0.0693049325108,-0.015892279349,0.249774651874,-0.0412592978807,-0.136039219114,0.0138666502098,-0.102823176114,0.0718496625374,1.02471953673,-0.0630253985412,-0.0138492687375,0.246921804776,-0.00682478257644,-0.14759128574,0.018477331312,-0.069108378859,0.118752299718,1.02765770002,-0.065324042293,-0.01478550357,0.287767029634,0.000667167839519,-0.124128634683,-0.009719278155,-0.0225606920594,0.0759152973128,1.02984504966,-0.0678906309208,-0.020413478443
