bax0,bay0,baz0,bgx0,bgy0,bgz0,gax0,gay0,gaz0,bax1,bay1,baz1,bgx1,bgy1,bgz1,gax1,gay1,gaz1,bax2,bay2,baz2,bgx2,bgy2,bgz2,gax2,gay2,gaz2,bax3,bay3,baz3,bgx3,bgy3,bgz3,gax3,gay3,gaz3,bax4,bay4,baz4,bgx4,bgy4,bgz4,gax4,gay4,gaz4
0.298077815286,-0.0115507445958,-0.109651890322,0.000933449006771,-0.029849133181,0.0200577160429,1.02817563546,-0.0628910212355,-0.0216954221887,0.242184922534,-0.0753589012735,-0.0743126474423,-0.397284516738,0.0215605103743,0.0214107947644,1.02402757933,-0.0656771387901,-0.0278270065881,0.206018134169,-0.00585533583475,-0.0763283058724,-0.139348305146,-0.0606648988243,0.0770974638531,1.02053900052,-0.0912031155947,-0.0194347359846,0.362069420406,-0.00252990367495,-0.0741389671529,-0.0783979310234,-0.134572907957,0.0989971791484,1.02336739726,-0.0750384249069,-0.0100497513145,0.346816772953,-0.0382319013848,-0.106601124707,-0.0384221571168,-0.0953805357443,0.142286779529,1.02586651885,-0.074373614955,-0.0156564440729
