bax0,bay0,baz0,bgx0,bgy0,bgz0,gax0,gay0,gaz0,bax1,bay1,baz1,bgx1,bgy1,bgz1,gax1,gay1,gaz1,bax2,bay2,baz2,bgx2,bgy2,bgz2,gax2,gay2,gaz2,bax3,bay3,baz3,bgx3,bgy3,bgz3,gax3,gay3,gaz3,bax4,bay4,baz4,bgx4,bgy4,bgz4,gax4,gay4,gaz4
0.322936962492,-0.0345766614804,-0.110792238589,-0.0286802473751,-0.0191020837541,0.0135275287997,1.02771014113,-0.0691573031504,-0.0162244951617,0.220693715149,-0.0508571714936,-0.0760389367826,-0.34281312689,0.0354279957938,0.0385061299174,1.02547292846,-0.0554666584688,-0.0332254325474,0.210633060943,-0.00605832997139,-0.0888737067408,-0.184078679589,-0.0923832869845,0.0741518009779,1.02335941362,-0.0843032035859,-0.0219313938487,0.351895923195,0.00822673150678,-0.0866319507992,-0.0860950446106,-0.133462608662,0.131703635443,1.0275388805,-0.086370454558,-0.0135943947068,0.350933978874,-0.0130459458897,-0.111755503345,-0.0315857675357,-0.117885959241,0.141540691,1.02823478779,-0.0727065641836,-0.00913541762064
