bax0,bay0,baz0,bgx0,bgy0,bgz0,gax0,gay0,gaz0,bax1,bay1,baz1,bgx1,bgy1,bgz1,gax1,gay1,gaz1,bax2,bay2,baz2,bgx2,bgy2,bgz2,gax2,gay2,gaz2,bax3,bay3,baz3,bgx3,bgy3,bgz3,gax3,gay3,gaz3,bax4,bay4,baz4,bgx4,bgy4,bgz4,gax4,gay4,gaz4
0.227686962269,-0.00414337893684,-0.149079715026,-0.0143270102292,-0.0789046275104,0.12268781199,1.01416557475,-0.138545472207,0.0342322447997,0.317646110798,-0.0223881937607,-0.134338600714,-0.0372168655042,-0.061103532818,0.0623694369851,1.01363370448,-0.132925318394,0.0311732464321,0.331094871832,-0.0313096066076,-0.0952223620911,-0.084092909294,-0.0487528897024,0.0699127459958,1.01559316684,-0.122600290713,0.0259704112,0.18970068818,0.00380452332158,-0.0850462523664,-0.0722394332277,-0.0505187010084,0.0666243835592,1.02095699501,-0.140077836118,0.0344362724447,0.341398655296,-0.0361606239823,-0.11053172255,0.0044928254035,-0.0974669594212,0.101690305114,1.02308608558,-0.140733805746,0.0360322931598
