bax0,bay0,baz0,bgx0,bgy0,bgz0,gax0,gay0,gaz0,bax1,bay1,baz1,bgx1,bgy1,bgz1,gax1,gay1,gaz1,bax2,bay2,baz2,bgx2,bgy2,bgz2,gax2,gay2,gaz2,bax3,bay3,baz3,bgx3,bgy3,bgz3,gax3,gay3,gaz3,bax4,bay4,baz4,bgx4,bgy4,bgz4,gax4,gay4,gaz4
0.256655019942,-0.0516044514715,-0.154680295118,0.0570659989536,-0.089311524223,0.138278110895,1.02244529495,-0.131110577444,0.0160376250151,0.244182518361,-0.00449271724485,-0.151056160197,-0.0234265230851,-0.0761977741589,0.0656220144901,1.02578866508,-0.145436678619,0.0290158283488,0.388889503338,-0.00331672798198,-0.11742639959,-0.0277888097453,-0.0107816660919,0.0178875215709,1.01870203968,-0.147767411619,0.018056697257,0.227150856167,-0.0947795549547,-0.156243664658,-0.4487568505,0.0919232622258,-0.128100040498,1.01511529026,-0.112236890393,0.0544413892416,0.323030589393,-0.0282029572743,-0.116250585599,-0.223857300691,-0.0869112643476,0.0743629522786,1.01371532595,-0.156812948619,0.0480476327884
