bax0,bay0,baz0,bgx0,bgy0,bgz0,gax0,gay0,gaz0,bax1,bay1,baz1,bgx1,bgy1,bgz1,gax1,gay1,gaz1,bax2,bay2,baz2,bgx2,bgy2,bgz2,gax2,gay2,gaz2,bax3,bay3,baz3,bgx3,bgy3,bgz3,gax3,gay3,gaz3,bax4,bay4,baz4,bgx4,bgy4,bgz4,gax4,gay4,gaz4
0.253390544056,-0.0530508758448,-0.138891818487,-0.00690160136505,-0.104614229243,0.143973561856,1.02698277478,-0.176586010837,0.0239639531749,0.249260444517,0.0202212876762,-0.124406925556,0.0392366361774,-0.0835520064203,0.0759191895683,1.01970744623,-0.172636165063,0.0221908314432,0.397660396532,-0.00962986826576,-0.128034477934,-0.026693011701,-0.0452837426989,0.0405162797549,1.01344118024,-0.178205706896,0.0169440649205,0.236485752222,-0.0254086668086,-0.11132938291,-0.0870950928425,-0.0729430475999,0.0488273003772,1.02127270233,-0.15892715536,0.0250122143762,0.265453304698,0.0254159814872,-0.0807646045982,-0.0417355054406,-0.0766211348023,0.132324856533,1.02343208519,-0.15043336488,0.0217880798327
