bax0,bay0,baz0,bgx0,bgy0,bgz0,gax0,gay0,gaz0,bax1,bay1,baz1,bgx1,bgy1,bgz1,gax1,gay1,gaz1,bax2,bay2,baz2,bgx2,bgy2,bgz2,gax2,gay2,gaz2,bax3,bay3,baz3,bgx3,bgy3,bgz3,gax3,gay3,gaz3,bax4,bay4,baz4,bgx4,bgy4,bgz4,gax4,gay4,gaz4
0.30715305345,-0.0175338510323,-0.115209413565,0.0148968517726,-0.0916977689599,0.123618069069,1.01619374261,-0.130835500234,0.0190214704156,0.220267558619,-0.0194860954904,-0.127899830251,-0.00331936965519,-0.0611868399154,0.0865600663895,1.00979438529,-0.124986713556,0.024769290372,0.342495685804,-0.00943186758209,-0.118032756879,-0.00744044528325,-0.0803146517273,0.0776619407086,1.0083216204,-0.132635293285,0.0307189190959,0.32720353843,-0.0235399703707,-0.12141574075,-0.0533672332253,-0.0739635381028,0.0939191961479,1.01762253179,-0.134503030272,0.0261179635799,0.253209050478,-0.00515706351257,-0.109597025872,-0.0622691108918,-0.0486919756897,0.0917148771954,1.01499448173,-0.131666455082,0.0323244894911
