bax0,bay0,baz0,bgx0,bgy0,bgz0,gax0,gay0,gaz0,bax1,bay1,baz1,bgx1,bgy1,bgz1,gax1,gay1,gaz1,bax2,bay2,baz2,bgx2,bgy2,bgz2,gax2,gay2,gaz2,bax3,bay3,baz3,bgx3,bgy3,bgz3,gax3,gay3,gaz3,bax4,bay4,baz4,bgx4,bgy4,bgz4,gax4,gay4,gaz4
0.279794637636,-0.0253064757018,-0.168956855258,0.389059797412,-0.303448284308,0.119001482652,1.01373353561,-0.209288403947,0.0544822095593,0.364388568242,-0.0305213679487,-0.117938934794,0.142201630315,-0.125832748582,0.11058219636,1.00945625861,-0.223611472839,0.0213421825709,0.332298006049,-0.0427599508572,-0.13263605722,0.0564505552472,-0.0633517629411,0.0756761927725,1.00719784103,-0.235117901442,0.0301841405912,0.244071879171,-0.0113910232861,-0.11803554304,-0.0256346541652,-0.121447186355,0.0953049078599,1.01102672003,-0.217047722488,0.0228227246938,0.267196246871,-0.000180244216444,-0.0911845113068,-0.0267788732065,-0.128614281583,0.101826525128,1.01277793712,-0.197915498819,0.0293244428319
