bax0,bay0,baz0,bgx0,bgy0,bgz0,gax0,gay0,gaz0,bax1,bay1,baz1,bgx1,bgy1,bgz1,gax1,gay1,gaz1,bax2,bay2,baz2,bgx2,bgy2,bgz2,gax2,gay2,gaz2,bax3,bay3,baz3,bgx3,bgy3,bgz3,gax3,gay3,gaz3,bax4,bay4,baz4,bgx4,bgy4,bgz4,gax4,gay4,gaz4
0.2705381793,0.00174150833707,-0.126301684604,-0.0313226013571,-0.0427331616239,0.110160183284,1.0162466807,-0.197665568819,0.0296795969529,0.281490162031,0.00492337857289,-0.120794182382,-0.0444896782202,-0.0443644127963,0.07292721129,1.01562588537,-0.197075826502,0.0334073019442,0.320412122433,-0.0191929736241,-0.131551718999,0.167119616391,-0.104168042157,0.0652555328656,1.01759749115,-0.195417285558,0.0333372287065,0.341495906793,0.0256044125341,-0.0939131604084,-0.0236967734791,-0.146720038499,0.107074845592,1.01607713305,-0.178185281036,0.0341544969868,0.329311969499,-0.0387040468993,-0.137498979907,-0.30230455699,-0.0544561019499,0.115094434935,1.01659845996,-0.17019709806,0.0402142234264
