bax0,bay0,baz0,bgx0,bgy0,bgz0,gax0,gay0,gaz0,bax1,bay1,baz1,bgx1,bgy1,bgz1,gax1,gay1,gaz1,bax2,bay2,baz2,bgx2,bgy2,bgz2,gax2,gay2,gaz2,bax3,bay3,baz3,bgx3,bgy3,bgz3,gax3,gay3,gaz3,bax4,bay4,baz4,bgx4,bgy4,bgz4,gax4,gay4,gaz4
0.275099149012,0.00203365962116,-0.184168892864,-0.252248262628,0.0338376020174,0.0558694266111,1.00921202178,-0.222555988983,0.042407498452,0.317269747255,-0.0327812599485,-0.114146753496,-0.169206630716,-0.0899555001102,0.0871101098273,1.01567160634,-0.218106952403,0.0151871411855,0.375878519906,-0.0387203540348,-0.118875046614,-0.128927479698,-0.0978382676025,0.0651471079208,1.01235788158,-0.223430508919,0.0208246291398,0.235481070075,-0.00495815228766,-0.117598971883,-0.0517961537267,-0.00363665856548,0.0965424380182,1.00648050056,-0.221409335184,0.0157919857198,0.271917058223,0.0143315161797,-0.0778805418727,-0.00664270163619,-0.0804963233714,0.10060556859,1.00932648289,-0.228523365598,0.0103126377722
