bax0,bay0,baz0,bgx0,bgy0,bgz0,gax0,gay0,gaz0,bax1,bay1,baz1,bgx1,bgy1,bgz1,gax1,gay1,gaz1,bax2,bay2,baz2,bgx2,bgy2,bgz2,gax2,gay2,gaz2,bax3,bay3,baz3,bgx3,bgy3,bgz3,gax3,gay3,gaz3,bax4,bay4,baz4,bgx4,bgy4,bgz4,gax4,gay4,gaz4
0.381525858795,-0.0244403958421,-0.106816388983,0.0116570281693,-0.0513744027804,0.0689151654125,1.00747212303,-0.220373705594,0.0129640806722,0.263620177602,-0.0433930343998,-0.138717757899,0.00696108378584,-0.0656669585794,0.0895527719254,1.02608100532,-0.22357198413,0.0110503319688,0.206619420008,-0.00159262376151,-0.124361462018,0.0109675900629,-0.118388011583,0.122032000196,1.01771879474,-0.207401376427,0.0101472515096,0.344351110286,0.00347565539395,-0.0958237854628,-0.0173398851327,-0.102090486619,0.0975342148524,1.01549128943,-0.201801617858,0.0121841947153,0.359371532021,-0.0389581117462,-0.11414342437,0.00107179058097,-0.145644504212,0.0389536166391,1.0207087128,-0.206964123894,0.0282146780893
