bax0,bay0,baz0,bgx0,bgy0,bgz0,gax0,gay0,gaz0,bax1,bay1,baz1,bgx1,bgy1,bgz1,gax1,gay1,gaz1,bax2,bay2,baz2,bgx2,bgy2,bgz2,gax2,gay2,gaz2,bax3,bay3,baz3,bgx3,bgy3,bgz3,gax3,gay3,gaz3,bax4,bay4,baz4,bgx4,bgy4,bgz4,gax4,gay4,gaz4
0.389575503614,-0.0270947269258,-0.114218152735,0.0183737900564,-0.0457646988763,0.07586555028,1.00988301113,-0.21886011161,0.0145888958424,0.222166946968,-0.0532352141481,-0.144544076026,0.00364871727784,-0.0628608667516,0.0978586362707,1.02377236522,-0.218471993424,0.013387793335,0.199669103196,0.0161952186563,-0.127885597597,0.00398381689628,-0.11344618051,0.126685529393,1.01784355479,-0.211504950308,0.0107407610651,0.356620309556,0.0110546511391,-0.0891195299708,-0.0238912151624,-0.125773728033,0.0924513957851,1.01739398896,-0.218175399907,0.0167091561829,0.359174319178,-0.0356934144644,-0.126088255237,0.00080362003644,-0.106353221784,0.0220157959831,1.01816057527,-0.202690190345,0.0293159620175
