bax0,bay0,baz0,bgx0,bgy0,bgz0,gax0,gay0,gaz0,bax1,bay1,baz1,bgx1,bgy1,bgz1,gax1,gay1,gaz1,bax2,bay2,baz2,bgx2,bgy2,bgz2,gax2,gay2,gaz2,bax3,bay3,baz3,bgx3,bgy3,bgz3,gax3,gay3,gaz3,bax4,bay4,baz4,bgx4,bgy4,bgz4,gax4,gay4,gaz4
0.215500381109,-0.0294702985197,-0.125480843088,-0.0458229543193,-0.043036456522,0.0801754067938,1.01025468958,-0.193228889122,0.0206303641686,0.261311108421,-0.00355598244852,-0.107564254441,-0.0705375547513,-0.0696505614331,0.159667142717,0.999084763244,-0.203886449134,0.0109156415626,0.333700670908,-0.0148678312563,-0.0954576200835,-0.0641018197109,-0.0159829015858,0.0945884260793,1.0077012167,-0.199439746149,0.00588033912118,0.325070156263,-0.0222889135034,-0.100155491898,-0.0413352990843,-0.0177454339655,0.0678452049498,1.01040281132,-0.193292762027,0.0109468372764,0.281695616265,-0.0183523203667,-0.152889273113,0.358120846593,-0.243721276761,0.114221401361,0.999806345883,-0.250580922952,0.083781362608
