bax0,bay0,baz0,bgx0,bgy0,bgz0,gax0,gay0,gaz0,bax1,bay1,baz1,bgx1,bgy1,bgz1,gax1,gay1,gaz1,bax2,bay2,baz2,bgx2,bgy2,bgz2,gax2,gay2,gaz2,bax3,bay3,baz3,bgx3,bgy3,bgz3,gax3,gay3,gaz3,bax4,bay4,baz4,bgx4,bgy4,bgz4,gax4,gay4,gaz4
0.386783339581,-0.0138335193449,-0.137073906248,0.138469157202,-0.18837810235,0.106034488944,0.992724571923,-0.255906703929,0.0643940293052,0.251197116477,-0.0238110763438,-0.102358241697,-0.0126562825077,-0.106165073591,0.12066290318,0.983671281148,-0.247634699864,0.0528444140482,0.237746147707,-0.0141484101585,-0.0807996295093,-0.0700880992857,-0.0909034405243,0.130832868853,0.993631640685,-0.240918045652,0.0563041909756,0.360594793111,-0.0227483122631,-0.103206085612,-0.0433389622402,0.0152324602198,0.091301164935,1.00076424095,-0.247014759539,0.0588312314111,0.330703351812,-0.0363397791987,-0.113329672943,-0.063002099492,0.0434899969359,0.0757228912688,1.01097212922,-0.251184506763,0.0512876072197
