bax0,bay0,baz0,bgx0,bgy0,bgz0,gax0,gay0,gaz0,bax1,bay1,baz1,bgx1,bgy1,bgz1,gax1,gay1,gaz1,bax2,bay2,baz2,bgx2,bgy2,bgz2,gax2,gay2,gaz2,bax3,bay3,baz3,bgx3,bgy3,bgz3,gax3,gay3,gaz3,bax4,bay4,baz4,bgx4,bgy4,bgz4,gax4,gay4,gaz4
0.225782108147,0.00786337251464,-0.124115308713,-0.00972110156949,-0.163363385193,0.0498363497731,1.00459887709,-0.238959097301,0.0552722659086,0.247371116727,-0.00527072748959,-0.128121362237,0.0057478211012,-0.0936533331489,0.105440478726,1.00559700568,-0.221577195655,0.0562242736799,0.347053282914,-0.00781804308558,-0.134323452929,-0.035567992043,-0.0990560771936,0.132156387229,1.00586921096,-0.226653193356,0.0532838314488,0.370276792578,-0.0427009582341,-0.140531787552,-0.0599550169208,-0.098029284744,0.0643241110579,1.00378870397,-0.231001151334,0.0511890980255,0.257360925812,-0.039373225868,-0.10599427117,-0.0642774411729,-0.0133897930464,0.0738185018717,1.00588412913,-0.240901386646,0.0578134219131
