bax0,bay0,baz0,bgx0,bgy0,bgz0,gax0,gay0,gaz0,bax1,bay1,baz1,bgx1,bgy1,bgz1,gax1,gay1,gaz1,bax2,bay2,baz2,bgx2,bgy2,bgz2,gax2,gay2,gaz2,bax3,bay3,baz3,bgx3,bgy3,bgz3,gax3,gay3,gaz3,bax4,bay4,baz4,bgx4,bgy4,bgz4,gax4,gay4,gaz4
0.246908339779,0.00701347143916,-0.133555668219,-0.0104722386907,-0.155852599239,0.0646793164609,1.00395656848,-0.236370448516,0.055840008055,0.225880430801,0.00524479531357,-0.112892612905,0.0107440297487,-0.114101321145,0.0894143075509,1.00533193447,-0.215627963603,0.0582771710012,0.331333571351,0.0168709028018,-0.143508045292,-0.0347640300213,-0.0878910627821,0.125568672344,1.00441407591,-0.225346105763,0.0541229645216,0.372411954378,-0.0373432464829,-0.145988486168,-0.026219838267,-0.116377338866,0.0755411691929,1.00691169348,-0.226856923206,0.0558480054995,0.275356054376,-0.0418732632042,-0.109513561711,-0.0750989590886,-0.0417291810984,0.0697691878617,1.00727087203,-0.234637116788,0.0536762623971
