bax0,bay0,baz0,bgx0,bgy0,bgz0,gax0,gay0,gaz0,bax1,bay1,baz1,bgx1,bgy1,bgz1,gax1,gay1,gaz1,bax2,bay2,baz2,bgx2,bgy2,bgz2,gax2,gay2,gaz2,bax3,bay3,baz3,bgx3,bgy3,bgz3,gax3,gay3,gaz3,bax4,bay4,baz4,bgx4,bgy4,bgz4,gax4,gay4,gaz4
0.220256737943,0.0226385634993,-0.0743745505742,-0.108520965737,0.00502862325468,0.0456312433404,1.01585541624,-0.240696629719,0.0550868029926,0.253155592965,-0.00200660544497,-0.0852680671884,-0.061645115422,-0.11014087451,0.0857191622851,1.00463326169,-0.219432059214,0.0494031880581,0.409826333442,-0.0244565772745,-0.129809195288,-0.0194669659235,-0.151695910333,0.130114175211,1.00157434211,-0.218560645672,0.0616009246913,0.348752994632,-0.0269723948201,-0.129134321258,-0.414588165663,0.067128183404,-0.0382244188482,0.998560884715,-0.25126698191,0.0469581231889,0.347911240096,-0.0321143285258,-0.115393666074,-0.201011684686,-0.0231464380283,0.0238952142133,0.992149942088,-0.24849639364,0.0400296396252
