bax0,bay0,baz0,bgx0,bgy0,bgz0,gax0,gay0,gaz0,bax1,bay1,baz1,bgx1,bgy1,bgz1,gax1,gay1,gaz1,bax2,bay2,baz2,bgx2,bgy2,bgz2,gax2,gay2,gaz2,bax3,bay3,baz3,bgx3,bgy3,bgz3,gax3,gay3,gaz3,bax4,bay4,baz4,bgx4,bgy4,bgz4,gax4,gay4,gaz4
0.218838653067,0.0135807152905,-0.0832266062038,-0.134628073614,-0.0131174670206,0.0697658173787,1.01586617797,-0.227584605434,0.0527572459759,0.292067074818,0.0163061763087,-0.0832791929711,-0.0807231743741,-0.0883640890845,0.0648343025458,1.00453312354,-0.222087055306,0.0512255341999,0.401606408983,-0.0262842277885,-0.123755240856,-0.0308626657458,-0.156477164564,0.123823001699,0.998661300076,-0.222847002688,0.0539035532294,0.349902648781,-0.0237997372691,-0.133368960843,-0.411959432074,0.0842035960433,-0.0378623229074,1.00413650941,-0.247466185853,0.0243089855941,0.361159787329,-0.031431102218,-0.109574077813,-0.18432701824,-0.0278992264152,0.0153714533468,1.00142510552,-0.24244226011,0.0285840898847
