bax0,bay0,baz0,bgx0,bgy0,bgz0,gax0,gay0,gaz0,bax1,bay1,baz1,bgx1,bgy1,bgz1,gax1,gay1,gaz1,bax2,bay2,baz2,bgx2,bgy2,bgz2,gax2,gay2,gaz2,bax3,bay3,baz3,bgx3,bgy3,bgz3,gax3,gay3,gaz3,bax4,bay4,baz4,bgx4,bgy4,bgz4,gax4,gay4,gaz4
0.200552286654,-0.0020169956142,-0.111661029247,-0.0776728109201,-0.0133088952278,0.0929686795551,1.00625720175,-0.249744578475,0.0341464538707,0.300800610258,-0.0583950817984,-0.0713141191246,0.00356918663035,-0.150529106566,0.218888282686,1.00431732842,-0.254366878886,0.0316550411322,0.327035238196,-0.0709096927293,-0.0984841253846,0.0456620867281,-0.119566847561,0.147449467616,1.00049730434,-0.25396522825,0.0403654285461,0.192031366406,-0.00895731063013,-0.102672908368,0.0551582918731,0.00666263516055,0.0668275738611,0.997097520785,-0.268075349634,0.0397219410637,0.29871173556,0.0555450309353,-0.134185149591,-0.00797322685494,-0.0442513913448,0.0539468137942,0.98803870487,-0.273129533668,0.0436823379112
