bax0,bay0,baz0,bgx0,bgy0,bgz0,gax0,gay0,gaz0,bax1,bay1,baz1,bgx1,bgy1,bgz1,gax1,gay1,gaz1,bax2,bay2,baz2,bgx2,bgy2,bgz2,gax2,gay2,gaz2,bax3,bay3,baz3,bgx3,bgy3,bgz3,gax3,gay3,gaz3,bax4,bay4,baz4,bgx4,bgy4,bgz4,gax4,gay4,gaz4
0.368786675123,-0.01311177068,-0.124698098121,-0.0831307572201,-0.169339302781,0.0686034190301,0.992442253369,-0.251923149833,0.0448086819172,0.356727665994,-0.043362258327,-0.154156884061,-0.0157055439983,-0.172481814961,0.0748552405163,0.998877693806,-0.245999888308,0.0470096267664,0.252976364883,-0.0111443920358,-0.121068117955,-0.0256985115082,-0.0842300555723,0.0928784614111,1.00390526753,-0.244223335634,0.0295690299439,0.184146996492,0.00727258454335,-0.0510983416179,-0.085871483155,-0.0315651598923,0.129934940265,0.998195430892,-0.242453792096,0.0249016000851,0.359840355676,-0.0109292756754,-0.0526854048153,-0.0574003377689,-0.0820625476512,0.132325474612,0.990468347687,-0.245536649659,0.0299013892142
