bax0,bay0,baz0,bgx0,bgy0,bgz0,gax0,gay0,gaz0,bax1,bay1,baz1,bgx1,bgy1,bgz1,gax1,gay1,gaz1,bax2,bay2,baz2,bgx2,bgy2,bgz2,gax2,gay2,gaz2,bax3,bay3,baz3,bgx3,bgy3,bgz3,gax3,gay3,gaz3,bax4,bay4,baz4,bgx4,bgy4,bgz4,gax4,gay4,gaz4
0.354695472951,-0.00493275110814,-0.107508833909,-0.0623459519331,-0.141763388666,0.0614950065396,0.991581182036,-0.249777872802,0.0428538680665,0.358688106978,-0.05832484728,-0.15898908378,-0.0241862221053,-0.161895194838,0.0807383195047,0.997487208674,-0.250372961015,0.0466177371802,0.225051027567,-0.0012079257714,-0.12236708906,-0.0163338047548,-0.0660569389275,0.0951079025316,1.00253306608,-0.252160896958,0.0500332673582,0.191517626317,0.00621775505834,-0.0554539365779,-0.0790071774913,-0.0259266490517,0.110163962623,1.00063704133,-0.242680389921,0.020115807807,0.343444506273,-0.0101289864893,-0.0342292893336,-0.0596455760755,-0.0852214876796,0.145030342488,0.99503789897,-0.247487770903,0.0274965442412
