bax0,bay0,baz0,bgx0,bgy0,bgz0,gax0,gay0,gaz0,bax1,bay1,baz1,bgx1,bgy1,bgz1,gax1,gay1,gaz1,bax2,bay2,baz2,bgx2,bgy2,bgz2,gax2,gay2,gaz2,bax3,bay3,baz3,bgx3,bgy3,bgz3,gax3,gay3,gaz3,bax4,bay4,baz4,bgx4,bgy4,bgz4,gax4,gay4,gaz4
0.218899961337,-0.0025383268615,-0.136887991973,-0.105414873624,-0.0768273341813,0.0923331432875,0.970422817179,-0.118460613392,-0.288219459864,0.302878056501,-0.0110503988743,-0.100300877137,-0.118508727103,-0.0777505838971,0.182737216102,0.972580079064,-0.118959421019,-0.299067820744,0.355730285582,-0.0545392334385,-0.152742122138,-0.0288718596308,-0.0395690724244,0.129975215912,0.968937609635,-0.119882465067,-0.309241014257,0.274749541303,-0.0511576178977,-0.206253920364,-0.0127391811815,-0.101407419094,0.0758255501182,0.963666063049,-0.140027652774,-0.322353003095,0.197333076092,-0.00103299170951,-0.0901880273319,-0.0348605353029,-0.113897215927,0.0595971827717,0.954904904358,-0.13704282594,-0.319938396827
