bax0,bay0,baz0,bgx0,bgy0,bgz0,gax0,gay0,gaz0,bax1,bay1,baz1,bgx1,bgy1,bgz1,gax1,gay1,gaz1,bax2,bay2,baz2,bgx2,bgy2,bgz2,gax2,gay2,gaz2,bax3,bay3,baz3,bgx3,bgy3,bgz3,gax3,gay3,gaz3,bax4,bay4,baz4,bgx4,bgy4,bgz4,gax4,gay4,gaz4
0.26540056124,0.000326662117647,-0.0850781022876,-0.0193727879228,-0.0693890772592,0.0915552791363,0.951837708045,-0.137832876383,-0.318443287782,0.350658365935,-0.0182129406167,-0.170697168084,-0.0563467131931,-0.134164922591,0.0670516597649,0.947359779076,-0.13163081823,-0.333808080652,0.30263034436,-0.0359590748385,-0.181083341294,-0.105111044828,-0.116380196954,0.123085475543,0.945546259692,-0.140173723728,-0.333957748836,0.280476018091,-0.0188984072567,-0.149633494281,-0.0472487878584,-0.0398648653425,0.108356017777,0.934622634099,-0.139425514189,-0.351504742891,0.263774490077,-0.0217091064799,-0.0560404843741,0.0629692268936,-0.00441985864953,0.0335714709321,0.929073248681,-0.142643770147,-0.347600751942
