bax0,bay0,baz0,bgx0,bgy0,bgz0,gax0,gay0,gaz0,bax1,bay1,baz1,bgx1,bgy1,bgz1,gax1,gay1,gaz1,bax2,bay2,baz2,bgx2,bgy2,bgz2,gax2,gay2,gaz2,bax3,bay3,baz3,bgx3,bgy3,bgz3,gax3,gay3,gaz3,bax4,bay4,baz4,bgx4,bgy4,bgz4,gax4,gay4,gaz4
0.273352076531,-0.0199256021961,-0.0436955552427,0.000674366380238,-0.0262769762897,0.0636326501505,0.941735115867,-0.146930789641,-0.329627292264,0.327481459196,-0.0282691936069,-0.102092546008,-0.00254687656759,-0.0593972336141,0.161809442718,0.945011985999,-0.149370810006,-0.324091126938,0.269982492384,-0.0193244932943,-0.127686019316,-0.0634380846682,-0.12419494167,0.122468418095,0.941585907097,-0.144521810641,-0.325597956565,0.239307714363,-0.0286216886468,-0.124942081544,-0.0650567949174,-0.120754939518,0.0984528887428,0.944909329641,-0.140130237021,-0.317049722303,0.363136969126,-0.0116826817155,-0.109270832961,-0.0654830023678,-0.0676572168321,0.0663609148228,0.939465007813,-0.148084259757,-0.34263398812
