bax0,bay0,baz0,bgx0,bgy0,bgz0,gax0,gay0,gaz0,bax1,bay1,baz1,bgx1,bgy1,bgz1,gax1,gay1,gaz1,bax2,bay2,baz2,bgx2,bgy2,bgz2,gax2,gay2,gaz2,bax3,bay3,baz3,bgx3,bgy3,bgz3,gax3,gay3,gaz3,bax4,bay4,baz4,bgx4,bgy4,bgz4,gax4,gay4,gaz4
0.258481347478,-0.0125711560341,-0.0523996058515,0.0304470338626,-0.0142220460353,0.0759004086955,0.942037395797,-0.145758026705,-0.33095104471,0.322742910933,-0.0198512311103,-0.101870453998,0.0167917505972,-0.0258423422465,0.166258513663,0.947201696236,-0.148681983263,-0.333011712772,0.249389749255,-0.0211766965906,-0.132862002242,-0.0607688738534,-0.129277388405,0.110157489476,0.937083518737,-0.143551224948,-0.321054367843,0.250945018156,-0.0171382121442,-0.136133918583,-0.0734841969046,-0.124028385873,0.0690486863098,0.939319880064,-0.137823923476,-0.321326743186,0.351595487274,-0.0028065860297,-0.0717033126107,-0.0578472520511,-0.0669427275195,0.0801567465276,0.942151601853,-0.147241222233,-0.346875506875
