bax0,bay0,baz0,bgx0,bgy0,bgz0,gax0,gay0,gaz0,bax1,bay1,baz1,bgx1,bgy1,bgz1,gax1,gay1,gaz1,bax2,bay2,baz2,bgx2,bgy2,bgz2,gax2,gay2,gaz2,bax3,bay3,baz3,bgx3,bgy3,bgz3,gax3,gay3,gaz3,bax4,bay4,baz4,bgx4,bgy4,bgz4,gax4,gay4,gaz4
0.302212063822,-0.0404832876034,-0.198726680645,-0.0329453414997,-0.132505913249,0.122030233332,0.942924038759,-0.148122820449,-0.349495436163,0.186275800768,-0.0171065172023,-0.115238860265,-0.0368445955248,-0.0503201604981,0.0413010113271,0.936757925142,-0.149817577999,-0.360997121147,0.355894381322,-0.0026672785753,-0.0998320291974,-0.0828359572161,-0.0538829577824,0.0823553637006,0.93612494241,-0.144379650886,-0.361785992729,0.353405983059,-0.0159017084205,-0.115266004403,-0.0396042184771,-0.0691354219288,0.0558355173675,0.934949842569,-0.144231429603,-0.371844241364,0.286191924383,-0.0211356712476,-0.0757593612763,0.0039767236216,-0.0859822880797,0.135510687295,0.948932068314,-0.143148285724,-0.349639953031
