bax0,bay0,baz0,bgx0,bgy0,bgz0,gax0,gay0,gaz0,bax1,bay1,baz1,bgx1,bgy1,bgz1,gax1,gay1,gaz1,bax2,bay2,baz2,bgx2,bgy2,bgz2,gax2,gay2,gaz2,bax3,bay3,baz3,bgx3,bgy3,bgz3,gax3,gay3,gaz3,bax4,bay4,baz4,bgx4,bgy4,bgz4,gax4,gay4,gaz4
0.292727518975,-0.0352944909042,-0.142096386793,-0.0225054749312,-0.0774762039977,0.158408486303,0.960425119073,-0.152321960934,-0.341568677413,0.241699575447,-0.0210259451389,-0.133493977807,-0.0100627777782,-0.0669261159472,0.0863713777006,0.93538404254,-0.144015963534,-0.353943759056,0.251825159368,-0.00754715302255,-0.0314165895544,-0.0106418959132,-0.0909047272463,0.0474904413039,0.92101442855,-0.155889021062,-0.353206737887,0.350650338891,-0.0112700631503,-0.100241484376,-0.0154970359659,-0.123925781052,0.0622973454477,0.931651549724,-0.148424925882,-0.329759185774,0.25503567118,-0.0658345263379,-0.17611834119,0.345896735189,-0.17464995934,-0.117775638935,1.02168539592,-0.16267855452,0.00184326759644
