bax0,bay0,baz0,bgx0,bgy0,bgz0,gax0,gay0,gaz0,bax1,bay1,baz1,bgx1,bgy1,bgz1,gax1,gay1,gaz1,bax2,bay2,baz2,bgx2,bgy2,bgz2,gax2,gay2,gaz2,bax3,bay3,baz3,bgx3,bgy3,bgz3,gax3,gay3,gaz3,bax4,bay4,baz4,bgx4,bgy4,bgz4,gax4,gay4,gaz4
0.243425158994,-0.00147201510977,-0.0800881705815,0.112316964692,-0.108266064157,0.0597594621166,1.02300554842,-0.186705276865,0.00921283441953,0.302162850851,-0.0136241187387,-0.10472141097,-0.0304680854993,-0.209936351514,0.180048297253,1.02510583132,-0.183504031373,0.0173906762872,0.217312465478,-0.0298657086868,-0.119380290132,0.0302426632544,-0.146860903822,0.0914486363014,1.02391022493,-0.183622760205,0.0166021675333,0.291108887883,-0.0211861558105,-0.110830752866,-0.0598777080815,-0.148472654856,0.0126101058227,1.00243787911,-0.187418543277,0.013350309257,0.352189721132,-0.030518050664,-0.131685497934,-0.0794154163771,-0.0403288528354,0.12463641523,1.00458103962,-0.193684153264,0.0185358047786
