bax0,bay0,baz0,bgx0,bgy0,bgz0,gax0,gay0,gaz0,bax1,bay1,baz1,bgx1,bgy1,bgz1,gax1,gay1,gaz1,bax2,bay2,baz2,bgx2,bgy2,bgz2,gax2,gay2,gaz2,bax3,bay3,baz3,bgx3,bgy3,bgz3,gax3,gay3,gaz3,bax4,bay4,baz4,bgx4,bgy4,bgz4,gax4,gay4,gaz4
0.385029069152,-0.018458104053,-0.131295802332,0.0583487390494,-0.217009778665,0.0138052207457,1.00888172765,-0.201418118974,-0.00129353585775,0.26021001496,-0.0240603699475,-0.17540978323,-0.040332883012,-0.112531613117,0.0559163434613,1.00333164241,-0.190701758286,0.00398057961823,0.29104011155,0.00269939221928,-0.0503051178688,-0.114574739766,-0.0328236139451,0.14378321193,1.00277049126,-0.194004671505,-0.00405393498609,0.343728275924,-0.042536984014,-0.0957506789614,-0.0210695102318,-0.143913252593,0.156993922775,1.01628669895,-0.192517380885,0.00123376476733,0.257496207966,-0.0264845576406,-0.128814307853,0.0366417852998,-0.0547315016716,0.0959546416486,1.01206015322,-0.199702249871,0.000879222304677
