bax0,bay0,baz0,bgx0,bgy0,bgz0,gax0,gay0,gaz0,bax1,bay1,baz1,bgx1,bgy1,bgz1,gax1,gay1,gaz1,bax2,bay2,baz2,bgx2,bgy2,bgz2,gax2,gay2,gaz2,bax3,bay3,baz3,bgx3,bgy3,bgz3,gax3,gay3,gaz3,bax4,bay4,baz4,bgx4,bgy4,bgz4,gax4,gay4,gaz4
0.230546383748,-0.0466288001469,-0.0797555404314,0.178122058752,-0.142915905609,-0.0116351623413,1.00635060505,-0.261047008357,-0.0421778986923,0.342768805693,-0.0455796553688,-0.0673643535311,0.10348856524,-0.0916159195411,0.117346121677,0.9982309486,-0.290767483918,-0.0373288256288,0.305564379841,-0.0506085323122,-0.0900005501748,0.037410224403,-0.166445960898,0.0621142960392,1.00052416383,-0.277821602188,-0.0342595432666,0.216559584415,-0.014035815054,-0.112503960847,0.0550317818954,-0.27141272917,0.12020074229,1.0092421593,-0.281853116482,-0.0338124567058,0.287346491809,0.0176609343146,-0.144411227704,0.0131616920554,-0.165062062766,0.0979204391681,1.00054786851,-0.287470531721,-0.0138635292481
