bax0,bay0,baz0,bgx0,bgy0,bgz0,gax0,gay0,gaz0,bax1,bay1,baz1,bgx1,bgy1,bgz1,gax1,gay1,gaz1,bax2,bay2,baz2,bgx2,bgy2,bgz2,gax2,gay2,gaz2,bax3,bay3,baz3,bgx3,bgy3,bgz3,gax3,gay3,gaz3,bax4,bay4,baz4,bgx4,bgy4,bgz4,gax4,gay4,gaz4
0.347631428146,-0.0152694872039,-0.137156326429,-0.136257899833,-0.0124828457889,0.0710799971632,0.987197974392,-0.287453560731,-0.00774032822822,0.223298880753,-0.0115981372388,-0.0911918183905,-0.125489843891,0.0331287184151,0.114321835902,0.983295901974,-0.290180163547,-0.0152615977354,0.301558428618,-0.0424254310266,-0.077040637332,-0.0595507276296,-0.0320806524206,0.0619650066494,0.995007757154,-0.289186546038,-0.0224427565591,0.331877633785,-0.0442934448478,-0.115617537118,0.0209059679856,-0.116190757354,0.0579903912289,0.998501455895,-0.288444649593,-0.0238466762206,0.188954937072,0.00583806455361,-0.1430135394,0.0421909090086,-0.188426689383,0.146877638023,0.997886299376,-0.272661054181,-0.0272727069942
