bax0,bay0,baz0,bgx0,bgy0,bgz0,gax0,gay0,gaz0,bax1,bay1,baz1,bgx1,bgy1,bgz1,gax1,gay1,gaz1,bax2,bay2,baz2,bgx2,bgy2,bgz2,gax2,gay2,gaz2,bax3,bay3,baz3,bgx3,bgy3,bgz3,gax3,gay3,gaz3,bax4,bay4,baz4,bgx4,bgy4,bgz4,gax4,gay4,gaz4
0.339633468046,0.00826615803422,-0.134666237101,-0.0125905571487,-0.122771557232,0.118753707606,1.00287599695,-0.268608540363,-0.0216683120851,0.373327521739,-0.0125772830593,-0.146340800436,-0.0482744581712,-0.0553863566277,0.0121198279301,0.999254333525,-0.272607876641,-0.0302177931002,0.222002390025,-0.0101708859934,-0.136877661223,-0.126765031948,0.0127529242071,0.0805281020821,0.989248548713,-0.28541760834,-0.0375937896037,0.3389964867,-0.0805380338366,-0.170740057699,0.420689051658,-0.294963147712,-0.0157547371136,1.00961233793,-0.244851484216,-0.026538268139,0.221351585683,-0.042149873282,-0.138626266835,0.0281028691607,-0.136531657054,0.046883822687,1.00294079297,-0.280028952771,-0.0296029290389
