bax0,bay0,baz0,bgx0,bgy0,bgz0,gax0,gay0,gaz0,bax1,bay1,baz1,bgx1,bgy1,bgz1,gax1,gay1,gaz1,bax2,bay2,baz2,bgx2,bgy2,bgz2,gax2,gay2,gaz2,bax3,bay3,baz3,bgx3,bgy3,bgz3,gax3,gay3,gaz3,bax4,bay4,baz4,bgx4,bgy4,bgz4,gax4,gay4,gaz4
0.242553967962,-0.00639651369123,-0.0232315180611,-0.0622797414757,0.00365854744402,0.115156594322,1.00454891286,-0.293730597528,-0.0404880531024,0.342482302283,-0.0490107428696,-0.025254964798,0.00949683401249,-0.0900388407471,0.0447646943001,0.993410831306,-0.293244883867,-0.0191455615148,0.237894242484,0.00377465619211,-0.139630125344,0.0598696071459,-0.219332903626,0.114310695696,0.992494033132,-0.287931044186,-0.00450287412933,0.335764829791,0.00164807773466,-0.159247025131,0.0235017431756,-0.174160131373,0.0817658217322,0.994710401963,-0.286782126734,0.00981000820021,0.352296836874,-0.00413645382756,-0.0964184576246,-0.100933230976,0.0426157966344,0.0757318115975,0.999995633947,-0.286398910574,-0.00909862487271
