bax0,bay0,baz0,bgx0,bgy0,bgz0,gax0,gay0,gaz0,bax1,bay1,baz1,bgx1,bgy1,bgz1,gax1,gay1,gaz1,bax2,bay2,baz2,bgx2,bgy2,bgz2,gax2,gay2,gaz2,bax3,bay3,baz3,bgx3,bgy3,bgz3,gax3,gay3,gaz3,bax4,bay4,baz4,bgx4,bgy4,bgz4,gax4,gay4,gaz4
0.188444331602,-0.00625944491682,-0.062468164627,-0.128402892182,-0.0275734538399,0.119143497811,1.00824603598,-0.309440434933,0.00403545220825,0.262838904532,-0.0745468697014,-0.106270996278,-0.0151395402687,-0.099873791733,0.0953951619206,0.995474592374,-0.270038093686,-0.0300362664213,0.322777925269,-0.0339823448727,-0.109040476193,0.0251302070232,-0.0633815776825,0.0416156028658,0.991553587953,-0.297496035047,-0.00377105015391,0.396962897369,0.0428888739031,-0.0863691936134,0.230788785994,-0.229377980119,-0.0312243628478,0.975136538707,-0.325575969855,-0.0512090980072,0.256944886038,0.0570984387228,-0.145257307012,0.483728124853,-0.231785642787,-0.45350377942,0.925958747996,-0.186861688285,-0.345225792922
