bax0,bay0,baz0,bgx0,bgy0,bgz0,gax0,gay0,gaz0,bax1,bay1,baz1,bgx1,bgy1,bgz1,gax1,gay1,gaz1,bax2,bay2,baz2,bgx2,bgy2,bgz2,gax2,gay2,gaz2,bax3,bay3,baz3,bgx3,bgy3,bgz3,gax3,gay3,gaz3,bax4,bay4,baz4,bgx4,bgy4,bgz4,gax4,gay4,gaz4
0.366459210625,0.0201969747603,-0.148121939364,-0.10800693101,-0.0965880698027,0.150796578816,0.919146881046,-0.172283237244,-0.369562201162,0.201147712942,-0.0206524662069,-0.121083675607,-0.0977427241221,-0.0430234339713,0.188584066175,0.924045894163,-0.169173079642,-0.370645467273,0.298037791199,-0.0824756169377,-0.103199030528,-0.0311213938053,0.024647609986,0.149888863097,0.920627083194,-0.160050693586,-0.36897698366,0.280484569272,-0.0313841456069,-0.10164958277,0.0191647888412,-0.107191812872,0.0330921192612,0.925728580853,-0.172108922814,-0.377034286746,0.260084453854,0.0412268686033,-0.0714716163347,0.0108973042066,-0.169787387423,-0.0354832942642,0.925279254139,-0.178647755551,-0.371079343257
