bax0,bay0,baz0,bgx0,bgy0,bgz0,gax0,gay0,gaz0,bax1,bay1,baz1,bgx1,bgy1,bgz1,gax1,gay1,gaz1,bax2,bay2,baz2,bgx2,bgy2,bgz2,gax2,gay2,gaz2,bax3,bay3,baz3,bgx3,bgy3,bgz3,gax3,gay3,gaz3,bax4,bay4,baz4,bgx4,bgy4,bgz4,gax4,gay4,gaz4
0.28251649389,0.00143953455045,-0.145609451456,0.0172175458939,-0.122152427076,0.166722520905,0.982922541344,-0.2356289823,0.186662278575,0.27025741987,0.0433246469132,-0.132011649803,-0.0563204318359,-0.0515612737289,0.160731479662,0.987604770131,-0.216534526331,0.185341220241,0.289759882059,-0.00823368296698,-0.120003512755,-0.0450176339923,-0.0803009848096,0.118239114382,0.980102137606,-0.212420768512,0.193918895285,0.342454830269,-0.0358039771196,-0.130753895853,-0.0488213752395,-0.0899986201368,0.105150257681,0.98375079396,-0.199362557812,0.185376243483,0.33754703854,-0.044231534508,-0.124532416685,-0.0881104083626,-0.0932431147649,0.0508466472997,0.979589547034,-0.213354625689,0.188488542415
