bax0,bay0,baz0,bgx0,bgy0,bgz0,gax0,gay0,gaz0,bax1,bay1,baz1,bgx1,bgy1,bgz1,gax1,gay1,gaz1,bax2,bay2,baz2,bgx2,bgy2,bgz2,gax2,gay2,gaz2,bax3,bay3,baz3,bgx3,bgy3,bgz3,gax3,gay3,gaz3,bax4,bay4,baz4,bgx4,bgy4,bgz4,gax4,gay4,gaz4
0.292208705972,0.00702204330923,-0.148784075035,0.0364577336806,-0.12754126636,0.166411449563,0.984096203538,-0.226651333269,0.192399389239,0.289521907962,0.0460103808829,-0.10785606896,-0.0441534871794,-0.0438314980811,0.133922916809,0.990544057713,-0.218410208022,0.187907579584,0.303813292803,-0.0132517147137,-0.119705638805,-0.0840303266663,-0.0750204566201,0.141451668458,0.987334004929,-0.192176247662,0.186846681559,0.322493184468,-0.0467388827004,-0.139159991584,-0.0489821329937,-0.0999757095102,0.0850830979276,0.980710611331,-0.194244208665,0.189500023483,0.338405913792,-0.0328430067091,-0.120834522413,-0.0710821929623,-0.0944611963413,0.0345500831396,0.987274313765,-0.214719050097,0.184261646322
