bax0,bay0,baz0,bgx0,bgy0,bgz0,gax0,gay0,gaz0,bax1,bay1,baz1,bgx1,bgy1,bgz1,gax1,gay1,gaz1,bax2,bay2,baz2,bgx2,bgy2,bgz2,gax2,gay2,gaz2,bax3,bay3,baz3,bgx3,bgy3,bgz3,gax3,gay3,gaz3,bax4,bay4,baz4,bgx4,bgy4,bgz4,gax4,gay4,gaz4
0.290354205244,-0.0176503675725,-0.102613148755,0.0705308177476,-0.109511423012,0.0710773155566,0.981182880542,-0.225570185213,0.184552243206,0.280772935398,-0.0277237509895,-0.118303538349,0.0426184806625,-0.0651284627374,0.0818542864462,0.975943472205,-0.213625656686,0.191983654973,0.297075520996,-0.0413512710816,-0.115444398781,-0.0470778024379,-0.0433950417614,0.0467890685306,0.974797212783,-0.218253729213,0.191183463073,0.339675838605,-0.0105378747818,-0.124521771644,-0.034355516089,-0.0442758189498,0.0545803605969,0.980442441582,-0.227207588411,0.187529593626,0.255674732729,-0.0112217637972,-0.131428811443,-0.0811564629386,-0.00838729544398,0.0470036203539,0.98575950407,-0.223771140685,0.189522630196
