bax0,bay0,baz0,bgx0,bgy0,bgz0,gax0,gay0,gaz0,bax1,bay1,baz1,bgx1,bgy1,bgz1,gax1,gay1,gaz1,bax2,bay2,baz2,bgx2,bgy2,bgz2,gax2,gay2,gaz2,bax3,bay3,baz3,bgx3,bgy3,bgz3,gax3,gay3,gaz3,bax4,bay4,baz4,bgx4,bgy4,bgz4,gax4,gay4,gaz4
0.348088885337,-0.00401473654616,-0.103203450418,-0.0967281971627,0.0437907474353,-0.0885988616122,0.989202742241,-0.240441139288,0.187019234513,0.287969014241,-0.0418118649618,-0.0996871297354,-0.315218704157,0.0683135919732,0.0656592872346,1.00190708771,-0.209526227523,0.191664833418,0.218809726606,-0.0148829849202,-0.101700451532,-0.162939628428,0.0285772404498,0.0442185550995,0.979210699551,-0.220077740553,0.19224751457,0.262772674513,-0.0181897041725,-0.100415668222,-0.120611663114,-0.0307479118122,0.058025759435,0.979272839592,-0.224800343243,0.169477880503,0.218120281544,-0.00557998368806,-0.0700666350421,0.338562783714,-0.303615730687,0.125047267777,1.0023109147,-0.216442728278,0.0788865021917
