bax0,bay0,baz0,bgx0,bgy0,bgz0,gax0,gay0,gaz0,bax1,bay1,baz1,bgx1,bgy1,bgz1,gax1,gay1,gaz1,bax2,bay2,baz2,bgx2,bgy2,bgz2,gax2,gay2,gaz2,bax3,bay3,baz3,bgx3,bgy3,bgz3,gax3,gay3,gaz3,bax4,bay4,baz4,bgx4,bgy4,bgz4,gax4,gay4,gaz4
0.305591192874,-0.00735750974192,-0.0540815725668,0.138877711892,-0.249304510926,0.141848964084,1.00156249098,-0.225038691553,0.0894990338619,0.314870270711,-0.0229798138238,-0.0872624255046,0.0195687111928,-0.104433364686,0.118567107208,0.999524700675,-0.228354262304,0.0963788097298,0.230066649161,-0.0359481042292,-0.169533627,-0.0231354488877,-0.0977534797454,0.138649774065,0.997860224949,-0.225343698725,0.103109060895,0.290346172833,-0.0338585379583,-0.157995170633,-0.071362527152,-0.101778813105,0.138760623724,0.993291414335,-0.216712780537,0.10650406372,0.356519933302,-9.99926981774e-05,-0.120987028528,-0.0497321681084,-0.112689033339,0.100203481877,0.995188711428,-0.244760094551,0.096259709488
