bax0,bay0,baz0,bgx0,bgy0,bgz0,gax0,gay0,gaz0,bax1,bay1,baz1,bgx1,bgy1,bgz1,gax1,gay1,gaz1,bax2,bay2,baz2,bgx2,bgy2,bgz2,gax2,gay2,gaz2,bax3,bay3,baz3,bgx3,bgy3,bgz3,gax3,gay3,gaz3,bax4,bay4,baz4,bgx4,bgy4,bgz4,gax4,gay4,gaz4
0.326371837651,-0.00190403892866,-0.066136819609,0.159009695995,-0.24069427263,0.13362305121,1.0011662353,-0.225350506133,0.0846621608307,0.303847011621,-0.0175010635675,-0.0875078824153,0.0321405966422,-0.0977895699861,0.118630306332,0.996734536054,-0.227136001318,0.094244712172,0.227098017261,-0.0492265865471,-0.146810340898,-0.00131910748922,-0.0681558103249,0.121558151139,0.999896866868,-0.215143166652,0.0991065966989,0.266469981272,-0.0364437124268,-0.156983518646,-0.0404799101942,-0.0894237586073,0.15383113701,0.999655634272,-0.220454428439,0.0981319157528,0.365955587992,0.00582321734943,-0.106126290109,-0.0356813245133,-0.0961543321081,0.0984171863584,0.995009260433,-0.234481500483,0.097076276675
