bax0,bay0,baz0,bgx0,bgy0,bgz0,gax0,gay0,gaz0,bax1,bay1,baz1,bgx1,bgy1,bgz1,gax1,gay1,gaz1,bax2,bay2,baz2,bgx2,bgy2,bgz2,gax2,gay2,gaz2,bax3,bay3,baz3,bgx3,bgy3,bgz3,gax3,gay3,gaz3,bax4,bay4,baz4,bgx4,bgy4,bgz4,gax4,gay4,gaz4
0.370963619977,-0.0203312284547,-0.131640714441,-0.00624621337447,-0.102592336036,0.0319118919944,1.00272155686,-0.228168822518,0.104133871418,0.274370992442,0.0012308356463,-0.122299110177,-0.0965968240872,0.0178175134889,0.0175086696913,1.01133287918,-0.216423857631,0.102013844089,0.192232206139,0.0213089548773,-0.0868098134887,-0.0719424756626,-0.0295663633327,0.098455582335,1.0069857448,-0.219536781192,0.0948052908683,0.328086493293,-0.0183862106041,-0.0936176968149,-0.0026159520984,-0.126406101737,0.0968022185238,1.0059556651,-0.20769963439,0.0943935854691,0.376032806201,-0.0244175745595,-0.0953497874383,-0.0166953347863,-0.0383228667127,0.0581192527726,1.00918189731,-0.212429952497,0.0975546325608
