bax0,bay0,baz0,bgx0,bgy0,bgz0,gax0,gay0,gaz0,bax1,bay1,baz1,bgx1,bgy1,bgz1,gax1,gay1,gaz1,bax2,bay2,baz2,bgx2,bgy2,bgz2,gax2,gay2,gaz2,bax3,bay3,baz3,bgx3,bgy3,bgz3,gax3,gay3,gaz3,bax4,bay4,baz4,bgx4,bgy4,bgz4,gax4,gay4,gaz4
0.209241531312,-0.114747352044,-0.0482495160447,0.201688737156,-0.271511621576,-0.221639434225,0.878553802704,-0.23436681746,-0.412089036335,0.237965496733,-0.0465049155614,-0.109447190264,-0.0105111446104,-0.108730059823,0.00116067937518,0.8663299423,-0.27603863599,-0.412659548332,0.235855612758,-0.00400010875713,-0.126126814511,-0.0376262273632,-0.0715318824395,0.123008103517,0.861645148138,-0.294955945639,-0.417635077448,0.304942277005,-0.0204226895733,-0.126554143552,-0.0853650422745,-0.0317619077988,0.0714248411685,0.856016980073,-0.292103726352,-0.420878411897,0.402669666954,0.0166189877048,-0.100716467283,-0.092923845637,-0.0266794743853,0.149532598349,0.857476252131,-0.276128758322,-0.412830370619
