bax0,bay0,baz0,bgx0,bgy0,bgz0,gax0,gay0,gaz0,bax1,bay1,baz1,bgx1,bgy1,bgz1,gax1,gay1,gaz1,bax2,bay2,baz2,bgx2,bgy2,bgz2,gax2,gay2,gaz2,bax3,bay3,baz3,bgx3,bgy3,bgz3,gax3,gay3,gaz3,bax4,bay4,baz4,bgx4,bgy4,bgz4,gax4,gay4,gaz4
0.308465717646,-0.0194697967903,-0.12050159017,0.0172135658054,-0.146353407655,0.0458960821816,0.861124770121,-0.273006530554,-0.414954371255,0.29273224859,-0.0433515198386,-0.0802459438514,0.0551651728544,-0.0611635118424,-0.020560321286,0.864826863279,-0.270447314901,-0.418039649389,0.308157198574,-0.0162042899201,-0.136333647043,-0.0619539391557,0.0435381634408,0.0849860012784,0.865134859311,-0.276441381595,-0.399813005155,0.28849114599,-0.0161734494544,-0.131689739509,-0.0495616524739,0.0380741099622,0.145820420205,0.875917478043,-0.270341206061,-0.408569685612,0.255569355997,-0.0161561326915,-0.0940437249542,-0.0346400658711,-0.0976624112802,0.118824920901,0.885376869524,-0.267639073877,-0.410035830419
