bax0,bay0,baz0,bgx0,bgy0,bgz0,gax0,gay0,gaz0,bax1,bay1,baz1,bgx1,bgy1,bgz1,gax1,gay1,gaz1,bax2,bay2,baz2,bgx2,bgy2,bgz2,gax2,gay2,gaz2,bax3,bay3,baz3,bgx3,bgy3,bgz3,gax3,gay3,gaz3,bax4,bay4,baz4,bgx4,bgy4,bgz4,gax4,gay4,gaz4
0.237123990469,-0.0377282502793,-0.0929679565573,0.3535321198,-0.139934872386,-0.389120319026,0.813835828548,-0.286062794633,-0.501713913152,0.212549311785,-0.0105314038582,-0.0275427982734,0.101616561593,-0.186535383063,-0.0650005272199,0.813163812002,-0.298235840659,-0.489886362541,0.28772315601,-0.0356175596715,-0.0392550464944,-0.043496873856,-0.156653368897,0.0722308494979,0.80878838093,-0.296512595213,-0.484318916084,0.371527793559,-0.0461599107249,-0.0926304135055,-0.0190115453689,-0.122697775492,0.108467441204,0.811441530511,-0.296166420479,-0.483473687947,0.325811551208,-0.046304656297,-0.1081350832,-0.0679807066365,-0.0805585781583,0.0793234773288,0.807839058294,-0.29720723379,-0.490282371658
