bax0,bay0,baz0,bgx0,bgy0,bgz0,gax0,gay0,gaz0,bax1,bay1,baz1,bgx1,bgy1,bgz1,gax1,gay1,gaz1,bax2,bay2,baz2,bgx2,bgy2,bgz2,gax2,gay2,gaz2,bax3,bay3,baz3,bgx3,bgy3,bgz3,gax3,gay3,gaz3,bax4,bay4,baz4,bgx4,bgy4,bgz4,gax4,gay4,gaz4
0.240301209913,-0.0391649580067,-0.0866172208634,0.34671498201,-0.148134974842,-0.410399844145,0.812318884389,-0.292222401997,-0.493964112874,0.245228640904,-0.0143864855931,-0.0301593509707,0.133220775952,-0.183651195939,-0.0557293398332,0.811079997301,-0.290339013533,-0.494006378488,0.28075195338,-0.0261417549303,-0.0433560745898,-0.0195974867456,-0.152854693062,0.0794835370926,0.811793692997,-0.291876508314,-0.478970599602,0.36654314586,-0.048709008554,-0.0467843285104,-0.0293227925315,-0.107487335688,0.119964924258,0.81062368025,-0.297365493589,-0.488359338252,0.318434304816,-0.0387456919979,-0.0998687964922,-0.0248708521957,-0.0851693205041,0.127112693354,0.806086662168,-0.301141429448,-0.487390340735
