bax0,bay0,baz0,bgx0,bgy0,bgz0,gax0,gay0,gaz0,bax1,bay1,baz1,bgx1,bgy1,bgz1,gax1,gay1,gaz1,bax2,bay2,baz2,bgx2,bgy2,bgz2,gax2,gay2,gaz2,bax3,bay3,baz3,bgx3,bgy3,bgz3,gax3,gay3,gaz3,bax4,bay4,baz4,bgx4,bgy4,bgz4,gax4,gay4,gaz4
0.21925552753,-0.0320407651152,-0.0658069342181,0.325830859641,-0.149483215321,-0.395184466246,0.815555584321,-0.286391162908,-0.496546710496,0.209365284651,-0.00970231250209,-0.0363843824221,0.131321253535,-0.207223800054,-0.0431052735387,0.807399545915,-0.294488555672,-0.492858395312,0.308938945613,-0.0346338827305,-0.0301793718261,-0.0540870703754,-0.164187484111,0.0568284867485,0.810717772069,-0.290893703438,-0.490174853255,0.387272209665,-0.0436269223199,-0.0845813709852,-0.0455855312796,-0.120063173491,0.149427084796,0.809966430692,-0.295782627168,-0.491194672701,0.339734628239,-0.0391759316738,-0.117030375584,-0.0463007874445,-0.0728852968005,0.100131411171,0.807730656931,-0.296339449425,-0.493546517014
