bax0,bay0,baz0,bgx0,bgy0,bgz0,gax0,gay0,gaz0,bax1,bay1,baz1,bgx1,bgy1,bgz1,gax1,gay1,gaz1,bax2,bay2,baz2,bgx2,bgy2,bgz2,gax2,gay2,gaz2,bax3,bay3,baz3,bgx3,bgy3,bgz3,gax3,gay3,gaz3,bax4,bay4,baz4,bgx4,bgy4,bgz4,gax4,gay4,gaz4
0.276340550556,-0.0352415221486,-0.0986239228821,-0.0504588293581,-0.16352269397,0.00492587987963,0.808743144978,-0.300507540255,-0.478845674075,0.248386503931,-0.0207535112962,-0.116084734089,-0.0386409557651,-0.223939310551,0.0134708611039,0.819784406937,-0.29085800603,-0.472913504424,0.272568720486,0.0283092863585,-0.11399254798,-0.0203124232548,-0.185281180544,0.0917087521597,0.81625265698,-0.295082379897,-0.473805527735,0.280854660804,0.0191046693365,-0.131214460345,-0.0330487002613,-0.171471496704,0.1207977973,0.82514035368,-0.301120166152,-0.478646669172,0.334599703125,-0.00754890515704,-0.157805040763,0.0162533567242,-0.161083182192,0.102885395454,0.80844043941,-0.298900592731,-0.483557890411
