bax0,bay0,baz0,bgx0,bgy0,bgz0,gax0,gay0,gaz0,bax1,bay1,baz1,bgx1,bgy1,bgz1,gax1,gay1,gaz1,bax2,bay2,baz2,bgx2,bgy2,bgz2,gax2,gay2,gaz2,bax3,bay3,baz3,bgx3,bgy3,bgz3,gax3,gay3,gaz3,bax4,bay4,baz4,bgx4,bgy4,bgz4,gax4,gay4,gaz4
0.270365052213,-0.0225532489575,-0.117670748362,-0.0509477439889,-0.169356314702,0.0112818471942,0.811918463387,-0.295761840798,-0.475556912458,0.263078461266,-0.014982372348,-0.124596557062,-0.0179121249657,-0.206242736504,-0.00100061536103,0.809653029883,-0.299485111438,-0.473509617682,0.272703954732,0.0109948057169,-0.119922716712,-0.0121074924259,-0.174283625859,0.0962878778106,0.825862290999,-0.298349201471,-0.471328484682,0.257665257592,0.0273590309953,-0.144858450879,-0.0486198520537,-0.155960569109,0.108840083621,0.821124348355,-0.302185167853,-0.473194486996,0.33878837819,0.00138220706513,-0.144540077443,0.0232297386161,-0.159997499069,0.0993265771092,0.809393477334,-0.293869802906,-0.48497303744
