bax0,bay0,baz0,bgx0,bgy0,bgz0,gax0,gay0,gaz0,bax1,bay1,baz1,bgx1,bgy1,bgz1,gax1,gay1,gaz1,bax2,bay2,baz2,bgx2,bgy2,bgz2,gax2,gay2,gaz2,bax3,bay3,baz3,bgx3,bgy3,bgz3,gax3,gay3,gaz3,bax4,bay4,baz4,bgx4,bgy4,bgz4,gax4,gay4,gaz4
0.370563964562,-0.0336147438431,-0.165921777349,0.00899075079064,-0.0182674086398,0.0207092665526,0.813238841455,-0.295577307229,-0.488899495096,0.273530980081,-0.0255552471229,-0.138214481578,-0.0604291164929,0.103783840344,0.0950590302334,0.811079567207,-0.300513450893,-0.485322126651,0.294256653577,-0.0171991932598,-0.120643560161,-0.0537786297983,0.112385023703,0.160503667689,0.810959471021,-0.296460574736,-0.479602433814,0.267512775814,-0.00704532996806,-0.116306065261,-0.0558137507297,0.0688662191074,0.159655560491,0.81127800487,-0.296319030013,-0.480691332858,0.277452453497,-0.0142210626939,-0.0661449889625,-0.0203475089094,-0.028792014986,0.0601925430985,0.807224292853,-0.297184418082,-0.475768629977
