bax0,bay0,baz0,bgx0,bgy0,bgz0,gax0,gay0,gaz0,bax1,bay1,baz1,bgx1,bgy1,bgz1,gax1,gay1,gaz1,bax2,bay2,baz2,bgx2,bgy2,bgz2,gax2,gay2,gaz2,bax3,bay3,baz3,bgx3,bgy3,bgz3,gax3,gay3,gaz3,bax4,bay4,baz4,bgx4,bgy4,bgz4,gax4,gay4,gaz4
0.239548977037,-0.0789448908963,-0.111121670021,0.394819230666,-0.16994518428,-0.404548197474,0.837239521259,-0.278141596895,-0.457387506809,0.216338146331,-0.0188653535696,-0.121667006692,0.0867454302177,0.00485854486746,-0.115496016604,0.810804169604,-0.297066689777,-0.46465298125,0.22186115719,-0.0126321035147,-0.0773288920815,-0.0367222839121,-0.0535834443906,0.122327678146,0.827645650264,-0.301282079022,-0.474870920792,0.19823111704,-0.0246529768242,-0.068443887707,-0.0762692442405,-0.113385718689,0.164116929029,0.7980816654,-0.301714211205,-0.47557759,0.332500699402,-0.0343623483593,-0.0823041898494,-0.101409466824,-0.131173294399,0.129782869512,0.804040043454,-0.302307270827,-0.485319411324
