bax0,bay0,baz0,bgx0,bgy0,bgz0,gax0,gay0,gaz0,bax1,bay1,baz1,bgx1,bgy1,bgz1,gax1,gay1,gaz1,bax2,bay2,baz2,bgx2,bgy2,bgz2,gax2,gay2,gaz2,bax3,bay3,baz3,bgx3,bgy3,bgz3,gax3,gay3,gaz3,bax4,bay4,baz4,bgx4,bgy4,bgz4,gax4,gay4,gaz4
0.253361321656,-0.0850837337528,-0.124841352123,0.353816729208,-0.181320873935,-0.434861134674,0.826237608747,-0.277983724954,-0.462054539997,0.210041065957,-0.0305408702389,-0.108392709124,0.114935013903,0.0183759859146,-0.0854919296104,0.816583187474,-0.302239244788,-0.46845418207,0.185016100665,-0.00986769056756,-0.0821600811227,-0.0554911152516,-0.0510510568115,0.120822895269,0.821337085471,-0.301132104358,-0.47558515445,0.217005269706,-0.0397405033715,-0.0462842586403,-0.0946700099396,-0.0991019718989,0.143795634482,0.814937276941,-0.297294125406,-0.483083197634,0.319868673942,-0.0246744760679,-0.0791955751301,-0.058943874288,-0.125167519381,0.155967466986,0.802812264882,-0.296513880182,-0.479862587853
