bax0,bay0,baz0,bgx0,bgy0,bgz0,gax0,gay0,gaz0,bax1,bay1,baz1,bgx1,bgy1,bgz1,gax1,gay1,gaz1,bax2,bay2,baz2,bgx2,bgy2,bgz2,gax2,gay2,gaz2,bax3,bay3,baz3,bgx3,bgy3,bgz3,gax3,gay3,gaz3,bax4,bay4,baz4,bgx4,bgy4,bgz4,gax4,gay4,gaz4
0.336111342147,-0.060932826329,-0.0719597536139,-0.0410309318921,-0.0567624181766,0.1286933155,0.997716429598,-0.236844994779,0.106661025979,0.235203011889,-0.0711454704866,-0.165106683701,0.0138491597826,-0.0885399180513,0.0769531402717,0.99260698123,-0.256430305331,0.117027004755,0.236849637051,-0.006108342172,-0.145377556286,-0.0154398510666,-0.121249717061,0.0975295560896,0.996912788321,-0.263722435029,0.109186048721,0.287764340884,-0.00369428785715,-0.0943179726003,0.0347059263249,-0.129418029853,0.152963121182,0.995876704413,-0.271772206231,0.102533824139,0.324230104014,-0.0155697310026,-0.124055779804,0.0540633501709,-0.14807367291,0.0804518299723,0.997737149536,-0.259892118097,0.102063607389
