bax0,bay0,baz0,bgx0,bgy0,bgz0,gax0,gay0,gaz0,bax1,bay1,baz1,bgx1,bgy1,bgz1,gax1,gay1,gaz1,bax2,bay2,baz2,bgx2,bgy2,bgz2,gax2,gay2,gaz2,bax3,bay3,baz3,bgx3,bgy3,bgz3,gax3,gay3,gaz3,bax4,bay4,baz4,bgx4,bgy4,bgz4,gax4,gay4,gaz4
0.295884059795,0.0367048079708,-0.112439277729,-0.0803748005721,-0.0662736851012,0.0828478422381,0.988684003448,-0.270496634692,0.102814851779,0.338538785666,-0.0208529654616,-0.103048238239,-0.0438466487248,-0.137622508366,0.121488689588,1.00651114324,-0.236632329079,0.0941574431837,0.328036962974,-0.0565706344871,-0.121970402529,0.00375862722693,-0.113959418863,0.17127185536,1.00473182099,-0.250660055363,0.0862157284979,0.236005327068,-0.0527125334382,-0.129960414147,0.0441725203979,-0.0865711348527,0.10736872548,0.996296202483,-0.254352017775,0.0793964890329,0.223165990194,0.00762286661028,-0.0949456574719,0.0292191710613,-0.0963551747592,0.106586784272,1.00616407168,-0.267225040202,0.0815454492105
