bax0,bay0,baz0,bgx0,bgy0,bgz0,gax0,gay0,gaz0,bax1,bay1,baz1,bgx1,bgy1,bgz1,gax1,gay1,gaz1,bax2,bay2,baz2,bgx2,bgy2,bgz2,gax2,gay2,gaz2,bax3,bay3,baz3,bgx3,bgy3,bgz3,gax3,gay3,gaz3,bax4,bay4,baz4,bgx4,bgy4,bgz4,gax4,gay4,gaz4
0.303351452224,0.0184504378156,-0.0969960760635,-0.0813054784857,-0.0785858284475,0.0792601014389,0.990126322522,-0.265594752748,0.105668074769,0.359464962039,0.00322520152045,-0.113080545577,-0.0406095008908,-0.123691001881,0.133996889621,1.00180249028,-0.2449870834,0.0939988250615,0.319721773171,-0.0641138083424,-0.130447695756,0.0264083927671,-0.122782403823,0.150517870157,1.00735275961,-0.243071751123,0.0849565072164,0.234782935108,-0.0507307780974,-0.12798217579,0.0524872640741,-0.0886906144006,0.0957852808217,1.00245407847,-0.249604575423,0.0821328527588,0.214417532323,-0.00688526254141,-0.10236213614,0.0153093202304,-0.106152245493,0.0925592951681,1.01237284195,-0.262831053523,0.0895098527976
