bax0,bay0,baz0,bgx0,bgy0,bgz0,gax0,gay0,gaz0,bax1,bay1,baz1,bgx1,bgy1,bgz1,gax1,gay1,gaz1,bax2,bay2,baz2,bgx2,bgy2,bgz2,gax2,gay2,gaz2,bax3,bay3,baz3,bgx3,bgy3,bgz3,gax3,gay3,gaz3,bax4,bay4,baz4,bgx4,bgy4,bgz4,gax4,gay4,gaz4
0.296006473226,0.0176155475699,-0.106281156967,-0.0806679688354,-0.0829784539712,0.0963454772571,0.984573623466,-0.268066442881,0.106946755001,0.334828317202,-0.00681691302214,-0.099801731697,-0.0399614076102,-0.140985385134,0.107869343113,1.00289436852,-0.242593117505,0.0945829138518,0.375850598179,-0.0707238129074,-0.125051369043,0.00128731451983,-0.114799787433,0.154453113608,1.00600636368,-0.246516990585,0.0915853231126,0.250587949532,-0.0605190947498,-0.1304649462,0.0267999122713,-0.0804181408433,0.0958532746986,1.00227966918,-0.257783841328,0.0786892255088,0.214146722678,0.000403937676293,-0.0970915713302,0.0378204935104,-0.105938136187,0.103604164748,1.00112936331,-0.251796915926,0.0866846825034
