bax0,bay0,baz0,bgx0,bgy0,bgz0,gax0,gay0,gaz0,bax1,bay1,baz1,bgx1,bgy1,bgz1,gax1,gay1,gaz1,bax2,bay2,baz2,bgx2,bgy2,bgz2,gax2,gay2,gaz2,bax3,bay3,baz3,bgx3,bgy3,bgz3,gax3,gay3,gaz3,bax4,bay4,baz4,bgx4,bgy4,bgz4,gax4,gay4,gaz4
0.301617764938,0.00945398162642,-0.0993399682148,-0.0790585241211,-0.0822723708759,0.107958038414,0.994674995944,-0.256079801081,0.0969856597496,0.356109792126,-0.000126746619831,-0.108907224995,-0.0485285520411,-0.135666210571,0.126415304411,0.998767582636,-0.255717939639,0.0947634697471,0.347547874864,-0.0545181800625,-0.120255408825,0.0268492240965,-0.112930382418,0.164543923844,1.00127902752,-0.249336624243,0.0950441322743,0.250017218156,-0.0541293850879,-0.125389339769,0.0436733607117,-0.0833392719543,0.0949604561929,1.00055043574,-0.259269476828,0.0845799893108,0.220949135618,-0.00135919903001,-0.108217541217,0.0208567074774,-0.0980080995207,0.0923036540161,1.00283274998,-0.260051292219,0.0877880781274
