bax0,bay0,baz0,bgx0,bgy0,bgz0,gax0,gay0,gaz0,bax1,bay1,baz1,bgx1,bgy1,bgz1,gax1,gay1,gaz1,bax2,bay2,baz2,bgx2,bgy2,bgz2,gax2,gay2,gaz2,bax3,bay3,baz3,bgx3,bgy3,bgz3,gax3,gay3,gaz3,bax4,bay4,baz4,bgx4,bgy4,bgz4,gax4,gay4,gaz4
0.247203181205,0.0226861421204,-0.114638205747,-0.00177772954448,-0.0780687255301,0.112995885292,0.995647630068,-0.258373330554,0.0965948931664,0.331093174477,0.00459293840532,-0.0986995202586,-0.0270541965278,-0.102013492437,0.0791180997605,0.992363951121,-0.249317889338,0.103673788023,0.37560692323,-0.023313218169,-0.125925564472,-0.0124421163219,-0.119607429533,0.0466788447046,0.999506891459,-0.240100632913,0.106943103665,0.331386459566,-0.0384291172572,-0.150607709742,-0.0629412564711,-0.027612077447,0.0654531043805,1.00158695696,-0.24992063908,0.109509931115,0.217445088269,-0.020251851701,-0.102064897237,-0.101196872715,0.0188915526052,0.126603145918,0.993953832844,-0.252333199723,0.100206447145
