bax0,bay0,baz0,bgx0,bgy0,bgz0,gax0,gay0,gaz0,bax1,bay1,baz1,bgx1,bgy1,bgz1,gax1,gay1,gaz1,bax2,bay2,baz2,bgx2,bgy2,bgz2,gax2,gay2,gaz2,bax3,bay3,baz3,bgx3,bgy3,bgz3,gax3,gay3,gaz3,bax4,bay4,baz4,bgx4,bgy4,bgz4,gax4,gay4,gaz4
0.251399613452,0.00878327596892,-0.0951949720296,0.00383852878966,-0.0886514614076,0.102620709431,1.00294368947,-0.26003281567,0.0955331119452,0.348885050351,0.0203740360267,-0.104152300535,-0.0175273694892,-0.0900906643641,0.0787972021718,0.995358182129,-0.249453854175,0.102943559668,0.374683811491,-0.0205203550099,-0.115404463602,-0.0439151636619,-0.112329722421,0.0188366058626,0.993484800487,-0.250526705507,0.102525518525,0.319062684651,-0.031570948953,-0.165126274877,-0.0592008104386,-0.0513415164625,0.0414360817031,0.996790656618,-0.251855431192,0.110125221208,0.240563209369,-0.0288237970778,-0.112899204859,-0.0938534357011,0.000144887563038,0.13379098323,0.999718660429,-0.244586003208,0.0941904507743
