bax0,bay0,baz0,bgx0,bgy0,bgz0,gax0,gay0,gaz0,bax1,bay1,baz1,bgx1,bgy1,bgz1,gax1,gay1,gaz1,bax2,bay2,baz2,bgx2,bgy2,bgz2,gax2,gay2,gaz2,bax3,bay3,baz3,bgx3,bgy3,bgz3,gax3,gay3,gaz3,bax4,bay4,baz4,bgx4,bgy4,bgz4,gax4,gay4,gaz4
0.351374095639,-0.0263408819555,-0.0719543473475,-0.0841776316877,-0.00863613483976,0.114418658379,0.995468889605,-0.230280542579,0.0564327036943,0.223273913811,-0.0553937582688,-0.100709273354,0.0937235968655,-0.138072253669,0.129334308233,0.985852210474,-0.225446759883,0.065080221699,0.273915936102,-0.00216192911258,-0.146557800346,0.102445043263,-0.203005047133,0.104806372582,0.999599810551,-0.243349729402,0.0730808948644,0.443559570204,-0.0281843818569,-0.129226191213,0.0146049968737,-0.162510174678,0.0318134785609,0.99787792661,-0.236171425083,0.0710727831943,0.276023090565,-0.0264226103502,-0.0990452831241,-0.074489178436,-0.00330686571175,0.082320938094,1.01305125945,-0.232270821755,0.0683582538762
