bax0,bay0,baz0,bgx0,bgy0,bgz0,gax0,gay0,gaz0,bax1,bay1,baz1,bgx1,bgy1,bgz1,gax1,gay1,gaz1,bax2,bay2,baz2,bgx2,bgy2,bgz2,gax2,gay2,gaz2,bax3,bay3,baz3,bgx3,bgy3,bgz3,gax3,gay3,gaz3,bax4,bay4,baz4,bgx4,bgy4,bgz4,gax4,gay4,gaz4
0.318466014758,-0.0285019432141,-0.0809747346613,-0.0483093098298,-0.0396959583334,0.151603241791,0.989365817067,-0.234214449833,0.0637333191465,0.246500372519,-0.0631991934462,-0.0937039395641,0.0621225454304,-0.122501659677,0.137884785632,0.988203521144,-0.228204440021,0.0667926535936,0.277502007653,-0.00967881902032,-0.132646387803,0.0770296541088,-0.218795602548,0.108787642806,0.996030739574,-0.238459225482,0.0666678043941,0.432736924666,-0.0252301865904,-0.145155821395,0.0292027734161,-0.187816685128,0.0341111037185,1.01012250279,-0.229833888418,0.0675777598048,0.315319220693,-0.0148694137382,-0.116059378957,-0.116195656264,-0.000671054174164,0.101520194867,0.998421606908,-0.228317403267,0.0635649443076
