bax0,bay0,baz0,bgx0,bgy0,bgz0,gax0,gay0,gaz0,bax1,bay1,baz1,bgx1,bgy1,bgz1,gax1,gay1,gaz1,bax2,bay2,baz2,bgx2,bgy2,bgz2,gax2,gay2,gaz2,bax3,bay3,baz3,bgx3,bgy3,bgz3,gax3,gay3,gaz3,bax4,bay4,baz4,bgx4,bgy4,bgz4,gax4,gay4,gaz4
0.199107621545,0.0131942213201,-0.110228843857,-0.110857269728,0.0209297837294,0.127972158456,1.01236793647,-0.228024891889,0.0663772513987,0.334385230317,-0.0334120682376,-0.0901222219282,-0.0168442538966,-0.0252323025858,0.0932397240843,1.01353025971,-0.237691248642,0.0656869617694,0.244503183805,-0.0593740586184,-0.0811791347793,0.0349730275509,-0.139981908743,0.101805036466,1.00065400015,-0.242688092781,0.0625079233116,0.2359264338,0.00417748650893,-0.143530319329,0.0468567735446,-0.115094305441,0.100287283044,0.994801117609,-0.248031571798,0.0669441699388,0.292616496315,0.000383023242991,-0.139591214907,0.00157622562198,-0.137162205728,0.131536361285,0.995477088902,-0.241173157835,0.0638823616141
