bax0,bay0,baz0,bgx0,bgy0,bgz0,gax0,gay0,gaz0,bax1,bay1,baz1,bgx1,bgy1,bgz1,gax1,gay1,gaz1,bax2,bay2,baz2,bgx2,bgy2,bgz2,gax2,gay2,gaz2,bax3,bay3,baz3,bgx3,bgy3,bgz3,gax3,gay3,gaz3,bax4,bay4,baz4,bgx4,bgy4,bgz4,gax4,gay4,gaz4
0.237913370599,-0.0537384730969,-0.105354187009,-0.119907054581,0.0428690489162,0.129615106123,0.953412973543,-0.199967036412,-0.283288257447,0.259797550857,-0.0111977491339,-0.083196578151,-0.163533166383,-0.0289216118309,0.197155313362,0.947683436462,-0.228355551657,-0.283502991027,0.341262363299,-0.0356880627249,-0.0984367286244,-0.0538188426976,-0.0876167301335,0.148135919677,0.949761555501,-0.228392953113,-0.285774375171,0.32201906122,-0.0495209527312,-0.126952818632,0.00479201090605,-0.0830429432558,0.103874128552,0.950094018791,-0.237983163724,-0.286530615907,0.246310630782,-0.000912475501545,-0.0729230905547,-0.0130378736353,-0.120551585233,0.0212046258869,0.946946113152,-0.227996355727,-0.285071935812
