bax0,bay0,baz0,bgx0,bgy0,bgz0,gax0,gay0,gaz0,bax1,bay1,baz1,bgx1,bgy1,bgz1,gax1,gay1,gaz1,bax2,bay2,baz2,bgx2,bgy2,bgz2,gax2,gay2,gaz2,bax3,bay3,baz3,bgx3,bgy3,bgz3,gax3,gay3,gaz3,bax4,bay4,baz4,bgx4,bgy4,bgz4,gax4,gay4,gaz4
0.25495063836,-0.0515674387544,-0.0993610299782,-0.122997819213,0.0164184350246,0.139680616505,0.952722813768,-0.217210788331,-0.283514720835,0.244022044798,-0.0111330442839,-0.0827068867582,-0.155197636466,-0.0403194873811,0.214976356049,0.946552965957,-0.233777675067,-0.284182588993,0.318397638419,-0.035005222436,-0.0865946512184,-0.0724462744751,-0.0703706369292,0.180675920332,0.949412954875,-0.226975083797,-0.286570598083,0.315789788622,-0.034248647689,-0.129737731389,0.036018888771,-0.0645183460357,0.0989989709137,0.946397764494,-0.231427080539,-0.284042882313,0.2545804423,0.00942597449326,-0.0845566557454,0.00367157133301,-0.141607870836,0.0432408348242,0.948650109555,-0.235924612048,-0.28363402201
