bax0,bay0,baz0,bgx0,bgy0,bgz0,gax0,gay0,gaz0,bax1,bay1,baz1,bgx1,bgy1,bgz1,gax1,gay1,gaz1,bax2,bay2,baz2,bgx2,bgy2,bgz2,gax2,gay2,gaz2,bax3,bay3,baz3,bgx3,bgy3,bgz3,gax3,gay3,gaz3,bax4,bay4,baz4,bgx4,bgy4,bgz4,gax4,gay4,gaz4
0.294434208403,-0.05388265275,-0.1278979965,0.0133659899445,-0.0742477665598,0.0958547973809,0.947571818339,-0.22748543056,-0.275716182973,0.246152665654,-0.00929842024237,-0.0918988605903,-0.0135832435093,-0.10495842437,0.0658708893834,0.949313165792,-0.229985245101,-0.277929615229,0.282971718009,-0.0383829570741,-0.12372696877,0.207377017187,-0.155349865952,-0.132503652817,0.963750996148,-0.221186496102,-0.27762639562,0.283153824278,-0.029840804799,-0.129441655297,0.0623321924365,-0.199777889847,-0.0339907693373,0.960232257338,-0.226499375111,-0.277067473881,0.295380824589,-0.023756176659,-0.136526931485,-0.0563886470083,-0.117864510517,0.078935170286,0.954173605632,-0.224694738726,-0.279962796329
