bax0,bay0,baz0,bgx0,bgy0,bgz0,gax0,gay0,gaz0,bax1,bay1,baz1,bgx1,bgy1,bgz1,gax1,gay1,gaz1,bax2,bay2,baz2,bgx2,bgy2,bgz2,gax2,gay2,gaz2,bax3,bay3,baz3,bgx3,bgy3,bgz3,gax3,gay3,gaz3,bax4,bay4,baz4,bgx4,bgy4,bgz4,gax4,gay4,gaz4
0.258438633881,-0.0203386859889,-0.0984367490084,-0.0537420705999,-0.0110797960457,0.196788610572,0.952330714158,-0.227237537572,-0.270375757415,0.273202288227,-0.0190456789036,-0.0526868219719,-0.115342820868,-0.0258802006028,0.177077266671,0.953390355999,-0.226845561957,-0.272929928543,0.353791782872,-0.0404529269385,-0.137856396057,-0.0377026982735,-0.0662515807201,0.14282263292,0.960034781633,-0.230716778227,-0.27986208983,0.22916408992,-0.0379745310995,-0.199722430231,-0.00733827901865,-0.125122770262,0.0688489811429,0.951765470909,-0.228642678277,-0.275882917199,0.222711447412,0.000487638952191,-0.115576646478,0.0123182143164,-0.106214978162,0.0218301166247,0.937066450959,-0.235595236023,-0.298213848552
