bax0,bay0,baz0,bgx0,bgy0,bgz0,gax0,gay0,gaz0,bax1,bay1,baz1,bgx1,bgy1,bgz1,gax1,gay1,gaz1,bax2,bay2,baz2,bgx2,bgy2,bgz2,gax2,gay2,gaz2,bax3,bay3,baz3,bgx3,bgy3,bgz3,gax3,gay3,gaz3,bax4,bay4,baz4,bgx4,bgy4,bgz4,gax4,gay4,gaz4
0.338124534521,0.00369555704469,-0.0991166679338,-0.029408796056,-0.0707628192383,0.0436066331347,0.940576226725,-0.234183816507,-0.305148607131,0.343838721323,-0.019926339525,-0.124729599463,-0.0606079860227,-0.0512219340164,0.0725626741423,0.945539345336,-0.236901724145,-0.295110587473,0.232834705433,-0.0165320084801,-0.0616671418999,-0.0680451527791,-0.0342503525504,0.154548092896,0.952712460929,-0.2329706637,-0.285067274308,0.310302377211,0.00145788959832,-0.0429754216285,-0.0115541198726,-0.0676184263876,0.0862250589164,0.950857706494,-0.235240767144,-0.277039243,0.380673330679,-0.0161470847242,-0.0841308137308,0.0323280565592,-0.0534987008158,0.0714992039682,0.965623997301,-0.225518439017,-0.265462877642
