bax0,bay0,baz0,bgx0,bgy0,bgz0,gax0,gay0,gaz0,bax1,bay1,baz1,bgx1,bgy1,bgz1,gax1,gay1,gaz1,bax2,bay2,baz2,bgx2,bgy2,bgz2,gax2,gay2,gaz2,bax3,bay3,baz3,bgx3,bgy3,bgz3,gax3,gay3,gaz3,bax4,bay4,baz4,bgx4,bgy4,bgz4,gax4,gay4,gaz4
0.364362933248,-0.00579925624171,-0.0879116548277,-0.0458593599058,-0.0619791628732,0.0379043126635,0.937789208849,-0.234559916263,-0.314215211023,0.338508262265,-0.0234965374748,-0.120880883531,-0.0444372095973,-0.0552826986845,0.0976482409168,0.940053077856,-0.236788518444,-0.283878143004,0.257895381202,-0.0207241794204,-0.0702746158858,-0.0628109034374,-0.0366664655191,0.184751287034,0.940181395407,-0.236730034737,-0.281655060087,0.280786591766,0.000102335650076,-0.0380914447789,-0.0446438217323,-0.0663082019548,0.10663913066,0.957005135994,-0.232410321829,-0.263142442639,0.382478002384,-0.0130009961948,-0.0984123590003,0.025513923417,-0.0513787433525,0.0608039645421,0.953466037233,-0.223864616627,-0.267951804737
