bax0,bay0,baz0,bgx0,bgy0,bgz0,gax0,gay0,gaz0,bax1,bay1,baz1,bgx1,bgy1,bgz1,gax1,gay1,gaz1,bax2,bay2,baz2,bgx2,bgy2,bgz2,gax2,gay2,gaz2,bax3,bay3,baz3,bgx3,bgy3,bgz3,gax3,gay3,gaz3,bax4,bay4,baz4,bgx4,bgy4,bgz4,gax4,gay4,gaz4
0.27916850689,-0.0342612425174,-0.14359686053,-0.0475284991314,-0.065998011204,0.148449773277,0.959097606558,-0.21286492715,-0.26730876035,0.265153273183,-0.0371932406586,-0.179370796948,0.0947131966267,-0.0265259649793,0.0934330100406,0.988349673829,0.117553962875,-0.158370680167,0.254559131543,-0.0229954618841,-0.104652054303,-0.0321494781803,-0.160312267794,0.0443192267443,0.998255973108,0.103328580071,-0.182035273882,0.309623576654,-0.0131837619689,-0.158149525868,-0.0230471178815,-0.18708247935,0.0937191933708,0.999198690487,0.0745597448334,-0.162661707614,0.289961121789,-0.00644496128465,-0.18768193764,-0.00906749654845,-0.0767951233165,0.0846334999269,0.99261715889,0.0578859974678,-0.188904941935
