bax0,bay0,baz0,bgx0,bgy0,bgz0,gax0,gay0,gaz0,bax1,bay1,baz1,bgx1,bgy1,bgz1,gax1,gay1,gaz1,bax2,bay2,baz2,bgx2,bgy2,bgz2,gax2,gay2,gaz2,bax3,bay3,baz3,bgx3,bgy3,bgz3,gax3,gay3,gaz3,bax4,bay4,baz4,bgx4,bgy4,bgz4,gax4,gay4,gaz4
0.263241823651,-0.0397113578209,-0.0745308829971,0.02983592439,0.0311120429084,0.0373014618093,0.976861980303,0.113831063746,-0.215346619075,0.333442272465,-0.00451997796347,-0.0894880159336,0.00319696327268,0.00242951340821,0.0860807871988,0.982788274401,0.092307837308,-0.199281127916,0.297121746634,-0.00287739282527,-0.108918717811,-0.0736398581981,-0.0810610939079,0.107071799594,0.97624718874,0.0912332217615,-0.190609554401,0.309545284337,-0.0517516073248,-0.0717388362595,-0.0713563524584,-0.140466572895,0.133827935839,0.991154766509,0.0935557050967,-0.180626608022,0.38473790233,-0.028017420686,-0.155939597924,-4.94196101398e-05,-0.128449453541,0.11563174617,0.998030300505,0.0920522819357,-0.177126174255
