bax0,bay0,baz0,bgx0,bgy0,bgz0,gax0,gay0,gaz0,bax1,bay1,baz1,bgx1,bgy1,bgz1,gax1,gay1,gaz1,bax2,bay2,baz2,bgx2,bgy2,bgz2,gax2,gay2,gaz2,bax3,bay3,baz3,bgx3,bgy3,bgz3,gax3,gay3,gaz3,bax4,bay4,baz4,bgx4,bgy4,bgz4,gax4,gay4,gaz4
0.27477441342,-0.0221082762365,-0.13039698635,-0.0190402601824,-0.0649291186789,0.0650894584805,0.995539796515,0.0916538265344,-0.182337881135,0.214438133179,-0.0168330829284,-0.0749463514188,0.0182820737895,-0.0643036898589,0.0475200738781,1.00039568065,0.0918630036529,-0.173567558537,0.308313451268,-0.00376320564363,-0.121647578688,-0.00725875413268,0.0182810629235,0.0762269985766,0.989042092728,0.0888302472403,-0.180912813841,0.232325394686,-0.0436033464761,-0.166479631595,0.211358615075,0.0320086725523,-0.0305335468882,0.98928775703,0.103394773425,-0.16512161535,0.335568975965,-0.0366264829028,-0.0908097502122,0.0290853310616,-0.112783741174,0.0616393318653,0.99128718577,0.0897666018304,-0.167359353543
