bax0,bay0,baz0,bgx0,bgy0,bgz0,gax0,gay0,gaz0,bax1,bay1,baz1,bgx1,bgy1,bgz1,gax1,gay1,gaz1,bax2,bay2,baz2,bgx2,bgy2,bgz2,gax2,gay2,gaz2,bax3,bay3,baz3,bgx3,bgy3,bgz3,gax3,gay3,gaz3,bax4,bay4,baz4,bgx4,bgy4,bgz4,gax4,gay4,gaz4
0.236635641751,-0.0102690289586,-0.144706171434,0.00179262719784,-0.0491397171238,0.0701056855035,1.00074794165,0.0867546138511,-0.170927058771,0.229465431532,-0.0138885038064,-0.0720282790481,-0.0232788533014,-0.0559228327769,0.0738647674988,0.999403491568,0.0775201711616,-0.175183654065,0.34185713243,0.0162549122736,-0.112288361303,-0.013450413504,0.00893209421575,0.0697478468186,0.994401444826,0.0843238900743,-0.182705766677,0.22463469742,-0.0394028462942,-0.161174154531,0.236689613943,0.0307934068365,-0.0218409588196,0.987058357935,0.116318328653,-0.161142070064,0.329525407434,-0.0534017916424,-0.0657695508916,0.0257445800169,-0.11090931013,0.0645530843572,0.988517002744,0.0971255532432,-0.163129070609
