bax0,bay0,baz0,bgx0,bgy0,bgz0,gax0,gay0,gaz0,bax1,bay1,baz1,bgx1,bgy1,bgz1,gax1,gay1,gaz1,bax2,bay2,baz2,bgx2,bgy2,bgz2,gax2,gay2,gaz2,bax3,bay3,baz3,bgx3,bgy3,bgz3,gax3,gay3,gaz3,bax4,bay4,baz4,bgx4,bgy4,bgz4,gax4,gay4,gaz4
0.386255207232,-0.034158541832,-0.126359907754,-0.0274985282103,-0.0969580091258,0.108438631863,0.998418338219,0.0910074712771,-0.157290989029,0.240418596753,0.00506600374119,-0.129776477682,-0.00698244298471,-0.0521159226643,0.00489952783431,1.00642785782,0.0899561466066,-0.15574080482,0.259517952258,-0.016286146154,-0.06807003889,-9.4812566518e-05,-0.0650755894634,0.0312273844775,1.00212663869,0.101236389343,-0.158604641299,0.369501010564,-0.00379463493745,-0.131214033105,-0.0352432601428,-0.0502007297465,0.0862460595886,1.00418397135,0.0965005532533,-0.163738499088,0.221202517866,-0.0219801495631,-0.139851176153,-0.0971565420848,-0.132589778364,0.0809577240404,0.998793827686,0.0881697857787,-0.161414916848
