bax0,bay0,baz0,bgx0,bgy0,bgz0,gax0,gay0,gaz0,bax1,bay1,baz1,bgx1,bgy1,bgz1,gax1,gay1,gaz1,bax2,bay2,baz2,bgx2,bgy2,bgz2,gax2,gay2,gaz2,bax3,bay3,baz3,bgx3,bgy3,bgz3,gax3,gay3,gaz3,bax4,bay4,baz4,bgx4,bgy4,bgz4,gax4,gay4,gaz4
0.289385632758,-0.00322308583432,-0.124168520188,-0.060495989136,-0.0870235152352,0.122816827131,0.979846620936,-0.0795086301366,-0.254667789467,0.268555642562,-0.027185498753,-0.1162394151,-0.0459544221978,-0.0598391296897,0.142375208822,0.983347988914,-0.0696718780886,-0.255190144281,0.280262607309,-0.0385001469563,-0.0948658294559,-0.0297863847273,-0.0782206183691,0.0933236755008,0.978558484966,-0.073651727884,-0.25889392526,0.277227395428,-0.00874640816312,-0.111789392184,-0.0302153511221,-0.0944305915153,0.102929811161,0.976842535424,-0.0773175723444,-0.260907629711,0.299142933743,0.00263419715327,-0.117276133035,-0.0555012773284,-0.0504038527601,0.116206421289,0.981424688226,-0.0849747474324,-0.254608828386
