bax0,bay0,baz0,bgx0,bgy0,bgz0,gax0,gay0,gaz0,bax1,bay1,baz1,bgx1,bgy1,bgz1,gax1,gay1,gaz1,bax2,bay2,baz2,bgx2,bgy2,bgz2,gax2,gay2,gaz2,bax3,bay3,baz3,bgx3,bgy3,bgz3,gax3,gay3,gaz3,bax4,bay4,baz4,bgx4,bgy4,bgz4,gax4,gay4,gaz4
0.281385815907,0.00685136507406,-0.121576260402,-0.0592067717477,-0.086150079153,0.132068324225,0.984671731167,-0.0741342636916,-0.2534818373,0.271549942177,-0.0304622173771,-0.11867968297,-0.0472240717205,-0.0613093835914,0.133169225654,0.976466828874,-0.0705423281464,-0.251477137689,0.279900008118,-0.0293030951886,-0.0948045444402,-0.0293555343504,-0.067851226202,0.10862416351,0.977973190152,-0.0766361286984,-0.260808438317,0.270468934785,-0.000474631826988,-0.118599729266,-0.0280690875532,-0.0932578665903,0.0934032789957,0.978467521498,-0.080943765297,-0.257204477144,0.30817799492,-0.00632704820787,-0.122235502371,-0.0594425681468,-0.0603320159992,0.115262563151,0.980914127212,-0.0789938097196,-0.257768001102
