bax0,bay0,baz0,bgx0,bgy0,bgz0,gax0,gay0,gaz0,bax1,bay1,baz1,bgx1,bgy1,bgz1,gax1,gay1,gaz1,bax2,bay2,baz2,bgx2,bgy2,bgz2,gax2,gay2,gaz2,bax3,bay3,baz3,bgx3,bgy3,bgz3,gax3,gay3,gaz3,bax4,bay4,baz4,bgx4,bgy4,bgz4,gax4,gay4,gaz4
0.274254532466,-0.00290657950687,-0.116839871716,-0.0699507006407,-0.0787332832475,0.129244824227,0.979797265623,-0.0863380194145,-0.253183284208,0.275762281194,-0.0159066028413,-0.12158014345,-0.0427217330169,-0.0618767764096,0.149679071677,0.982723630264,-0.0669313186462,-0.253882059919,0.27843772552,-0.0303344031273,-0.0977508985008,-0.03284715869,-0.0850058663691,0.109657025663,0.975738525533,-0.0706089485139,-0.259934406594,0.297621117244,-0.0059859099326,-0.107564429726,-0.0323095150823,-0.0974865603181,0.101401753042,0.979047848991,-0.0842450386005,-0.25573414974,0.309723931435,-0.0058974287595,-0.122488930885,-0.0583212039906,-0.0615979387598,0.126953702418,0.975830421125,-0.078845725091,-0.25651362347
