bax0,bay0,baz0,bgx0,bgy0,bgz0,gax0,gay0,gaz0,bax1,bay1,baz1,bgx1,bgy1,bgz1,gax1,gay1,gaz1,bax2,bay2,baz2,bgx2,bgy2,bgz2,gax2,gay2,gaz2,bax3,bay3,baz3,bgx3,bgy3,bgz3,gax3,gay3,gaz3,bax4,bay4,baz4,bgx4,bgy4,bgz4,gax4,gay4,gaz4
0.295217935659,-0.0113510161478,-0.116186172584,-0.0512711973462,-0.036190751399,0.0857347692858,0.981702742096,-0.0858034463899,-0.251457267065,0.277894799874,-0.00503441151454,-0.130337314889,-0.0744020246126,-0.0373142463308,0.120499802854,0.978501486653,-0.0778763786292,-0.249331587075,0.283781093271,-0.0528944398221,-0.114040579434,0.117035341945,-0.0857923246602,-0.0829836138715,0.987892198813,-0.0593753355339,-0.243498085597,0.312843005883,-0.0289456909611,-0.124965916757,-0.0228227910465,-0.0687321939633,0.0891681425542,0.980372128904,-0.0829792347975,-0.244190252527,0.292530452292,-0.0228635436794,-0.117359731803,-0.0764347180999,-0.0695131651825,0.133769599731,0.983064770074,-0.085214041474,-0.24508340138
