bax0,bay0,baz0,bgx0,bgy0,bgz0,gax0,gay0,gaz0,bax1,bay1,baz1,bgx1,bgy1,bgz1,gax1,gay1,gaz1,bax2,bay2,baz2,bgx2,bgy2,bgz2,gax2,gay2,gaz2,bax3,bay3,baz3,bgx3,bgy3,bgz3,gax3,gay3,gaz3,bax4,bay4,baz4,bgx4,bgy4,bgz4,gax4,gay4,gaz4
0.20540953206,-0.0315706213231,-0.0859500868305,-0.0834848819064,-0.083136413607,0.158757085512,0.98334675861,-0.0948257485786,-0.239519195159,0.211104998191,-0.0152708429343,-0.0955462007385,-0.0727448647164,-0.0711039665527,0.14936530927,0.98069724475,-0.0880366902723,-0.255277564512,0.251250786577,-0.0305126684435,-0.120305239912,-0.0317820128511,-0.103996184711,0.12956105605,0.98023768318,-0.0941569658512,-0.251177203611,0.276167284686,-0.0124373502395,-0.101923391119,-0.0464028893879,-0.0351459201688,0.0973757610416,0.987497451968,-0.0957481023802,-0.259453349835,0.345563458128,-0.0119153832153,-0.0713180877668,-0.065676377464,-0.036248425807,0.0916674151616,0.978044939756,-0.0909042855654,-0.266384657898
