bax0,bay0,baz0,bgx0,bgy0,bgz0,gax0,gay0,gaz0,bax1,bay1,baz1,bgx1,bgy1,bgz1,gax1,gay1,gaz1,bax2,bay2,baz2,bgx2,bgy2,bgz2,gax2,gay2,gaz2,bax3,bay3,baz3,bgx3,bgy3,bgz3,gax3,gay3,gaz3,bax4,bay4,baz4,bgx4,bgy4,bgz4,gax4,gay4,gaz4
0.290999540494,-0.0401520970213,-0.135124161479,-0.0626233157614,-0.0800432117247,0.138596230181,0.96961342601,-0.295114604691,-0.144768562088,0.267676581006,-0.0465533216914,-0.127116153912,-0.0656896957365,-0.0346723211966,0.10627792033,0.976888909316,-0.305251885992,-0.150574740074,0.314873595689,-0.0277287806766,-0.126273500347,-0.0711072300113,-0.0444061993828,0.0801993213172,0.961228659412,-0.312981933187,-0.157763065123,0.334147426185,-0.02607369459,-0.135367900432,-0.0518422640812,-0.11218218466,0.0748663644509,0.967116755712,-0.316578703863,-0.15931235562,0.286669060145,-0.0476331195181,-0.137191196775,-0.0399647373172,-0.0299127260653,0.111760299495,0.964996937619,-0.314071835381,-0.158482147318
