bax0,bay0,baz0,bgx0,bgy0,bgz0,gax0,gay0,gaz0,bax1,bay1,baz1,bgx1,bgy1,bgz1,gax1,gay1,gaz1,bax2,bay2,baz2,bgx2,bgy2,bgz2,gax2,gay2,gaz2,bax3,bay3,baz3,bgx3,bgy3,bgz3,gax3,gay3,gaz3,bax4,bay4,baz4,bgx4,bgy4,bgz4,gax4,gay4,gaz4
0.290278355375,-0.0325876882933,-0.129530161901,-0.0616101025329,-0.0776883077167,0.133401288369,0.972161839468,-0.295869743618,-0.142273160215,0.260064623712,-0.0478920637961,-0.123763902,-0.0595766600165,-0.0423900351845,0.110301343144,0.969702017336,-0.300941503436,-0.144934393422,0.305448301885,-0.0298370858781,-0.126792365279,-0.067410495055,-0.031764151537,0.0850367399743,0.969130385835,-0.303544282611,-0.154240798445,0.330111186675,-0.0136090394378,-0.13319555287,-0.0461361361312,-0.102094970819,0.0855524584353,0.965291904405,-0.309280448161,-0.157560021377,0.27597486262,-0.0209104371334,-0.141793975152,-0.0281773893714,-0.0282692898731,0.128838589647,0.967673140987,-0.307804206279,-0.160705474375
