bax0,bay0,baz0,bgx0,bgy0,bgz0,gax0,gay0,gaz0,bax1,bay1,baz1,bgx1,bgy1,bgz1,gax1,gay1,gaz1,bax2,bay2,baz2,bgx2,bgy2,bgz2,gax2,gay2,gaz2,bax3,bay3,baz3,bgx3,bgy3,bgz3,gax3,gay3,gaz3,bax4,bay4,baz4,bgx4,bgy4,bgz4,gax4,gay4,gaz4
0.276120925571,-0.00371046484571,-0.1225067449,-0.0218404885607,-0.129828458509,0.0825015864332,0.972375264172,-0.304262476083,-0.122739053394,0.287187745027,-0.0342304173292,-0.144120758104,-0.0369962257999,-0.114882827485,0.132040821333,0.970779383299,-0.298146214834,-0.135933071193,0.264145284793,-0.0147603520371,-0.18704833063,0.254160569107,-0.315637868919,-0.00708290524042,0.981988381762,-0.295339736062,-0.106251688316,0.312545233167,-0.00735715039871,-0.115680766289,0.0357709258354,-0.117412362729,0.032345758605,0.969089842963,-0.299859631426,-0.15533688139,0.353092823127,-0.0213052717243,-0.14809515288,-0.0415343050541,-0.0666431923844,0.00441156191891,0.960752161559,-0.308517330143,-0.154703105349
