bax0,bay0,baz0,bgx0,bgy0,bgz0,gax0,gay0,gaz0,bax1,bay1,baz1,bgx1,bgy1,bgz1,gax1,gay1,gaz1,bax2,bay2,baz2,bgx2,bgy2,bgz2,gax2,gay2,gaz2,bax3,bay3,baz3,bgx3,bgy3,bgz3,gax3,gay3,gaz3,bax4,bay4,baz4,bgx4,bgy4,bgz4,gax4,gay4,gaz4
0.2743101009,0.00697385073578,-0.116953563489,-0.0406985131848,-0.102984864174,0.0704346789725,0.97262022451,-0.305652253771,-0.136753191267,0.298554613845,-0.0319204181374,-0.121409782246,-0.0248432889527,-0.0748199692922,0.13548816198,0.970457738082,-0.29229996986,-0.137357165479,0.264552587386,-0.0132647915014,-0.21008336202,0.263429547772,-0.325169016865,0.000366159681906,0.974201846149,-0.304662938323,-0.105260515624,0.315067921167,-0.00430382947308,-0.147891864531,0.0564197553661,-0.118146830473,0.0191206154102,0.965501947652,-0.309786989849,-0.142002825389,0.340505634248,-0.0122675981878,-0.126900672917,-0.0600632345492,-0.0158627914534,-0.00284346576636,0.954898195723,-0.313195882712,-0.150052073153
