bax0,bay0,baz0,bgx0,bgy0,bgz0,gax0,gay0,gaz0,bax1,bay1,baz1,bgx1,bgy1,bgz1,gax1,gay1,gaz1,bax2,bay2,baz2,bgx2,bgy2,bgz2,gax2,gay2,gaz2,bax3,bay3,baz3,bgx3,bgy3,bgz3,gax3,gay3,gaz3,bax4,bay4,baz4,bgx4,bgy4,bgz4,gax4,gay4,gaz4
0.425754986724,-0.0384540205268,-0.102093827471,-0.0237532531262,-0.0664115587985,0.131761976824,0.96989037026,-0.317574658482,-0.136214999368,0.295860536113,-0.0360970310741,-0.172450171049,-0.0380286819566,-0.0190569743239,0.0948151910005,0.971731643525,-0.312808982914,-0.136251346996,0.243408884368,-0.00884064649375,-0.117233982163,-0.0106324721483,-0.0993406566522,0.0392379363524,0.975390043003,-0.311448142839,-0.133830156763,0.19182253514,-0.0248596349533,-0.139302560236,0.0678309624601,-0.252933897516,0.0616857228472,0.967749018284,-0.292014510631,-0.144133637013,0.246547970112,-0.00193879801338,-0.143794117627,0.058492600266,-0.149869237978,0.126732118166,0.96419922599,-0.306320412443,-0.158876286203
