bax0,bay0,baz0,bgx0,bgy0,bgz0,gax0,gay0,gaz0,bax1,bay1,baz1,bgx1,bgy1,bgz1,gax1,gay1,gaz1,bax2,bay2,baz2,bgx2,bgy2,bgz2,gax2,gay2,gaz2,bax3,bay3,baz3,bgx3,bgy3,bgz3,gax3,gay3,gaz3,bax4,bay4,baz4,bgx4,bgy4,bgz4,gax4,gay4,gaz4
0.430682688699,-0.0440318341194,-0.106543438153,-0.00829618238967,-0.0930788066838,0.140125784435,0.964236883712,-0.30789003765,-0.139051548244,0.311357693167,-0.029404310177,-0.167162835734,-0.0485453012093,-0.0500231968946,0.0840309308585,0.977340504841,-0.311532342297,-0.126518551873,0.252392100244,-0.00917838708578,-0.117351704213,-0.0114980204842,-0.117174762079,0.0429022910598,0.97035545823,-0.306332448199,-0.136764154821,0.191838258694,-0.0299258685374,-0.144680500917,0.0600429857713,-0.186547740122,0.0446005686868,0.972417658806,-0.29688566142,-0.141960894338,0.24855941247,-0.0136043424116,-0.152821951593,0.042474514417,-0.131592880732,0.134854634219,0.964620125815,-0.295424641484,-0.154447710783
