bax0,bay0,baz0,bgx0,bgy0,bgz0,gax0,gay0,gaz0,bax1,bay1,baz1,bgx1,bgy1,bgz1,gax1,gay1,gaz1,bax2,bay2,baz2,bgx2,bgy2,bgz2,gax2,gay2,gaz2,bax3,bay3,baz3,bgx3,bgy3,bgz3,gax3,gay3,gaz3,bax4,bay4,baz4,bgx4,bgy4,bgz4,gax4,gay4,gaz4
0.287475861363,-0.0740697933806,-0.220096922579,0.271115805732,-0.40706987631,0.0264017726257,0.986433682865,-0.263460265409,0.024324586772,0.258830832335,-0.0144956224389,-0.214098649469,0.185136648499,-0.267547405838,0.157299822976,0.99248724056,-0.273547143046,-0.0185582094727,0.324202239001,0.0093838287991,-0.17041937501,0.0669905200311,-0.284910377492,0.0517668859832,0.992322983804,-0.271807178093,-0.0359428458157,0.256157236784,-0.0238199787829,-0.102827245862,-0.146411803068,0.0191855399844,0.0566843001121,0.993414476431,-0.260489376574,-0.0463467735793,0.267679683081,-0.039475224318,-0.0466928457344,-0.145014444854,0.0747290995758,0.216394298718,0.977059292855,-0.268345108217,-0.0319660215716
