bax0,bay0,baz0,bgx0,bgy0,bgz0,gax0,gay0,gaz0,bax1,bay1,baz1,bgx1,bgy1,bgz1,gax1,gay1,gaz1,bax2,bay2,baz2,bgx2,bgy2,bgz2,gax2,gay2,gaz2,bax3,bay3,baz3,bgx3,bgy3,bgz3,gax3,gay3,gaz3,bax4,bay4,baz4,bgx4,bgy4,bgz4,gax4,gay4,gaz4
0.311915711459,-0.0391806543598,-0.118003292553,0.00270947712038,-0.0958773521375,0.124497654435,0.974810142083,-0.269955382118,-0.0364402578349,0.251772888619,-0.0061396510181,-0.13882563696,0.0312565826272,-0.192021422989,0.0186971075895,0.987472335713,-0.284842472027,-0.0356280732842,0.330521768673,0.00731338984208,-0.145781709818,-0.0895155717118,0.0410587230008,0.03564044044,0.971896560022,-0.280790899667,-0.03528647812,0.279924504558,-0.0108578680996,-0.0799294395613,-0.115747006985,-0.0374839863676,0.0946327602964,0.972219052131,-0.269424155876,-0.0347487570025,0.280766803205,-0.0602628056978,-0.0751293644765,-0.00144319760108,-0.116734108596,0.129430516284,0.968178468768,-0.264260633043,-0.0341253419483
