bax0,bay0,baz0,bgx0,bgy0,bgz0,gax0,gay0,gaz0,bax1,bay1,baz1,bgx1,bgy1,bgz1,gax1,gay1,gaz1,bax2,bay2,baz2,bgx2,bgy2,bgz2,gax2,gay2,gaz2,bax3,bay3,baz3,bgx3,bgy3,bgz3,gax3,gay3,gaz3,bax4,bay4,baz4,bgx4,bgy4,bgz4,gax4,gay4,gaz4
0.326025122669,-0.0417559532117,-0.106518274467,0.011496907928,-0.0738447937244,0.122062703363,0.974179713951,-0.274092465694,-0.0354469981577,0.245485862752,-0.00243774101942,-0.135956430713,-0.00143201515382,-0.198723451019,0.00970859160686,0.981024336031,-0.274901602591,-0.0351811132066,0.332337396657,-0.00351032487286,-0.148700120266,-0.0874522414462,-0.0277569898844,0.0166839423796,0.975686551954,-0.275538342752,-0.0342761591745,0.269811993349,-0.00903782414044,-0.0673443607577,-0.126689276742,-0.0162457103157,0.103102329615,0.977450811073,-0.269276244812,-0.0392156256969,0.286538127468,-0.0550614115994,-0.0794876895537,0.0201520193163,-0.106701715347,0.117854362901,0.961806911665,-0.268815516096,-0.0381419774962
