bax0,bay0,baz0,bgx0,bgy0,bgz0,gax0,gay0,gaz0,bax1,bay1,baz1,bgx1,bgy1,bgz1,gax1,gay1,gaz1,bax2,bay2,baz2,bgx2,bgy2,bgz2,gax2,gay2,gaz2,bax3,bay3,baz3,bgx3,bgy3,bgz3,gax3,gay3,gaz3,bax4,bay4,baz4,bgx4,bgy4,bgz4,gax4,gay4,gaz4
0.294829397362,-0.00935699072499,-0.138838981903,0.0870318186042,-0.0686531566797,0.139167708201,0.974710646093,-0.282023750377,-0.0138841200816,0.310468802625,-0.00468623229535,-0.155945034272,-0.0075630200034,-0.176409918881,0.0648994193278,0.987225997447,-0.26648328898,-0.0311821191989,0.383006368812,0.00413474473314,-0.127529633008,-0.145563476265,0.0231102653468,0.025030604856,0.990984959765,-0.260321387286,-0.0418464011751,0.269876733081,-0.0397989540791,-0.0723767770442,-0.0477882398386,-0.0437881970543,0.110920486363,0.992523484942,-0.250688230828,-0.0351882515146,0.238800552214,-0.0198930699269,-0.202172999454,-0.572965146542,0.322004132431,0.0333126601141,0.991609534706,-0.260306973315,0.0192316253185
