bax0,bay0,baz0,bgx0,bgy0,bgz0,gax0,gay0,gaz0,bax1,bay1,baz1,bgx1,bgy1,bgz1,gax1,gay1,gaz1,bax2,bay2,baz2,bgx2,bgy2,bgz2,gax2,gay2,gaz2,bax3,bay3,baz3,bgx3,bgy3,bgz3,gax3,gay3,gaz3,bax4,bay4,baz4,bgx4,bgy4,bgz4,gax4,gay4,gaz4
0.284436482705,-0.0178509151894,-0.118204963984,-0.116235985397,0.0674343420343,0.0859952765855,0.994194172336,-0.199574780833,-0.117775468584,0.207497196044,-0.056330240033,-0.12791271121,-0.0464212527942,-0.0211242416533,0.137458272141,0.982511206972,-0.192908471346,-0.139384653363,0.290047166207,-0.00168849393818,-0.17795052196,0.0541979750522,-0.183793681301,0.13114416848,0.974955353087,-0.181540955285,-0.166100789441,0.342056176757,0.0321739909179,-0.14045163669,-0.139983500107,-0.00612883196248,0.126655333954,0.974627095496,-0.180330604639,-0.173413477942,0.296781567516,-0.0198778557498,-0.111885245451,-0.173995946904,-0.056516240616,0.121066939862,0.97195561365,-0.17534016883,-0.173918650934
