bax0,bay0,baz0,bgx0,bgy0,bgz0,gax0,gay0,gaz0,bax1,bay1,baz1,bgx1,bgy1,bgz1,gax1,gay1,gaz1,bax2,bay2,baz2,bgx2,bgy2,bgz2,gax2,gay2,gaz2,bax3,bay3,baz3,bgx3,bgy3,bgz3,gax3,gay3,gaz3,bax4,bay4,baz4,bgx4,bgy4,bgz4,gax4,gay4,gaz4
0.311986876579,-0.010623443314,-0.110602789186,-0.123666849732,0.0496160818553,0.0740152042843,0.995987279665,-0.199955653475,-0.13311555687,0.218712709805,-0.0601003711259,-0.137918418395,-0.0370136139201,-0.0286923842931,0.13396678861,0.986412125449,-0.188041152829,-0.142454301989,0.29325937124,-0.0157238781852,-0.187858273695,0.0721972565522,-0.167029586435,0.125792003872,0.976705399499,-0.187551762433,-0.161783225424,0.335499642933,0.0210820125562,-0.14063476448,-0.0961611757804,-0.0366584597977,0.121120401169,0.96845599252,-0.183634109466,-0.163102035249,0.323510647489,-0.0139955448961,-0.116932933128,-0.203599664953,-0.0734364415046,0.120847053229,0.97801805603,-0.188002133369,-0.186860867242
