bax0,bay0,baz0,bgx0,bgy0,bgz0,gax0,gay0,gaz0,bax1,bay1,baz1,bgx1,bgy1,bgz1,gax1,gay1,gaz1,bax2,bay2,baz2,bgx2,bgy2,bgz2,gax2,gay2,gaz2,bax3,bay3,baz3,bgx3,bgy3,bgz3,gax3,gay3,gaz3,bax4,bay4,baz4,bgx4,bgy4,bgz4,gax4,gay4,gaz4
0.201529294114,-0.0808250137483,-0.0700233532026,0.06485797108,-0.162008911257,0.0603190652566,0.975790585115,-0.174005575868,-0.190734933707,0.260873018117,-0.0291007192888,-0.0672956310416,0.0867070250076,-0.0977483070431,0.0590494792983,0.979725630293,-0.190911399692,-0.183969476472,0.351446923978,0.0178090009064,-0.110664404469,-0.10866371114,-0.0166034632824,0.106433531126,0.981361601907,-0.211758975494,-0.168649970268,0.32569397584,-0.0230237867199,-0.13563731369,-0.187910984644,0.00649869461652,0.0942278317532,0.988133017552,-0.18812013822,-0.157318740926,0.213666178475,-0.0789855033252,-0.178425554664,0.39646358761,-0.307420367815,-0.0483098968333,0.984290391972,-0.184702466925,-0.164461446054
