bax0,bay0,baz0,bgx0,bgy0,bgz0,gax0,gay0,gaz0,bax1,bay1,baz1,bgx1,bgy1,bgz1,gax1,gay1,gaz1,bax2,bay2,baz2,bgx2,bgy2,bgz2,gax2,gay2,gaz2,bax3,bay3,baz3,bgx3,bgy3,bgz3,gax3,gay3,gaz3,bax4,bay4,baz4,bgx4,bgy4,bgz4,gax4,gay4,gaz4
0.211828868884,-0.0591284637315,-0.0880568784754,0.053229945968,-0.149833152348,0.0622762972096,0.973754728928,-0.181548541042,-0.178248445926,0.297330504812,-0.0278350491173,-0.065257875944,0.154998296747,-0.0853931440024,0.0549319692412,0.978456631198,-0.192680202901,-0.179743012965,0.375565814334,0.0280643302826,-0.117952373861,-0.0892803463832,0.01714087663,0.0681913661366,0.971928801731,-0.208565131578,-0.169974712055,0.33684788572,-0.0192180143851,-0.116602113981,-0.186799779195,-0.0168013691125,0.108546825451,0.997633774158,-0.191820263406,-0.157647634239,0.200951099588,-0.0857225279781,-0.197376052158,0.423366048888,-0.309429257524,-0.0665280556215,0.989102948009,-0.187085801207,-0.153539586708
