bax0,bay0,baz0,bgx0,bgy0,bgz0,gax0,gay0,gaz0,bax1,bay1,baz1,bgx1,bgy1,bgz1,gax1,gay1,gaz1,bax2,bay2,baz2,bgx2,bgy2,bgz2,gax2,gay2,gaz2,bax3,bay3,baz3,bgx3,bgy3,bgz3,gax3,gay3,gaz3,bax4,bay4,baz4,bgx4,bgy4,bgz4,gax4,gay4,gaz4
0.2530189875,0.0341251812394,-0.129152939458,-0.0577505205204,-0.0568916902897,0.0491079306132,0.980714381461,-0.214482848672,-0.180087902358,0.31105370564,-0.0256132952819,-0.137489776942,-0.0812632690456,0.0612915947197,0.123656947832,0.981808388983,-0.20485787506,-0.171444927518,0.329780673952,-0.0447967649871,-0.131774550132,0.0453411574533,-0.181800878497,0.152229723091,0.98029653015,-0.201765616937,-0.182394311487,0.329828114226,-0.0268012791454,-0.120331487051,-0.0060155310897,-0.035554640145,-0.0147406507436,0.982470568959,-0.20949750423,-0.190204435564,0.29862146657,-0.00256643064889,-0.0527994695321,-0.140166710328,0.000690641018803,0.0744925268166,0.979929355477,-0.214098726552,-0.180791997381
