bax0,bay0,baz0,bgx0,bgy0,bgz0,gax0,gay0,gaz0,bax1,bay1,baz1,bgx1,bgy1,bgz1,gax1,gay1,gaz1,bax2,bay2,baz2,bgx2,bgy2,bgz2,gax2,gay2,gaz2,bax3,bay3,baz3,bgx3,bgy3,bgz3,gax3,gay3,gaz3,bax4,bay4,baz4,bgx4,bgy4,bgz4,gax4,gay4,gaz4
0.247780266298,0.0245681389694,-0.131163027972,-0.0504019764728,-0.0247075551394,0.0487137995183,0.981471651278,-0.211890072897,-0.162412873306,0.296582243478,-0.022267135074,-0.124276000357,-0.0635247981328,0.0633191500994,0.145118846508,0.983533855095,-0.205856190619,-0.1675165713,0.317749026893,-0.03144308644,-0.143910479493,0.0383824211654,-0.155530200937,0.134397426802,0.983669649194,-0.201249380803,-0.177818054321,0.334106664711,-0.029023245521,-0.120779911072,-0.024146384708,0.00860426937303,-0.0228760017118,0.98244171375,-0.211990400952,-0.19891012608,0.282670631039,0.00700112526492,-0.0448989180945,-0.121794992682,0.01827690386,0.052533806164,0.980311542746,-0.204941857053,-0.183222679259
