bax0,bay0,baz0,bgx0,bgy0,bgz0,gax0,gay0,gaz0,bax1,bay1,baz1,bgx1,bgy1,bgz1,gax1,gay1,gaz1,bax2,bay2,baz2,bgx2,bgy2,bgz2,gax2,gay2,gaz2,bax3,bay3,baz3,bgx3,bgy3,bgz3,gax3,gay3,gaz3,bax4,bay4,baz4,bgx4,bgy4,bgz4,gax4,gay4,gaz4
0.330453452261,-0.080683332309,-0.0981371746307,-0.107450270535,0.0326001757579,0.163408877481,0.913900611786,-0.376024782615,-0.260124583383,0.274996214012,-0.0194341526436,-0.100421128614,0.00758678139621,-0.173737205781,0.0680293179664,0.907285122732,-0.398028198356,-0.259398016943,0.249384069697,0.0221410025628,-0.110496225723,0.00274669411397,-0.205939372293,0.0117092924141,0.893843148332,-0.4062147764,-0.252600960245,0.376986758308,0.0198890648246,-0.132995303409,0.00197090600096,-0.119258550636,0.0809800457918,0.893888500061,-0.397809398655,-0.247770243736,0.305378843495,-0.0315992902717,-0.0914350257551,-0.0842771081001,-0.0367721570992,0.133439943823,0.899723323085,-0.396296986339,-0.249327309666
