bax0,bay0,baz0,bgx0,bgy0,bgz0,gax0,gay0,gaz0,bax1,bay1,baz1,bgx1,bgy1,bgz1,gax1,gay1,gaz1,bax2,bay2,baz2,bgx2,bgy2,bgz2,gax2,gay2,gaz2,bax3,bay3,baz3,bgx3,bgy3,bgz3,gax3,gay3,gaz3,bax4,bay4,baz4,bgx4,bgy4,bgz4,gax4,gay4,gaz4
0.259621657642,-0.0474812241614,-0.101871191282,-0.0544869614715,-0.0260379942088,0.142723404615,0.915880510989,-0.384895096237,-0.238507988967,0.303903446259,-0.0388738992121,-0.117987339151,0.0321429922017,-0.167788133359,0.0350438052435,0.907491699564,-0.391881385793,-0.244281732713,0.315498400577,0.00217419473396,-0.106518873172,-0.0134816352364,-0.129147227263,0.0450936739849,0.914431919897,-0.385731541613,-0.242879321234,0.305697218273,-0.0370208015541,-0.121287540555,-0.0506530077487,-0.0484243400686,0.0899456168131,0.919148671003,-0.393268383509,-0.243877222005,0.23163682649,-0.0453896234077,-0.114883551454,-0.0616745040653,-0.00698107804666,0.125149406569,0.906990578443,-0.400333898179,-0.241205662404
