bax0,bay0,baz0,bgx0,bgy0,bgz0,gax0,gay0,gaz0,bax1,bay1,baz1,bgx1,bgy1,bgz1,gax1,gay1,gaz1,bax2,bay2,baz2,bgx2,bgy2,bgz2,gax2,gay2,gaz2,bax3,bay3,baz3,bgx3,bgy3,bgz3,gax3,gay3,gaz3,bax4,bay4,baz4,bgx4,bgy4,bgz4,gax4,gay4,gaz4
0.280689388714,-0.0405347763247,-0.101172642388,-0.0666348513937,-0.0405115521099,0.147346605899,0.918143039905,-0.380972788982,-0.239702398183,0.280266157116,-0.0454867083166,-0.119224008467,0.0149136806448,-0.14131014504,0.0238986930032,0.908906978,-0.388374518401,-0.241870812217,0.306259061892,0.0112422894621,-0.114597629197,-0.0152702546162,-0.15432097763,0.018755621668,0.910416824525,-0.386077136333,-0.244019853467,0.315201002305,-0.0077674966961,-0.12682213089,-0.0391195681742,-0.0735193607427,0.0862900941203,0.918309760882,-0.386169976575,-0.244203519433,0.230477425845,-0.0523969690722,-0.113352727931,-0.0630050426665,-0.0122173176813,0.14164594165,0.91466693554,-0.394070881795,-0.242831838243
