bax0,bay0,baz0,bgx0,bgy0,bgz0,gax0,gay0,gaz0,bax1,bay1,baz1,bgx1,bgy1,bgz1,gax1,gay1,gaz1,bax2,bay2,baz2,bgx2,bgy2,bgz2,gax2,gay2,gaz2,bax3,bay3,baz3,bgx3,bgy3,bgz3,gax3,gay3,gaz3,bax4,bay4,baz4,bgx4,bgy4,bgz4,gax4,gay4,gaz4
0.321111559075,-0.0355037826133,-0.0855276264894,-0.190856707429,0.116839761978,0.259688678428,0.89216131162,-0.391886530897,-0.250500239628,0.304530908754,-0.0357509348585,-0.144950193991,0.00754317435977,-0.147243370889,0.0667849295023,0.891863271241,-0.401306527973,-0.254076518405,0.325805672419,-0.00800718478159,-0.139977432661,0.00137145346767,-0.252318808378,0.0292485128033,0.896478595926,-0.400300147492,-0.262774347051,0.307684570717,-0.0144572934452,-0.0956095601956,-0.031517404687,-0.0790002727944,0.12056003369,0.904384416382,-0.407122580213,-0.263600082402,0.233244200917,-0.0195641016195,-0.0698144226946,-0.0163143142085,0.000709987527815,0.11134702049,0.901548722984,-0.407240075134,-0.252647561546
