bax0,bay0,baz0,bgx0,bgy0,bgz0,gax0,gay0,gaz0,bax1,bay1,baz1,bgx1,bgy1,bgz1,gax1,gay1,gaz1,bax2,bay2,baz2,bgx2,bgy2,bgz2,gax2,gay2,gaz2,bax3,bay3,baz3,bgx3,bgy3,bgz3,gax3,gay3,gaz3,bax4,bay4,baz4,bgx4,bgy4,bgz4,gax4,gay4,gaz4
0.308374426747,-0.0369234174445,-0.107576195164,-0.00734501772783,-0.0191268928671,0.0894031138086,0.890685932278,-0.398701633935,-0.254397544948,0.306195317685,-0.0348198799608,-0.110729515671,0.0731655247225,-0.126397564664,0.0468677201564,0.903119848775,-0.391529351413,-0.254933885374,0.311401097409,0.0193765453831,-0.136738875746,0.0176275932116,-0.20316665338,0.058758965065,0.903483924123,-0.40231812168,-0.251516563935,0.266601424782,-0.02660157802,-0.135578783051,-0.129447137936,-0.0383755463546,0.162290888612,0.893500756075,-0.404367700177,-0.251762312879,0.277100277151,-0.0466656722475,-0.0846370847016,-0.0375107345725,-0.00127054362319,0.13143070285,0.891596542961,-0.399465089925,-0.252721184792
