bax0,bay0,baz0,bgx0,bgy0,bgz0,gax0,gay0,gaz0,bax1,bay1,baz1,bgx1,bgy1,bgz1,gax1,gay1,gaz1,bax2,bay2,baz2,bgx2,bgy2,bgz2,gax2,gay2,gaz2,bax3,bay3,baz3,bgx3,bgy3,bgz3,gax3,gay3,gaz3,bax4,bay4,baz4,bgx4,bgy4,bgz4,gax4,gay4,gaz4
0.275140112407,-0.0199719691451,-0.103981801043,-0.0287479946681,0.0585544870761,0.207911565849,0.91223971326,-0.378403822345,-0.211685998423,0.255461156282,-0.0381068792923,-0.107731662583,0.0522661441756,-0.176846853354,0.0815168264469,0.912364562874,-0.370555813283,-0.210541234603,0.339589631131,-0.016245292276,-0.12059877253,0.0186012241863,-0.254865062291,0.00186287804077,0.905824316375,-0.369841300616,-0.206768401535,0.323223788364,-0.000966549409831,-0.0969816035427,-0.060174014558,-0.0445947322257,0.128674237245,0.893907677223,-0.380331857505,-0.200435801337,0.266655589635,-0.0348466663351,-0.098577526401,-0.0944944946085,0.0445627483612,0.204879218121,0.906557415768,-0.374624113221,-0.20147516628
