bax0,bay0,baz0,bgx0,bgy0,bgz0,gax0,gay0,gaz0,bax1,bay1,baz1,bgx1,bgy1,bgz1,gax1,gay1,gaz1,bax2,bay2,baz2,bgx2,bgy2,bgz2,gax2,gay2,gaz2,bax3,bay3,baz3,bgx3,bgy3,bgz3,gax3,gay3,gaz3,bax4,bay4,baz4,bgx4,bgy4,bgz4,gax4,gay4,gaz4
0.292902621107,-0.0155168746448,-0.102026505357,-0.0161111412599,0.0213768133413,0.247349885989,0.920712779527,-0.375531238703,-0.209023658443,0.25302148975,-0.0359998000435,-0.0944816325675,0.0452774384744,-0.174924235487,0.0637708124554,0.908825563413,-0.365441352908,-0.207640476793,0.329212296808,-0.00903086151166,-0.125187574807,0.0167282061467,-0.27189570003,-0.0352111711078,0.908270932137,-0.37949841591,-0.203125353676,0.320282285424,-0.00465834128324,-0.114233962089,-0.0612970081377,-0.0429139153749,0.114212539827,0.908156927295,-0.384872243343,-0.204423462752,0.284338619488,-0.0201993152555,-0.0963958583524,-0.0675680028637,0.0110994451492,0.204179647054,0.908767041931,-0.372450706011,-0.204513468099
