bax0,bay0,baz0,bgx0,bgy0,bgz0,gax0,gay0,gaz0,bax1,bay1,baz1,bgx1,bgy1,bgz1,gax1,gay1,gaz1,bax2,bay2,baz2,bgx2,bgy2,bgz2,gax2,gay2,gaz2,bax3,bay3,baz3,bgx3,bgy3,bgz3,gax3,gay3,gaz3,bax4,bay4,baz4,bgx4,bgy4,bgz4,gax4,gay4,gaz4
0.287035630607,-0.0230751508016,-0.115028330741,0.0360269578678,-0.170675229069,0.0465473733021,0.916832431678,-0.369950429767,-0.194530239189,0.333850375016,0.00218036615467,-0.142165040469,0.0192286108781,-0.115950113112,-0.0160585141784,0.912351394451,-0.385525604675,-0.200979714813,0.292820738187,-0.000933275441757,-0.106341991231,-0.10642923226,0.0468501262877,0.142888924145,0.912226918805,-0.394329170703,-0.201126020718,0.267086634725,-0.0218852379562,-0.0783096833056,-0.0436045261888,0.0899855064172,0.1948298231,0.913587298498,-0.385467836929,-0.205951746382,0.428195695619,-0.0102224503302,-0.102637061356,-0.308056754791,0.350762106396,0.310005481449,0.913802294321,-0.377439295547,-0.226413113282
