bax0,bay0,baz0,bgx0,bgy0,bgz0,gax0,gay0,gaz0,bax1,bay1,baz1,bgx1,bgy1,bgz1,gax1,gay1,gaz1,bax2,bay2,baz2,bgx2,bgy2,bgz2,gax2,gay2,gaz2,bax3,bay3,baz3,bgx3,bgy3,bgz3,gax3,gay3,gaz3,bax4,bay4,baz4,bgx4,bgy4,bgz4,gax4,gay4,gaz4
0.28839317692,-0.0370994649666,-0.157325367248,0.21574179029,-0.281052458802,0.0378625139704,0.996389492724,-0.258550259713,0.123387853697,0.270752581767,0.00708359446278,-0.169638142307,0.0755233905645,-0.192508442293,0.0303943506558,0.992817274275,-0.256460121539,0.10493862769,0.273718041747,0.0040025459405,-0.0854693807202,-0.0191604946356,-0.0744973338336,0.121886899647,0.987487827705,-0.256425335759,0.0999690615701,0.295180234265,-0.03271896826,-0.121543458807,-0.0619642132345,-0.00723303866826,0.167832419951,0.989139039515,-0.254372164825,0.108003690156,0.318589592506,-0.0244641168757,-0.138658598388,-0.0344873629094,-0.0339184870011,0.0987724621374,0.985142618134,-0.255475403336,0.0999399948151
