bax0,bay0,baz0,bgx0,bgy0,bgz0,gax0,gay0,gaz0,bax1,bay1,baz1,bgx1,bgy1,bgz1,gax1,gay1,gaz1,bax2,bay2,baz2,bgx2,bgy2,bgz2,gax2,gay2,gaz2,bax3,bay3,baz3,bgx3,bgy3,bgz3,gax3,gay3,gaz3,bax4,bay4,baz4,bgx4,bgy4,bgz4,gax4,gay4,gaz4
0.318429948634,-0.000772708574428,-0.121848978772,-0.0347201343457,-0.115315374087,0.0495842877384,0.996616828047,-0.245837700488,0.0872758152388,0.323407146794,-0.0039117219415,-0.0784225482364,-0.0822009107063,-0.0410281563107,0.0920025656216,1.00570674179,-0.24715150788,0.0952309703585,0.255832904069,-0.013385807632,-0.0745384443774,-0.0741439693071,-0.0806276163134,0.0966779005928,1.00104700553,-0.261155225277,0.109583381263,0.275907999897,-0.0258514256173,-0.0373434731779,0.0360777281412,-0.101230655788,0.071012966042,0.987353872683,-0.240141811425,0.113947708609,0.255370695816,-0.0168674674373,-0.11531442394,0.0658308199721,-0.0971234343004,0.162384231359,0.982503002102,-0.246953903497,0.130084453317
