bax0,bay0,baz0,bgx0,bgy0,bgz0,gax0,gay0,gaz0,bax1,bay1,baz1,bgx1,bgy1,bgz1,gax1,gay1,gaz1,bax2,bay2,baz2,bgx2,bgy2,bgz2,gax2,gay2,gaz2,bax3,bay3,baz3,bgx3,bgy3,bgz3,gax3,gay3,gaz3,bax4,bay4,baz4,bgx4,bgy4,bgz4,gax4,gay4,gaz4
0.337666156316,0.0119426314681,-0.188348404367,-0.0100846159433,-0.116693723274,0.0867764637692,0.983992887975,-0.236802519904,0.128705879558,0.268411667464,-0.0219087036304,-0.123365014436,-0.102492585473,-0.0594808834361,-0.0347580014974,0.988027569383,-0.223805829574,0.127099021275,0.213168091028,-0.0439152949467,-0.0785983114882,0.349382679471,-0.284649084035,0.0263075087366,1.00570953611,-0.257521565335,0.080356618558,0.255787864407,0.0276595994414,-0.110851198759,0.204929793336,-0.260757391277,0.0587126850192,0.985804326708,-0.267184604351,0.103656967761,0.291712883171,0.00193958646507,-0.122196896249,-0.0650395824739,-0.0801540345673,0.113153011148,0.980132298123,-0.256360911504,0.106566613248
