bax0,bay0,baz0,bgx0,bgy0,bgz0,gax0,gay0,gaz0,bax1,bay1,baz1,bgx1,bgy1,bgz1,gax1,gay1,gaz1,bax2,bay2,baz2,bgx2,bgy2,bgz2,gax2,gay2,gaz2,bax3,bay3,baz3,bgx3,bgy3,bgz3,gax3,gay3,gaz3,bax4,bay4,baz4,bgx4,bgy4,bgz4,gax4,gay4,gaz4
0.319014106082,-0.0553880422805,-0.108817526932,-0.157001915815,0.043780305672,0.137519685015,0.989417628764,-0.249265659826,0.107713197704,0.285510644772,-0.0300193601112,-0.110009453691,0.0152728267683,-0.101213813853,0.148418244155,0.997324849125,-0.265891570395,0.0994823713358,0.293914850998,0.00174180245925,-0.138477567736,0.0297906433224,-0.161114748284,0.054198575758,1.00017689003,-0.260435265623,0.0986229667643,0.27920546862,-0.0128179805664,-0.114408123299,-0.107441288974,-0.0231869013329,0.0464600395815,0.98966591713,-0.251475468872,0.100010614982,0.25102123759,-0.0170753773454,-0.0441356381779,-0.104427044435,0.0568554142429,0.169685937051,0.984853877772,-0.254534329641,0.104217765487
