bax0,bay0,baz0,bgx0,bgy0,bgz0,gax0,gay0,gaz0,bax1,bay1,baz1,bgx1,bgy1,bgz1,gax1,gay1,gaz1,bax2,bay2,baz2,bgx2,bgy2,bgz2,gax2,gay2,gaz2,bax3,bay3,baz3,bgx3,bgy3,bgz3,gax3,gay3,gaz3,bax4,bay4,baz4,bgx4,bgy4,bgz4,gax4,gay4,gaz4
0.318030726241,-0.0583729225304,-0.0974552535034,-0.163318881848,0.0279772373354,0.143264236732,0.98486846035,-0.248925359416,0.0978614302856,0.29046823892,-0.0250430830696,-0.133605818435,-0.00306232334736,-0.114925224509,0.103175963227,1.00479892138,-0.265034639964,0.0993048540762,0.304813673388,0.021517539652,-0.141079794546,-0.00498979336532,-0.169176489394,0.0448049120917,0.988294958203,-0.259240626659,0.101739203167,0.27832190462,-0.000639334112235,-0.0990378750377,-0.121540280234,0.00378078627308,0.0395581165823,0.992608564852,-0.25047321073,0.0987049440093,0.244922802676,-0.0297272068279,-0.055838578705,-0.106788812448,0.0770161638402,0.174621891051,0.988405076784,-0.249628286074,0.108079097315
