bax0,bay0,baz0,bgx0,bgy0,bgz0,gax0,gay0,gaz0,bax1,bay1,baz1,bgx1,bgy1,bgz1,gax1,gay1,gaz1,bax2,bay2,baz2,bgx2,bgy2,bgz2,gax2,gay2,gaz2,bax3,bay3,baz3,bgx3,bgy3,bgz3,gax3,gay3,gaz3,bax4,bay4,baz4,bgx4,bgy4,bgz4,gax4,gay4,gaz4
0.309100290495,0.00166743660265,-0.0962317024729,-0.0291377010219,-0.0943598458624,0.0701959229159,0.9783622611,-0.246735648968,0.123203009247,0.388404888113,0.00374286272138,-0.153065610339,0.0684016737196,-0.252165479591,-0.0136279981099,0.976477926204,-0.228698222504,0.112832220391,0.340366316656,-0.0314448173094,-0.135606302687,-0.0169000609658,-0.088319259348,0.0745477987941,1.00848516941,-0.232529036078,0.109918420528,0.273455102812,-0.0122092768792,-0.161065909932,0.241195930788,-0.174991054485,-0.148021462812,0.966238383579,-0.31224935084,-0.067278436684,0.306922644114,0.022638690485,-0.148385535562,0.0538076332113,-0.205576765827,-0.00650786804772,0.974162617472,-0.309551458995,-0.0825977058454
