bax0,bay0,baz0,bgx0,bgy0,bgz0,gax0,gay0,gaz0,bax1,bay1,baz1,bgx1,bgy1,bgz1,gax1,gay1,gaz1,bax2,bay2,baz2,bgx2,bgy2,bgz2,gax2,gay2,gaz2,bax3,bay3,baz3,bgx3,bgy3,bgz3,gax3,gay3,gaz3,bax4,bay4,baz4,bgx4,bgy4,bgz4,gax4,gay4,gaz4
0.287199271392,-0.0223942316128,-0.101272674613,-0.173230412258,-0.0550048178897,0.145892979876,0.966511867158,-0.309007995496,-0.073677472189,0.237275605149,-0.0403635536583,-0.101502948596,-0.126600519936,-0.00313896649041,0.182824986589,0.965653016088,-0.314296222865,-0.0710772443841,0.344129094291,0.00600661839046,-0.0631328951135,-0.0039956117972,-0.0672868414016,0.0677487417748,0.963712582083,-0.313510559465,-0.0867460065277,0.313996441646,0.0322528181509,-0.0801066009746,-0.054146596231,-0.0950840903115,0.0907988677884,0.968234007674,-0.297036346099,-0.068759690012,0.309172065499,-0.0153601816819,-0.0891649794339,-0.102260987614,-0.0321763061221,0.149417187014,0.97311489009,-0.278559152902,-0.0544111715864
