bax0,bay0,baz0,bgx0,bgy0,bgz0,gax0,gay0,gaz0,bax1,bay1,baz1,bgx1,bgy1,bgz1,gax1,gay1,gaz1,bax2,bay2,baz2,bgx2,bgy2,bgz2,gax2,gay2,gaz2,bax3,bay3,baz3,bgx3,bgy3,bgz3,gax3,gay3,gaz3,bax4,bay4,baz4,bgx4,bgy4,bgz4,gax4,gay4,gaz4
0.246400867398,-0.0640575321639,-0.0897081701644,0.0225945372991,-0.134324033968,0.0977356904186,0.958462894423,-0.27744785953,-0.0494896232332,0.313069537154,-0.0111642389826,-0.153447819724,0.0574826885888,-0.176574608181,-0.033049406195,0.963784977142,-0.295465495407,-0.040765570016,0.306350787878,0.00127940513088,-0.126259329561,-0.0685992871649,-0.0818072432506,0.121156906174,0.971548924642,-0.294118349228,-0.0459015902131,0.333049502526,-0.041791497985,-0.105053274042,-0.0854274898527,0.0356487704039,0.190113471381,0.981766456504,-0.285267153969,-0.0491993691886,0.298142966707,-0.014295449198,-0.0612978920605,-0.00702510376082,-0.0090507727265,0.0759507241959,1.00363878123,-0.283291957489,-0.0564482033896
