bax0,bay0,baz0,bgx0,bgy0,bgz0,gax0,gay0,gaz0,bax1,bay1,baz1,bgx1,bgy1,bgz1,gax1,gay1,gaz1,bax2,bay2,baz2,bgx2,bgy2,bgz2,gax2,gay2,gaz2,bax3,bay3,baz3,bgx3,bgy3,bgz3,gax3,gay3,gaz3,bax4,bay4,baz4,bgx4,bgy4,bgz4,gax4,gay4,gaz4
0.208144926238,-0.0787939066498,-0.0995660955116,0.278066394168,-0.210629965201,0.00977219652958,0.983224598207,-0.25964925318,-0.0811450265192,0.295831231802,-0.057642585733,-0.0644910621269,0.126830069235,-0.141040947121,0.107428281778,0.969409751106,-0.301607492225,-0.0796535212644,0.378524613457,-0.0266095022996,-0.096362469799,0.063372188419,-0.200588561452,0.0711924941095,0.985420386708,-0.308759582388,-0.0571398709636,0.238508288608,0.0536475046361,-0.138999249561,-0.116418711818,-0.0564290114027,0.125202387621,0.976757043107,-0.294607118914,-0.0569815013629,0.310160029207,-0.0572853144658,-0.136214493464,-0.0918655234276,0.0317174946827,0.126055340363,0.977649482321,-0.299188621157,-0.0665698169641
