bax0,bay0,baz0,bgx0,bgy0,bgz0,gax0,gay0,gaz0,bax1,bay1,baz1,bgx1,bgy1,bgz1,gax1,gay1,gaz1,bax2,bay2,baz2,bgx2,bgy2,bgz2,gax2,gay2,gaz2,bax3,bay3,baz3,bgx3,bgy3,bgz3,gax3,gay3,gaz3,bax4,bay4,baz4,bgx4,bgy4,bgz4,gax4,gay4,gaz4
0.306001538621,-0.0258219314516,-0.0893959743627,0.0954620382573,-0.117207543996,0.0990432914267,0.973209208457,-0.291382927045,-0.0718508626625,0.357510757551,-0.0107066133782,-0.112222875705,-0.00487317471997,-0.151475471939,0.0347147478974,0.986205287276,-0.289525491335,-0.0669724786514,0.247665223153,-0.0110784222937,-0.0907507055117,-0.112743110073,-0.0513657176703,0.0956704380236,0.989920493511,-0.285442268128,-0.0485179008936,0.252614297028,-0.0219961573486,-0.0961936530565,-0.076088960464,0.00247196747501,0.131152709285,0.977274736553,-0.287686837548,-0.046552148549,0.383165573178,-0.0279957810378,-0.132271459432,0.0456266333146,-0.110516169674,0.0810518943998,0.977628296916,-0.282533005018,-0.0481570772786
