bax0,bay0,baz0,bgx0,bgy0,bgz0,gax0,gay0,gaz0,bax1,bay1,baz1,bgx1,bgy1,bgz1,gax1,gay1,gaz1,bax2,bay2,baz2,bgx2,bgy2,bgz2,gax2,gay2,gaz2,bax3,bay3,baz3,bgx3,bgy3,bgz3,gax3,gay3,gaz3,bax4,bay4,baz4,bgx4,bgy4,bgz4,gax4,gay4,gaz4
0.284611811834,-0.0151971170203,-0.100065030363,0.0787338318396,-0.11878534261,0.0988170434344,0.972416672635,-0.289820356715,-0.0773161165981,0.367942639441,-0.0130065994166,-0.10412157744,0.00724884898353,-0.161877552001,0.0387668691536,0.979408566345,-0.286956446532,-0.065488132419,0.228256889047,-0.0104587770421,-0.076286602646,-0.139562779555,-0.0592423299786,0.117499135222,0.987835255237,-0.289690123833,-0.0453707402347,0.243268357942,-0.0265312687826,-0.0997750691966,-0.10852128414,0.00637988837588,0.131777153269,0.979959876219,-0.287404347504,-0.0468962548142,0.35901093696,-0.0254770122938,-0.138943586573,0.0645658617258,-0.0852671231515,0.0945936012796,0.970532343891,-0.283449174443,-0.0527564979883
