bax0,bay0,baz0,bgx0,bgy0,bgz0,gax0,gay0,gaz0,bax1,bay1,baz1,bgx1,bgy1,bgz1,gax1,gay1,gaz1,bax2,bay2,baz2,bgx2,bgy2,bgz2,gax2,gay2,gaz2,bax3,bay3,baz3,bgx3,bgy3,bgz3,gax3,gay3,gaz3,bax4,bay4,baz4,bgx4,bgy4,bgz4,gax4,gay4,gaz4
0.124323267687,-0.0443498315518,-0.200587456448,-0.464972998793,0.208027095007,0.348134772316,0.991049385151,-0.177514136088,-0.135383228205,0.248384505861,-0.0239351220116,-0.0959409074421,-0.238116697052,-0.0482923036308,0.232742787606,0.98801541527,-0.181055844244,-0.173832727075,0.323182468728,-0.0150928202287,-0.101563707034,-0.120601719059,-0.117762524583,0.145107107488,0.979340700263,-0.176659715351,-0.173512686514,0.347174137784,-0.0425317758127,-0.12561143165,-0.0724089925365,0.0174936855649,0.14358516726,0.984770796969,-0.183889568999,-0.172859918987,0.242684008072,-0.0482807699755,-0.1954851486,-0.0510335202774,-0.0301127364162,0.0695792114495,0.971429465477,-0.189365670416,-0.186233367608
