bax0,bay0,baz0,bgx0,bgy0,bgz0,gax0,gay0,gaz0,bax1,bay1,baz1,bgx1,bgy1,bgz1,gax1,gay1,gaz1,bax2,bay2,baz2,bgx2,bgy2,bgz2,gax2,gay2,gaz2,bax3,bay3,baz3,bgx3,bgy3,bgz3,gax3,gay3,gaz3,bax4,bay4,baz4,bgx4,bgy4,bgz4,gax4,gay4,gaz4
0.272722374169,-0.0307846395767,-0.134577997041,0.0134148659975,-0.131922178356,0.107786155382,0.985367970408,-0.179523468267,-0.149647833916,0.255848074269,0.00162377563334,-0.0595675109586,-0.0463369305011,-0.0756963014517,0.122517648435,0.982006649368,-0.18258668525,-0.162767794122,0.281595743834,0.00367521825155,-0.0737148518646,-0.0285149464289,-0.113312663558,0.113712128929,0.987884507238,-0.179491564507,-0.144029370513,0.318296389537,-0.0123930944714,-0.149571996248,-0.0201191077952,-0.0847340928109,0.139176738166,0.987482610004,-0.171246246894,-0.149632874982,0.404210531029,-0.0172919552128,-0.122361933414,0.000159467803986,-0.0557803287663,0.022495397141,0.98537159717,-0.181280385692,-0.167870579994
