bax0,bay0,baz0,bgx0,bgy0,bgz0,gax0,gay0,gaz0,bax1,bay1,baz1,bgx1,bgy1,bgz1,gax1,gay1,gaz1,bax2,bay2,baz2,bgx2,bgy2,bgz2,gax2,gay2,gaz2,bax3,bay3,baz3,bgx3,bgy3,bgz3,gax3,gay3,gaz3,bax4,bay4,baz4,bgx4,bgy4,bgz4,gax4,gay4,gaz4
0.255870730893,-0.0238540440468,-0.13515637242,0.00532454558288,-0.139896523946,0.0897361294772,0.986911670926,-0.175536235969,-0.153516099708,0.262215094896,0.00376929177836,-0.0897362269939,-0.0276072251908,-0.0660939320437,0.114779475377,0.984090572717,-0.181038117053,-0.154820979276,0.264038455613,0.00618753826142,-0.0713546797598,-0.0231178191015,-0.127723790927,0.132584848472,0.983485818062,-0.181506425427,-0.154668280959,0.313576869166,-0.00275601534048,-0.176356821713,-0.0246849126332,-0.0624331365329,0.117214194301,0.988014666674,-0.177055696529,-0.142951504501,0.384112392823,-0.0107500000218,-0.124197862201,0.0117385638069,-0.0543122918946,0.0257509966365,0.983498178701,-0.178928660871,-0.172134162274
