bax0,bay0,baz0,bgx0,bgy0,bgz0,gax0,gay0,gaz0,bax1,bay1,baz1,bgx1,bgy1,bgz1,gax1,gay1,gaz1,bax2,bay2,baz2,bgx2,bgy2,bgz2,gax2,gay2,gaz2,bax3,bay3,baz3,bgx3,bgy3,bgz3,gax3,gay3,gaz3,bax4,bay4,baz4,bgx4,bgy4,bgz4,gax4,gay4,gaz4
0.27246592808,-0.0312128178543,-0.15299525025,0.0184403286353,-0.142692878067,0.0888558391323,0.985682452374,-0.180778880292,-0.150682158027,0.265328631605,0.00855316464158,-0.0863249325591,-0.034227384481,-0.0791954437873,0.136595752418,0.987450874452,-0.18308134154,-0.152873732746,0.261611004848,0.0124060998707,-0.0928443889556,-0.0322195918547,-0.106305197889,0.123023268332,0.988827238305,-0.184147935269,-0.148136193838,0.336224339464,-0.00229375842253,-0.167450013272,-0.0268142240444,-0.0605416528756,0.107326865273,0.984843733305,-0.180062584275,-0.14155788052,0.364380983113,-0.0163811678991,-0.13123323199,0.0124130285532,-0.0522521592717,0.0304578319445,0.985940439178,-0.178318625578,-0.170193665871
