bax0,bay0,baz0,bgx0,bgy0,bgz0,gax0,gay0,gaz0,bax1,bay1,baz1,bgx1,bgy1,bgz1,gax1,gay1,gaz1,bax2,bay2,baz2,bgx2,bgy2,bgz2,gax2,gay2,gaz2,bax3,bay3,baz3,bgx3,bgy3,bgz3,gax3,gay3,gaz3,bax4,bay4,baz4,bgx4,bgy4,bgz4,gax4,gay4,gaz4
0.201893223073,-0.0175544007957,-0.20961993252,-0.450572366224,0.173676488556,0.258388878429,0.98896883181,-0.178051613758,-0.120387635556,0.220466827685,-0.0222191007425,-0.126694128678,-0.226315814635,-0.121964208803,0.203687788769,0.981305892134,-0.17506586042,-0.146680948333,0.296052784683,-0.0123524851083,-0.114702530917,-0.0787555097664,-0.154900311866,0.17213132922,0.976139307519,-0.187796466689,-0.153806779115,0.422997944074,-0.00219222438563,-0.0951055665707,-0.00231250367723,-0.084960634583,0.0108853157859,0.98156087488,-0.191358426925,-0.15485662739,0.372600865586,-0.00776320258632,-0.1328227678,0.00854420210659,-0.118329552258,-0.0149975937116,0.985760427768,-0.183397749582,-0.155554938697
