bax0,bay0,baz0,bgx0,bgy0,bgz0,gax0,gay0,gaz0,bax1,bay1,baz1,bgx1,bgy1,bgz1,gax1,gay1,gaz1,bax2,bay2,baz2,bgx2,bgy2,bgz2,gax2,gay2,gaz2,bax3,bay3,baz3,bgx3,bgy3,bgz3,gax3,gay3,gaz3,bax4,bay4,baz4,bgx4,bgy4,bgz4,gax4,gay4,gaz4
0.291946763972,0.000262609959115,-0.169453133036,-0.0278140581674,-0.0350928248934,0.105950727078,0.987466077599,-0.169438894297,-0.145973278747,0.267976625995,-0.00742953167587,-0.0977346622579,-0.0079773246404,-0.0136538600485,0.145599425697,0.987287099593,-0.162185209665,-0.142999676144,0.243649433291,-0.0326136558188,-0.0623278086373,-0.0165197904026,-0.0885092853924,0.142269907396,1.0016848249,-0.173026008904,-0.144741478662,0.189854271451,-0.0249036391806,-0.0721448166271,0.00365614685167,-0.0951046559026,0.0540574434467,1.0016094564,-0.173789851558,-0.128357173482,0.33552185076,-0.00566751051839,-0.104197534935,-0.0605083975243,-0.0113844101418,0.0668392844856,0.991679073582,-0.171831109972,-0.119290351557
