bax0,bay0,baz0,bgx0,bgy0,bgz0,gax0,gay0,gaz0,bax1,bay1,baz1,bgx1,bgy1,bgz1,gax1,gay1,gaz1,bax2,bay2,baz2,bgx2,bgy2,bgz2,gax2,gay2,gaz2,bax3,bay3,baz3,bgx3,bgy3,bgz3,gax3,gay3,gaz3,bax4,bay4,baz4,bgx4,bgy4,bgz4,gax4,gay4,gaz4
0.249060572839,-0.0615367014359,-0.220916391627,-0.592336943782,0.0751764061592,0.437601790058,0.988152123586,-0.143219025261,-0.17308561754,0.254942331526,-0.028228709785,-0.140274881894,-0.405630533631,0.0460722552915,0.371846937864,0.981813683398,-0.155334324557,-0.188192157353,0.229513759896,-0.0343802529888,-0.0993759681768,-0.194518150558,-0.0423907789984,0.178004132579,0.973042514016,-0.175106428138,-0.199166773742,0.253772145488,-0.0191869674943,-0.083453016505,-0.0380684087976,-0.0689430659699,0.0738329530573,0.978893432802,-0.170388423736,-0.205086575163,0.245397901499,-0.00134954005151,-0.0272762434366,0.0232222967125,-0.0784099937877,0.0927090850763,0.984827827317,-0.17506468296,-0.197310513045
