bax0,bay0,baz0,bgx0,bgy0,bgz0,gax0,gay0,gaz0,bax1,bay1,baz1,bgx1,bgy1,bgz1,gax1,gay1,gaz1,bax2,bay2,baz2,bgx2,bgy2,bgz2,gax2,gay2,gaz2,bax3,bay3,baz3,bgx3,bgy3,bgz3,gax3,gay3,gaz3,bax4,bay4,baz4,bgx4,bgy4,bgz4,gax4,gay4,gaz4
0.362877268126,0.00220163471293,-0.0786126803429,-0.024491444207,-0.0337369806966,0.109967296797,0.974448305406,-0.164368047816,-0.185604587917,0.438245313156,-0.0335997937771,-0.127964320843,-0.0437869878329,-0.0819451679569,0.150091990506,0.990402854332,-0.15803069701,-0.180252782312,0.287351251935,-0.0300144941195,-0.0955727334515,-0.0488106316811,-0.0621562040856,0.123829989375,0.995135188137,-0.157769991252,-0.180051811434,0.247829288165,-0.0302307391189,-0.127693315346,-0.0613948035068,-0.0778544497094,0.066683305713,0.991055341973,-0.156133624705,-0.17358963686,0.257059339313,-0.0523170864341,-0.164337983326,0.0324514992511,-0.164462055804,0.035917042902,0.982186438668,-0.15157193122,-0.171737154266
