bax0,bay0,baz0,bgx0,bgy0,bgz0,gax0,gay0,gaz0,bax1,bay1,baz1,bgx1,bgy1,bgz1,gax1,gay1,gaz1,bax2,bay2,baz2,bgx2,bgy2,bgz2,gax2,gay2,gaz2,bax3,bay3,baz3,bgx3,bgy3,bgz3,gax3,gay3,gaz3,bax4,bay4,baz4,bgx4,bgy4,bgz4,gax4,gay4,gaz4
0.261415401774,-0.0597110500436,-0.122742281813,-0.569931744843,0.0975815568453,0.335250045367,0.99590195442,-0.150483641133,-0.174871487135,0.377935112485,-0.0207310365683,-0.0833626984679,-0.309289755908,-0.0254222693038,0.285590079953,1.0010336249,-0.169877942288,-0.198111887046,0.32625324018,-0.0450152372102,-0.14843319903,-0.130024644368,-0.0053794872877,0.170045686082,0.994750630615,-0.163364387037,-0.179444358214,0.18325344569,0.00362838542688,-0.0870876493283,-0.0311055753311,-0.0591806498668,0.0359162389793,0.978552794242,-0.162675004449,-0.201149114706,0.183542508984,0.0318573626856,-0.0787139347335,0.00471069979156,-0.0648471213568,0.0523679924834,0.984593653118,-0.165418211832,-0.18002676211
