bax0,bay0,baz0,bgx0,bgy0,bgz0,gax0,gay0,gaz0,bax1,bay1,baz1,bgx1,bgy1,bgz1,gax1,gay1,gaz1,bax2,bay2,baz2,bgx2,bgy2,bgz2,gax2,gay2,gaz2,bax3,bay3,baz3,bgx3,bgy3,bgz3,gax3,gay3,gaz3,bax4,bay4,baz4,bgx4,bgy4,bgz4,gax4,gay4,gaz4
0.244056950722,-0.0560177747657,-0.125270749988,-0.527458532885,0.124464075813,0.353100500685,1.00818288763,-0.156643042456,-0.176781278076,0.37271508897,-0.0286290718566,-0.0750910437649,-0.315583486468,0.00360260371003,0.272134922635,0.993040691464,-0.16990280296,-0.205267300578,0.34824634926,-0.0350498948764,-0.145469878677,-0.113184940553,-0.00111327502636,0.156995542168,0.989093232905,-0.169537679725,-0.186385439362,0.214991726145,-0.0236745909367,-0.0753468830965,-0.0215838539876,-0.0473620228067,0.0217733410141,0.987211816894,-0.171218170312,-0.192205617804,0.217581835012,0.0251061437134,-0.0669911464532,0.00738836384498,-0.0675133792165,0.0353020733867,0.980999145045,-0.170151894729,-0.183675574273
