bax0,bay0,baz0,bgx0,bgy0,bgz0,gax0,gay0,gaz0,bax1,bay1,baz1,bgx1,bgy1,bgz1,gax1,gay1,gaz1,bax2,bay2,baz2,bgx2,bgy2,bgz2,gax2,gay2,gaz2,bax3,bay3,baz3,bgx3,bgy3,bgz3,gax3,gay3,gaz3,bax4,bay4,baz4,bgx4,bgy4,bgz4,gax4,gay4,gaz4
0.317928522701,0.000911259121534,-0.132056186611,0.0315989208658,-0.122709683592,0.0904566234789,0.976323832776,-0.161689342641,-0.170948192198,0.332190342221,-0.0323450553857,-0.0964773964784,0.0362165934754,-0.186160555681,0.0735591081909,0.988028408981,-0.162009424235,-0.188964249061,0.306110327865,-0.00448195900962,-0.0979763241641,0.0208959784278,-0.0775380304624,0.0603205063247,0.98097578939,-0.154571048795,-0.201686014396,0.345700746032,0.0130568561979,-0.0417891053381,-0.0607825180559,-0.0405787665015,0.0923673133574,0.974752622067,-0.157775482854,-0.19044817686,0.341939248657,0.000502697067017,-0.0535120143502,-0.0792891880637,-0.0623407907518,0.0987812235857,0.998095050841,-0.144209155606,-0.170135692543
