bax0,bay0,baz0,bgx0,bgy0,bgz0,gax0,gay0,gaz0,bax1,bay1,baz1,bgx1,bgy1,bgz1,gax1,gay1,gaz1,bax2,bay2,baz2,bgx2,bgy2,bgz2,gax2,gay2,gaz2,bax3,bay3,baz3,bgx3,bgy3,bgz3,gax3,gay3,gaz3,bax4,bay4,baz4,bgx4,bgy4,bgz4,gax4,gay4,gaz4
0.231684004808,-0.0220872666949,-0.114508780923,-0.0690522715339,-0.0572780709206,0.0827862691262,0.955295345301,-0.111865084785,0.31946238072,0.240648208577,-0.0147214266987,-0.116069028114,-0.0651760937859,-0.100041195742,0.054974033704,0.951512723373,-0.108187331562,0.31748025421,0.305622027915,-0.0172539655586,-0.120497669575,-0.0556688207041,-0.0797561950946,0.0534532321626,0.951710732551,-0.111676459611,0.313689739974,0.322848984055,-0.0344005368585,-0.120673072745,-0.00264920113631,-0.0599519951069,0.121254668351,0.952165732794,-0.112067318608,0.310917164702,0.313127183021,0.00171702037786,-0.106664989241,-0.0703260098372,-0.0589417934208,0.0237713311327,0.956915447433,-0.113643347392,0.312323705382
