bax0,bay0,baz0,bgx0,bgy0,bgz0,gax0,gay0,gaz0,bax1,bay1,baz1,bgx1,bgy1,bgz1,gax1,gay1,gaz1,bax2,bay2,baz2,bgx2,bgy2,bgz2,gax2,gay2,gaz2,bax3,bay3,baz3,bgx3,bgy3,bgz3,gax3,gay3,gaz3,bax4,bay4,baz4,bgx4,bgy4,bgz4,gax4,gay4,gaz4
0.294036065366,-0.0319802535507,-0.102902980507,-0.118629708259,-0.0673126311087,0.0818963154233,0.957822438121,-0.114524373051,0.296872869263,0.286122728248,-0.0271409497885,-0.108422680616,-0.103501386764,-0.0581656497042,0.0528988246557,0.959755768819,-0.11258121121,0.307784821001,0.301100597763,-0.00396519129474,-0.131618627805,-0.00432742598796,-0.0595702935366,0.108928416037,0.964181600731,-0.121038698662,0.313988211386,0.291866619125,0.00485520778235,-0.119851958806,-0.0244121321368,-0.0689555850374,0.113282594045,0.961025588929,-0.112265471122,0.31774296114,0.279896857132,-0.00286723718227,-0.100009548907,-0.0510954990209,-0.0716393737529,0.0836576438997,0.966526858975,-0.106219844045,0.315255094075
