bax0,bay0,baz0,bgx0,bgy0,bgz0,gax0,gay0,gaz0,bax1,bay1,baz1,bgx1,bgy1,bgz1,gax1,gay1,gaz1,bax2,bay2,baz2,bgx2,bgy2,bgz2,gax2,gay2,gaz2,bax3,bay3,baz3,bgx3,bgy3,bgz3,gax3,gay3,gaz3,bax4,bay4,baz4,bgx4,bgy4,bgz4,gax4,gay4,gaz4
0.309352778439,-0.013949858521,-0.0951284663469,-0.0653057221853,-0.0704651624758,0.0524907021131,0.959219989925,-0.100824348264,0.317786606466,0.316938137043,-0.0194380127118,-0.101940796813,-0.087154351023,-0.0673225701165,0.0459759509574,0.954873841259,-0.0990763132879,0.312283046397,0.302900552525,-0.0241534224508,-0.104233607551,-0.0319558236601,-0.0821381865116,0.0820387352065,0.952871569335,-0.106026702628,0.316632651946,0.310545061187,-0.0243313953978,-0.104805714243,0.0115818450496,-0.113580883368,0.14605357724,0.953165899725,-0.102389243517,0.323180272201,0.323968562843,-0.0152442367545,-0.117883384288,-0.00477206912737,-0.0691165380852,0.108523978269,0.954180269934,-0.106226444628,0.320950256832
