bax0,bay0,baz0,bgx0,bgy0,bgz0,gax0,gay0,gaz0,bax1,bay1,baz1,bgx1,bgy1,bgz1,gax1,gay1,gaz1,bax2,bay2,baz2,bgx2,bgy2,bgz2,gax2,gay2,gaz2,bax3,bay3,baz3,bgx3,bgy3,bgz3,gax3,gay3,gaz3,bax4,bay4,baz4,bgx4,bgy4,bgz4,gax4,gay4,gaz4
0.290548119087,-0.00787953287221,-0.0972718808947,-0.0825222181746,-0.0604848723988,0.0669842939745,0.963871438961,-0.101436316857,0.319570261988,0.315678374489,-0.0149279060296,-0.0922475714435,-0.0804896985171,-0.0623767621486,0.0446900278522,0.960137854248,-0.098615626378,0.317066420722,0.301303518617,-0.0164167669925,-0.0950416309157,-0.0114679141517,-0.0786693482493,0.0741672673172,0.956662780041,-0.104541023475,0.31700871349,0.309588669314,-0.028452398417,-0.104778446663,0.0363494705957,-0.102079837818,0.125450500113,0.950853625203,-0.10387000451,0.321628302228,0.324705377253,-0.0130125627808,-0.114427332163,-0.00396299137293,-0.0557892045267,0.107577002882,0.954841353557,-0.10153498634,0.315909429923
