bax0,bay0,baz0,bgx0,bgy0,bgz0,gax0,gay0,gaz0,bax1,bay1,baz1,bgx1,bgy1,bgz1,gax1,gay1,gaz1,bax2,bay2,baz2,bgx2,bgy2,bgz2,gax2,gay2,gaz2,bax3,bay3,baz3,bgx3,bgy3,bgz3,gax3,gay3,gaz3,bax4,bay4,baz4,bgx4,bgy4,bgz4,gax4,gay4,gaz4
0.283210617797,-0.00042197162596,-0.123502525922,-0.115257789461,-0.0407350020562,0.0243919247421,0.959880915014,-0.110783645905,0.323475360099,0.259037244557,-0.0466579344444,-0.111176921346,-0.0631615190254,-0.0741765050203,0.06799728612,0.963701766732,-0.0991317700017,0.316262596432,0.300847023283,-0.0583643947925,-0.0944029452473,0.0774132481542,-0.103391663779,0.170263426429,0.946829681223,-0.104803968612,0.322905908449,0.321395851391,-0.0420597660151,-0.145081450796,0.0696470640289,-0.0666861044942,0.11375753124,0.945285659967,-0.116556356553,0.318438612338,0.287841720412,0.00396957569954,-0.119791513857,-0.00362093885291,-0.0587300818335,0.0627552548737,0.951030797623,-0.121482537249,0.317992838664
