bax0,bay0,baz0,bgx0,bgy0,bgz0,gax0,gay0,gaz0,bax1,bay1,baz1,bgx1,bgy1,bgz1,gax1,gay1,gaz1,bax2,bay2,baz2,bgx2,bgy2,bgz2,gax2,gay2,gaz2,bax3,bay3,baz3,bgx3,bgy3,bgz3,gax3,gay3,gaz3,bax4,bay4,baz4,bgx4,bgy4,bgz4,gax4,gay4,gaz4
0.302753064766,-0.0295100753762,-0.118505289006,-0.104519747781,-0.0660115178779,0.084875509486,1.01965499125,-0.148396896787,0.0806728295266,0.307455786528,-0.0657559089444,-0.118302154253,-0.0906072892855,-0.0524361709332,0.0637481420583,1.01397330219,-0.143323326494,0.0730952552003,0.249239483033,-0.00510629911691,-0.0299908082394,-0.0848081356021,0.0993713119492,0.10074466626,1.01160273573,-0.161687551488,0.0815187412387,0.294788734052,0.0314795435097,-0.0792668767357,-0.0758040033374,0.0217124370052,0.102866588703,1.0096489182,-0.155681555296,0.104646559246,0.339465476051,-0.0105822624649,-0.185325152621,0.0186667752187,-0.165208215853,0.0926730984184,1.00417317589,-0.143326247582,0.10296199821
