bax0,bay0,baz0,bgx0,bgy0,bgz0,gax0,gay0,gaz0,bax1,bay1,baz1,bgx1,bgy1,bgz1,gax1,gay1,gaz1,bax2,bay2,baz2,bgx2,bgy2,bgz2,gax2,gay2,gaz2,bax3,bay3,baz3,bgx3,bgy3,bgz3,gax3,gay3,gaz3,bax4,bay4,baz4,bgx4,bgy4,bgz4,gax4,gay4,gaz4
0.312736209407,-0.0315058598694,-0.11856696814,-0.10941809477,-0.0664844667124,0.0367210064617,1.00888126486,-0.15785593182,0.0824416684098,0.314595518351,-0.0430220322218,-0.126630293332,-0.0649868135111,-0.0789356721658,0.0969149411363,1.01265615998,-0.158489083176,0.0877215049882,0.336797981685,-0.0674564718426,-0.117375989128,0.108004890086,-0.212734117523,0.0497588782671,1.0157662839,-0.149909137697,0.0738619090284,0.29492748931,0.0113443605153,-0.134452632605,-0.0674021357338,-0.10080140014,0.0670108492162,1.01243866575,-0.169450496809,0.0657428132445,0.249203699706,-0.00312266023474,-0.0909461623162,-0.103875831137,-0.0364884105132,0.110436452004,1.01251910012,-0.163553488873,0.057362826226
