bax0,bay0,baz0,bgx0,bgy0,bgz0,gax0,gay0,gaz0,bax1,bay1,baz1,bgx1,bgy1,bgz1,gax1,gay1,gaz1,bax2,bay2,baz2,bgx2,bgy2,bgz2,gax2,gay2,gaz2,bax3,bay3,baz3,bgx3,bgy3,bgz3,gax3,gay3,gaz3,bax4,bay4,baz4,bgx4,bgy4,bgz4,gax4,gay4,gaz4
0.231402934778,-0.0381322939497,-0.069264091421,-0.11707329098,-0.0281531371646,0.124588555221,1.00934817068,-0.157456968428,0.0671182335486,0.270741339849,-0.0174918594998,-0.075675991469,-0.0664492024616,-0.0902373693286,0.0886872626961,1.00517425832,-0.16183334694,0.0737748129656,0.34702017303,0.00219989766119,-0.0895139291253,-0.0470973406104,-0.0815612890271,0.0750101775172,1.01707297587,-0.166958358461,0.0790159113931,0.32968915186,0.00292240896598,-0.100528429545,-0.0328552079673,-0.0747395716174,0.0785387652982,1.02319188456,-0.166450012795,0.0783871917677,0.289133918468,-0.00738113889797,-0.107286836998,-0.0327898984489,-0.0666499260553,0.0934804413258,1.02012637247,-0.160127335683,0.0808017571426
