bax0,bay0,baz0,bgx0,bgy0,bgz0,gax0,gay0,gaz0,bax1,bay1,baz1,bgx1,bgy1,bgz1,gax1,gay1,gaz1,bax2,bay2,baz2,bgx2,bgy2,bgz2,gax2,gay2,gaz2,bax3,bay3,baz3,bgx3,bgy3,bgz3,gax3,gay3,gaz3,bax4,bay4,baz4,bgx4,bgy4,bgz4,gax4,gay4,gaz4
0.315244898925,-0.0232511398008,-0.0759497225481,-0.0120445903701,-0.0651577597379,0.095568599547,1.01556177138,-0.144438492136,0.0824338940084,0.295106069271,-0.0264927706533,-0.0964606214408,0.00738266066048,-0.0917021765662,0.105954745793,1.01552181692,-0.139819833369,0.0941628556629,0.281243991914,-0.0317489274846,-0.132432875786,-0.00457975845762,-0.0738829307695,0.128423054934,1.01649635116,-0.138275330399,0.100997835374,0.277501741575,-0.0263298749289,-0.121470790063,-0.0404660838981,-0.0738255277999,0.0958131263308,1.01424049213,-0.144457326038,0.0884612046573,0.291362442287,-0.0278346608589,-0.125677072217,-0.0146045410285,-0.0901913040052,0.0688796277169,1.01388612679,-0.146330689332,0.0936431885247
