bax0,bay0,baz0,bgx0,bgy0,bgz0,gax0,gay0,gaz0,bax1,bay1,baz1,bgx1,bgy1,bgz1,gax1,gay1,gaz1,bax2,bay2,baz2,bgx2,bgy2,bgz2,gax2,gay2,gaz2,bax3,bay3,baz3,bgx3,bgy3,bgz3,gax3,gay3,gaz3,bax4,bay4,baz4,bgx4,bgy4,bgz4,gax4,gay4,gaz4
0.321871680185,-0.0278656853114,-0.0926462926963,-0.0218890758269,-0.0647445292342,0.101609412686,1.01672773651,-0.147032815989,0.0918360361566,0.305145269008,-0.0329680226364,-0.104127546382,0.00786244008487,-0.0775493649554,0.118704709862,1.01307344157,-0.140385806427,0.102791387087,0.269413764608,-0.0295777172599,-0.135559280701,-0.0232686180802,-0.0633689683293,0.131259989876,1.01508872961,-0.147145293609,0.092419411031,0.291890090198,-0.0292153814249,-0.124425283296,-0.0805873335458,-0.0734676900329,0.0909413675998,1.01428024887,-0.146395910953,0.0821243761286,0.281294102087,-0.0305813901825,-0.118078337022,-0.0381707707622,-0.0893834410809,0.0736688040935,1.01110653598,-0.148358265314,0.0840149899456
