bax0,bay0,baz0,bgx0,bgy0,bgz0,gax0,gay0,gaz0,bax1,bay1,baz1,bgx1,bgy1,bgz1,gax1,gay1,gaz1,bax2,bay2,baz2,bgx2,bgy2,bgz2,gax2,gay2,gaz2,bax3,bay3,baz3,bgx3,bgy3,bgz3,gax3,gay3,gaz3,bax4,bay4,baz4,bgx4,bgy4,bgz4,gax4,gay4,gaz4
0.315785625375,-0.0275525168417,-0.0867421842075,-0.00499610005165,-0.0550612708136,0.0944796962003,1.01773731142,-0.152126921768,0.0885553606094,0.295775519546,-0.0408959131362,-0.0961917007307,0.00953581247701,-0.0901687204552,0.11920399723,1.01775034126,-0.141840884008,0.0995642623236,0.272746089274,-0.0302569053453,-0.133994938414,-0.0140165704446,-0.0631566980121,0.123640447016,1.01676038632,-0.143429583921,0.105135020841,0.278326039988,-0.0275575661903,-0.125815222119,-0.0517484169332,-0.0723927580571,0.0861811542852,1.01263738193,-0.147991779379,0.0881265541877,0.282916887045,-0.0334424001397,-0.121329682411,-0.0283271204218,-0.0866830812645,0.0836182665766,1.01143586073,-0.153586119557,0.08617105168
